SWISSPROT,Count,Proportion(%)
Q99102,14533,0.1704
Q8IVF2,10269,0.1204
P20930,9348,0.1096
Q8NF91,9022,0.1058
Q13315,8728,0.1023
P20929,8539,0.1001
P25054,8146,0.0955
Q9HC84,7655,0.0897
P98161,7218,0.0846
P21817,7217,0.0846
O75445,6873,0.0806
Q8WXG9,6785,0.0795
Q8WXH0,6544,0.0767
Q96DT5,6425,0.0753
Q685J3,6232,0.0731
P51587,6124,0.0718
Q07864,5968,0.07
Q8TCU4,5963,0.0699
Q92736,5922,0.0694
Q09666,5897,0.0691
O14686,5896,0.0691
P21359,5840,0.0685
Q96RW7,5683,0.0666
Q9UFH2,5478,0.0642
Q9Y6V0,5428,0.0636
P04114,5213,0.0611
P49815,5155,0.0604
Q96PZ7,5148,0.0603
Q8TE73,5121,0.06
P98160,5110,0.0599
P52701,5080,0.0596
P22105,4916,0.0576
Q8IWN7,4881,0.0572
P78527,4859,0.057
Q8NDH2,4806,0.0563
Q86YZ3,4794,0.0562
O15230,4636,0.0543
Q14517,4605,0.054
P98164,4600,0.0539
Q9H251,4553,0.0534
Q5CZC0,4507,0.0528
Q9UQ35,4424,0.0519
Q9NYC9,4391,0.0515
Q15413,4381,0.0514
P35555,4369,0.0512
P08F94,4360,0.0511
Q9P2D7,4352,0.051
Q9NU22,4335,0.0508
P12111,4313,0.0506
Q8NEZ4,4239,0.0497
Q9NZJ4,4192,0.0491
Q92508,4170,0.0489
O95180,4118,0.0483
Q01484,4115,0.0482
O95613,4114,0.0482
Q9NYQ8,4081,0.0478
P15924,4068,0.0477
Q9NRC6,4042,0.0474
Q99996,3981,0.0467
O75417,3981,0.0467
Q15911,3976,0.0466
Q14315,3939,0.0462
Q9UKN7,3893,0.0456
Q9P225,3875,0.0454
O60494,3871,0.0454
O94761,3869,0.0454
Q9P2P6,3801,0.0446
Q4G0P3,3788,0.0444
P24043,3777,0.0443
Q99698,3765,0.0441
P78509,3762,0.0441
O95714,3749,0.0439
Q9UM73,3746,0.0439
Q9UPY3,3729,0.0437
Q8TDW7,3725,0.0437
Q5T011,3706,0.0434
Q96M86,3705,0.0434
Q8WXX0,3703,0.0434
Q86WI1,3691,0.0433
Q02388,3616,0.0424
P13611,3614,0.0424
Q9UPA5,3607,0.0423
Q6UB99,3563,0.0418
Q5S007,3562,0.0418
Q5THJ4,3558,0.0417
Q8NCM8,3551,0.0416
Q12955,3527,0.0413
Q9NZR2,3523,0.0413
Q96JQ0,3502,0.0411
Q8IZT6,3481,0.0408
Q86TB3,3406,0.0399
Q99715,3403,0.0399
Q709C8,3371,0.0395
Q8N3K9,3370,0.0395
P35556,3351,0.0393
P58107,3343,0.0392
O15417,3309,0.0388
Q5SZK8,3291,0.0386
Q9NR09,3262,0.0382
P46531,3246,0.0381
Q15751,3232,0.0379
Q5T4S7,3224,0.0378
Q9BX63,3220,0.0377
Q15772,3202,0.0375
P25391,3198,0.0375
Q75N90,3186,0.0373
Q6ZRS2,3146,0.0369
P46013,3143,0.0368
P12883,3138,0.0368
O15360,3132,0.0367
P38398,3125,0.0366
Q86YC2,3118,0.0366
Q96JI7,3114,0.0365
P78363,3111,0.0365
Q6V1P9,3081,0.0361
P54278,3069,0.036
Q9P2D1,3038,0.0356
P20585,3030,0.0355
Q13535,3025,0.0355
P49792,3024,0.0354
P13569,3024,0.0354
Q13635,3021,0.0354
Q5T1H1,3014,0.0353
Q16787,3005,0.0352
Q14204,2982,0.035
Q13402,2982,0.035
Q7Z407,2980,0.0349
Q92878,2950,0.0346
A2RRP1,2945,0.0345
P01266,2929,0.0343
P54132,2918,0.0342
Q4LDE5,2902,0.034
Q07954,2901,0.034
Q96T58,2885,0.0338
Q9Y493,2880,0.0338
Q7Z5N4,2880,0.0338
P43246,2873,0.0337
P46939,2854,0.0335
Q8NF50,2837,0.0333
Q12802,2836,0.0332
P49327,2827,0.0331
P04275,2825,0.0331
Q8IY92,2812,0.033
Q8IUG5,2809,0.0329
Q07283,2804,0.0329
P28340,2787,0.0327
O75970,2782,0.0326
P35749,2776,0.0325
Q8IYD8,2773,0.0325
Q8IZY2,2772,0.0325
Q9HCU4,2764,0.0324
Q7Z333,2755,0.0323
O95359,2740,0.0321
Q6P3W6,2727,0.032
O75369,2722,0.0319
Q9UMN6,2710,0.0318
P02549,2702,0.0317
Q5H8C1,2695,0.0316
Q9C0G6,2683,0.0315
Q9NYQ7,2682,0.0314
O00555,2674,0.0313
Q8TDX9,2672,0.0313
Q15154,2669,0.0313
Q14191,2662,0.0312
P08581,2660,0.0312
O43451,2657,0.0311
Q9Y5Y9,2642,0.031
Q15858,2635,0.0309
Q8WUY3,2620,0.0307
P13533,2607,0.0306
Q9NY15,2595,0.0304
Q13698,2592,0.0304
Q86XX4,2583,0.0303
Q9H2D6,2572,0.0302
O43149,2571,0.0301
Q6WRI0,2567,0.0301
O75592,2560,0.03
O00468,2559,0.03
O15027,2559,0.03
Q9Y2T1,2549,0.0299
P49454,2538,0.0298
Q6W4X9,2533,0.0297
P51532,2527,0.0296
Q96RL7,2526,0.0296
O60437,2526,0.0296
Q99973,2524,0.0296
P54296,2520,0.0295
Q5HYC2,2512,0.0294
Q96L96,2501,0.0293
Q7Z7M0,2498,0.0293
Q68DK2,2498,0.0293
P56715,2498,0.0293
P35498,2496,0.0293
Q9HCE0,2490,0.0292
Q9Y618,2490,0.0292
Q5TZA2,2479,0.0291
Q6ZNJ1,2472,0.029
Q70CQ2,2469,0.0289
Q8WWQ8,2467,0.0289
Q8IYW2,2458,0.0288
O15018,2456,0.0288
P12830,2443,0.0286
Q15652,2425,0.0284
Q7Z5J4,2411,0.0283
Q9UHC1,2407,0.0282
Q6ZS81,2393,0.0281
P07949,2387,0.028
Q9HCM3,2382,0.0279
Q8NFC6,2379,0.0279
Q92817,2371,0.0278
Q99728,2370,0.0278
Q9HC10,2369,0.0278
P48634,2368,0.0278
O75962,2364,0.0277
Q14896,2360,0.0277
O15078,2358,0.0276
P15822,2341,0.0274
P18583,2337,0.0274
Q15746,2330,0.0273
Q9UM47,2329,0.0273
P35499,2328,0.0273
Q92793,2328,0.0273
O75147,2326,0.0273
P42858,2323,0.0272
Q96HP0,2323,0.0272
Q6N022,2320,0.0272
Q92574,2318,0.0272
Q9BV73,2312,0.0271
O60333,2306,0.027
Q6UVK1,2300,0.027
P02751,2296,0.0269
Q14207,2295,0.0269
O00763,2284,0.0268
O95996,2282,0.0268
Q96KV7,2282,0.0268
P40692,2281,0.0267
Q9Y4G6,2277,0.0267
P20908,2272,0.0266
Q96Q15,2253,0.0264
O60522,2247,0.0263
Q8N201,2244,0.0263
O15020,2242,0.0263
Q6ZQQ2,2235,0.0262
Q5VT06,2232,0.0262
Q96L73,2232,0.0262
O76024,2232,0.0262
Q5D862,2223,0.0261
O75691,2222,0.026
P24821,2221,0.026
Q14678,2220,0.026
Q9ULI4,2214,0.026
Q96RY7,2211,0.0259
P78559,2204,0.0258
Q9NZ71,2202,0.0258
A6H8Y1,2196,0.0257
Q5JSZ5,2191,0.0257
P54098,2191,0.0257
O75197,2191,0.0257
Q9P1Y6,2190,0.0257
O60673,2188,0.0256
Q9NT68,2183,0.0256
P31629,2175,0.0255
Q04721,2173,0.0255
O60318,2169,0.0254
Q9BTC0,2168,0.0254
P11277,2163,0.0254
Q09472,2162,0.0253
Q5UIP0,2155,0.0253
P12107,2153,0.0252
Q5T1R4,2152,0.0252
P14410,2144,0.0251
Q86YV5,2143,0.0251
Q9H4A3,2141,0.0251
O15021,2139,0.0251
P35670,2136,0.025
O60281,2128,0.0249
P16234,2124,0.0249
O75443,2123,0.0249
Q6YHU6,2120,0.0249
Q9P219,2107,0.0247
Q86VV8,2105,0.0247
Q9Y3R5,2105,0.0247
Q8IZC6,2104,0.0247
Q9Y6N6,2103,0.0247
Q5VWN6,2093,0.0245
A6NMZ7,2089,0.0245
Q8N653,2087,0.0245
O95425,2081,0.0244
Q8IZJ3,2079,0.0244
Q8IZQ1,2079,0.0244
Q2KJY2,2077,0.0243
Q9BYW2,2076,0.0243
Q14767,2069,0.0243
Q9ULV0,2061,0.0242
P11717,2060,0.0241
P52179,2060,0.0241
O75161,2057,0.0241
Q14687,2054,0.0241
Q96N23,2045,0.024
Q86UK0,2033,0.0238
Q3ZCN5,2032,0.0238
O43497,2029,0.0238
Q4AC94,2027,0.0238
Q96PE2,2020,0.0237
Q5VW36,2018,0.0237
Q8N6G6,2017,0.0236
Q96QB1,2011,0.0236
Q12923,2007,0.0235
Q9NZM1,2001,0.0235
Q2M1P5,1998,0.0234
Q9C0G0,1994,0.0234
Q9P273,1993,0.0234
Q8IWT3,1991,0.0233
O94915,1986,0.0233
Q92794,1982,0.0232
Q8TEP8,1980,0.0232
Q7Z2Z1,1977,0.0232
P16144,1976,0.0232
Q96RT7,1974,0.0231
P00533,1968,0.0231
P55268,1962,0.023
B2RTY4,1958,0.023
Q8TD84,1956,0.0229
Q4ZHG4,1956,0.0229
Q9UI33,1951,0.0229
Q14573,1946,0.0228
Q9BXM0,1945,0.0228
Q8TE60,1942,0.0228
P41180,1941,0.0228
P02461,1938,0.0227
Q92673,1937,0.0227
P21333,1936,0.0227
Q9BZZ2,1933,0.0227
Q9C0F0,1932,0.0226
Q58EX2,1930,0.0226
P12259,1929,0.0226
O60934,1926,0.0226
P35573,1925,0.0226
Q14980,1924,0.0226
Q13023,1923,0.0225
O95255,1919,0.0225
P12110,1914,0.0224
Q8WYP5,1909,0.0224
Q5VUA4,1904,0.0223
O96017,1901,0.0223
Q14643,1900,0.0223
O95477,1897,0.0222
Q9HCK1,1892,0.0222
Q8TE82,1890,0.0222
Q702N8,1888,0.0221
Q6Q759,1881,0.022
O94759,1880,0.022
Q8N4C6,1877,0.022
Q5TBA9,1874,0.022
Q8TF72,1873,0.022
Q9UKX3,1873,0.022
P53420,1873,0.022
Q9NZ56,1870,0.0219
Q86WG5,1870,0.0219
Q9Y6X0,1869,0.0219
Q9BQG0,1864,0.0219
Q99758,1864,0.0219
P10071,1859,0.0218
Q9UKP4,1857,0.0218
Q5T5P2,1856,0.0218
Q9ULL5,1856,0.0218
Q96JM2,1856,0.0218
O60292,1856,0.0218
Q9UG01,1855,0.0217
Q2TAZ0,1853,0.0217
P23471,1851,0.0217
Q9ULD2,1850,0.0217
Q9UGU0,1848,0.0217
Q9P212,1847,0.0217
Q7RTP6,1846,0.0216
O15015,1845,0.0216
Q8NB66,1842,0.0216
Q9C0A1,1842,0.0216
P01130,1841,0.0216
Q9C0D2,1836,0.0215
Q8TEM1,1835,0.0215
P42345,1833,0.0215
Q562E7,1829,0.0214
P27708,1828,0.0214
P10253,1824,0.0214
Q9HBL0,1824,0.0214
Q9H254,1823,0.0214
Q13439,1823,0.0214
O00411,1821,0.0213
Q96SN8,1821,0.0213
Q7Z7A1,1821,0.0213
Q9HD67,1819,0.0213
Q15878,1819,0.0213
Q9H3S7,1816,0.0213
Q8IVL0,1815,0.0213
Q9H583,1814,0.0213
Q02224,1809,0.0212
O60287,1808,0.0212
O75095,1806,0.0212
P02462,1805,0.0212
O14497,1805,0.0212
P49750,1804,0.0211
Q8WVB6,1803,0.0211
Q8NFW1,1801,0.0211
Q9Y2F5,1798,0.0211
Q9UHC6,1798,0.0211
P08519,1794,0.021
O75185,1791,0.021
Q76NI1,1791,0.021
Q4ZG55,1790,0.021
Q9H9B1,1789,0.021
Q68DQ2,1789,0.021
Q00975,1788,0.021
P82279,1788,0.021
Q01668,1786,0.0209
O60303,1782,0.0209
Q9P2N4,1781,0.0209
Q86TC9,1781,0.0209
Q9UKX2,1781,0.0209
Q96Q06,1780,0.0209
Q6ZU64,1780,0.0209
Q8TD43,1778,0.0208
Q96RV3,1777,0.0208
P35658,1777,0.0208
Q86VF7,1777,0.0208
Q3L8U1,1774,0.0208
P08123,1774,0.0208
Q14160,1772,0.0208
Q9Y6J0,1770,0.0207
P07942,1769,0.0207
P02458,1767,0.0207
A6NKB5,1766,0.0207
P11055,1766,0.0207
Q12809,1764,0.0207
O14746,1764,0.0207
Q92616,1763,0.0207
Q7Z443,1763,0.0207
Q9H9J4,1759,0.0206
A6NGG8,1755,0.0206
Q9Y238,1753,0.0205
Q9NTG1,1751,0.0205
Q9HCK8,1750,0.0205
Q6KC79,1748,0.0205
A8K2U0,1748,0.0205
P23468,1748,0.0205
Q14966,1744,0.0204
P59510,1743,0.0204
Q7Z3J3,1743,0.0204
P10721,1741,0.0204
O15054,1740,0.0204
O14513,1736,0.0204
Q8TD26,1736,0.0204
P46821,1733,0.0203
P12882,1731,0.0203
Q8WYB5,1730,0.0203
A6NKT7,1729,0.0203
Q9Y623,1722,0.0202
Q9NVI1,1722,0.0202
Q96N67,1721,0.0202
Q14524,1720,0.0202
Q8NEV8,1717,0.0201
E9PAV3,1716,0.0201
P08572,1715,0.0201
Q9UPS8,1712,0.0201
Q38SD2,1710,0.02
Q5SXM2,1710,0.02
Q13332,1709,0.02
Q9NR99,1708,0.02
Q9C0C2,1704,0.02
Q14686,1703,0.02
Q7Z7G8,1703,0.02
Q8IYB7,1702,0.02
O15047,1699,0.0199
Q8IZF6,1699,0.0199
Q6ZMW3,1697,0.0199
Q9HCM1,1697,0.0199
Q99250,1696,0.0199
P16157,1695,0.0199
P62805,1694,0.0199
O43157,1691,0.0198
P31040,1689,0.0198
Q14571,1689,0.0198
Q6ZUB1,1689,0.0198
P10745,1687,0.0198
Q68DE3,1686,0.0198
O75140,1685,0.0198
Q9UPV0,1682,0.0197
P10586,1682,0.0197
Q86UK5,1681,0.0197
Q9H6A9,1681,0.0197
P16885,1681,0.0197
A3KMH1,1680,0.0197
Q92614,1676,0.0196
P02452,1676,0.0196
P25940,1676,0.0196
Q9UIW2,1675,0.0196
Q5TGY3,1674,0.0196
Q2M3C7,1673,0.0196
Q01955,1673,0.0196
Q86UR5,1668,0.0196
Q9C093,1668,0.0196
Q8IZD2,1658,0.0194
P06400,1658,0.0194
Q9NY46,1658,0.0194
Q71F56,1658,0.0194
Q14028,1657,0.0194
Q13459,1655,0.0194
Q12789,1654,0.0194
Q14999,1648,0.0193
Q9P2K1,1648,0.0193
Q14126,1645,0.0193
P59046,1644,0.0193
Q96HA7,1642,0.0192
P50748,1641,0.0192
Q12879,1638,0.0192
Q9UPZ6,1636,0.0192
O75096,1633,0.0191
Q01082,1633,0.0191
O43345,1631,0.0191
O60566,1631,0.0191
Q5JPB2,1631,0.0191
Q14676,1629,0.0191
Q14667,1626,0.0191
Q5VTT5,1625,0.019
Q96BY7,1625,0.019
Q8IZX4,1625,0.019
Q86YA3,1624,0.019
Q96AY4,1622,0.019
P35221,1621,0.019
Q5TH69,1618,0.019
Q9Y566,1618,0.019
O95153,1615,0.0189
O15061,1615,0.0189
Q9UIF8,1615,0.0189
P53804,1613,0.0189
Q8IXJ9,1613,0.0189
P42704,1613,0.0189
Q9P2R6,1611,0.0189
Q9UMD9,1608,0.0188
Q8NFU7,1606,0.0188
Q14766,1604,0.0188
P05997,1601,0.0188
Q15643,1601,0.0188
Q9UJ55,1599,0.0187
Q96BY6,1598,0.0187
Q92766,1597,0.0187
A6QL64,1596,0.0187
Q9HAZ2,1595,0.0187
O75051,1594,0.0187
Q86V15,1593,0.0187
Q5JRA6,1593,0.0187
Q5T481,1592,0.0187
Q6N021,1588,0.0186
Q5T5U3,1586,0.0186
P01814,1585,0.0186
Q14690,1585,0.0186
P23378,1584,0.0186
Q92576,1583,0.0186
P13535,1582,0.0185
A4D0S4,1581,0.0185
Q8TDM6,1580,0.0185
Q92621,1575,0.0185
Q96Q89,1573,0.0184
Q2WGJ9,1572,0.0184
P0C091,1572,0.0184
Q9GZU2,1571,0.0184
Q9BXP8,1571,0.0184
Q8NDV7,1569,0.0184
Q3T8J9,1569,0.0184
P59047,1568,0.0184
Q9Y2I6,1567,0.0184
Q5RHP9,1567,0.0184
Q6TFL3,1567,0.0184
Q9NR48,1565,0.0183
Q7Z6Z7,1564,0.0183
Q9UKK3,1561,0.0183
Q99466,1560,0.0183
Q8N2Y8,1559,0.0183
Q9H792,1557,0.0183
O14841,1552,0.0182
Q6P1J6,1552,0.0182
Q08378,1551,0.0182
Q9P2P1,1550,0.0182
Q9Y4D7,1549,0.0182
Q9Y2I7,1549,0.0182
P82987,1548,0.0181
Q5K651,1548,0.0181
P47989,1548,0.0181
Q6DT37,1547,0.0181
Q5VV67,1546,0.0181
O75038,1545,0.0181
Q03468,1544,0.0181
Q92887,1542,0.0181
Q6UB98,1539,0.018
Q8IWK6,1537,0.018
Q6ZRV2,1537,0.018
Q9Y3Q4,1536,0.018
Q9NQX4,1533,0.018
Q8WZ64,1533,0.018
Q9UHV7,1533,0.018
Q9BYX4,1533,0.018
Q9C0D5,1533,0.018
O75165,1532,0.018
Q149M9,1532,0.018
Q9Y490,1532,0.018
Q5THK1,1531,0.0179
Q9P2D3,1530,0.0179
Q8TF17,1530,0.0179
O75376,1528,0.0179
A1L4H1,1526,0.0179
Q9H7D0,1525,0.0179
Q09428,1522,0.0178
Q8TE56,1520,0.0178
Q8N1P7,1520,0.0178
Q99814,1519,0.0178
A1KZ92,1517,0.0178
Q9UKA4,1517,0.0178
Q17RW2,1517,0.0178
Q0VF96,1516,0.0178
O14924,1514,0.0177
D6RIA3,1513,0.0177
Q2NKJ3,1512,0.0177
Q8N3C0,1508,0.0177
P49959,1507,0.0177
Q8IVG5,1505,0.0176
Q9UPX8,1505,0.0176
E5RHQ5,1504,0.0176
O43299,1502,0.0176
P42695,1502,0.0176
O43683,1501,0.0176
Q96JM4,1500,0.0176
Q9BXA9,1499,0.0176
Q8NEV4,1499,0.0176
Q02952,1498,0.0176
A6NIJ5,1497,0.0175
Q02505,1497,0.0175
O60423,1497,0.0175
Q9UPS6,1496,0.0175
Q86UU0,1495,0.0175
Q9H4Z2,1495,0.0175
P35579,1493,0.0175
P12109,1492,0.0175
A6NE01,1492,0.0175
O95163,1492,0.0175
P42356,1492,0.0175
Q9BXW9,1491,0.0175
O15118,1488,0.0174
Q8IVE3,1487,0.0174
Q9UQP3,1487,0.0174
Q7Z4L5,1487,0.0174
Q5DID0,1485,0.0174
Q9NZM4,1484,0.0174
O15438,1481,0.0174
Q5SRE5,1481,0.0174
P18074,1480,0.0173
Q9BX84,1479,0.0173
Q8IVF5,1478,0.0173
Q8N2E2,1477,0.0173
Q9NRD9,1477,0.0173
Q68CZ1,1476,0.0173
Q9NRJ4,1476,0.0173
P0DPF3,1476,0.0173
Q86VI3,1475,0.0173
P12821,1474,0.0173
Q9P2F8,1472,0.0173
Q6ZNL6,1471,0.0172
Q5VYJ5,1471,0.0172
O94823,1470,0.0172
Q9NQT8,1467,0.0172
O60469,1465,0.0172
Q6EMB2,1464,0.0172
Q6P0Q8,1464,0.0172
O15056,1462,0.0171
Q9C000,1462,0.0171
Q14203,1462,0.0171
Q5JWR5,1461,0.0171
Q9NXG0,1460,0.0171
Q7Z591,1459,0.0171
Q70J99,1459,0.0171
Q2PPJ7,1458,0.0171
P53675,1458,0.0171
Q2M3G0,1457,0.0171
P11137,1454,0.017
Q9P218,1454,0.017
Q13029,1454,0.017
Q86WI3,1453,0.017
A6NHR9,1452,0.017
Q7Z745,1451,0.017
P12270,1451,0.017
O94986,1450,0.017
Q6F5E8,1450,0.017
Q5THR3,1448,0.017
O14976,1448,0.017
Q14112,1448,0.017
A6NC98,1447,0.017
O60312,1447,0.017
Q27J81,1446,0.017
Q8NEM0,1444,0.0169
Q92560,1442,0.0169
P01024,1442,0.0169
Q8TER5,1440,0.0169
Q07092,1440,0.0169
Q9ULH0,1437,0.0168
Q6PGP7,1436,0.0168
Q9Y6N7,1435,0.0168
Q8N1W1,1434,0.0168
Q9Y4F5,1432,0.0168
Q07889,1431,0.0168
Q05707,1430,0.0168
Q8N1G1,1428,0.0167
P09848,1428,0.0167
O95602,1426,0.0167
O14647,1425,0.0167
Q86US8,1424,0.0167
Q9H7P9,1423,0.0167
Q9BXX3,1420,0.0166
Q7Z3S7,1418,0.0166
O60449,1417,0.0166
P39059,1416,0.0166
Q6P158,1416,0.0166
Q9C0A6,1416,0.0166
Q9UQD0,1416,0.0166
Q6UY14,1416,0.0166
Q5T3U5,1415,0.0166
Q3V6T2,1414,0.0166
Q96J66,1413,0.0166
Q6ZMQ8,1412,0.0166
O94911,1411,0.0165
O60610,1410,0.0165
Q5SYB0,1407,0.0165
Q02846,1402,0.0164
Q9ULT8,1401,0.0164
Q2UY09,1400,0.0164
Q9BXL6,1398,0.0164
Q9H5P4,1398,0.0164
Q8TEQ6,1396,0.0164
P23470,1396,0.0164
P58397,1396,0.0164
Q8TDZ2,1394,0.0163
Q9NS15,1394,0.0163
Q66K79,1394,0.0163
Q5IJ48,1391,0.0163
Q8N139,1390,0.0163
Q9P0X4,1389,0.0163
Q14146,1386,0.0162
P46100,1386,0.0162
Q13751,1385,0.0162
Q8TEK3,1384,0.0162
Q4G0X9,1382,0.0162
Q02487,1381,0.0162
Q96JH8,1378,0.0162
Q13395,1376,0.0161
O75128,1376,0.0161
Q8TDN2,1376,0.0161
Q7Z494,1375,0.0161
P11047,1375,0.0161
Q96PN6,1375,0.0161
Q9NZQ8,1371,0.0161
Q96MS0,1371,0.0161
Q7RTX0,1371,0.0161
Q5T8A7,1371,0.0161
P98088,1370,0.0161
O60500,1369,0.016
Q9NYF8,1369,0.016
Q07890,1368,0.016
O00512,1368,0.016
Q63HR2,1367,0.016
Q9NSI6,1366,0.016
P31327,1366,0.016
Q9UGM3,1362,0.016
Q711Q0,1362,0.016
P49588,1360,0.0159
Q14147,1359,0.0159
Q6ZP82,1357,0.0159
Q9NZM3,1356,0.0159
A0AVI2,1354,0.0159
Q68CZ2,1354,0.0159
Q01118,1354,0.0159
Q96KN7,1354,0.0159
Q9P2E9,1353,0.0159
Q8WWN8,1352,0.0158
P35568,1350,0.0158
Q13009,1350,0.0158
Q9P266,1350,0.0158
Q9NX02,1349,0.0158
Q04912,1349,0.0158
Q8WXX7,1349,0.0158
Q96RG2,1349,0.0158
Q9Y6C5,1349,0.0158
Q8WZ74,1349,0.0158
Q92626,1349,0.0158
Q8WXS8,1347,0.0158
Q96PC5,1347,0.0158
Q03164,1347,0.0158
O15534,1346,0.0158
Q9Y6Y1,1345,0.0158
O95428,1343,0.0157
Q8IY33,1343,0.0157
Q9P2E3,1343,0.0157
P49790,1343,0.0157
Q9Y2X0,1342,0.0157
O76041,1341,0.0157
O60391,1340,0.0157
Q92608,1340,0.0157
E2RYF6,1340,0.0157
Q86UW6,1340,0.0157
Q8IWJ2,1339,0.0157
Q8IWY9,1339,0.0157
Q96HA1,1338,0.0157
Q9C0I4,1337,0.0157
Q9BQS8,1337,0.0157
Q9UPT8,1336,0.0157
Q9C0A0,1336,0.0157
O95450,1336,0.0157
Q96QP1,1335,0.0156
O94964,1335,0.0156
Q9BYE9,1335,0.0156
Q9UDY2,1329,0.0156
P68431,1329,0.0156
O15067,1328,0.0156
Q8WXD9,1328,0.0156
Q96Q42,1328,0.0156
P33527,1327,0.0156
H7BZ55,1325,0.0155
O75179,1324,0.0155
O00750,1323,0.0155
P01031,1323,0.0155
Q9Y4C4,1322,0.0155
O75094,1322,0.0155
P0DKV0,1319,0.0155
P38935,1319,0.0155
Q96MT7,1319,0.0155
Q9NQ11,1319,0.0155
Q14324,1319,0.0155
P55017,1319,0.0155
O43151,1318,0.0155
Q96JA1,1318,0.0155
Q7Z6E9,1317,0.0154
Q9HCM2,1316,0.0154
P29597,1316,0.0154
Q8IWU2,1313,0.0154
Q13813,1313,0.0154
Q6XZF7,1312,0.0154
Q68CQ1,1310,0.0154
O00443,1310,0.0154
O43933,1308,0.0153
P43146,1307,0.0153
Q9UPQ9,1306,0.0153
Q8N3D4,1305,0.0153
Q5T5Y3,1301,0.0153
P36776,1300,0.0152
P14543,1299,0.0152
P48681,1297,0.0152
Q96RT1,1297,0.0152
Q8N157,1297,0.0152
A8K8P3,1296,0.0152
O95071,1296,0.0152
Q8IUL8,1295,0.0152
P55265,1295,0.0152
Q6ZU35,1294,0.0152
Q92618,1294,0.0152
Q92545,1294,0.0152
Q6ZTR5,1293,0.0152
A6NES4,1293,0.0152
Q9BZV3,1293,0.0152
Q8NDM7,1292,0.0151
P35125,1292,0.0151
O75037,1290,0.0151
A7MBM2,1289,0.0151
Q9NYU1,1289,0.0151
Q14703,1289,0.0151
O00255,1288,0.0151
Q96P48,1287,0.0151
P35913,1287,0.0151
Q8WWZ4,1286,0.0151
Q8IZD9,1286,0.0151
Q9Y6D5,1285,0.0151
Q92954,1285,0.0151
Q5VZP5,1284,0.0151
Q68DA7,1283,0.015
Q9Y2E5,1281,0.015
Q7RTR2,1281,0.015
Q86UU1,1281,0.015
Q8IUA7,1281,0.015
Q7Z3B3,1281,0.015
Q6PJG6,1280,0.015
Q13045,1280,0.015
Q6ZVD8,1278,0.015
Q9P2K9,1278,0.015
A1L390,1277,0.015
Q15058,1275,0.0149
Q8WXE0,1274,0.0149
O15031,1274,0.0149
O60346,1273,0.0149
Q8WWZ7,1271,0.0149
O75643,1271,0.0149
Q5JR59,1271,0.0149
Q9Y2G9,1271,0.0149
Q13219,1268,0.0149
Q6NUQ1,1266,0.0148
O15040,1265,0.0148
Q6YHK3,1265,0.0148
P14616,1264,0.0148
Q68CP9,1263,0.0148
P57679,1261,0.0148
Q9H1H9,1261,0.0148
Q9P202,1261,0.0148
Q8IWZ3,1259,0.0148
Q2M1Z3,1259,0.0148
Q96F81,1259,0.0148
Q9NSC2,1259,0.0148
P20742,1258,0.0147
Q96KG7,1258,0.0147
O00159,1256,0.0147
Q4ADV7,1255,0.0147
Q9UI47,1254,0.0147
Q9ULT0,1254,0.0147
Q14674,1253,0.0147
Q9Y2I1,1252,0.0147
Q8NEZ3,1252,0.0147
Q14689,1251,0.0147
Q6AHZ1,1251,0.0147
Q5JRX3,1250,0.0147
Q76N89,1250,0.0147
Q9P275,1249,0.0146
O60293,1247,0.0146
A6NN14,1247,0.0146
Q8NFG4,1246,0.0146
Q8IY21,1245,0.0146
Q5VU65,1245,0.0146
Q8WXR4,1245,0.0146
Q96J92,1244,0.0146
Q15021,1242,0.0146
Q9H1A4,1242,0.0146
Q68DX3,1241,0.0145
O43593,1241,0.0145
Q9P2M7,1241,0.0145
Q13018,1241,0.0145
O00192,1240,0.0145
Q9HD43,1240,0.0145
P01715,1239,0.0145
Q9UPU5,1237,0.0145
Q9HBG6,1237,0.0145
Q8N0W3,1236,0.0145
O95342,1235,0.0145
Q5TCS8,1234,0.0145
Q8TEW8,1234,0.0145
Q8NHU2,1234,0.0145
Q5JTH9,1234,0.0145
Q9HC77,1233,0.0145
Q9UQ52,1231,0.0144
Q7Z3T8,1231,0.0144
Q14997,1229,0.0144
Q5H8A4,1228,0.0144
Q14050,1228,0.0144
Q9UKJ3,1227,0.0144
Q96QT4,1224,0.0143
O75420,1224,0.0143
Q6ZSZ5,1223,0.0143
P35523,1223,0.0143
Q66K74,1223,0.0143
Q02413,1223,0.0143
Q92698,1223,0.0143
Q9P241,1222,0.0143
Q9ULD9,1222,0.0143
Q6P1M3,1220,0.0143
P11274,1220,0.0143
P42694,1219,0.0143
Q9Y5H6,1219,0.0143
Q10570,1219,0.0143
Q9Y5E2,1218,0.0143
Q96C45,1218,0.0143
O94827,1218,0.0143
Q9NUX5,1218,0.0143
Q6ZVH7,1217,0.0143
Q96JN8,1217,0.0143
O60503,1215,0.0142
O95049,1215,0.0142
Q96PE1,1214,0.0142
Q9Y4F3,1214,0.0142
Q9BWH6,1214,0.0142
Q8TE57,1213,0.0142
Q8TDI0,1213,0.0142
Q9C0D6,1212,0.0142
O00754,1212,0.0142
P11215,1211,0.0142
Q04637,1210,0.0142
Q8N7X0,1210,0.0142
Q9UGL1,1210,0.0142
Q9Y5S2,1210,0.0142
O15303,1209,0.0142
O14640,1208,0.0142
P46063,1208,0.0142
Q4KMG0,1207,0.0141
P08603,1207,0.0141
Q14005,1206,0.0141
O94885,1205,0.0141
O15553,1205,0.0141
Q8NFD5,1204,0.0141
A4D1E1,1202,0.0141
Q13576,1202,0.0141
P29375,1202,0.0141
P18206,1201,0.0141
O75339,1201,0.0141
P78504,1199,0.0141
P22681,1199,0.0141
Q9Y5H5,1199,0.0141
Q9ULL1,1198,0.014
Q4VC44,1197,0.014
Q8TEQ8,1196,0.014
Q15477,1193,0.014
P36894,1193,0.014
Q9HCH0,1192,0.014
Q9H2M9,1191,0.014
Q8TEU7,1191,0.014
Q8N766,1189,0.0139
Q8IYF1,1189,0.0139
P51805,1188,0.0139
Q70Z35,1188,0.0139
Q9NZW4,1188,0.0139
A6NKG5,1188,0.0139
Q92752,1188,0.0139
Q9H7N4,1188,0.0139
Q92620,1187,0.0139
P29322,1186,0.0139
O75146,1184,0.0139
Q9P2P5,1184,0.0139
Q70EL1,1183,0.0139
Q16825,1182,0.0139
Q96HY7,1182,0.0139
Q9HB75,1182,0.0139
Q13428,1182,0.0139
Q5JYT7,1182,0.0139
Q8IWV7,1180,0.0138
Q15831,1180,0.0138
P35609,1178,0.0138
Q13201,1178,0.0138
Q96QE3,1176,0.0138
Q8IXK2,1176,0.0138
Q9BX26,1175,0.0138
P20807,1175,0.0138
P55291,1174,0.0138
Q2TAC6,1174,0.0138
Q14004,1174,0.0138
Q92932,1172,0.0137
P28290,1171,0.0137
Q92889,1171,0.0137
P07814,1171,0.0137
Q9HBB8,1171,0.0137
Q12931,1170,0.0137
Q9UQ90,1170,0.0137
P08575,1170,0.0137
Q06278,1169,0.0137
O75093,1169,0.0137
Q9P2S2,1169,0.0137
P08069,1169,0.0137
Q5XPI4,1169,0.0137
Q96PQ0,1168,0.0137
O14594,1167,0.0137
P20849,1165,0.0137
O15055,1165,0.0137
O94813,1164,0.0136
P35916,1163,0.0136
Q12873,1162,0.0136
Q96F46,1162,0.0136
Q9UNS1,1161,0.0136
P38570,1160,0.0136
O75155,1159,0.0136
O95382,1159,0.0136
Q9HBR0,1159,0.0136
Q86VH2,1158,0.0136
Q9H6S0,1157,0.0136
Q9HCE6,1157,0.0136
Q6WKZ4,1157,0.0136
Q460N5,1157,0.0136
O60290,1157,0.0136
O15357,1156,0.0136
Q63HM2,1155,0.0135
Q9NYU2,1154,0.0135
Q12913,1153,0.0135
Q13224,1152,0.0135
Q49AJ0,1152,0.0135
O15069,1151,0.0135
O75581,1150,0.0135
Q8WX93,1150,0.0135
Q01974,1149,0.0135
O14559,1149,0.0135
Q14692,1149,0.0135
Q9NPG4,1148,0.0135
Q9UN73,1148,0.0135
O75129,1147,0.0134
Q76L83,1147,0.0134
Q8IZF2,1146,0.0134
P53355,1145,0.0134
O94822,1145,0.0134
Q5VZ46,1144,0.0134
Q8IUX7,1143,0.0134
Q9UN72,1143,0.0134
Q9UN67,1143,0.0134
Q93100,1143,0.0134
Q9UBG0,1143,0.0134
Q5T9A4,1143,0.0134
Q9NR16,1143,0.0134
Q9C0D4,1142,0.0134
Q7Z4S6,1141,0.0134
Q9UHN6,1141,0.0134
Q5XKL5,1140,0.0134
Q9ULL4,1140,0.0134
Q75V66,1138,0.0133
Q8IWB4,1137,0.0133
Q9UPQ7,1137,0.0133
Q99590,1136,0.0133
A4FU69,1136,0.0133
O14802,1136,0.0133
Q9UPR6,1136,0.0133
O14529,1136,0.0133
Q9Y219,1136,0.0133
Q8TDY2,1136,0.0133
P57678,1135,0.0133
Q9UKX5,1135,0.0133
Q9UPP2,1134,0.0133
P20702,1134,0.0133
O43426,1132,0.0133
P07954,1132,0.0133
A2PYH4,1132,0.0133
Q9P2K8,1131,0.0133
O75808,1131,0.0133
Q9UPX0,1131,0.0133
O95271,1129,0.0132
Q96DN6,1129,0.0132
Q96JP9,1129,0.0132
Q18PE1,1128,0.0132
Q8TER0,1127,0.0132
Q99569,1127,0.0132
Q7Z392,1127,0.0132
Q502W6,1127,0.0132
Q9H221,1126,0.0132
Q8IZF0,1126,0.0132
Q8TCU6,1126,0.0132
Q6BDS2,1125,0.0132
Q7Z4H7,1125,0.0132
O75112,1124,0.0132
A5A3E0,1123,0.0132
Q69YN4,1123,0.0132
Q04671,1123,0.0132
Q6ZU65,1122,0.0132
Q14008,1118,0.0131
Q13233,1118,0.0131
Q9NQC3,1118,0.0131
O43511,1117,0.0131
Q8IXZ2,1117,0.0131
Q9UK61,1116,0.0131
Q9BXT8,1116,0.0131
O94887,1116,0.0131
Q00597,1116,0.0131
Q8ND23,1115,0.0131
O43896,1114,0.0131
P09619,1113,0.013
Q9Y666,1113,0.013
Q86UL8,1113,0.013
Q96AX9,1112,0.013
Q92859,1112,0.013
Q9NPG3,1112,0.013
P52824,1112,0.013
Q5T7B8,1111,0.013
Q13753,1111,0.013
Q2VIQ3,1109,0.013
Q96Q05,1108,0.013
P56945,1108,0.013
P49748,1108,0.013
Q9P2H5,1107,0.013
Q9P2J2,1107,0.013
Q9ULM3,1107,0.013
Q8NBP7,1106,0.013
Q9H3U1,1106,0.013
Q9HCC9,1105,0.013
Q9P227,1105,0.013
Q149N8,1105,0.013
O43502,1105,0.013
O43526,1105,0.013
O43861,1104,0.0129
P02545,1104,0.0129
Q8N1G0,1103,0.0129
Q9ULI3,1103,0.0129
Q13608,1102,0.0129
Q9Y5H9,1100,0.0129
Q9NZP6,1100,0.0129
P06312,1099,0.0129
Q9Y5I2,1099,0.0129
Q92610,1099,0.0129
Q86W25,1099,0.0129
Q9BTW9,1099,0.0129
P49641,1099,0.0129
O15072,1099,0.0129
Q6S8J3,1098,0.0129
Q9Y4H2,1098,0.0129
Q13129,1098,0.0129
P35968,1097,0.0129
Q59H18,1097,0.0129
Q8IY37,1096,0.0128
Q9H2T7,1095,0.0128
O15090,1095,0.0128
Q5TYW1,1095,0.0128
Q70CQ4,1095,0.0128
O60343,1094,0.0128
P52790,1094,0.0128
O95644,1094,0.0128
Q9Y4R8,1093,0.0128
O60309,1093,0.0128
Q86UT6,1092,0.0128
P28715,1092,0.0128
Q9BXL7,1091,0.0128
Q9Y5F1,1091,0.0128
Q76LX8,1091,0.0128
Q5SW79,1091,0.0128
O94779,1090,0.0128
Q9Y2H5,1090,0.0128
Q13127,1090,0.0128
P00451,1090,0.0128
Q6P4R8,1089,0.0128
P78357,1089,0.0128
Q8WZ75,1089,0.0128
Q9Y5I1,1089,0.0128
Q9UPZ3,1089,0.0128
Q9Y613,1088,0.0128
O60242,1088,0.0128
Q96RY5,1088,0.0128
Q5TB80,1088,0.0128
O15014,1087,0.0127
Q8WUJ3,1086,0.0127
Q8N9V7,1085,0.0127
Q5T848,1085,0.0127
Q86SQ0,1085,0.0127
Q9NQ38,1085,0.0127
Q53TS8,1084,0.0127
Q9NRP7,1084,0.0127
Q13393,1084,0.0127
Q7Z5J8,1082,0.0127
O60706,1082,0.0127
Q86SJ6,1082,0.0127
O43490,1081,0.0127
Q8N9H8,1081,0.0127
Q92833,1081,0.0127
Q03701,1080,0.0127
Q9NZC7,1080,0.0127
Q10571,1080,0.0127
P07202,1079,0.0126
P11217,1079,0.0126
Q9Y2E4,1079,0.0126
Q2KHR2,1079,0.0126
Q9Y5G7,1078,0.0126
Q05481,1078,0.0126
Q13349,1077,0.0126
Q15811,1076,0.0126
Q9UN74,1076,0.0126
Q6ZV73,1075,0.0126
P51172,1075,0.0126
Q9Y5F0,1074,0.0126
Q9UN66,1072,0.0126
P35590,1072,0.0126
Q12866,1071,0.0126
Q8TEQ0,1070,0.0125
O94851,1070,0.0125
Q8N1F8,1070,0.0125
O95817,1069,0.0125
Q86W28,1069,0.0125
Q9NTJ4,1069,0.0125
Q9Y6R4,1068,0.0125
P10321,1067,0.0125
Q8N5C6,1067,0.0125
P41252,1067,0.0125
Q9NSV4,1066,0.0125
P30414,1065,0.0125
P29474,1065,0.0125
Q2YD98,1065,0.0125
A4D2P6,1064,0.0125
Q5TCY1,1064,0.0125
Q9P283,1064,0.0125
P16499,1063,0.0125
Q9H7Z3,1063,0.0125
Q9Y6Q9,1063,0.0125
Q5T6F2,1063,0.0125
Q9BX66,1062,0.0124
Q9Y6K5,1062,0.0124
O00160,1062,0.0124
O75694,1061,0.0124
Q05469,1061,0.0124
P98073,1061,0.0124
P0C7H9,1061,0.0124
Q96NH3,1060,0.0124
Q12767,1060,0.0124
Q8TF21,1059,0.0124
Q9Y3M8,1059,0.0124
Q9UN75,1059,0.0124
P53708,1058,0.0124
Q3T906,1058,0.0124
Q8NEP3,1058,0.0124
Q12770,1058,0.0124
O60885,1058,0.0124
Q14118,1057,0.0124
Q7Z6L1,1056,0.0124
Q6ZU69,1056,0.0124
Q9Y5H8,1055,0.0124
Q2VPK5,1055,0.0124
Q5VT52,1055,0.0124
Q7Z570,1055,0.0124
Q9UL54,1055,0.0124
Q6R327,1054,0.0124
Q9Y5G8,1054,0.0124
P08514,1054,0.0124
P14923,1054,0.0124
P46940,1053,0.0123
P57737,1053,0.0123
Q8IWE5,1053,0.0123
P25092,1053,0.0123
Q9BZF9,1052,0.0123
O75054,1052,0.0123
Q9ULM0,1052,0.0123
Q9NQW1,1050,0.0123
Q8TDY8,1050,0.0123
Q13136,1050,0.0123
Q24JP5,1050,0.0123
P15918,1049,0.0123
Q3BBV0,1049,0.0123
Q9H6R4,1049,0.0123
Q9HBA0,1049,0.0123
O95622,1049,0.0123
O60241,1048,0.0123
P22607,1048,0.0123
P51531,1048,0.0123
P01023,1047,0.0123
P42702,1047,0.0123
O75385,1047,0.0123
Q17R60,1047,0.0123
Q9Y446,1046,0.0123
O14522,1046,0.0123
Q5JTZ9,1045,0.0122
P48552,1044,0.0122
P12036,1044,0.0122
Q2M2H8,1044,0.0122
Q6MZM0,1044,0.0122
Q8N3T6,1043,0.0122
Q14679,1043,0.0122
Q96L93,1042,0.0122
P29400,1041,0.0122
Q4VNC1,1041,0.0122
Q9NRM1,1041,0.0122
Q9Y2L5,1040,0.0122
Q7Z6I6,1040,0.0122
O14939,1040,0.0122
Q8IZJ1,1040,0.0122
P04439,1039,0.0122
P0C869,1039,0.0122
Q9Y6L7,1039,0.0122
Q12965,1039,0.0122
Q9HCN3,1039,0.0122
Q92619,1038,0.0122
A6NNT2,1038,0.0122
P21709,1038,0.0122
Q9ULJ7,1038,0.0122
Q6ZMZ3,1037,0.0122
Q9Y283,1037,0.0122
Q13488,1036,0.0121
Q9P243,1036,0.0121
Q6ZU80,1036,0.0121
Q6ZUX3,1036,0.0121
Q63ZY3,1036,0.0121
Q92547,1035,0.0121
P54760,1034,0.0121
P15923,1033,0.0121
Q9H0B3,1032,0.0121
Q8WW38,1032,0.0121
P51787,1032,0.0121
Q6R6M4,1031,0.0121
Q6P2Q9,1031,0.0121
Q6JQN1,1030,0.0121
Q5VY43,1030,0.0121
Q02246,1030,0.0121
Q2TB90,1030,0.0121
O14983,1029,0.0121
P13671,1029,0.0121
Q9Y3T9,1029,0.0121
O60732,1029,0.0121
Q8N393,1028,0.0121
Q96PV0,1028,0.0121
Q53SF7,1027,0.012
Q9P2D6,1026,0.012
O00203,1026,0.012
Q14432,1026,0.012
Q6IQ32,1026,0.012
Q14993,1025,0.012
Q9NPP4,1025,0.012
Q5VYM1,1024,0.012
Q9H6K5,1024,0.012
Q9Y4F1,1024,0.012
A0JNW5,1023,0.012
Q96MN2,1023,0.012
Q9Y5H7,1023,0.012
P35475,1023,0.012
Q8WWQ0,1023,0.012
Q6ZMP0,1023,0.012
Q96T23,1022,0.012
A5YKK6,1022,0.012
O43379,1022,0.012
O94989,1021,0.012
A8MXY4,1021,0.012
Q9UBC5,1021,0.012
Q5HYA8,1021,0.012
P39880,1020,0.012
Q92628,1020,0.012
Q86UP2,1020,0.012
Q9H3R0,1020,0.012
P08151,1019,0.0119
Q8TF62,1019,0.0119
Q86YN6,1019,0.0119
Q9Y5I3,1019,0.0119
Q96JE7,1019,0.0119
P26640,1019,0.0119
Q5TIA1,1019,0.0119
O75064,1018,0.0119
Q2VWP7,1018,0.0119
Q66GS9,1018,0.0119
P21860,1018,0.0119
P19835,1017,0.0119
Q5TCZ1,1017,0.0119
Q8WTW3,1016,0.0119
Q13563,1016,0.0119
Q7Z403,1016,0.0119
P98196,1015,0.0119
Q15648,1015,0.0119
Q02880,1014,0.0119
Q9Y2L6,1014,0.0119
Q8TB24,1014,0.0119
Q9Y2U8,1014,0.0119
Q8TE23,1014,0.0119
Q07837,1013,0.0119
P54259,1013,0.0119
P40145,1013,0.0119
Q6IEE7,1012,0.0119
Q86T65,1011,0.0119
P00450,1011,0.0119
Q12772,1011,0.0119
Q9P2E2,1010,0.0118
O15399,1010,0.0118
Q6ZN30,1010,0.0118
Q9BQ52,1010,0.0118
P00519,1010,0.0118
Q9Y5G6,1009,0.0118
Q5T2S8,1009,0.0118
Q4VNC0,1009,0.0118
Q9ULD0,1009,0.0118
Q5VU97,1008,0.0118
Q9NS56,1008,0.0118
Q9Y5H1,1008,0.0118
Q9UPM8,1008,0.0118
Q04656,1008,0.0118
Q3MJ13,1007,0.0118
Q6IQ55,1007,0.0118
P78549,1006,0.0118
P51826,1006,0.0118
Q5TCQ9,1006,0.0118
Q14C87,1006,0.0118
Q7Z3U7,1006,0.0118
Q8IX07,1005,0.0118
Q6ZMY3,1005,0.0118
Q6P1N0,1004,0.0118
O00562,1004,0.0118
Q9NZV1,1004,0.0118
Q7Z5M5,1004,0.0118
Q5T7N3,1004,0.0118
Q92543,1004,0.0118
Q8NCN5,1004,0.0118
Q8TDD1,1003,0.0118
Q86VM9,1003,0.0118
A8MYU2,1003,0.0118
Q14152,1003,0.0118
Q9Y4E6,1002,0.0117
Q9P265,1002,0.0117
P04626,1001,0.0117
O94983,1001,0.0117
Q9UL12,1001,0.0117
Q9Y5F2,1000,0.0117
Q9Y5Q5,1000,0.0117
Q8WVS4,1000,0.0117
Q13017,1000,0.0117
Q9Y5E1,1000,0.0117
Q13370,999,0.0117
P11498,999,0.0117
O15439,999,0.0117
Q969F9,999,0.0117
Q9Y5G5,999,0.0117
P04629,999,0.0117
Q32MK0,999,0.0117
A6NCI4,999,0.0117
Q5M775,999,0.0117
Q9NNW5,998,0.0117
Q00722,998,0.0117
Q13733,997,0.0117
Q6ZSI9,997,0.0117
P01133,997,0.0117
Q96NW4,997,0.0117
Q8NDL9,997,0.0117
Q8WX94,997,0.0117
O94762,996,0.0117
Q8WXH2,996,0.0117
Q15788,996,0.0117
Q56UN5,996,0.0117
Q9BZ71,995,0.0117
Q15303,995,0.0117
O95405,995,0.0117
Q674R7,994,0.0117
Q9Y2H9,994,0.0117
Q15678,994,0.0117
Q9UP95,994,0.0117
Q400G9,994,0.0117
Q86Y38,993,0.0116
Q12788,993,0.0116
Q7Z2W7,992,0.0116
Q8N944,992,0.0116
Q15334,992,0.0116
O75762,991,0.0116
Q6PL18,991,0.0116
Q8IVT2,991,0.0116
Q9Y2M0,991,0.0116
Q9Y4C8,990,0.0116
O60518,989,0.0116
P52333,989,0.0116
Q9Y4I1,988,0.0116
Q15596,988,0.0116
Q9Y6C2,988,0.0116
P48751,988,0.0116
O14514,987,0.0116
Q13796,986,0.0116
Q8N3P4,986,0.0116
P35442,986,0.0116
Q6ZMN7,985,0.0115
O60721,985,0.0115
Q9Y239,985,0.0115
Q9HAW4,984,0.0115
Q12882,984,0.0115
Q06190,983,0.0115
Q15714,983,0.0115
Q0VD83,983,0.0115
Q96EP0,983,0.0115
Q5JZY3,983,0.0115
P30622,983,0.0115
P12755,982,0.0115
P22223,982,0.0115
O95140,982,0.0115
Q86W24,981,0.0115
O60315,981,0.0115
Q9Y5B0,981,0.0115
O95479,981,0.0115
Q70E73,980,0.0115
Q86Y56,980,0.0115
P18858,979,0.0115
Q6AWC2,979,0.0115
Q9Y5G3,979,0.0115
Q8IZ83,979,0.0115
P51828,979,0.0115
Q9Y4B4,978,0.0115
Q6ZSZ6,978,0.0115
Q9P1Y5,977,0.0115
O94901,977,0.0115
O75578,976,0.0114
P17948,976,0.0114
P80192,976,0.0114
Q14839,975,0.0114
Q9Y5G1,975,0.0114
Q9NQW8,975,0.0114
P07333,974,0.0114
Q93074,974,0.0114
Q9P253,973,0.0114
Q02809,973,0.0114
P0CG39,973,0.0114
Q9BZ76,972,0.0114
Q12768,972,0.0114
O14646,972,0.0114
Q9Y5H0,972,0.0114
Q6PIJ6,972,0.0114
Q9UPX6,971,0.0114
P11464,971,0.0114
Q9NS87,970,0.0114
Q6DN12,970,0.0114
Q9C0E4,970,0.0114
Q9UBS9,970,0.0114
P11216,969,0.0114
O43520,969,0.0114
Q9Y5I0,969,0.0114
Q92823,969,0.0114
Q58EX7,968,0.0113
Q9H2B4,968,0.0113
Q5C9Z4,968,0.0113
Q8IWV8,967,0.0113
P04637,966,0.0113
Q9NRE2,966,0.0113
Q6IQ26,966,0.0113
O43525,966,0.0113
P47897,965,0.0113
Q6L9W6,965,0.0113
P27987,965,0.0113
Q8WYP3,965,0.0113
O75717,965,0.0113
Q9NQS7,964,0.0113
B1AK53,964,0.0113
Q99707,964,0.0113
Q9C091,964,0.0113
Q2KHT3,964,0.0113
Q9P2E5,964,0.0113
Q5VWQ8,964,0.0113
Q96S06,963,0.0113
Q6AI08,963,0.0113
Q96M83,963,0.0113
Q8ND30,963,0.0113
Q9ULG1,963,0.0113
Q7Z3K3,963,0.0113
Q68DD2,963,0.0113
O95427,962,0.0113
Q08043,962,0.0113
Q9NQV7,962,0.0113
O15265,962,0.0113
Q8TCU5,961,0.0113
Q9UGT4,961,0.0113
O14917,961,0.0113
Q9Y345,961,0.0113
Q9UJQ4,961,0.0113
P33991,961,0.0113
Q8N130,960,0.0113
Q96MR6,960,0.0113
Q5VV43,960,0.0113
P51530,960,0.0113
Q8N960,960,0.0113
Q86UP3,960,0.0113
Q6P0N0,960,0.0113
Q9Y5E9,960,0.0113
Q16821,959,0.0112
Q86WZ0,959,0.0112
Q9NYV4,958,0.0112
Q9Y2J2,958,0.0112
Q6Q4G3,957,0.0112
P32927,957,0.0112
O43306,957,0.0112
Q6ZRH7,957,0.0112
Q9BXX0,957,0.0112
Q92896,957,0.0112
Q9HCE9,957,0.0112
P04920,956,0.0112
Q6ZRS4,956,0.0112
P51797,955,0.0112
P53814,955,0.0112
Q08289,955,0.0112
Q4G0N8,955,0.0112
Q9UHW9,954,0.0112
Q8NCV1,954,0.0112
Q76FK4,954,0.0112
Q9P203,953,0.0112
Q9H2E6,953,0.0112
Q76MJ5,953,0.0112
Q17RS7,951,0.0111
O75882,949,0.0111
P48553,949,0.0111
Q9HC35,949,0.0111
P78316,949,0.0111
Q69YH5,948,0.0111
Q13621,948,0.0111
Q9Y5E4,948,0.0111
Q53GL7,947,0.0111
P49917,947,0.0111
Q13591,947,0.0111
P57059,947,0.0111
O14526,947,0.0111
P35240,946,0.0111
Q2KHM9,946,0.0111
Q9BR39,946,0.0111
P51788,946,0.0111
Q96H55,946,0.0111
Q8NB90,945,0.0111
Q09MP3,945,0.0111
Q9UNY4,945,0.0111
Q8WY21,945,0.0111
Q7Z3V4,945,0.0111
P36956,944,0.0111
Q8TBY9,943,0.0111
P13497,943,0.0111
Q7Z7B0,942,0.011
Q92797,942,0.011
Q8NHM5,942,0.011
Q7L576,942,0.011
Q9NSY1,942,0.011
P43681,941,0.011
Q9NRJ7,941,0.011
Q6ZRQ5,941,0.011
Q9NQW6,940,0.011
P10643,940,0.011
Q14151,940,0.011
Q96EN8,940,0.011
Q9NVR5,939,0.011
P01889,939,0.011
Q9NTJ3,939,0.011
Q96JF6,939,0.011
P29475,938,0.011
Q86YR7,938,0.011
Q9UPN6,937,0.011
Q6UXX5,937,0.011
Q9Y5H4,936,0.011
Q86SQ4,936,0.011
Q8NDG6,936,0.011
O94991,936,0.011
Q99665,936,0.011
Q8N283,936,0.011
Q60I27,936,0.011
Q9UKY4,936,0.011
Q9BSJ8,935,0.011
Q9P0V3,934,0.0109
P20936,934,0.0109
Q8IZL2,933,0.0109
O60674,933,0.0109
Q494U1,933,0.0109
Q8TBY8,933,0.0109
O43304,932,0.0109
Q8TEV9,932,0.0109
Q5VV63,932,0.0109
Q6UW60,932,0.0109
Q9C0B9,932,0.0109
O00444,932,0.0109
Q7Z2Z2,930,0.0109
Q8N4W9,930,0.0109
Q8NHY3,930,0.0109
Q96S38,930,0.0109
O95487,930,0.0109
Q9NZN5,930,0.0109
Q9UMZ2,930,0.0109
Q9HCR9,930,0.0109
Q9Y5G9,930,0.0109
Q8TEX9,929,0.0109
Q12774,929,0.0109
Q7RTR0,929,0.0109
P54707,929,0.0109
O75771,929,0.0109
O60568,928,0.0109
Q9H222,928,0.0109
Q9UEF7,928,0.0109
Q969U6,927,0.0109
Q8IX01,927,0.0109
Q52LW3,927,0.0109
O75132,927,0.0109
O96028,927,0.0109
P35228,927,0.0109
Q8TE58,926,0.0109
P08183,926,0.0109
Q13724,926,0.0109
O95932,925,0.0108
Q9NZC9,925,0.0108
Q14957,924,0.0108
Q9C0C7,924,0.0108
Q9NUA8,924,0.0108
Q9H0D2,924,0.0108
Q01813,924,0.0108
Q9Y4A8,924,0.0108
A1X283,924,0.0108
P17813,924,0.0108
Q6PCD5,923,0.0108
Q8NBS3,923,0.0108
Q9Y4L1,923,0.0108
O14981,923,0.0108
B0I1T2,923,0.0108
Q9ULE4,922,0.0108
Q8WUM0,921,0.0108
Q5TIE3,921,0.0108
Q93033,921,0.0108
Q5EBL2,921,0.0108
P11678,921,0.0108
Q86XL3,921,0.0108
Q96T60,920,0.0108
Q9NTI2,920,0.0108
Q8WU66,920,0.0108
P19022,920,0.0108
Q96JK9,919,0.0108
Q8IZL8,919,0.0108
Q9UMS6,918,0.0108
Q9Y6A5,918,0.0108
Q9NRL2,918,0.0108
Q96KQ4,918,0.0108
P06213,918,0.0108
Q96EV2,918,0.0108
Q3YEC7,917,0.0107
Q7Z2Y5,917,0.0107
Q16281,917,0.0107
P56199,917,0.0107
P22735,916,0.0107
Q63HK3,916,0.0107
Q8NFM4,915,0.0107
Q9C0B7,915,0.0107
Q04756,914,0.0107
Q5T1M5,914,0.0107
P28329,914,0.0107
Q2VPB7,914,0.0107
Q5QGS0,914,0.0107
Q86XP0,913,0.0107
Q2M389,913,0.0107
Q562F6,913,0.0107
Q8IZU8,913,0.0107
Q6ZW76,913,0.0107
Q6W2J9,912,0.0107
Q9H158,912,0.0107
P78524,912,0.0107
Q8NDX1,912,0.0107
Q8NI60,912,0.0107
Q8TC59,911,0.0107
Q8IWY4,910,0.0107
Q96JQ2,910,0.0107
Q9UQ74,910,0.0107
O00462,910,0.0107
Q16706,909,0.0107
Q9H8Y5,909,0.0107
Q7Z2K8,909,0.0107
Q8NG08,909,0.0107
Q9Y4C1,909,0.0107
Q68CR7,909,0.0107
Q9UPU3,908,0.0106
Q5VYS8,908,0.0106
Q96C12,908,0.0106
Q9Y5E3,908,0.0106
Q8NE09,908,0.0106
Q92585,908,0.0106
P53621,908,0.0106
Q9BX69,908,0.0106
Q6P5Z2,908,0.0106
Q9H0X9,908,0.0106
Q15155,907,0.0106
Q12840,907,0.0106
Q14055,907,0.0106
O60284,906,0.0106
Q8N961,906,0.0106
Q8NFA0,906,0.0106
Q9NQ66,906,0.0106
A6NNN8,905,0.0106
Q7LBC6,905,0.0106
Q9H2P0,905,0.0106
O60330,905,0.0106
O94979,905,0.0106
Q9ULU8,905,0.0106
Q9HD20,904,0.0106
Q8TBB5,904,0.0106
P02730,904,0.0106
Q15849,904,0.0106
P29376,903,0.0106
Q9HCL0,903,0.0106
Q5W0Q7,903,0.0106
O43156,903,0.0106
Q8IX03,903,0.0106
O14727,903,0.0106
Q9H582,903,0.0106
Q86UW7,902,0.0106
Q8TD16,902,0.0106
O43424,902,0.0106
Q15735,902,0.0106
Q9BZ72,902,0.0106
Q96JN2,901,0.0106
P19827,901,0.0106
P98155,901,0.0106
Q5T0W9,901,0.0106
Q63HK5,900,0.0106
Q6UWE0,900,0.0106
Q9ULJ6,900,0.0106
Q16827,900,0.0106
Q7Z2K6,899,0.0105
Q96DR7,899,0.0105
Q9NRM7,899,0.0105
P23769,898,0.0105
Q86X10,898,0.0105
Q9UPV9,898,0.0105
Q9UPN7,898,0.0105
Q5VUB5,897,0.0105
Q5VT97,897,0.0105
Q9NXL9,897,0.0105
Q9NSE4,897,0.0105
P78325,896,0.0105
Q01831,896,0.0105
P16403,896,0.0105
Q9BZH6,896,0.0105
P60484,895,0.0105
Q92539,895,0.0105
Q9ULJ3,894,0.0105
O95104,894,0.0105
O94898,893,0.0105
Q3SYG4,893,0.0105
Q8NCG7,893,0.0105
Q96IR2,893,0.0105
Q53EP0,893,0.0105
Q13046,893,0.0105
Q96R06,893,0.0105
Q76KP1,893,0.0105
Q68DC2,892,0.0105
Q58DX5,892,0.0105
Q659A1,892,0.0105
Q8NCX0,892,0.0105
O95398,892,0.0105
Q5T601,891,0.0104
O95486,891,0.0104
Q6VMQ6,891,0.0104
Q99550,891,0.0104
P0CG38,890,0.0104
P54802,890,0.0104
A4D0V7,890,0.0104
Q7KZ85,890,0.0104
O95197,890,0.0104
Q8N398,890,0.0104
P56192,889,0.0104
P17301,889,0.0104
P32926,889,0.0104
Q9BYN7,889,0.0104
O75437,889,0.0104
P15144,888,0.0104
P29317,888,0.0104
Q16512,888,0.0104
Q9Y5E8,888,0.0104
Q8IWV2,887,0.0104
O15063,887,0.0104
Q9H211,887,0.0104
P48736,887,0.0104
Q9Y5G2,886,0.0104
P05165,886,0.0104
Q9UPW8,886,0.0104
Q9UHX3,885,0.0104
Q9H3S1,885,0.0104
Q5TAG4,885,0.0104
Q4L235,885,0.0104
Q9P2Q2,884,0.0104
Q8WVT3,884,0.0104
Q6ZRI6,884,0.0104
Q9UN71,883,0.0104
Q8N163,882,0.0103
Q9BYX2,882,0.0103
Q9NP58,881,0.0103
Q9NZJ5,881,0.0103
Q13485,881,0.0103
Q9UQB3,881,0.0103
O15440,881,0.0103
Q9UNA0,881,0.0103
Q9Y4G2,881,0.0103
O75309,881,0.0103
O76082,881,0.0103
Q9Y3R0,881,0.0103
O95347,881,0.0103
Q8N4C8,880,0.0103
O60308,880,0.0103
Q8IXT5,880,0.0103
Q0VG06,880,0.0103
Q07075,880,0.0103
Q6Y7W6,880,0.0103
P35858,880,0.0103
Q9ULE3,879,0.0103
O43541,879,0.0103
P55011,879,0.0103
Q8TF46,879,0.0103
Q8IY81,878,0.0103
Q9P2G4,878,0.0103
Q2TBA0,878,0.0103
O95789,877,0.0103
A6NGR9,877,0.0103
Q96RT6,877,0.0103
Q13615,876,0.0103
Q9BU23,876,0.0103
Q9UQ84,876,0.0103
P80108,876,0.0103
P51659,876,0.0103
Q00889,876,0.0103
Q9H6S3,876,0.0103
Q99570,875,0.0103
Q9UKM7,875,0.0103
Q14574,875,0.0103
O60266,875,0.0103
Q9H4M7,875,0.0103
Q99062,875,0.0103
O75362,875,0.0103
Q4G176,875,0.0103
Q9UMX1,875,0.0103
Q495T6,874,0.0102
Q9UDT6,874,0.0102
Q8N423,874,0.0102
O60486,874,0.0102
Q5T0Z8,874,0.0102
Q12791,874,0.0102
P51798,874,0.0102
Q93084,873,0.0102
O75891,873,0.0102
P33151,873,0.0102
Q6IPM2,873,0.0102
O60294,873,0.0102
Q9UBZ9,873,0.0102
Q3KR16,873,0.0102
Q8NCM2,873,0.0102
P28698,873,0.0102
Q9P2F6,873,0.0102
Q8N5Q1,872,0.0102
O75106,872,0.0102
O43909,872,0.0102
Q9BY12,872,0.0102
Q16760,872,0.0102
Q6TDP4,872,0.0102
Q9H9D4,872,0.0102
O95206,871,0.0102
Q8TEA7,871,0.0102
O75976,871,0.0102
O60733,871,0.0102
P22460,871,0.0102
Q9HCE3,871,0.0102
Q8IZH2,871,0.0102
Q9Y2H2,871,0.0102
Q9GZR1,870,0.0102
Q8WYL5,870,0.0102
Q86Y13,870,0.0102
Q08999,870,0.0102
O94855,870,0.0102
A2RUB6,870,0.0102
Q9ULI1,870,0.0102
Q8TAB3,869,0.0102
Q14289,869,0.0102
O75310,869,0.0102
Q8TDG4,869,0.0102
Q8TET4,869,0.0102
B7Z6K7,869,0.0102
Q6UXM1,868,0.0102
Q14694,868,0.0102
P82094,868,0.0102
Q6QNK2,868,0.0102
Q15075,867,0.0102
P06737,867,0.0102
Q8N612,867,0.0102
Q8N137,867,0.0102
Q76M96,867,0.0102
Q96RS0,867,0.0102
A6NE52,867,0.0102
P33993,866,0.0102
Q9UPQ3,866,0.0102
Q01970,866,0.0102
P0CJ92,866,0.0102
Q99575,866,0.0102
Q96GW7,865,0.0101
Q8WZA1,865,0.0101
O60813,865,0.0101
Q9BQN1,865,0.0101
P49736,865,0.0101
Q15397,864,0.0101
Q13797,864,0.0101
Q02763,864,0.0101
Q9Y4K0,864,0.0101
O15455,864,0.0101
Q86V48,864,0.0101
Q5FWF4,864,0.0101
Q8TBB6,863,0.0101
Q13308,863,0.0101
Q5VTJ3,863,0.0101
Q13061,863,0.0101
Q9BVI4,862,0.0101
Q8WWL2,862,0.0101
Q9H0A0,862,0.0101
Q13472,862,0.0101
Q6P9B6,862,0.0101
P20701,861,0.0101
Q68D06,861,0.0101
Q9H8L6,861,0.0101
Q6ZVF9,861,0.0101
Q5ST30,861,0.0101
Q7Z478,861,0.0101
Q9BQT9,860,0.0101
Q6P4F7,860,0.0101
Q5H9F3,860,0.0101
O94985,859,0.0101
Q9P2J5,859,0.0101
O60504,859,0.0101
Q9H4Q3,859,0.0101
Q96K83,859,0.0101
Q9UM54,859,0.0101
Q13255,859,0.0101
Q9UP79,858,0.0101
Q9BY79,858,0.0101
O43295,858,0.0101
O43166,858,0.0101
Q9H2X0,858,0.0101
P21439,857,0.01
P53992,857,0.01
Q9H4D0,857,0.01
Q04844,857,0.01
O95786,857,0.01
O15254,857,0.01
Q9BWT7,857,0.01
Q9NXL6,857,0.01
Q9ULE6,857,0.01
Q9Y5H2,856,0.01
Q8N8A6,856,0.01
P59045,856,0.01
O15146,856,0.01
Q6P2E9,855,0.01
Q7Z3E5,855,0.01
Q8IY82,854,0.01
P09172,854,0.01
Q9UPR3,854,0.01
Q8NEN9,853,0.01
Q9Y2K6,853,0.01
Q9UFD9,853,0.01
Q9P2H0,853,0.01
Q92888,853,0.01
P40189,853,0.01
Q96DN2,853,0.01
Q5VZK9,853,0.01
O15484,853,0.01
Q03692,852,0.01
Q99959,852,0.01
P10635,852,0.01
Q8IVL5,852,0.01
Q13087,852,0.01
Q5K4L6,851,0.01
Q9NS98,851,0.01
Q68CR1,851,0.01
Q8NEE8,851,0.01
P00439,851,0.01
Q96RD9,851,0.01
Q9BYH1,851,0.01
Q5T1A1,850,0.01
Q8N7X1,850,0.01
Q96CC6,850,0.01
Q8IXI1,850,0.01
Q5XX13,850,0.01
P23109,849,0.01
Q6ZN28,849,0.01
C9JR72,849,0.01
Q92562,848,0.0099
Q7Z7L1,848,0.0099
O75081,848,0.0099
Q9BZQ8,847,0.0099
Q9Y5E5,847,0.0099
Q99708,847,0.0099
Q9P278,847,0.0099
Q9NR96,847,0.0099
P08582,847,0.0099
O94804,846,0.0099
Q12968,846,0.0099
A6QL63,846,0.0099
Q15361,846,0.0099
O15041,846,0.0099
P42684,846,0.0099
Q6ZVC0,846,0.0099
Q15020,846,0.0099
O14617,845,0.0099
Q13469,845,0.0099
Q9BXT6,845,0.0099
Q96AE7,845,0.0099
P55157,845,0.0099
Q9NRR6,845,0.0099
P41226,845,0.0099
P55283,845,0.0099
Q8TBP0,844,0.0099
Q8IYL2,844,0.0099
Q66K14,844,0.0099
Q6ZN16,844,0.0099
Q6NSJ0,843,0.0099
Q9P2R3,843,0.0099
Q9Y5G4,843,0.0099
Q7Z5Q5,843,0.0099
Q9H2C0,842,0.0099
Q9H2X6,842,0.0099
Q9P1Z0,842,0.0099
Q9ULD4,842,0.0099
P48357,842,0.0099
Q9UHI8,842,0.0099
Q6UX68,842,0.0099
Q05BV3,842,0.0099
P50993,841,0.0099
A5PKW4,841,0.0099
Q96RL6,841,0.0099
P54803,841,0.0099
Q6AI14,841,0.0099
Q8NET8,841,0.0099
O15169,841,0.0099
Q9Y5Y6,840,0.0098
P17405,839,0.0098
Q9ULK0,839,0.0098
Q5TEA3,838,0.0098
Q96JB6,838,0.0098
Q9H0K4,838,0.0098
P23634,838,0.0098
P22033,837,0.0098
Q86YV9,837,0.0098
O60811,837,0.0098
Q9ULT6,837,0.0098
Q9UHB7,837,0.0098
Q9HBX8,837,0.0098
Q01538,837,0.0098
P07996,836,0.0098
Q8IXH8,836,0.0098
Q8IXW0,836,0.0098
P31639,835,0.0098
P50570,835,0.0098
Q9BXT4,834,0.0098
Q96A65,834,0.0098
Q5VZR2,834,0.0098
P05166,834,0.0098
A0FGR9,834,0.0098
O14926,834,0.0098
Q86VS3,834,0.0098
Q70EK8,834,0.0098
Q9HC56,833,0.0098
Q8NFD2,833,0.0098
Q9H0H3,832,0.0098
Q8TDI7,832,0.0098
O43918,832,0.0098
Q6UXG2,832,0.0098
Q9Y5G0,832,0.0098
P16435,832,0.0098
P19823,832,0.0098
Q92902,831,0.0097
Q96FC9,831,0.0097
Q9NYI0,830,0.0097
Q99650,830,0.0097
O43491,830,0.0097
Q9P217,830,0.0097
Q9UBC3,829,0.0097
Q9P2E7,829,0.0097
Q9BSJ2,829,0.0097
Q9UIG0,829,0.0097
Q5T1B0,829,0.0097
Q68DV7,829,0.0097
Q68BL7,829,0.0097
Q86WJ1,829,0.0097
Q6UXY8,828,0.0097
P52789,828,0.0097
Q9C099,828,0.0097
Q6ZTQ4,828,0.0097
Q9H2Y9,828,0.0097
Q5GFL6,827,0.0097
P51801,827,0.0097
Q6PJI9,827,0.0097
Q5H9R4,827,0.0097
Q6ZMI0,827,0.0097
Q9Y5F8,827,0.0097
Q8IUD2,826,0.0097
Q6P179,826,0.0097
P56730,826,0.0097
P29374,826,0.0097
Q6NSJ2,825,0.0097
Q9C0H5,825,0.0097
P49747,825,0.0097
Q9ULD6,825,0.0097
Q8IWB9,825,0.0097
Q96L42,825,0.0097
Q8NER1,825,0.0097
Q13415,825,0.0097
Q8NFY4,824,0.0097
Q9Y6D9,824,0.0097
Q8NEL9,824,0.0097
O43823,824,0.0097
Q9H422,824,0.0097
O60306,824,0.0097
Q8IU68,824,0.0097
Q12986,823,0.0096
Q8IX21,823,0.0096
Q9NPR2,823,0.0096
P04259,823,0.0096
Q0ZGT2,823,0.0096
Q5JSL3,823,0.0096
Q8N715,822,0.0096
Q13111,822,0.0096
Q8N9W4,821,0.0096
Q9Y6Q2,821,0.0096
Q9BY07,821,0.0096
Q9Y5E7,821,0.0096
O75173,821,0.0096
P09874,821,0.0096
P28749,820,0.0096
Q15269,820,0.0096
Q7RTU9,820,0.0096
Q9BT22,820,0.0096
Q6PJP8,820,0.0096
P00747,819,0.0096
P05164,819,0.0096
Q9Y6Y8,819,0.0096
P26045,819,0.0096
H0YM25,818,0.0096
Q765P7,818,0.0096
Q16849,818,0.0096
Q96HU1,818,0.0096
O94832,818,0.0096
Q14934,818,0.0096
P51160,817,0.0096
P18564,817,0.0096
Q7Z3G6,817,0.0096
Q9Y5F9,817,0.0096
Q70EL4,817,0.0096
Q9P2D0,817,0.0096
Q6ZNA4,817,0.0096
Q9Y334,817,0.0096
Q86XN7,817,0.0096
Q96T76,816,0.0096
P19021,816,0.0096
Q6NSJ5,816,0.0096
Q8TE68,815,0.0096
Q5FWE3,815,0.0096
Q63HQ2,815,0.0096
Q86YV0,814,0.0095
Q9BRR8,814,0.0095
O94972,814,0.0095
Q008S8,814,0.0095
Q08554,813,0.0095
Q8N8E3,813,0.0095
O14773,813,0.0095
Q9NZB8,812,0.0095
P48960,812,0.0095
P14780,812,0.0095
Q13873,812,0.0095
Q86XI2,812,0.0095
Q9H987,811,0.0095
Q9Y6D6,811,0.0095
Q96P31,811,0.0095
Q16557,811,0.0095
Q69YQ0,811,0.0095
Q5H9T9,811,0.0095
Q99683,811,0.0095
Q9UJW7,810,0.0095
Q8TF40,810,0.0095
O75473,810,0.0095
Q8N895,810,0.0095
P02812,810,0.0095
Q8N196,810,0.0095
Q12950,810,0.0095
P41250,810,0.0095
P20648,809,0.0095
Q9HCS7,809,0.0095
Q9P272,809,0.0095
P21580,809,0.0095
Q9NRI5,809,0.0095
P34059,809,0.0095
Q14624,809,0.0095
Q8TD08,808,0.0095
P35443,808,0.0095
Q8IY18,808,0.0095
Q14865,807,0.0095
O60810,807,0.0095
P35869,807,0.0095
Q92622,807,0.0095
Q71SY5,807,0.0095
Q8ND61,807,0.0095
Q8NHU6,807,0.0095
P17643,807,0.0095
Q9BXU1,807,0.0095
Q13099,806,0.0094
Q9UFE4,806,0.0094
O43313,805,0.0094
Q96SE7,805,0.0094
P17040,805,0.0094
Q15833,804,0.0094
Q13671,804,0.0094
Q9Y5E6,804,0.0094
Q7RTX1,804,0.0094
Q8N6Y0,804,0.0094
Q96DN5,804,0.0094
P37173,804,0.0094
Q9NRY4,804,0.0094
Q8TCN5,804,0.0094
Q9UKQ2,804,0.0094
Q86XM0,804,0.0094
P21912,803,0.0094
Q9ULP9,803,0.0094
Q06033,803,0.0094
Q12766,802,0.0094
O94988,802,0.0094
Q9Y2G1,802,0.0094
O95235,802,0.0094
Q5VZL5,801,0.0094
P06756,801,0.0094
Q5VWP3,801,0.0094
Q9H159,801,0.0094
Q02318,801,0.0094
Q9Y2H6,800,0.0094
Q8IVU1,800,0.0094
Q9H7T0,800,0.0094
Q9Y216,799,0.0094
O15195,799,0.0094
Q8TCS8,799,0.0094
P55198,799,0.0094
Q9Y5H3,799,0.0094
Q14246,799,0.0094
P16671,799,0.0094
Q9UBP0,799,0.0094
Q9NRR4,799,0.0094
Q96BJ8,799,0.0094
O95754,799,0.0094
P51688,798,0.0094
Q9HCS5,798,0.0094
Q9C0J8,798,0.0094
Q6ZT12,798,0.0094
Q8IY63,798,0.0094
Q6P9B9,798,0.0094
P14679,797,0.0093
Q92985,797,0.0093
Q6ZVD7,797,0.0093
Q8IZS8,796,0.0093
Q9NVE4,796,0.0093
Q5SV97,796,0.0093
Q9UBW7,796,0.0093
P29320,795,0.0093
Q92994,795,0.0093
Q9C0H9,795,0.0093
Q9NSB2,795,0.0093
P20594,795,0.0093
A1A5B4,795,0.0093
Q8N436,795,0.0093
Q9BQK8,795,0.0093
Q6P3X3,794,0.0093
Q9NYT6,794,0.0093
Q8TDX6,794,0.0093
Q96N76,793,0.0093
Q8IUH8,793,0.0093
Q9NZ08,793,0.0093
Q9Y2J4,793,0.0093
Q13107,793,0.0093
Q96SD1,792,0.0093
Q9C0C9,792,0.0093
Q9P107,792,0.0093
Q8IYR2,791,0.0093
P55290,791,0.0093
P22670,791,0.0093
P01619,791,0.0093
Q6ZN55,791,0.0093
P49619,791,0.0093
P61129,791,0.0093
Q96PU5,790,0.0093
Q6ZVT0,790,0.0093
Q76N32,790,0.0093
Q14166,790,0.0093
Q86Z14,790,0.0093
Q68D51,790,0.0093
Q8N6Y1,790,0.0093
Q7Z6G3,790,0.0093
Q96Q04,789,0.0092
Q6R2W3,789,0.0092
Q01804,789,0.0092
O14638,789,0.0092
Q96AP0,789,0.0092
Q03252,789,0.0092
Q32MH5,789,0.0092
Q9H6E5,788,0.0092
Q5UE93,788,0.0092
Q8TDN1,788,0.0092
Q9Y6K1,788,0.0092
Q92854,788,0.0092
Q93063,788,0.0092
Q7Z7M9,788,0.0092
P54253,788,0.0092
Q9H1B7,788,0.0092
Q17R98,788,0.0092
Q8TAM1,788,0.0092
P51841,787,0.0092
Q9BXC9,787,0.0092
Q8NFI3,787,0.0092
O60741,787,0.0092
Q8IUC6,787,0.0092
Q8NB25,787,0.0092
Q8N122,787,0.0092
O75815,787,0.0092
Q9UQC9,786,0.0092
Q7Z3J2,786,0.0092
Q6ZP01,786,0.0092
Q92738,786,0.0092
O95677,785,0.0092
Q96FS4,785,0.0092
O95185,785,0.0092
Q8NAP3,784,0.0092
A3KN83,784,0.0092
P54219,784,0.0092
P22455,784,0.0092
Q6MZW2,784,0.0092
Q9Y2G3,784,0.0092
Q15822,783,0.0092
Q96M69,783,0.0092
Q92832,783,0.0092
A0AUZ9,783,0.0092
Q9UK96,782,0.0092
Q6UB35,782,0.0092
Q12860,782,0.0092
A8MZA4,782,0.0092
Q9P0L9,782,0.0092
P30530,782,0.0092
O60524,782,0.0092
Q16099,781,0.0092
Q9BRB3,781,0.0092
Q8N554,781,0.0092
Q08J23,781,0.0092
Q8WWM7,781,0.0092
Q9H9S5,781,0.0092
Q96S55,781,0.0092
Q14807,781,0.0092
Q9NYB0,781,0.0092
Q6NUT3,780,0.0091
A0AVT1,780,0.0091
Q8N3F8,780,0.0091
O00534,780,0.0091
P98095,780,0.0091
Q5T6X5,780,0.0091
Q32M88,780,0.0091
Q9GZR7,780,0.0091
Q96KQ7,779,0.0091
Q9HA77,779,0.0091
A1L443,779,0.0091
Q9H269,779,0.0091
P26006,779,0.0091
O15353,779,0.0091
Q8N7U6,778,0.0091
Q8NFW9,778,0.0091
P23276,778,0.0091
Q92625,778,0.0091
Q6EMK4,778,0.0091
O60237,778,0.0091
Q4LE39,778,0.0091
O60271,778,0.0091
Q14587,778,0.0091
Q9H1B5,777,0.0091
P42701,777,0.0091
Q9H5Y7,777,0.0091
Q8N271,777,0.0091
Q96BD0,777,0.0091
Q8NB14,777,0.0091
Q68BL8,777,0.0091
P05106,777,0.0091
P78332,776,0.0091
P02788,776,0.0091
Q32P28,776,0.0091
P23786,776,0.0091
Q9NQG7,776,0.0091
O94933,776,0.0091
O00268,776,0.0091
Q9HBJ7,776,0.0091
Q7RTT9,776,0.0091
Q9NW08,776,0.0091
P11388,776,0.0091
Q8N149,776,0.0091
Q9Y2H0,775,0.0091
Q9Y487,775,0.0091
Q9HCJ5,775,0.0091
O43897,775,0.0091
Q6ZT07,775,0.0091
Q9BQI7,775,0.0091
P16278,775,0.0091
Q53EL9,774,0.0091
Q9HCG7,774,0.0091
Q08188,774,0.0091
Q8TCG5,774,0.0091
Q96EK7,774,0.0091
P55160,773,0.0091
P14222,773,0.0091
Q96QH2,773,0.0091
Q9NYZ3,773,0.0091
Q9BQ70,773,0.0091
Q9BTV4,773,0.0091
Q9UQQ1,772,0.009
Q01814,772,0.009
Q8N823,772,0.009
Q6UXC1,772,0.009
Q00888,771,0.009
Q8NEC5,771,0.009
O95155,771,0.009
Q14CN2,771,0.009
Q8IYM0,771,0.009
Q13444,771,0.009
Q9Y6R6,770,0.009
P36888,770,0.009
Q13936,770,0.009
P50542,770,0.009
Q15031,770,0.009
Q8IYY4,770,0.009
Q15399,770,0.009
Q9UN70,770,0.009
Q9Y5F6,770,0.009
Q5T7N2,770,0.009
Q08AN1,770,0.009
P54753,770,0.009
Q96KM6,770,0.009
Q5VVP1,770,0.009
P49916,769,0.009
Q8IWU6,769,0.009
P29122,769,0.009
Q9NT22,769,0.009
Q08AF3,769,0.009
P01602,769,0.009
Q9Y6U3,769,0.009
Q9Y6X8,769,0.009
Q9Y6B7,768,0.009
Q9UBK8,768,0.009
Q15042,768,0.009
Q96ED9,768,0.009
Q86Z02,767,0.009
O00418,767,0.009
P20853,767,0.009
Q5HY64,767,0.009
Q9UGJ0,767,0.009
P50895,767,0.009
Q16822,766,0.009
Q9P2F5,766,0.009
O75127,766,0.009
Q9H0M5,766,0.009
P07197,765,0.009
P49746,765,0.009
Q9NS62,765,0.009
Q9NPA2,765,0.009
Q2WGJ6,765,0.009
P41218,765,0.009
P06401,765,0.009
P78314,765,0.009
O14827,765,0.009
P19801,765,0.009
Q92667,765,0.009
O60716,765,0.009
O95672,765,0.009
Q96P50,765,0.009
Q9H694,765,0.009
O75916,765,0.009
P05187,764,0.009
Q8IWU5,764,0.009
P33897,764,0.009
Q8TDR0,764,0.009
Q8IYT8,764,0.009
Q66K89,764,0.009
Q8TEC5,764,0.009
P52569,764,0.009
P08648,763,0.0089
O14709,763,0.0089
Q9Y2L1,763,0.0089
Q9P232,763,0.0089
Q92826,763,0.0089
Q96T37,763,0.0089
P16109,763,0.0089
P22102,763,0.0089
Q6UXH9,763,0.0089
P11586,763,0.0089
Q96RT8,763,0.0089
P17661,763,0.0089
O75427,762,0.0089
P51610,762,0.0089
Q96TA1,762,0.0089
Q8NCD3,762,0.0089
P17035,762,0.0089
P29323,762,0.0089
P48449,762,0.0089
O60291,762,0.0089
Q4G0A6,762,0.0089
Q5K4E3,761,0.0089
P84550,761,0.0089
Q86V87,761,0.0089
P51178,761,0.0089
Q9ULC6,761,0.0089
Q08345,761,0.0089
A8K7I4,761,0.0089
Q9NRF2,761,0.0089
Q13423,761,0.0089
O95259,761,0.0089
Q8IXT1,761,0.0089
P0C0S8,760,0.0089
Q96NZ8,760,0.0089
Q9Y2A4,760,0.0089
Q9Y4E5,760,0.0089
O00222,760,0.0089
Q96MT3,759,0.0089
Q9Y6X9,759,0.0089
Q9UII4,759,0.0089
P29590,759,0.0089
Q03112,759,0.0089
Q93052,758,0.0089
O14715,758,0.0089
Q7Z5H3,758,0.0089
O75843,758,0.0089
Q6P996,758,0.0089
Q14764,758,0.0089
Q8IVU3,758,0.0089
P52849,758,0.0089
Q6ZNA1,757,0.0089
Q9P1Z3,757,0.0089
Q5BJE1,757,0.0089
Q9H4I2,757,0.0089
Q96RQ3,756,0.0089
Q5VYP0,756,0.0089
O14830,756,0.0089
Q7Z6B7,756,0.0089
Q8NF64,756,0.0089
Q5VUG0,756,0.0089
Q9Y5I4,756,0.0089
Q9BQI6,756,0.0089
Q8IWY8,756,0.0089
Q5VV41,755,0.0089
Q14697,755,0.0089
Q17RC7,755,0.0089
Q96MC2,754,0.0088
Q16853,754,0.0088
Q96ST3,754,0.0088
Q86VQ0,754,0.0088
P54886,753,0.0088
Q14527,753,0.0088
Q641Q2,753,0.0088
O00308,753,0.0088
Q2NL82,753,0.0088
Q9UHB4,752,0.0088
O00329,752,0.0088
Q5T655,752,0.0088
O14964,752,0.0088
P16383,752,0.0088
P58215,752,0.0088
P62807,751,0.0088
Q86XN6,751,0.0088
Q8NDV3,751,0.0088
Q9UFC0,751,0.0088
O95528,751,0.0088
O00339,750,0.0088
O75969,750,0.0088
Q9NP73,750,0.0088
Q9H2U9,750,0.0088
Q9BZ11,750,0.0088
Q8N9T8,750,0.0088
Q2TBE0,750,0.0088
A6NM11,750,0.0088
A6NJL1,750,0.0088
Q9NPY3,750,0.0088
Q17RG1,749,0.0088
Q9NQV8,749,0.0088
A5PLK6,749,0.0088
Q8N4X5,749,0.0088
Q9BYV9,749,0.0088
Q02779,749,0.0088
Q14833,749,0.0088
P05186,749,0.0088
P48764,749,0.0088
Q6XUX3,749,0.0088
P24394,749,0.0088
Q9UDR5,748,0.0088
Q96JM3,748,0.0088
Q9NP78,748,0.0088
Q9BY31,748,0.0088
Q96GX1,748,0.0088
O75074,748,0.0088
Q15111,748,0.0088
Q695T7,748,0.0088
Q8NET4,748,0.0088
Q8WUF5,748,0.0088
Q13049,748,0.0088
Q6P5W5,747,0.0088
Q8HWS3,747,0.0088
Q9P209,747,0.0088
A6ND36,747,0.0088
A0AV02,747,0.0088
Q4KMQ2,747,0.0088
P56180,747,0.0088
P54277,747,0.0088
Q9P2B2,746,0.0087
P40879,746,0.0087
Q86VI1,746,0.0087
P51800,746,0.0087
P51451,745,0.0087
Q13206,745,0.0087
Q01780,745,0.0087
Q5T1N1,745,0.0087
Q7LBE3,745,0.0087
P16402,744,0.0087
Q8TCG1,744,0.0087
Q13501,744,0.0087
Q7Z4T9,744,0.0087
Q6T4R5,744,0.0087
Q5T7W0,744,0.0087
O14815,743,0.0087
Q8NI08,743,0.0087
Q9BZ95,743,0.0087
Q86Y91,743,0.0087
Q9H201,743,0.0087
Q8NH83,743,0.0087
O95822,743,0.0087
Q8WZA2,743,0.0087
Q9P2H3,743,0.0087
Q9ULH4,743,0.0087
P54762,743,0.0087
Q9Y6H5,742,0.0087
Q96IV0,742,0.0087
Q92922,742,0.0087
Q9NX65,742,0.0087
Q96ST8,742,0.0087
P23083,742,0.0087
Q9NQU5,741,0.0087
Q05DH4,741,0.0087
Q9H3T2,741,0.0087
P09327,741,0.0087
Q8N4N8,741,0.0087
O14641,741,0.0087
Q96M29,741,0.0087
Q08AH3,741,0.0087
P13807,741,0.0087
P46087,740,0.0087
Q9UHL4,740,0.0087
Q6NV74,740,0.0087
Q9H347,740,0.0087
Q659C4,740,0.0087
Q8N0Z3,740,0.0087
Q15149,739,0.0087
Q8N8A2,739,0.0087
Q6ZW61,739,0.0087
Q5VTH9,739,0.0087
Q9H1R3,739,0.0087
Q96GE4,739,0.0087
Q96QZ7,739,0.0087
O75366,739,0.0087
P20273,738,0.0087
Q9UI46,738,0.0087
P08473,738,0.0087
Q9Y2P5,738,0.0087
Q14159,738,0.0087
O75019,738,0.0087
P46019,738,0.0087
Q5QJ38,738,0.0087
P19174,737,0.0086
A6NNF4,737,0.0086
Q32MQ0,737,0.0086
Q86UE3,737,0.0086
Q8NFM7,737,0.0086
P46020,736,0.0086
Q6P597,736,0.0086
Q86SP6,736,0.0086
Q58F21,736,0.0086
Q4G0U5,736,0.0086
Q01546,736,0.0086
Q9NS39,736,0.0086
Q9UNX4,736,0.0086
Q96RN1,736,0.0086
Q13510,735,0.0086
Q99567,735,0.0086
Q70JA7,735,0.0086
Q8WUT4,734,0.0086
Q9UJA3,734,0.0086
Q9H2G2,734,0.0086
Q969P6,734,0.0086
Q9NTZ6,734,0.0086
Q12929,734,0.0086
Q9NP80,734,0.0086
O00291,734,0.0086
A5D8W1,733,0.0086
Q15139,733,0.0086
Q86SQ7,733,0.0086
Q93008,733,0.0086
Q7Z4V0,733,0.0086
Q8TDY4,733,0.0086
Q86XH1,733,0.0086
Q01954,732,0.0086
P21980,732,0.0086
Q6IA69,732,0.0086
P50416,732,0.0086
P33992,732,0.0086
P07357,732,0.0086
Q8IVF7,732,0.0086
P19367,732,0.0086
Q8IYA6,732,0.0086
Q5VZ89,731,0.0086
P11509,731,0.0086
Q12967,731,0.0086
O60296,731,0.0086
P52735,731,0.0086
P13612,731,0.0086
P37268,731,0.0086
P22413,731,0.0086
Q96PV6,731,0.0086
P24298,730,0.0086
Q96PF1,730,0.0086
Q16584,730,0.0086
O75665,730,0.0086
O43150,730,0.0086
Q9NPD5,730,0.0086
Q96QG7,730,0.0086
Q9Y250,730,0.0086
Q13191,730,0.0086
P52732,729,0.0085
Q96HW7,729,0.0085
O95886,729,0.0085
Q14D04,729,0.0085
Q8NHX9,729,0.0085
Q8N1I0,729,0.0085
Q8IX30,729,0.0085
Q8NI77,729,0.0085
Q12864,729,0.0085
O76090,729,0.0085
P19447,729,0.0085
Q9ULZ9,729,0.0085
P55197,729,0.0085
O75150,728,0.0085
Q8IV53,728,0.0085
O14786,728,0.0085
P17858,728,0.0085
Q9UBM7,728,0.0085
Q969R2,728,0.0085
Q6XPR3,728,0.0085
P15085,727,0.0085
Q8TBB1,727,0.0085
P06865,727,0.0085
Q8IYE0,727,0.0085
Q8N441,727,0.0085
Q86UU5,727,0.0085
Q96NL6,727,0.0085
Q8TF76,727,0.0085
Q9BVN2,727,0.0085
Q9BXP2,726,0.0085
Q96KG9,726,0.0085
Q9BYZ6,726,0.0085
Q9BRZ2,726,0.0085
Q04446,726,0.0085
Q8NG48,726,0.0085
Q8WW24,726,0.0085
Q8IWF2,726,0.0085
Q9UP52,725,0.0085
P21399,725,0.0085
Q9HA65,725,0.0085
Q5JTC6,725,0.0085
Q6ECI4,725,0.0085
Q9UQ05,725,0.0085
Q14511,725,0.0085
P11362,724,0.0085
Q8TBE0,724,0.0085
Q8IUR5,724,0.0085
Q5SWA1,724,0.0085
Q8TCX5,724,0.0085
O00187,724,0.0085
E7EW31,724,0.0085
Q9NP71,724,0.0085
P28799,724,0.0085
Q2M3G4,724,0.0085
Q8IW93,724,0.0085
P50443,723,0.0085
Q9H0B8,723,0.0085
Q9UPW5,723,0.0085
O95835,723,0.0085
Q8N1F7,723,0.0085
Q0P6D6,723,0.0085
Q9NZT2,723,0.0085
Q9UL01,723,0.0085
O00391,722,0.0085
Q9NXH9,722,0.0085
A6NCI8,722,0.0085
Q8IW35,722,0.0085
P0C671,722,0.0085
O95954,722,0.0085
Q9NRA8,722,0.0085
Q6ZRK6,722,0.0085
O95466,722,0.0085
Q96P44,721,0.0085
Q96QT6,721,0.0085
Q15437,721,0.0085
Q8TF30,721,0.0085
Q8IZ52,721,0.0085
P16066,721,0.0085
Q8IZF3,720,0.0084
Q9NY74,720,0.0084
Q9BY89,720,0.0084
Q9ULC8,720,0.0084
Q5JU85,720,0.0084
Q6AI39,720,0.0084
Q5XXA6,719,0.0084
P41594,719,0.0084
Q3B7T1,719,0.0084
Q9H0E9,719,0.0084
Q75T13,719,0.0084
Q96AD5,718,0.0084
Q86VB7,718,0.0084
Q569K6,718,0.0084
P41002,718,0.0084
Q5R3F8,718,0.0084
Q68CK6,718,0.0084
Q14831,718,0.0084
P40818,718,0.0084
Q9UPU7,718,0.0084
Q9H013,717,0.0084
P04049,717,0.0084
P37088,717,0.0084
Q6P1X5,717,0.0084
Q96T21,717,0.0084
Q8N3X1,717,0.0084
P59827,717,0.0084
P17066,717,0.0084
Q06495,716,0.0084
Q9NZ52,716,0.0084
Q96KW2,716,0.0084
Q8N5H7,716,0.0084
Q8N841,716,0.0084
Q9UMX9,716,0.0084
Q9NNW7,716,0.0084
Q9H257,715,0.0084
Q2TAK8,715,0.0084
Q93073,715,0.0084
Q8NDB2,715,0.0084
Q8TEJ3,715,0.0084
P83436,715,0.0084
Q8N3Y3,715,0.0084
P28331,714,0.0084
Q86YF9,714,0.0084
Q9H361,714,0.0084
Q8N9C0,714,0.0084
Q01167,714,0.0084
P53396,714,0.0084
Q6ULP2,714,0.0084
Q9UKF5,713,0.0084
Q9UKE5,713,0.0084
P42357,713,0.0084
Q5SVZ6,713,0.0084
Q8IVL6,713,0.0084
Q96PH1,713,0.0084
P59923,712,0.0083
Q0VAK6,712,0.0083
Q6DN14,712,0.0083
Q00887,712,0.0083
Q9HBD1,712,0.0083
Q9HCU0,712,0.0083
P40337,712,0.0083
Q6ZUJ8,712,0.0083
Q14C86,712,0.0083
Q9ULW8,712,0.0083
O60304,711,0.0083
Q8NFP4,711,0.0083
Q7Z4F1,711,0.0083
Q8IYG6,711,0.0083
Q5JVL4,711,0.0083
P15538,711,0.0083
P78364,711,0.0083
Q8TED9,711,0.0083
Q6UWZ7,710,0.0083
Q8IZ41,710,0.0083
P0C7U0,710,0.0083
Q6UWJ1,710,0.0083
Q14644,710,0.0083
Q14162,710,0.0083
P25205,710,0.0083
P20023,710,0.0083
C9J069,710,0.0083
Q9NU02,710,0.0083
P03971,710,0.0083
Q9ULL8,710,0.0083
Q09013,710,0.0083
P17038,709,0.0083
A4D1B5,709,0.0083
Q9H4L5,709,0.0083
Q96N87,709,0.0083
Q99965,709,0.0083
Q6VY07,709,0.0083
Q16394,708,0.0083
Q96EX3,708,0.0083
Q8N475,708,0.0083
Q07617,708,0.0083
Q15046,708,0.0083
Q5JTV8,708,0.0083
P12955,707,0.0083
Q5TCX8,707,0.0083
O96018,707,0.0083
Q8IYX7,707,0.0083
Q9UH99,707,0.0083
Q6UWX4,707,0.0083
Q4KMQ1,707,0.0083
Q14244,706,0.0083
P35558,706,0.0083
Q12815,706,0.0083
P02786,706,0.0083
Q9UQC2,706,0.0083
Q9Y2V7,706,0.0083
Q86YD7,705,0.0083
Q9H5V8,705,0.0083
O75807,705,0.0083
P21917,705,0.0083
Q5VVW2,705,0.0083
Q86XP1,705,0.0083
Q5JTW2,705,0.0083
Q8IZA0,705,0.0083
O95876,704,0.0083
Q14416,704,0.0083
P40939,704,0.0083
P22310,704,0.0083
Q6GQQ9,704,0.0083
Q9UM07,704,0.0083
Q9H0X4,704,0.0083
Q01432,704,0.0083
Q7RTY8,703,0.0082
Q9Y5F7,703,0.0082
Q9HBG4,703,0.0082
Q8N3T1,703,0.0082
Q6P1M0,703,0.0082
Q92750,703,0.0082
P10412,703,0.0082
Q13342,702,0.0082
Q08426,702,0.0082
Q9NTI5,702,0.0082
Q9H3T3,702,0.0082
O95453,702,0.0082
Q86X53,702,0.0082
Q8N394,702,0.0082
Q8N2N9,702,0.0082
O75448,702,0.0082
O43303,702,0.0082
Q9P2K2,702,0.0082
Q12872,702,0.0082
O60231,702,0.0082
O15457,701,0.0082
Q9P2V4,701,0.0082
Q5SW24,701,0.0082
Q06418,701,0.0082
Q9ULI0,701,0.0082
Q9Y2W3,701,0.0082
Q86XD8,701,0.0082
Q96K78,701,0.0082
Q9C0B6,700,0.0082
P57075,700,0.0082
Q6N069,700,0.0082
O00548,700,0.0082
Q9UIQ6,700,0.0082
Q9NVM4,700,0.0082
Q9HBI6,700,0.0082
Q6RI45,699,0.0082
Q9BYJ1,699,0.0082
O15060,699,0.0082
O43246,699,0.0082
Q6ZUM4,699,0.0082
A6NHA9,699,0.0082
Q14721,699,0.0082
Q68EM7,699,0.0082
Q8IYB3,699,0.0082
Q5TAH2,699,0.0082
O43548,698,0.0082
Q9UMQ6,698,0.0082
O43361,698,0.0082
Q8NFJ9,698,0.0082
P25440,698,0.0082
P51511,698,0.0082
Q7RTM1,698,0.0082
O75151,698,0.0082
Q96M32,698,0.0082
Q04725,698,0.0082
Q16134,697,0.0082
Q9H845,697,0.0082
Q9HAU5,697,0.0082
P07477,697,0.0082
Q96Q27,697,0.0082
Q9UQL6,697,0.0082
P07204,697,0.0082
Q8WUH2,697,0.0082
Q6NX49,696,0.0082
A1A4S6,696,0.0082
P33261,696,0.0082
P42336,696,0.0082
Q5T197,696,0.0082
Q86SU0,696,0.0082
Q8IVF6,696,0.0082
Q6PCB7,696,0.0082
A8MW92,696,0.0082
P46527,696,0.0082
Q9NY33,696,0.0082
Q13574,696,0.0082
Q01726,696,0.0082
Q9NWH9,696,0.0082
Q96EY7,695,0.0081
Q9Y5R5,695,0.0081
O95436,695,0.0081
Q7Z2W4,695,0.0081
P48668,695,0.0081
Q5U623,695,0.0081
Q9HAQ2,695,0.0081
Q6T4P5,695,0.0081
Q93075,695,0.0081
Q15468,695,0.0081
Q9H706,695,0.0081
Q16819,694,0.0081
Q16549,694,0.0081
A6NI56,694,0.0081
Q9BZL4,694,0.0081
P35908,694,0.0081
O75398,694,0.0081
Q96GX5,694,0.0081
Q02410,694,0.0081
Q14978,694,0.0081
P18084,694,0.0081
Q5SY80,694,0.0081
Q2M385,694,0.0081
Q2QGD7,694,0.0081
Q9NYV6,693,0.0081
Q96MR9,693,0.0081
Q8N9B5,693,0.0081
B9A064,693,0.0081
Q3SY69,693,0.0081
Q9Y3M9,693,0.0081
Q9UHI6,693,0.0081
P49419,692,0.0081
Q00839,692,0.0081
Q9Y263,692,0.0081
P07358,692,0.0081
Q9Y2Q0,692,0.0081
P07911,691,0.0081
Q6NUJ1,691,0.0081
P35520,691,0.0081
Q6ZMV9,691,0.0081
Q9BVL4,691,0.0081
P22079,691,0.0081
Q8TCT7,691,0.0081
Q9NX78,690,0.0081
O43795,690,0.0081
Q53HC5,690,0.0081
Q9UJX0,690,0.0081
Q9HCG8,690,0.0081
Q9H329,690,0.0081
Q8NAT1,690,0.0081
Q96GE5,690,0.0081
Q8NFZ0,690,0.0081
O15296,689,0.0081
P81133,689,0.0081
Q8NEN0,689,0.0081
P09871,689,0.0081
P30038,689,0.0081
P36537,689,0.0081
Q6MZZ7,689,0.0081
Q6IV72,689,0.0081
Q99797,689,0.0081
Q5T749,689,0.0081
Q86V71,688,0.0081
Q68CJ6,688,0.0081
Q8WY36,688,0.0081
Q9NR82,688,0.0081
Q3V5L5,688,0.0081
Q9Y2W1,688,0.0081
P01833,688,0.0081
Q8ND04,688,0.0081
Q9P1Q0,688,0.0081
Q9UKA2,688,0.0081
Q76B58,687,0.0081
Q8N3E9,687,0.0081
Q2WGN9,687,0.0081
B5MCY1,687,0.0081
Q9HCI6,687,0.0081
Q6PKG0,687,0.0081
O00294,687,0.0081
O75460,687,0.0081
Q13144,687,0.0081
Q86X52,687,0.0081
Q7Z7K2,686,0.008
Q96RR1,686,0.008
Q6ZUT9,686,0.008
Q15582,686,0.008
P07384,686,0.008
Q9HCS2,686,0.008
Q9Y3Q7,686,0.008
Q32P44,686,0.008
P46059,686,0.008
Q08174,685,0.008
Q9BPX3,685,0.008
Q9H9Y6,685,0.008
Q96II8,685,0.008
Q9Y6L6,684,0.008
P17655,684,0.008
P32004,684,0.008
Q8NCU4,684,0.008
P08235,684,0.008
Q8IWZ5,684,0.008
Q8IXB1,684,0.008
Q9UKF2,684,0.008
O60462,684,0.008
Q16696,684,0.008
Q8N5U6,684,0.008
Q9BSA9,683,0.008
P52740,683,0.008
Q9UI17,683,0.008
Q9BXS9,683,0.008
Q5W041,683,0.008
Q16678,683,0.008
O95521,683,0.008
Q9UGR2,683,0.008
P54840,682,0.008
Q8NHY6,682,0.008
H3BSY2,682,0.008
Q14739,682,0.008
Q9UK23,682,0.008
Q9NZQ3,682,0.008
P07359,682,0.008
Q03938,682,0.008
Q9ULV3,682,0.008
O00337,682,0.008
Q9BZQ6,682,0.008
Q15398,682,0.008
Q6IA86,682,0.008
A2RTX5,682,0.008
P11465,682,0.008
Q9BYT9,681,0.008
Q9Y210,681,0.008
P43155,681,0.008
Q8IZ69,681,0.008
Q6PD62,681,0.008
Q9NXB0,681,0.008
Q5T6L9,681,0.008
Q76KD6,681,0.008
Q5TZJ5,680,0.008
A6NEL2,680,0.008
Q14139,680,0.008
P06681,680,0.008
O60841,680,0.008
Q8NC74,680,0.008
Q14392,680,0.008
Q96LB3,680,0.008
Q8WUM4,679,0.008
Q8IYX3,679,0.008
Q9BY64,679,0.008
O15049,679,0.008
Q8IWG1,679,0.008
P78385,679,0.008
Q15386,679,0.008
O94993,678,0.0079
P01742,678,0.0079
Q07973,678,0.0079
Q5TC82,678,0.0079
Q9HAV4,678,0.0079
Q9Y2J8,677,0.0079
Q8N264,677,0.0079
P21802,677,0.0079
O95980,677,0.0079
Q9BQF6,677,0.0079
P32418,677,0.0079
Q9HCE1,677,0.0079
Q17RD7,677,0.0079
P36871,676,0.0079
Q8N3L3,676,0.0079
Q8N8E2,676,0.0079
Q9BQS7,676,0.0079
Q6NUN0,676,0.0079
O14490,676,0.0079
P14735,676,0.0079
Q13275,676,0.0079
Q8TF61,676,0.0079
Q6ZNB6,676,0.0079
A0AVK6,675,0.0079
O95461,675,0.0079
O43292,675,0.0079
Q8IYQ7,675,0.0079
Q9Y620,675,0.0079
Q9H7R5,675,0.0079
Q9BW04,674,0.0079
Q6PCB5,674,0.0079
Q9UHC3,674,0.0079
Q5TGY1,674,0.0079
P41440,674,0.0079
O00170,674,0.0079
P29973,674,0.0079
Q99435,674,0.0079
O95985,673,0.0079
P19961,673,0.0079
Q8WTR7,673,0.0079
P42566,673,0.0079
Q5T5C0,673,0.0079
Q12851,673,0.0079
Q9Y6Q6,672,0.0079
Q969Y2,672,0.0079
Q9H7U1,672,0.0079
P02538,672,0.0079
Q96DY7,672,0.0079
P47974,672,0.0079
P07196,672,0.0079
Q9NY28,672,0.0079
Q8N6M6,672,0.0079
Q86YC3,672,0.0079
O95678,672,0.0079
Q7Z6J0,672,0.0079
Q14520,672,0.0079
Q86V21,671,0.0079
P42898,671,0.0079
A7XYQ1,671,0.0079
Q9BQI5,671,0.0079
P20592,671,0.0079
Q6N043,671,0.0079
Q3SXY7,671,0.0079
P23458,671,0.0079
Q9ULD8,671,0.0079
P05067,671,0.0079
Q9BXW6,671,0.0079
Q96C10,671,0.0079
A1L4K1,670,0.0079
Q7Z5L9,670,0.0079
O75334,670,0.0079
Q8TEU8,670,0.0079
P52888,670,0.0079
Q9C0I3,670,0.0079
Q8NBJ9,670,0.0079
Q13164,670,0.0079
O94856,670,0.0079
Q9Y227,669,0.0078
Q969P0,669,0.0078
O95834,669,0.0078
Q96MT8,669,0.0078
Q8N309,669,0.0078
Q13822,669,0.0078
Q96PQ1,668,0.0078
Q08477,668,0.0078
Q8IXF0,668,0.0078
Q8IW92,668,0.0078
O60658,668,0.0078
Q5SZL2,668,0.0078
O95995,667,0.0078
Q99424,667,0.0078
O94806,667,0.0078
Q7Z736,667,0.0078
P07858,667,0.0078
Q3MIS6,667,0.0078
P07476,666,0.0078
Q8N4P2,666,0.0078
Q9NUQ8,666,0.0078
O75899,666,0.0078
Q9HAP2,666,0.0078
Q96S15,666,0.0078
P98082,666,0.0078
Q9UNA4,666,0.0078
Q6NUJ5,666,0.0078
Q8IY85,666,0.0078
Q16666,665,0.0078
O43847,665,0.0078
Q8TDI8,665,0.0078
Q7RTS7,665,0.0078
Q9Y3X0,665,0.0078
Q9NQ75,665,0.0078
P35503,665,0.0078
Q9P2N5,665,0.0078
Q96SM3,665,0.0078
Q8WXE1,665,0.0078
Q9UBT6,665,0.0078
Q9UL68,665,0.0078
P10912,665,0.0078
Q8N307,665,0.0078
P20916,664,0.0078
O60393,664,0.0078
A6NDA9,664,0.0078
Q9BZF2,664,0.0078
Q6P1J9,664,0.0078
Q9HAB3,664,0.0078
Q6ZN06,664,0.0078
P27815,663,0.0078
Q9H5Z1,663,0.0078
O15327,663,0.0078
Q9UKP5,663,0.0078
P16050,663,0.0078
Q86TY3,663,0.0078
P18850,663,0.0078
Q5TD94,663,0.0078
Q9Y4D2,663,0.0078
O94929,663,0.0078
O43506,663,0.0078
O14978,663,0.0078
A8MWY0,663,0.0078
P46199,663,0.0078
Q16518,662,0.0078
Q8NBJ5,662,0.0078
Q13823,662,0.0078
Q5VVJ2,662,0.0078
Q7L0X0,662,0.0078
Q9H0I9,662,0.0078
Q9H6R0,662,0.0078
Q9NRA0,662,0.0078
Q8N8U9,662,0.0078
P16422,661,0.0077
Q5T4B2,661,0.0077
P51816,661,0.0077
Q9HCB6,661,0.0077
Q5TAP6,661,0.0077
Q13443,661,0.0077
Q12980,661,0.0077
P35052,661,0.0077
Q6UWL6,660,0.0077
Q9Y223,660,0.0077
Q8NHS3,660,0.0077
P13647,660,0.0077
Q08050,660,0.0077
P26010,660,0.0077
P06731,660,0.0077
O43283,660,0.0077
Q8TF50,660,0.0077
Q03188,660,0.0077
P07332,660,0.0077
Q9BVG8,659,0.0077
O95625,659,0.0077
Q1XH10,659,0.0077
Q01973,659,0.0077
Q8TCY9,659,0.0077
A8MQ14,659,0.0077
Q96JK4,659,0.0077
Q5T5X7,659,0.0077
P11150,658,0.0077
Q9UBB9,658,0.0077
P51649,658,0.0077
Q06732,658,0.0077
Q6NUN7,658,0.0077
Q9H4G0,658,0.0077
P48200,658,0.0077
Q9Y2X9,658,0.0077
Q6ZWL3,658,0.0077
Q05996,658,0.0077
Q2M243,657,0.0077
Q8WWR8,657,0.0077
P54764,657,0.0077
O15397,657,0.0077
Q9BRK4,657,0.0077
Q92995,657,0.0077
Q8N4N3,657,0.0077
Q8IYT2,656,0.0077
Q8NA54,656,0.0077
Q96ME1,656,0.0077
Q86WA9,656,0.0077
Q9UL51,656,0.0077
Q494V2,656,0.0077
Q9Y2G8,656,0.0077
Q709F0,655,0.0077
Q9BRD0,655,0.0077
P43629,655,0.0077
Q9H3D4,655,0.0077
Q8N442,655,0.0077
O96013,655,0.0077
Q8IWR0,655,0.0077
Q9BXB1,655,0.0077
Q9UL16,655,0.0077
Q9Y5T5,655,0.0077
P51168,655,0.0077
Q9GZS0,655,0.0077
Q96SK3,655,0.0077
O00206,655,0.0077
Q75QN2,655,0.0077
Q9Y592,655,0.0077
Q9P0W8,655,0.0077
O43187,654,0.0077
Q96LC7,654,0.0077
Q9Y2B5,654,0.0077
Q2M2Z5,654,0.0077
Q9NS40,654,0.0077
P38435,654,0.0077
Q8TC21,653,0.0077
Q86YT6,653,0.0077
Q05682,653,0.0077
P23327,653,0.0077
Q86SG6,652,0.0076
Q96KP1,652,0.0076
B3KS81,652,0.0076
Q7Z6J9,652,0.0076
Q4VX76,652,0.0076
Q86VD1,652,0.0076
Q92636,652,0.0076
Q9H1I8,652,0.0076
P35557,652,0.0076
P78412,651,0.0076
Q9C0K0,651,0.0076
O76094,651,0.0076
O15287,651,0.0076
Q9C0C4,651,0.0076
Q8NGL9,651,0.0076
Q9UI26,651,0.0076
Q12889,650,0.0076
Q9Y5F3,650,0.0076
Q9NR64,650,0.0076
Q6TGC4,650,0.0076
P00751,650,0.0076
Q8IZW8,650,0.0076
Q5JY77,650,0.0076
Q8NFN8,650,0.0076
Q9HBT6,650,0.0076
Q9GZT9,650,0.0076
Q9HAW8,650,0.0076
Q53TQ3,649,0.0076
Q9Y2N7,649,0.0076
O94850,649,0.0076
Q8IYE1,649,0.0076
Q53R41,649,0.0076
Q9P0L1,649,0.0076
O14901,649,0.0076
O14639,649,0.0076
Q9BVI0,649,0.0076
P11712,648,0.0076
Q0D2K2,648,0.0076
A1IGU5,647,0.0076
Q96AV8,647,0.0076
Q86WN1,647,0.0076
Q14596,647,0.0076
P24557,647,0.0076
Q8TF05,647,0.0076
Q9UKJ8,647,0.0076
O75410,646,0.0076
Q9UEY8,646,0.0076
P09958,646,0.0076
Q674X7,646,0.0076
A1L0T0,646,0.0076
Q9BUR4,646,0.0076
Q969S9,646,0.0076
Q8TF66,645,0.0076
Q9UBC2,645,0.0076
Q17RM4,645,0.0076
Q6PJW8,645,0.0076
Q9NW13,645,0.0076
Q9Y678,644,0.0075
Q6P2H3,644,0.0075
Q96CP6,644,0.0075
P02748,644,0.0075
Q9HC96,643,0.0075
Q86YT5,643,0.0075
O95170,643,0.0075
Q6P4Q7,643,0.0075
Q8NCE2,643,0.0075
Q6NUP7,643,0.0075
Q6NUM6,643,0.0075
Q9Y5L0,643,0.0075
Q8NC60,643,0.0075
Q6UVM3,642,0.0075
Q12816,642,0.0075
Q14156,642,0.0075
P15056,642,0.0075
P13667,642,0.0075
P55289,642,0.0075
Q6ZSB9,642,0.0075
Q496J9,642,0.0075
Q8NAG6,642,0.0075
Q01638,642,0.0075
Q6ZRP7,642,0.0075
Q9NZB2,641,0.0075
Q9UNQ0,641,0.0075
Q03519,641,0.0075
Q9NVE7,641,0.0075
Q9H2U1,641,0.0075
O94874,641,0.0075
O14678,641,0.0075
Q9BXR5,641,0.0075
Q8TE77,641,0.0075
Q7Z794,641,0.0075
Q96MW5,640,0.0075
Q9BZD2,640,0.0075
Q9NVU0,640,0.0075
Q9BYT8,640,0.0075
Q86WT1,640,0.0075
Q9UBK2,640,0.0075
P60852,640,0.0075
O94886,640,0.0075
Q8WVM7,640,0.0075
Q7L0X2,639,0.0075
Q96MY7,639,0.0075
Q03923,639,0.0075
Q9H892,639,0.0075
Q96NJ3,639,0.0075
Q9BYP7,639,0.0075
Q2M3M2,639,0.0075
Q14114,639,0.0075
P52742,639,0.0075
P52848,639,0.0075
Q9P0K7,639,0.0075
Q9H1D0,639,0.0075
Q8WXW3,639,0.0075
Q6UXZ4,638,0.0075
Q96F45,638,0.0075
Q8N0X7,638,0.0075
Q7Z6J4,638,0.0075
Q08ER8,638,0.0075
Q8IYT1,638,0.0075
O15245,638,0.0075
Q9BZF3,638,0.0075
O00341,638,0.0075
Q8IYS4,638,0.0075
Q7Z3Z4,638,0.0075
O94973,637,0.0075
Q96SB8,637,0.0075
Q16587,637,0.0075
Q86WZ6,637,0.0075
Q5VIR6,637,0.0075
Q16572,637,0.0075
Q9BXM7,637,0.0075
Q9H330,637,0.0075
Q14393,637,0.0075
Q13057,636,0.0075
P49715,636,0.0075
Q5T3J3,636,0.0075
Q99835,636,0.0075
Q8IZQ8,636,0.0075
Q00610,636,0.0075
Q96PZ2,636,0.0075
Q13003,635,0.0074
Q6VAB6,635,0.0074
P81408,635,0.0074
Q99558,635,0.0074
Q9H089,635,0.0074
Q6XQN6,635,0.0074
Q8N807,635,0.0074
O95025,635,0.0074
P08133,634,0.0074
Q96G01,634,0.0074
P12035,634,0.0074
Q9HCX4,634,0.0074
Q9NQ79,634,0.0074
P10696,634,0.0074
Q8WTT2,634,0.0074
P51957,634,0.0074
Q8N6C5,634,0.0074
Q8ND71,634,0.0074
Q16799,634,0.0074
P55287,634,0.0074
Q92935,634,0.0074
Q9HAW9,634,0.0074
Q6P2P2,634,0.0074
Q00653,634,0.0074
Q5FWF5,634,0.0074
Q5T447,634,0.0074
Q5TA45,634,0.0074
Q8N878,633,0.0074
Q5FYB1,633,0.0074
P06276,633,0.0074
Q8IWX7,633,0.0074
Q92835,633,0.0074
P56696,633,0.0074
Q08AM6,633,0.0074
Q8TEW0,633,0.0074
Q13286,633,0.0074
Q9Y5P8,633,0.0074
P17020,633,0.0074
O15033,633,0.0074
Q02446,633,0.0074
Q7L7V1,633,0.0074
Q8NE28,633,0.0074
Q96G46,632,0.0074
Q9HCM4,632,0.0074
O60477,632,0.0074
Q9UPQ8,632,0.0074
Q6P3W7,632,0.0074
Q5T5S1,632,0.0074
Q96JH7,632,0.0074
O75072,631,0.0074
Q9BW71,631,0.0074
Q14781,631,0.0074
P08253,631,0.0074
Q9UKW4,631,0.0074
Q14566,631,0.0074
Q9Y6R1,630,0.0074
P00488,630,0.0074
Q96PD2,630,0.0074
Q96Q11,630,0.0074
Q05823,630,0.0074
Q7L8L6,629,0.0074
Q8N2H3,629,0.0074
O95671,629,0.0074
O00459,629,0.0074
P11171,629,0.0074
Q96NA8,629,0.0074
Q03167,629,0.0074
Q92997,629,0.0074
Q6NT32,629,0.0074
Q9BWU0,629,0.0074
P08236,629,0.0074
O75116,629,0.0074
Q68CQ4,629,0.0074
Q9UJS0,629,0.0074
Q9NY59,629,0.0074
Q9NSB4,628,0.0074
Q5W0B1,628,0.0074
Q9UK10,628,0.0074
Q5VT25,628,0.0074
Q6UXK5,628,0.0074
Q8N427,628,0.0074
Q9H334,628,0.0074
Q6SJ93,628,0.0074
P22304,628,0.0074
Q6T423,628,0.0074
Q9HBG7,628,0.0074
Q15063,628,0.0074
Q9BZV2,628,0.0074
Q8WXI3,628,0.0074
O14511,628,0.0074
Q9NZV5,628,0.0074
Q92959,628,0.0074
P78329,628,0.0074
Q5VTL7,628,0.0074
Q8WV44,627,0.0073
P07225,627,0.0073
Q8NDT2,627,0.0073
P42771,627,0.0073
Q14728,627,0.0073
Q8IZP9,627,0.0073
Q658N2,627,0.0073
Q96KT7,627,0.0073
P18887,627,0.0073
Q14CN4,627,0.0073
Q3B820,627,0.0073
Q9NYJ7,627,0.0073
Q0VDD7,627,0.0073
P55884,626,0.0073
Q53H47,626,0.0073
Q07001,626,0.0073
O95201,626,0.0073
Q9BV36,626,0.0073
Q9UH90,626,0.0073
Q86Y46,626,0.0073
Q9ULN7,626,0.0073
Q16478,626,0.0073
Q9NXC5,626,0.0073
Q9H5L6,626,0.0073
Q9BXR6,626,0.0073
Q9GZX3,626,0.0073
Q8IUC4,626,0.0073
Q6ZNH5,626,0.0073
P20062,626,0.0073
Q5U5Z8,626,0.0073
O75373,625,0.0073
Q86TV6,625,0.0073
O95202,625,0.0073
P01780,625,0.0073
Q15642,625,0.0073
O43175,625,0.0073
Q14134,625,0.0073
Q9UJT2,625,0.0073
P28827,625,0.0073
Q96CN9,624,0.0073
Q9NZK5,624,0.0073
Q06481,624,0.0073
Q8NFT8,624,0.0073
P13637,624,0.0073
Q8IWZ6,624,0.0073
P07602,624,0.0073
Q13634,624,0.0073
Q96GR2,624,0.0073
Q3LXA3,623,0.0073
A5D8V7,623,0.0073
Q8WW52,623,0.0073
Q9UI40,623,0.0073
Q495M9,623,0.0073
Q8WU76,623,0.0073
P21918,623,0.0073
Q9BXP5,623,0.0073
Q5VWT5,623,0.0073
Q5T2N8,623,0.0073
P02671,623,0.0073
Q96JG6,623,0.0073
Q9BVQ7,623,0.0073
P21757,622,0.0073
Q92974,622,0.0073
P23142,622,0.0073
Q9Y3Q0,622,0.0073
Q15375,622,0.0073
P04264,622,0.0073
Q9HAY6,622,0.0073
Q13546,621,0.0073
Q9H0K6,621,0.0073
Q6PJG9,621,0.0073
Q86W26,621,0.0073
Q96RP9,621,0.0073
Q969S8,621,0.0073
Q8NCI6,621,0.0073
Q8N556,620,0.0073
O15211,620,0.0073
O75157,620,0.0073
O00461,620,0.0073
O95935,620,0.0073
Q9UHD8,620,0.0073
P05156,620,0.0073
O43290,620,0.0073
Q9UKN1,620,0.0073
Q9NQL9,620,0.0073
Q8IYT3,620,0.0073
Q9BZQ2,619,0.0073
Q96AY3,619,0.0073
Q86UW9,619,0.0073
P20591,619,0.0073
Q7L2E3,619,0.0073
P48382,619,0.0073
Q8TD19,619,0.0073
O60656,619,0.0073
Q92729,619,0.0073
O43790,619,0.0073
Q96AQ6,619,0.0073
Q92496,619,0.0073
Q9Y2G4,619,0.0073
Q969N2,619,0.0073
Q96DU7,619,0.0073
Q504Y0,619,0.0073
Q9BX79,619,0.0073
O60269,618,0.0072
Q86VD9,618,0.0072
Q9H1K0,618,0.0072
Q9BXB5,618,0.0072
Q12797,618,0.0072
P57740,618,0.0072
Q8N0X2,618,0.0072
Q92908,618,0.0072
Q8IVH8,617,0.0072
Q6ZU52,617,0.0072
Q9UKU6,617,0.0072
Q9H501,617,0.0072
Q8TBZ0,617,0.0072
P05060,617,0.0072
Q9NYY8,617,0.0072
O43314,617,0.0072
O43196,617,0.0072
Q9BVA0,617,0.0072
Q9BZE4,617,0.0072
Q8NGM1,617,0.0072
Q9BWV1,617,0.0072
Q8TC56,617,0.0072
Q8WUA4,617,0.0072
Q9NQ55,617,0.0072
Q6ZRF8,616,0.0072
Q9BSW2,616,0.0072
O15037,616,0.0072
Q9HB58,616,0.0072
Q5T619,616,0.0072
Q96QC0,616,0.0072
Q8TAV3,616,0.0072
Q96S65,616,0.0072
Q7RTZ2,616,0.0072
Q9H808,615,0.0072
Q8N531,615,0.0072
P03951,615,0.0072
Q5TCH4,615,0.0072
Q9UGP4,615,0.0072
Q8IWA5,615,0.0072
Q9Y3Z3,615,0.0072
Q8NA82,615,0.0072
P49221,615,0.0072
Q14D33,615,0.0072
Q96QU8,615,0.0072
Q8N350,615,0.0072
A8MUZ8,615,0.0072
Q8IWD5,615,0.0072
Q8WYR1,615,0.0072
P15848,614,0.0072
Q8N6Q8,614,0.0072
P50995,614,0.0072
Q9NYW8,614,0.0072
Q13884,614,0.0072
Q8NCL4,614,0.0072
P04433,614,0.0072
Q8TF01,613,0.0072
O75154,613,0.0072
Q13421,613,0.0072
O60240,613,0.0072
P43304,613,0.0072
Q9H0W5,613,0.0072
Q8IYW5,613,0.0072
Q16348,613,0.0072
Q9ULK4,612,0.0072
O75626,612,0.0072
Q92523,612,0.0072
Q9HCL2,612,0.0072
Q12836,612,0.0072
Q99884,612,0.0072
Q9Y561,612,0.0072
Q6UWU2,612,0.0072
P78536,612,0.0072
Q9UJX6,612,0.0072
Q96P69,612,0.0072
P20813,612,0.0072
Q16288,611,0.0072
Q92611,611,0.0072
Q9HAT2,611,0.0072
Q7Z5K2,611,0.0072
Q99798,611,0.0072
Q9P2G1,611,0.0072
Q99453,611,0.0072
Q9NQX1,611,0.0072
Q2VPA4,611,0.0072
Q8IWW6,611,0.0072
Q3SY84,611,0.0072
O15381,610,0.0072
Q9GZT5,610,0.0072
Q8NBR6,610,0.0072
O75467,610,0.0072
Q9H091,610,0.0072
Q6NUT2,610,0.0072
Q86UG4,610,0.0072
Q70EL2,610,0.0072
P27487,610,0.0072
Q52M93,610,0.0072
Q8IWT6,610,0.0072
Q10567,610,0.0072
Q96FL9,609,0.0071
P35712,609,0.0071
P16070,609,0.0071
Q5H9R7,609,0.0071
A0A0C4DH31,609,0.0071
P01042,609,0.0071
Q8IYB9,609,0.0071
Q9H3R1,609,0.0071
Q9GZN6,609,0.0071
P49321,609,0.0071
Q9ULQ0,609,0.0071
Q86VW1,608,0.0071
Q15942,608,0.0071
Q6DHV5,608,0.0071
P17039,608,0.0071
P40926,608,0.0071
P15502,608,0.0071
Q5TB30,608,0.0071
O60443,608,0.0071
P26012,607,0.0071
Q5SNT2,607,0.0071
O60603,607,0.0071
Q9HCC0,607,0.0071
Q96JA4,607,0.0071
O00189,607,0.0071
Q99767,607,0.0071
Q9H7R0,607,0.0071
Q02383,607,0.0071
Q12884,607,0.0071
Q14003,607,0.0071
Q9BZE9,607,0.0071
Q96KS0,606,0.0071
Q6P2C0,606,0.0071
Q6UWB4,606,0.0071
Q5T4T6,606,0.0071
P11802,606,0.0071
P33981,606,0.0071
Q9Y2L8,606,0.0071
Q6ZTA4,606,0.0071
Q8IYH5,606,0.0071
Q8NE63,605,0.0071
Q8NI51,605,0.0071
Q8N7J2,605,0.0071
O15083,605,0.0071
Q6PIW4,605,0.0071
P22888,605,0.0071
Q8N6R0,605,0.0071
Q8N9W5,605,0.0071
Q14746,604,0.0071
Q9NPJ1,604,0.0071
P19099,604,0.0071
Q86XR8,604,0.0071
Q9H6R3,604,0.0071
Q14157,604,0.0071
Q10713,604,0.0071
Q5JSP0,604,0.0071
Q8NE18,604,0.0071
Q0P670,604,0.0071
Q9NSG2,604,0.0071
Q96N46,604,0.0071
Q9BQL6,603,0.0071
Q8TEL6,603,0.0071
Q9UMF0,603,0.0071
Q9UID3,603,0.0071
Q1KMD3,603,0.0071
Q6AW86,603,0.0071
P01764,603,0.0071
Q9Y2J0,603,0.0071
Q02928,603,0.0071
P30613,603,0.0071
Q08380,603,0.0071
Q8WWX8,602,0.0071
Q5JPH6,602,0.0071
Q9H2K2,602,0.0071
Q99985,602,0.0071
Q08828,602,0.0071
O15228,602,0.0071
Q8N145,602,0.0071
O95402,602,0.0071
Q7Z5L7,601,0.007
Q86XJ1,601,0.007
O95757,601,0.007
Q96RK4,601,0.007
Q92542,601,0.007
Q9Y5W7,601,0.007
Q99549,601,0.007
O43296,601,0.007
Q9NZM5,601,0.007
A6NMD2,601,0.007
O94927,601,0.007
P0DTE5,601,0.007
Q96N22,601,0.007
Q8N302,600,0.007
P52630,600,0.007
Q96JK2,600,0.007
Q6UWV6,600,0.007
A8MRT5,600,0.007
O43167,600,0.007
O00522,600,0.007
A4D1P6,600,0.007
Q9HCG1,600,0.007
Q9Y2P0,600,0.007
Q6ZQN7,600,0.007
P09923,600,0.007
P22004,600,0.007
Q6NUM9,600,0.007
Q9Y5S1,599,0.007
Q86XK2,599,0.007
Q8IZU9,599,0.007
Q8N1K5,599,0.007
Q9HB96,599,0.007
Q96CN5,599,0.007
Q96N58,599,0.007
O75204,599,0.007
Q63ZE4,599,0.007
Q8N434,599,0.007
Q8TC27,599,0.007
Q86U38,599,0.007
Q2M2I3,599,0.007
Q8N1N4,598,0.007
Q8IYI8,598,0.007
Q9C0J1,598,0.007
Q9ULK2,598,0.007
Q9NVH2,598,0.007
Q15238,598,0.007
Q9NYL2,598,0.007
Q9HCZ1,597,0.007
Q8TBC3,597,0.007
Q8TF45,597,0.007
C9JH25,597,0.007
Q9HBY0,597,0.007
O75342,597,0.007
P26639,597,0.007
O60496,597,0.007
O94810,597,0.007
Q53GD3,597,0.007
Q6NSI8,597,0.007
Q6AZY7,597,0.007
Q5TF21,597,0.007
Q16538,597,0.007
Q8NB91,596,0.007
Q7Z3C6,596,0.007
Q8N8Z6,596,0.007
P29120,596,0.007
Q9BWN1,596,0.007
P12081,596,0.007
O14578,596,0.007
Q7Z340,596,0.007
P31939,596,0.007
Q96H40,596,0.007
Q08AG5,596,0.007
Q5ZPR3,595,0.007
Q16832,595,0.007
A4FU01,595,0.007
O43592,595,0.007
P55199,595,0.007
Q00G26,595,0.007
Q96PX6,595,0.007
Q92805,595,0.007
O60260,595,0.007
Q5FVE4,595,0.007
Q15029,595,0.007
Q9C0D7,594,0.007
Q9BWV7,594,0.007
Q8WWL7,594,0.007
P32298,594,0.007
P09917,594,0.007
P78333,594,0.007
O15427,594,0.007
O75113,594,0.007
O75110,594,0.007
Q6ZN44,594,0.007
P17097,594,0.007
P0C7T5,594,0.007
Q9BUU2,593,0.007
Q9NY99,593,0.007
Q9H3Y6,593,0.007
Q9NRR2,593,0.007
Q9NRU3,593,0.007
P57103,593,0.007
O43264,593,0.007
Q6UWL2,593,0.007
Q96J84,593,0.007
Q9UMS5,593,0.007
Q12908,593,0.007
A8MVX0,592,0.0069
Q02833,592,0.0069
Q03518,592,0.0069
O60299,592,0.0069
Q9H094,592,0.0069
Q8N103,592,0.0069
Q92953,592,0.0069
O14974,592,0.0069
P42338,592,0.0069
Q96T51,592,0.0069
Q15424,592,0.0069
P43121,592,0.0069
Q14940,591,0.0069
Q6PXP3,591,0.0069
P23219,591,0.0069
Q9H8Y1,591,0.0069
Q9HBE5,591,0.0069
Q8NHS4,591,0.0069
Q8N465,591,0.0069
Q8NH70,591,0.0069
P59901,591,0.0069
Q969X6,591,0.0069
P50607,591,0.0069
Q5VWG9,591,0.0069
Q8N7Q3,591,0.0069
A2RUB1,591,0.0069
P40238,590,0.0069
Q7LGC8,590,0.0069
Q9Y608,590,0.0069
Q96M89,590,0.0069
Q96NN9,590,0.0069
P55895,590,0.0069
P06133,590,0.0069
Q5T160,590,0.0069
Q9NZL3,590,0.0069
P10515,590,0.0069
Q9NP91,589,0.0069
Q9NPI8,589,0.0069
Q9UKN5,589,0.0069
P16871,589,0.0069
O60641,589,0.0069
Q8TE96,589,0.0069
Q8IWA0,589,0.0069
Q9UQQ2,589,0.0069
Q99572,588,0.0069
P43652,588,0.0069
Q15283,588,0.0069
Q9NRG9,588,0.0069
O94808,588,0.0069
Q9ULD5,588,0.0069
P24903,588,0.0069
Q6ZNE9,588,0.0069
Q8N1N0,588,0.0069
A4FU28,588,0.0069
Q5T8P6,588,0.0069
Q6NY19,588,0.0069
A4GXA9,588,0.0069
Q9UC07,588,0.0069
Q6ZN84,587,0.0069
A6NHZ5,587,0.0069
O75069,587,0.0069
O95407,587,0.0069
Q96A99,587,0.0069
Q8WYA0,587,0.0069
Q6ZMS7,587,0.0069
P32455,587,0.0069
Q9NRJ5,587,0.0069
Q96G91,587,0.0069
Q460N3,587,0.0069
Q5T5J6,587,0.0069
Q4ZIN3,586,0.0069
Q96CW5,586,0.0069
Q6P3X8,586,0.0069
Q9UHN1,586,0.0069
Q9BRC7,586,0.0069
Q8N1V2,586,0.0069
Q9ULW2,586,0.0069
Q50LG9,586,0.0069
P57081,586,0.0069
Q9Y3P9,586,0.0069
Q9H720,586,0.0069
Q8IWB1,586,0.0069
Q9ULH1,585,0.0069
Q9Y4W6,585,0.0069
Q15003,585,0.0069
Q7Z3F1,585,0.0069
Q9P2M4,585,0.0069
O75864,585,0.0069
Q9C0I9,585,0.0069
Q9H611,585,0.0069
Q8IVW8,585,0.0069
Q9H788,585,0.0069
Q7Z304,585,0.0069
Q86U10,585,0.0069
P25100,585,0.0069
Q8IVS8,585,0.0069
Q8IV36,585,0.0069
Q13651,585,0.0069
O75325,585,0.0069
O95696,585,0.0069
Q9UJ99,585,0.0069
Q9HAW7,585,0.0069
Q13263,584,0.0068
Q6ZW31,584,0.0068
Q9H6R7,584,0.0068
Q86VR7,584,0.0068
Q6P3V2,584,0.0068
Q92911,584,0.0068
O76039,584,0.0068
Q96HQ0,584,0.0068
P0C2W7,584,0.0068
P54136,584,0.0068
Q9H0K1,584,0.0068
O75030,584,0.0068
P06858,584,0.0068
Q8IVB4,584,0.0068
A1A5D9,583,0.0068
Q68EA5,583,0.0068
Q08462,583,0.0068
Q7Z3V5,583,0.0068
Q8IV77,583,0.0068
Q6ZWE6,583,0.0068
Q8IYB8,583,0.0068
Q96JS3,583,0.0068
Q9NVU7,583,0.0068
P29728,583,0.0068
P36508,582,0.0068
P22492,582,0.0068
Q9BW92,582,0.0068
Q9NSD5,582,0.0068
Q9NV66,582,0.0068
Q8IVM8,582,0.0068
Q9NWN3,582,0.0068
A6PVS8,582,0.0068
O95171,582,0.0068
Q7RTS6,582,0.0068
O14920,582,0.0068
O60279,582,0.0068
Q0VGE8,582,0.0068
Q8N3C7,582,0.0068
P49190,582,0.0068
Q68CZ6,582,0.0068
Q7Z7L9,582,0.0068
Q5MIZ7,582,0.0068
P16662,582,0.0068
Q8N831,582,0.0068
P43005,581,0.0068
Q6P3S1,581,0.0068
Q96D71,581,0.0068
Q9ULE0,581,0.0068
Q6UWM9,581,0.0068
Q16647,581,0.0068
Q9H3Z7,581,0.0068
Q13002,581,0.0068
Q9BW27,581,0.0068
Q5HY92,580,0.0068
Q9Y2C9,580,0.0068
Q96DT7,580,0.0068
P43243,580,0.0068
P10275,580,0.0068
Q8NFF2,580,0.0068
Q9UBD5,580,0.0068
Q13064,580,0.0068
Q6ZNB7,580,0.0068
Q92947,580,0.0068
Q14533,580,0.0068
Q9P1W3,579,0.0068
Q3KP44,579,0.0068
Q9GZZ6,579,0.0068
Q12934,579,0.0068
O00213,579,0.0068
Q5U651,579,0.0068
A8MXV4,579,0.0068
Q96S37,579,0.0068
P22309,579,0.0068
P57772,579,0.0068
Q9Y3L3,579,0.0068
O43312,579,0.0068
P51654,578,0.0068
Q5XKE5,578,0.0068
Q8TAT5,578,0.0068
Q5JVG2,578,0.0068
P18848,578,0.0068
P14868,578,0.0068
Q12948,578,0.0068
Q02040,578,0.0068
O14975,577,0.0068
Q8NB50,577,0.0068
Q6S5L8,577,0.0068
P04844,577,0.0068
O14782,577,0.0068
P16444,577,0.0068
Q8TDB6,577,0.0068
Q8WXI4,577,0.0068
O43868,576,0.0068
P0C7P3,576,0.0068
Q7Z402,576,0.0068
P13798,576,0.0068
Q96P56,576,0.0068
Q9ULB5,576,0.0068
P0CG20,576,0.0068
Q8NB16,576,0.0068
Q13207,576,0.0068
Q9BZV1,576,0.0068
A0PJK1,576,0.0068
O14531,576,0.0068
O00507,576,0.0068
P27448,576,0.0068
Q9H093,576,0.0068
Q15935,576,0.0068
Q96GW9,575,0.0067
O75881,575,0.0067
O15394,575,0.0067
Q14435,575,0.0067
O14867,575,0.0067
Q6J4K2,575,0.0067
P35504,575,0.0067
O43815,575,0.0067
Q96NY9,575,0.0067
Q9ULQ1,575,0.0067
Q6UXK2,575,0.0067
Q9UJY4,575,0.0067
Q9ULX6,575,0.0067
Q8NEG5,575,0.0067
O60809,575,0.0067
Q9H8X9,574,0.0067
Q9BUB4,574,0.0067
Q92901,574,0.0067
Q99743,574,0.0067
O95263,574,0.0067
A6H8M9,574,0.0067
Q9NW38,574,0.0067
Q15051,574,0.0067
Q9NSC7,574,0.0067
O15240,574,0.0067
Q9Y426,574,0.0067
Q8WWQ2,574,0.0067
Q9NWS9,574,0.0067
Q96S94,574,0.0067
Q02108,574,0.0067
P86452,574,0.0067
Q14532,573,0.0067
P16581,573,0.0067
O75593,573,0.0067
Q9NYB5,573,0.0067
Q8TBA6,573,0.0067
Q8N8V2,573,0.0067
Q8N448,573,0.0067
P16452,573,0.0067
O15244,573,0.0067
O15117,573,0.0067
P36269,573,0.0067
O94830,573,0.0067
Q14586,573,0.0067
P37023,572,0.0067
Q9BTN0,572,0.0067
Q96JL9,572,0.0067
Q495W5,572,0.0067
P80404,572,0.0067
Q8NCN4,572,0.0067
P05362,572,0.0067
Q9HBM0,572,0.0067
Q9NSA0,572,0.0067
Q96PX1,572,0.0067
P58743,572,0.0067
Q9UL58,572,0.0067
P98153,572,0.0067
Q9UER7,572,0.0067
Q8N490,571,0.0067
Q9UPN4,571,0.0067
Q96RL1,571,0.0067
Q9BSJ5,571,0.0067
P30837,571,0.0067
O75298,571,0.0067
Q9UHM6,571,0.0067
Q8IXL6,571,0.0067
Q9H5N1,571,0.0067
P05177,571,0.0067
Q6PG37,571,0.0067
Q4KMP7,571,0.0067
P46098,571,0.0067
Q8NBH2,571,0.0067
Q8NEU8,571,0.0067
O94892,571,0.0067
Q9NP81,571,0.0067
Q9Y253,571,0.0067
D6REC4,571,0.0067
Q5MY95,571,0.0067
Q5VTR2,570,0.0067
Q13614,570,0.0067
Q9H267,570,0.0067
A1YPR0,570,0.0067
Q9Y226,570,0.0067
Q7Z3E2,570,0.0067
Q7KYR7,570,0.0067
Q96I34,570,0.0067
Q9UJ83,570,0.0067
Q6UXG8,570,0.0067
Q8NG66,570,0.0067
Q96LX7,570,0.0067
Q9H0J9,570,0.0067
P53618,570,0.0067
Q8WUQ7,570,0.0067
Q92968,570,0.0067
Q8WXB4,569,0.0067
P19013,569,0.0067
Q6UXI9,569,0.0067
P16591,569,0.0067
A8MX76,569,0.0067
A2CJ06,569,0.0067
Q9NY47,569,0.0067
P21549,569,0.0067
P49754,569,0.0067
O00410,569,0.0067
O75170,569,0.0067
Q8N608,569,0.0067
Q9UJJ9,569,0.0067
Q5T089,569,0.0067
O15389,569,0.0067
Q9NY91,569,0.0067
Q99467,568,0.0067
Q8WXD0,568,0.0067
P41229,568,0.0067
Q6UXY1,568,0.0067
Q8IX12,568,0.0067
Q9Y5K6,568,0.0067
Q6ZMY9,568,0.0067
Q8N1M1,568,0.0067
Q8TC71,568,0.0067
P49753,568,0.0067
Q96SA4,568,0.0067
Q96NE9,568,0.0067
P98077,568,0.0067
P48165,568,0.0067
P49279,567,0.0066
Q6P9A3,567,0.0066
O75290,567,0.0066
Q99856,567,0.0066
Q5KSL6,567,0.0066
Q9NXF1,567,0.0066
Q8NBP5,567,0.0066
Q9H8V3,567,0.0066
Q9Y6W3,567,0.0066
Q16891,567,0.0066
O43586,567,0.0066
Q9H0D6,567,0.0066
O15350,567,0.0066
Q9NRL3,567,0.0066
Q5T0F9,566,0.0066
Q8IZM8,566,0.0066
Q96MX3,566,0.0066
Q7Z4V5,566,0.0066
P36897,566,0.0066
A7MD48,566,0.0066
Q06124,566,0.0066
Q6ZMB5,566,0.0066
Q16322,566,0.0066
P20711,566,0.0066
P15313,566,0.0066
P04196,566,0.0066
Q6UVY6,566,0.0066
Q9H992,565,0.0066
P35527,565,0.0066
Q9ULV1,565,0.0066
Q6ZN66,565,0.0066
Q9Y6N9,565,0.0066
A9QM74,565,0.0066
P17787,565,0.0066
Q96CT2,565,0.0066
Q9NUL7,565,0.0066
O95522,565,0.0066
Q6NZY4,565,0.0066
O75164,565,0.0066
P01704,565,0.0066
P01717,565,0.0066
Q9NRB3,565,0.0066
Q9HBZ2,564,0.0066
Q5F1R6,564,0.0066
Q92615,564,0.0066
Q9H307,564,0.0066
P98187,564,0.0066
Q9NXL2,564,0.0066
Q6NUS6,564,0.0066
Q96JF0,564,0.0066
P78386,564,0.0066
P46721,564,0.0066
Q9Y267,564,0.0066
Q96EY1,564,0.0066
Q9UHJ6,564,0.0066
P25067,564,0.0066
H3BPF8,564,0.0066
O15234,564,0.0066
Q6PF15,563,0.0066
Q9UQF2,563,0.0066
Q96P70,563,0.0066
Q8N6P7,563,0.0066
Q9ULB4,563,0.0066
P23497,563,0.0066
Q9BQI3,563,0.0066
P42658,563,0.0066
Q7Z388,563,0.0066
P11166,563,0.0066
Q96SQ5,563,0.0066
Q17RB8,563,0.0066
O60331,563,0.0066
O00238,562,0.0066
Q9Y473,562,0.0066
Q8N865,562,0.0066
O00634,562,0.0066
Q9P2N2,562,0.0066
Q9P286,562,0.0066
O60347,562,0.0066
Q6H9L7,562,0.0066
Q6UWH4,561,0.0066
P27658,561,0.0066
Q14590,561,0.0066
O43281,561,0.0066
Q6UWP8,561,0.0066
Q13033,561,0.0066
Q8N539,561,0.0066
Q9H8H0,560,0.0066
Q3KQV3,560,0.0066
Q9UBS0,560,0.0066
O00330,560,0.0066
O60882,560,0.0066
Q6ZMD2,560,0.0066
Q86WR7,559,0.0066
Q14684,559,0.0066
Q96CU9,559,0.0066
Q96NS5,559,0.0066
O76015,559,0.0066
Q96I76,559,0.0066
O43159,559,0.0066
Q13438,559,0.0066
Q14494,559,0.0066
Q8NFF5,559,0.0066
Q5TG30,559,0.0066
Q5VZB9,559,0.0066
Q7KZF4,559,0.0066
O00478,559,0.0066
P19440,559,0.0066
P43630,559,0.0066
Q16720,558,0.0065
O43155,558,0.0065
Q8IV61,558,0.0065
Q86SQ6,558,0.0065
O00499,558,0.0065
Q14562,558,0.0065
Q6ZMT4,558,0.0065
P13929,558,0.0065
Q8IZ21,558,0.0065
Q15436,558,0.0065
Q9P246,558,0.0065
P51687,558,0.0065
Q96I59,558,0.0065
A6NGD5,558,0.0065
Q5VIY5,558,0.0065
P36955,557,0.0065
Q8IUM7,557,0.0065
P78413,557,0.0065
Q5KU26,557,0.0065
P35680,557,0.0065
Q32M45,557,0.0065
Q9H9F9,557,0.0065
Q8NCW6,557,0.0065
Q96C92,557,0.0065
Q8TE54,557,0.0065
Q9NXD2,557,0.0065
Q7Z699,556,0.0065
Q6PI26,556,0.0065
Q9H4A4,556,0.0065
Q8N3Y1,556,0.0065
Q9Y5X4,556,0.0065
Q8NA47,556,0.0065
Q8IWZ8,556,0.0065
Q8NE00,556,0.0065
P54855,555,0.0065
Q9UBN4,555,0.0065
Q96MK3,555,0.0065
O00267,555,0.0065
Q9HBW9,555,0.0065
Q9BR84,555,0.0065
Q5QJE6,555,0.0065
Q8TE67,555,0.0065
Q96D53,555,0.0065
Q13433,555,0.0065
Q9NPH5,555,0.0065
Q9UBY0,554,0.0065
Q6P995,554,0.0065
P01824,554,0.0065
Q5HYW2,554,0.0065
Q49MG5,554,0.0065
Q15431,554,0.0065
Q6PI73,554,0.0065
Q2Q1W2,554,0.0065
Q9NX95,554,0.0065
Q9Y2P4,553,0.0065
Q86WK7,553,0.0065
O76009,553,0.0065
Q9UQ72,553,0.0065
Q6ZSS7,553,0.0065
Q96L91,553,0.0065
Q9UNK9,553,0.0065
Q14515,553,0.0065
P51170,553,0.0065
Q8NCL9,553,0.0065
P10074,553,0.0065
Q6ZW49,553,0.0065
P34931,553,0.0065
O43164,552,0.0065
Q96ID5,552,0.0065
O60941,552,0.0065
O76074,552,0.0065
Q4G0T1,552,0.0065
P04798,552,0.0065
Q9UM01,552,0.0065
Q8N8K9,552,0.0065
Q9NY93,552,0.0065
O43543,552,0.0065
O14523,551,0.0065
O76021,551,0.0065
Q96MM6,551,0.0065
Q8NE62,551,0.0065
Q6ZMW2,551,0.0065
Q96EG1,551,0.0065
Q9H0V1,551,0.0065
Q9UJV9,551,0.0065
P60372,551,0.0065
Q9HDC5,551,0.0065
Q9NUB1,551,0.0065
Q9HBX9,551,0.0065
P19338,551,0.0065
Q8NHV4,551,0.0065
O75874,550,0.0064
Q53GS7,550,0.0064
Q9UPU9,550,0.0064
Q8IZ08,550,0.0064
P53602,550,0.0064
Q96PX8,550,0.0064
Q9UL59,550,0.0064
P26374,550,0.0064
Q9H116,550,0.0064
P37198,550,0.0064
Q9Y5L3,550,0.0064
Q6ZR37,550,0.0064
Q16820,550,0.0064
P60371,550,0.0064
Q96JB2,550,0.0064
P08237,550,0.0064
P28908,549,0.0064
Q8N344,549,0.0064
Q96PP9,549,0.0064
P54198,549,0.0064
P35269,549,0.0064
Q6ZMI3,549,0.0064
Q53ET0,549,0.0064
Q9Y6I3,549,0.0064
P52952,549,0.0064
Q5T124,549,0.0064
Q99593,549,0.0064
P30531,549,0.0064
Q9UEW3,549,0.0064
Q08AI8,549,0.0064
P04040,549,0.0064
P54577,549,0.0064
Q9NZ20,549,0.0064
Q92598,549,0.0064
P19320,548,0.0064
P11230,548,0.0064
A6NF34,548,0.0064
Q6NT55,548,0.0064
Q9H306,548,0.0064
P50281,548,0.0064
P15498,548,0.0064
Q15661,548,0.0064
P08779,548,0.0064
Q92681,548,0.0064
Q5VSL9,548,0.0064
Q2M2I8,548,0.0064
Q5JTD0,548,0.0064
P54868,547,0.0064
Q6NXP0,547,0.0064
Q6U841,547,0.0064
O94769,547,0.0064
Q6P9A2,547,0.0064
Q8N323,547,0.0064
O43663,547,0.0064
O95352,547,0.0064
Q9C0B5,547,0.0064
Q9H6X5,547,0.0064
Q86U06,547,0.0064
Q9NP74,547,0.0064
P42261,547,0.0064
Q05193,547,0.0064
D6RF30,547,0.0064
Q99972,547,0.0064
Q9UFB7,547,0.0064
Q8NGF9,547,0.0064
Q15835,546,0.0064
Q8N1W2,546,0.0064
P48378,546,0.0064
Q8N4F4,546,0.0064
P08100,546,0.0064
P07686,546,0.0064
Q9NR19,546,0.0064
Q14123,546,0.0064
Q969Z0,546,0.0064
Q86SX3,546,0.0064
O75145,546,0.0064
P42285,545,0.0064
Q969K4,545,0.0064
Q9H714,545,0.0064
Q14164,545,0.0064
Q9UJC3,545,0.0064
P00748,545,0.0064
Q86T82,545,0.0064
Q9Y616,545,0.0064
Q9NW15,545,0.0064
Q9UHD2,545,0.0064
Q9NPR9,545,0.0064
P11597,545,0.0064
O60645,544,0.0064
Q9UM82,544,0.0064
Q8TBC5,544,0.0064
Q8N142,544,0.0064
Q96C11,544,0.0064
Q15025,544,0.0064
O75131,544,0.0064
Q5VUD6,544,0.0064
Q86WS4,544,0.0064
Q8IYK4,544,0.0064
Q9GZN7,544,0.0064
Q9BZE0,544,0.0064
Q8WU58,544,0.0064
Q8IWC1,544,0.0064
O76011,544,0.0064
Q6V0L0,543,0.0064
O75419,543,0.0064
Q8NEM7,543,0.0064
Q9H4B4,543,0.0064
Q6UXF1,543,0.0064
Q99661,543,0.0064
Q9Y215,543,0.0064
Q9ULW0,543,0.0064
P00750,543,0.0064
Q9Y6J9,543,0.0064
Q9H8W5,543,0.0064
Q8N4A0,543,0.0064
Q8N5V2,543,0.0064
O43272,543,0.0064
Q6UUV7,543,0.0064
P30989,543,0.0064
Q9UK13,543,0.0064
Q9H0E7,543,0.0064
Q9BRG2,542,0.0064
Q5TEA6,542,0.0064
P0CJ78,542,0.0064
Q02297,542,0.0064
Q9C0H2,542,0.0064
Q86WB7,542,0.0064
P07510,542,0.0064
Q7L0J3,542,0.0064
Q13214,542,0.0064
O95967,542,0.0064
P28300,542,0.0064
O76083,542,0.0064
Q9Y5Y0,542,0.0064
Q8IZ73,542,0.0064
Q9UNN4,541,0.0063
Q15198,541,0.0063
P0C7Q5,541,0.0063
Q6NV75,541,0.0063
A2RU67,541,0.0063
O75676,541,0.0063
Q8WYK0,541,0.0063
Q8IYK2,541,0.0063
Q96JM7,541,0.0063
O75077,541,0.0063
Q96EA4,541,0.0063
Q6ZQY3,540,0.0063
Q9Y4B6,540,0.0063
Q96PJ5,540,0.0063
Q86XT4,540,0.0063
Q6ZSG2,540,0.0063
Q8NE71,540,0.0063
P18428,540,0.0063
Q8IVH2,540,0.0063
Q14929,540,0.0063
Q4FZB7,540,0.0063
Q9ULG6,540,0.0063
Q8NEB9,540,0.0063
Q9Y6S9,540,0.0063
Q6ZMH5,540,0.0063
Q7L1I2,540,0.0063
P10244,540,0.0063
Q9P255,540,0.0063
Q92731,540,0.0063
Q9UKG1,540,0.0063
Q96EF0,539,0.0063
P18054,539,0.0063
Q92851,539,0.0063
Q8TB72,539,0.0063
O95395,539,0.0063
Q92764,539,0.0063
Q96L34,539,0.0063
Q9NZN9,539,0.0063
Q6UWW8,539,0.0063
Q8NB12,539,0.0063
Q9NRM0,539,0.0063
Q9UKY1,539,0.0063
Q8NBK3,539,0.0063
Q15262,539,0.0063
Q08881,538,0.0063
Q96RP7,538,0.0063
Q9BZL6,538,0.0063
Q9Y6N8,538,0.0063
Q9UBT7,538,0.0063
Q8NH04,538,0.0063
Q9UHJ3,538,0.0063
Q9UJY5,538,0.0063
Q6PEY2,538,0.0063
Q14161,538,0.0063
Q9NWB1,538,0.0063
Q71RC2,538,0.0063
Q16610,538,0.0063
Q9UIU6,538,0.0063
Q9NVP1,537,0.0063
Q7L1V2,537,0.0063
O94844,537,0.0063
Q8IYS0,537,0.0063
Q9UKG9,537,0.0063
O94880,537,0.0063
Q9UGI9,537,0.0063
Q96CK0,537,0.0063
P13521,537,0.0063
P34913,537,0.0063
Q99895,537,0.0063
A6NNZ2,537,0.0063
Q9BZW7,536,0.0063
Q8WTU2,536,0.0063
Q13424,536,0.0063
Q9H900,536,0.0063
O00220,536,0.0063
Q9UHP3,536,0.0063
Q96M20,536,0.0063
P42226,536,0.0063
P59826,536,0.0063
Q6ZN04,536,0.0063
P08047,536,0.0063
Q96A19,536,0.0063
Q9UP65,536,0.0063
Q2L4Q9,536,0.0063
Q00973,536,0.0063
Q6NUQ4,536,0.0063
Q9H069,536,0.0063
Q16665,536,0.0063
Q9BR76,536,0.0063
Q6NUI6,536,0.0063
Q86YW0,536,0.0063
P98171,536,0.0063
Q3SY00,536,0.0063
Q15027,535,0.0063
Q8NA72,535,0.0063
Q86VP3,535,0.0063
O60683,535,0.0063
O15213,535,0.0063
P78562,535,0.0063
Q9P1V8,535,0.0063
O75152,535,0.0063
Q75VX8,535,0.0063
O60662,535,0.0063
Q8TAU3,535,0.0063
Q9NUW8,535,0.0063
Q9BUK6,535,0.0063
Q8N568,535,0.0063
Q8WWF5,535,0.0063
P55060,535,0.0063
P49821,535,0.0063
O75509,535,0.0063
P02787,535,0.0063
Q99829,534,0.0063
O60763,534,0.0063
Q96BT3,534,0.0063
Q8IZD4,534,0.0063
Q969F2,534,0.0063
Q96IT1,534,0.0063
Q147U1,534,0.0063
Q9H165,534,0.0063
Q4G0J3,534,0.0063
P57058,534,0.0063
Q29RF7,534,0.0063
Q8N4S9,534,0.0063
O43516,533,0.0062
P43403,533,0.0062
Q14149,533,0.0062
O75191,533,0.0062
Q9Y2Q1,533,0.0062
Q8IWQ3,533,0.0062
Q13702,533,0.0062
Q96FL8,533,0.0062
Q7Z6L0,533,0.0062
Q02509,533,0.0062
Q6PI48,533,0.0062
P19224,533,0.0062
Q96BZ4,532,0.0062
Q7Z695,532,0.0062
Q02386,532,0.0062
Q9H6Q4,532,0.0062
O94819,532,0.0062
Q05209,532,0.0062
Q8N135,532,0.0062
Q96M91,532,0.0062
Q9HB29,532,0.0062
Q9P244,531,0.0062
Q1X8D7,531,0.0062
P17017,531,0.0062
P81274,531,0.0062
Q9NP92,531,0.0062
O60664,531,0.0062
Q9P1Z2,531,0.0062
Q9H6T3,531,0.0062
Q9NPI1,531,0.0062
Q9H4B7,531,0.0062
Q9Y2D4,531,0.0062
O95905,531,0.0062
Q9NV88,531,0.0062
Q9BUG6,531,0.0062
Q03431,531,0.0062
P10632,531,0.0062
Q9BRP7,531,0.0062
P04217,530,0.0062
Q14563,530,0.0062
A6NI47,530,0.0062
Q9BSA4,530,0.0062
P14210,530,0.0062
Q9BZP6,530,0.0062
P36507,530,0.0062
P31513,530,0.0062
Q04695,530,0.0062
Q6UWB1,530,0.0062
Q96PY5,530,0.0062
P42892,530,0.0062
Q2M329,529,0.0062
Q8NDX2,529,0.0062
Q15276,529,0.0062
Q8NE01,529,0.0062
Q49AM3,529,0.0062
A6NGB9,529,0.0062
Q9Y6F1,529,0.0062
P43628,529,0.0062
Q499Z3,529,0.0062
Q9ULC5,529,0.0062
Q8IYM1,529,0.0062
O76014,529,0.0062
P40126,529,0.0062
Q86WA8,529,0.0062
Q8IWA6,529,0.0062
P15311,529,0.0062
Q969M2,529,0.0062
Q9Y2A7,529,0.0062
Q8NA03,529,0.0062
Q68D10,529,0.0062
Q13464,529,0.0062
Q5VWK5,528,0.0062
Q6UXH8,528,0.0062
Q8N7R1,528,0.0062
Q15345,528,0.0062
P43026,528,0.0062
Q4AC99,528,0.0062
O95294,528,0.0062
Q9H1C4,528,0.0062
P85037,528,0.0062
Q8IUZ5,528,0.0062
Q9GZU1,528,0.0062
P35789,528,0.0062
Q7Z434,527,0.0062
Q13507,527,0.0062
Q9NXZ1,527,0.0062
Q684P5,527,0.0062
Q96SF2,527,0.0062
Q9UJW2,527,0.0062
Q86SR1,527,0.0062
P06727,527,0.0062
O00423,527,0.0062
Q9NSK0,527,0.0062
Q86Y34,527,0.0062
Q9NWL6,527,0.0062
Q9H239,527,0.0062
Q08AH1,527,0.0062
Q8WTQ7,527,0.0062
P78395,527,0.0062
Q68DY1,527,0.0062
Q8WZA9,527,0.0062
Q01201,527,0.0062
O75604,527,0.0062
Q12830,526,0.0062
P08240,526,0.0062
Q0IIM8,526,0.0062
Q9H0R5,526,0.0062
P05155,526,0.0062
Q14451,526,0.0062
Q9BY15,526,0.0062
P35612,526,0.0062
Q6WRX3,526,0.0062
Q9UJJ7,526,0.0062
Q8NB78,526,0.0062
P08729,526,0.0062
Q6UY18,526,0.0062
Q16513,526,0.0062
Q8WWZ8,526,0.0062
Q86Y07,525,0.0062
Q15034,525,0.0062
Q8NFR7,525,0.0062
B2RN74,525,0.0062
O75326,525,0.0062
Q8WTR4,525,0.0062
Q9NST1,525,0.0062
B2RXH2,525,0.0062
Q9BZA7,525,0.0062
P29074,525,0.0062
Q9Y5B6,525,0.0062
Q96JB8,525,0.0062
Q5VWQ0,525,0.0062
P15391,525,0.0062
P33121,525,0.0062
Q2M2I5,525,0.0062
Q2VY69,525,0.0062
Q9Y450,525,0.0062
Q9NVC6,525,0.0062
Q9NWS1,524,0.0061
Q9UGQ3,524,0.0061
Q6NSI3,524,0.0061
O15528,524,0.0061
Q86YE8,524,0.0061
O00295,524,0.0061
P14784,524,0.0061
Q6J272,524,0.0061
Q9H967,524,0.0061
P01772,524,0.0061
Q7Z417,524,0.0061
P48728,524,0.0061
Q8N3A8,524,0.0061
Q8NB46,524,0.0061
Q969R5,524,0.0061
Q92831,524,0.0061
Q6ZTN6,524,0.0061
Q92696,524,0.0061
A6NHJ4,524,0.0061
Q99640,523,0.0061
Q14588,523,0.0061
Q9BYV1,523,0.0061
Q8N4H0,523,0.0061
P48546,523,0.0061
Q9BW19,523,0.0061
O95800,523,0.0061
Q8NEP9,523,0.0061
Q9C035,523,0.0061
Q8WVV5,523,0.0061
Q58A45,523,0.0061
Q86UP8,523,0.0061
P04424,523,0.0061
Q9BY84,523,0.0061
Q99958,523,0.0061
Q9ULF5,523,0.0061
P13646,523,0.0061
Q8TAA9,522,0.0061
O75078,522,0.0061
Q96NL3,522,0.0061
Q5SVQ8,522,0.0061
Q96S53,522,0.0061
Q9NVR2,522,0.0061
Q8NFT6,522,0.0061
O95373,522,0.0061
P30533,522,0.0061
P0DQW0,522,0.0061
Q8TDF6,522,0.0061
Q6NXE6,521,0.0061
Q14671,521,0.0061
O00515,521,0.0061
P40967,521,0.0061
Q8TCU3,521,0.0061
P04062,521,0.0061
A6NHN6,521,0.0061
Q8NGK5,521,0.0061
Q9NVH0,521,0.0061
O75083,521,0.0061
Q86XP3,521,0.0061
Q9UNH5,521,0.0061
O15164,521,0.0061
Q8IZC4,521,0.0061
Q86VP1,521,0.0061
Q8IV32,521,0.0061
Q96N66,520,0.0061
Q9BRR9,520,0.0061
Q9HAS3,520,0.0061
B4DXR9,520,0.0061
P16219,520,0.0061
A6NKL6,520,0.0061
Q96G03,520,0.0061
P48058,520,0.0061
O00469,520,0.0061
Q8NCE0,520,0.0061
Q13939,520,0.0061
Q9NVV4,520,0.0061
P41182,520,0.0061
P14136,520,0.0061
Q6P1W5,520,0.0061
Q8WZ60,519,0.0061
P59044,519,0.0061
Q5TEJ8,519,0.0061
P49848,519,0.0061
P19113,519,0.0061
Q15061,519,0.0061
Q99502,519,0.0061
Q96MH7,519,0.0061
O60563,519,0.0061
P13591,519,0.0061
Q9NV70,519,0.0061
P22680,519,0.0061
O43524,519,0.0061
Q96LD4,519,0.0061
O95363,519,0.0061
Q9NY65,519,0.0061
Q14190,519,0.0061
Q9Y463,519,0.0061
Q9Y252,519,0.0061
P01911,519,0.0061
Q9BSK4,518,0.0061
O00566,518,0.0061
O75469,518,0.0061
Q2Y0W8,518,0.0061
Q9BRH9,518,0.0061
P49418,518,0.0061
Q96KR1,518,0.0061
Q96CV9,518,0.0061
Q6P9F0,517,0.0061
A6NK53,517,0.0061
Q9NV58,517,0.0061
O94868,517,0.0061
O94906,517,0.0061
Q96RN5,517,0.0061
P48163,517,0.0061
Q8NEM2,517,0.0061
Q9P2T0,517,0.0061
P23942,517,0.0061
O15516,517,0.0061
P27986,517,0.0061
Q9BYG8,517,0.0061
Q8TB69,517,0.0061
Q8TD17,517,0.0061
Q96PQ6,517,0.0061
P0DTE4,516,0.006
Q6ZMJ2,516,0.006
P47901,516,0.006
P35346,516,0.006
P15586,516,0.006
O43310,516,0.006
Q8IXR5,516,0.006
O75879,516,0.006
P05160,516,0.006
Q5JU00,516,0.006
Q9ULX3,516,0.006
Q9GZS9,516,0.006
Q9Y572,515,0.006
Q8N4T0,515,0.006
Q9P2Y4,515,0.006
Q9UBG3,515,0.006
Q9Y264,515,0.006
Q8NHQ9,515,0.006
Q17R89,515,0.006
P33176,515,0.006
Q9BT81,515,0.006
Q13387,515,0.006
Q9NSD9,515,0.006
Q6Y2X3,515,0.006
Q96PK6,515,0.006
Q7L4E1,515,0.006
Q96AA3,515,0.006
Q9H511,515,0.006
Q13523,515,0.006
Q16659,515,0.006
P32942,515,0.006
Q9H2K8,515,0.006
Q96HC4,515,0.006
P06331,515,0.006
Q6UWF7,515,0.006
O14936,515,0.006
P18433,515,0.006
O15354,515,0.006
Q8ND24,515,0.006
P26232,515,0.006
O43556,515,0.006
Q5T5N4,514,0.006
Q5W0V3,514,0.006
Q96KN2,514,0.006
Q96JC4,514,0.006
Q8N8U2,514,0.006
Q14117,514,0.006
Q96I15,514,0.006
Q14241,514,0.006
Q9NQT6,514,0.006
P45452,514,0.006
Q96KA5,514,0.006
O75023,514,0.006
Q00613,513,0.006
Q8N9V6,513,0.006
Q9H1V8,513,0.006
P0CW18,513,0.006
Q9UHL9,513,0.006
Q8N695,513,0.006
Q15059,513,0.006
Q9Y3I1,513,0.006
Q9UHB6,513,0.006
Q96BT7,513,0.006
Q9UGP5,513,0.006
Q6UXT9,513,0.006
Q96AJ1,513,0.006
Q7LDG7,513,0.006
P59817,512,0.006
Q86VP6,512,0.006
Q96T25,512,0.006
Q9H4Z3,512,0.006
Q3ZCT8,512,0.006
Q05586,512,0.006
P06280,512,0.006
Q9UJP4,512,0.006
Q9Y289,512,0.006
P31152,512,0.006
P13639,512,0.006
Q969G3,512,0.006
O75751,512,0.006
Q8J025,512,0.006
Q5SSG8,512,0.006
Q5SY16,512,0.006
Q9HCJ3,512,0.006
P19634,512,0.006
Q02218,512,0.006
Q96BV0,512,0.006
Q9BSJ1,511,0.006
P03952,511,0.006
Q495B1,511,0.006
Q56NI9,511,0.006
Q9HAH1,511,0.006
Q8TC44,511,0.006
O75582,511,0.006
Q96K58,511,0.006
P03956,511,0.006
Q86YS7,511,0.006
P80748,511,0.006
O00237,511,0.006
Q9NQ40,511,0.006
P49326,511,0.006
Q96JX3,511,0.006
Q8TB52,511,0.006
Q7Z7B1,511,0.006
Q8TCB0,511,0.006
Q5JRC9,511,0.006
O94782,510,0.006
Q96AY2,510,0.006
Q15256,510,0.006
Q8NBF2,510,0.006
Q9Y5Q9,510,0.006
A6NK89,510,0.006
Q9HCD5,510,0.006
P55286,510,0.006
O95977,510,0.006
Q6KF10,510,0.006
Q6PF04,510,0.006
Q9Y2P7,510,0.006
Q96BK5,510,0.006
P22083,510,0.006
P60409,510,0.006
Q9UKN8,510,0.006
O43280,510,0.006
Q00587,510,0.006
Q15124,510,0.006
Q03395,510,0.006
O43707,510,0.006
Q13183,510,0.006
Q9H930,510,0.006
Q9Y5J1,510,0.006
O75908,510,0.006
Q7Z4Q2,509,0.006
Q92597,509,0.006
Q53G44,509,0.006
Q9ULX5,509,0.006
Q9UBG7,509,0.006
Q96MP5,509,0.006
P02708,509,0.006
P56282,509,0.006
Q9H6L5,509,0.006
O95199,509,0.006
Q2TBF2,509,0.006
Q8IYN0,509,0.006
Q99941,509,0.006
Q8NCR0,509,0.006
Q9Y2H8,509,0.006
P30305,509,0.006
P56182,509,0.006
O14958,509,0.006
P31391,509,0.006
Q9NXZ2,509,0.006
Q9BXF9,509,0.006
Q96DF8,509,0.006
P0C221,509,0.006
Q9NRK6,508,0.006
Q5TDP6,508,0.006
O75820,508,0.006
P09238,508,0.006
P55107,508,0.006
O00567,508,0.006
P35606,508,0.006
Q8WV16,508,0.006
Q96J94,508,0.006
Q9NSU2,508,0.006
Q9Y2G2,508,0.006
A0A3B3IT33,507,0.0059
P09603,507,0.0059
Q499Z4,507,0.0059
Q9UHI5,507,0.0059
Q96KP4,507,0.0059
O15375,507,0.0059
P55058,507,0.0059
Q504Y2,507,0.0059
Q14258,507,0.0059
P29401,507,0.0059
Q9P2S5,507,0.0059
Q96FT7,506,0.0059
Q5NDL2,506,0.0059
Q8IYU2,506,0.0059
Q8N5I2,506,0.0059
Q16586,506,0.0059
A8MUX0,506,0.0059
P04053,506,0.0059
P32456,506,0.0059
Q8WUS8,506,0.0059
P27540,506,0.0059
Q9BST9,505,0.0059
Q6ZN08,505,0.0059
Q8IZF4,505,0.0059
Q5JU67,505,0.0059
O15393,505,0.0059
Q9NYH9,505,0.0059
Q8IWX8,505,0.0059
Q9UPQ4,505,0.0059
O95267,505,0.0059
Q9BYV6,505,0.0059
P07900,505,0.0059
Q7Z4K8,504,0.0059
Q9BTX1,504,0.0059
Q567U6,504,0.0059
P15260,504,0.0059
Q7L985,504,0.0059
Q15464,504,0.0059
O95208,504,0.0059
Q14699,504,0.0059
O15062,504,0.0059
Q64LD2,504,0.0059
Q9NP87,504,0.0059
Q969Z4,504,0.0059
A6NDN3,504,0.0059
A6NHL2,504,0.0059
Q8TDS5,504,0.0059
P20794,504,0.0059
Q96BI1,504,0.0059
A6NC57,504,0.0059
Q6UY09,504,0.0059
P53634,504,0.0059
Q9UPR0,504,0.0059
Q13094,504,0.0059
O95361,503,0.0059
Q5JNZ3,503,0.0059
P34932,503,0.0059
Q8N187,503,0.0059
P0DKX0,503,0.0059
Q6KB66,503,0.0059
O95239,503,0.0059
P57764,503,0.0059
Q96LU7,503,0.0059
P13645,503,0.0059
Q9H553,503,0.0059
P40197,502,0.0059
O95447,502,0.0059
Q6GPH6,502,0.0059
Q9UPI3,502,0.0059
Q01113,502,0.0059
Q99523,502,0.0059
Q96PP8,502,0.0059
Q9H4H8,502,0.0059
Q9BYH8,502,0.0059
O00748,502,0.0059
Q7L2R6,502,0.0059
Q15813,502,0.0059
Q96JE9,502,0.0059
Q6UX41,502,0.0059
O43776,502,0.0059
P08246,502,0.0059
O43566,502,0.0059
Q7Z6P3,502,0.0059
O00541,501,0.0059
Q658Y4,501,0.0059
Q9NRZ9,501,0.0059
Q86XU0,501,0.0059
Q86V40,501,0.0059
Q9Y2E6,501,0.0059
Q96BA8,501,0.0059
Q9P2B4,501,0.0059
O60353,501,0.0059
Q8N428,501,0.0059
Q6A162,501,0.0059
Q6P1L6,501,0.0059
Q5SXM1,501,0.0059
Q12901,501,0.0059
P78414,501,0.0059
O75439,501,0.0059
Q8NDN9,501,0.0059
A6NDI0,500,0.0059
Q96QV1,500,0.0059
Q9NYJ8,500,0.0059
A6NHC0,500,0.0059
Q8TAG9,500,0.0059
Q8TEA1,500,0.0059
P48448,500,0.0059
Q9NPQ8,500,0.0059
A6NIV6,500,0.0059
Q8NDQ6,500,0.0059
Q9NTN9,500,0.0059
Q8IYR0,500,0.0059
O95497,500,0.0059
P48436,500,0.0059
Q6DD88,500,0.0059
Q7L5Y6,499,0.0058
P05154,499,0.0058
Q5VTY9,499,0.0058
Q9UPW6,499,0.0058
Q9BX97,499,0.0058
Q96HR8,499,0.0058
Q15654,499,0.0058
P11310,499,0.0058
Q96KN9,499,0.0058
Q4G163,499,0.0058
Q14973,499,0.0058
Q86XE0,499,0.0058
Q9NU39,499,0.0058
Q16531,499,0.0058
Q01959,499,0.0058
Q96G04,498,0.0058
Q8NEM8,498,0.0058
Q9UMR3,498,0.0058
Q6DN72,498,0.0058
Q9H3W5,498,0.0058
Q7RTX7,498,0.0058
P28039,498,0.0058
Q99583,498,0.0058
Q13882,498,0.0058
Q96ST2,498,0.0058
P32239,498,0.0058
Q16236,498,0.0058
O75746,498,0.0058
P19971,498,0.0058
P50454,498,0.0058
Q2WEN9,498,0.0058
A8MT70,498,0.0058
Q9Y5Q8,497,0.0058
Q9BRS2,497,0.0058
Q96N11,497,0.0058
O75564,497,0.0058
Q53GG5,497,0.0058
Q14832,497,0.0058
Q5TGP6,497,0.0058
O95803,497,0.0058
Q9BZW2,497,0.0058
P17181,497,0.0058
Q9P2Y5,497,0.0058
Q9Y615,497,0.0058
A7MCY6,497,0.0058
Q16671,497,0.0058
Q96QU6,497,0.0058
Q86TH1,497,0.0058
O75718,496,0.0058
Q2TB18,496,0.0058
Q8NCA5,496,0.0058
Q9BSI4,496,0.0058
Q8NFR9,496,0.0058
O76013,496,0.0058
Q5VUY2,496,0.0058
Q9BT92,496,0.0058
Q6SZW1,496,0.0058
Q15067,496,0.0058
O75387,495,0.0058
P01817,495,0.0058
A0AV96,495,0.0058
Q96JB3,495,0.0058
Q6PJT7,495,0.0058
Q8NBP0,495,0.0058
P02533,495,0.0058
P30838,495,0.0058
O60931,495,0.0058
A0A0B4J1V1,495,0.0058
Q53GI3,495,0.0058
P18089,495,0.0058
P45379,495,0.0058
Q15650,495,0.0058
B2RU33,494,0.0058
Q9H4A9,494,0.0058
P20393,494,0.0058
Q8TCT0,494,0.0058
P12694,494,0.0058
Q13435,494,0.0058
P01009,494,0.0058
Q14680,494,0.0058
Q6PJ69,494,0.0058
O75526,494,0.0058
Q9H1J1,494,0.0058
Q6P9H4,494,0.0058
O43194,494,0.0058
Q86UP6,494,0.0058
Q9BUJ2,494,0.0058
Q96EG3,494,0.0058
Q9UDY8,494,0.0058
Q8IY34,494,0.0058
Q15569,494,0.0058
Q9P2J8,494,0.0058
Q96IC2,494,0.0058
Q8TD23,494,0.0058
Q969S2,494,0.0058
Q9NPH2,494,0.0058
P0C5J1,494,0.0058
P00390,494,0.0058
Q8NCS7,493,0.0058
P48594,493,0.0058
Q6N063,493,0.0058
Q15349,493,0.0058
O60285,493,0.0058
O94829,493,0.0058
Q9H0L4,493,0.0058
Q5VWI1,493,0.0058
Q9UI10,493,0.0058
Q8N883,493,0.0058
Q9UGP8,493,0.0058
Q9UDY6,493,0.0058
Q9P0V9,493,0.0058
Q1L5Z9,493,0.0058
Q86UZ6,493,0.0058
P13489,493,0.0058
Q68CJ9,493,0.0058
Q2M3V2,493,0.0058
Q8NAA4,493,0.0058
P29508,493,0.0058
Q03721,493,0.0058
Q96S52,493,0.0058
Q9BVS5,493,0.0058
Q6AZZ1,493,0.0058
Q7Z572,492,0.0058
A6NNL0,492,0.0058
Q9BQS2,492,0.0058
P50406,492,0.0058
Q14525,492,0.0058
P31260,492,0.0058
O15270,492,0.0058
Q86VF2,492,0.0058
P04279,492,0.0058
Q92521,492,0.0058
P56975,492,0.0058
Q14CX5,492,0.0058
Q8IUZ0,492,0.0058
O75907,491,0.0058
Q8WXK1,491,0.0058
P21589,491,0.0058
Q8NHP8,491,0.0058
P07339,491,0.0058
A6NH21,491,0.0058
P13866,491,0.0058
Q8NHH1,491,0.0058
Q9Y2R4,491,0.0058
Q8NHH9,491,0.0058
Q9BXS0,491,0.0058
Q6PCB0,491,0.0058
O94763,491,0.0058
Q9UK17,491,0.0058
Q9UHG3,491,0.0058
Q9BYM8,490,0.0057
Q86TJ5,490,0.0057
Q15646,490,0.0057
Q8WWT9,490,0.0057
O00592,490,0.0057
Q96AX1,490,0.0057
Q6QHF9,490,0.0057
Q9HD40,490,0.0057
Q9ULA0,490,0.0057
Q8IWA4,490,0.0057
P23469,490,0.0057
Q8NDA8,490,0.0057
Q6UVJ0,489,0.0057
Q9NSD7,489,0.0057
Q04724,489,0.0057
P51116,489,0.0057
Q92804,489,0.0057
O14994,489,0.0057
Q155Q3,489,0.0057
Q8IYU4,489,0.0057
Q9GZV3,489,0.0057
Q8IVF1,489,0.0057
P12814,489,0.0057
Q96T88,489,0.0057
Q4KMZ1,489,0.0057
Q08357,489,0.0057
Q8NA70,489,0.0057
Q9Y625,489,0.0057
Q08830,489,0.0057
P13196,489,0.0057
O95947,489,0.0057
Q9HBF4,488,0.0057
Q17RP2,488,0.0057
Q96LA5,488,0.0057
Q6NXR4,488,0.0057
Q6NYC8,488,0.0057
Q4VCS5,488,0.0057
Q8IXR9,488,0.0057
A1A5C7,488,0.0057
P33260,488,0.0057
Q07002,488,0.0057
P24855,488,0.0057
Q9BYV7,488,0.0057
A6NIR3,488,0.0057
Q9NR34,488,0.0057
Q04609,488,0.0057
P14317,488,0.0057
P29622,488,0.0057
Q9Y606,488,0.0057
Q6ZT98,488,0.0057
Q68D86,488,0.0057
P30566,488,0.0057
Q9HCX3,488,0.0057
Q9UIG8,487,0.0057
Q9H0B6,487,0.0057
Q14CZ7,487,0.0057
P17019,487,0.0057
Q13418,487,0.0057
Q9UN79,487,0.0057
Q13200,486,0.0057
Q9BXB7,486,0.0057
Q6IBW4,486,0.0057
O00241,486,0.0057
Q86V42,486,0.0057
A2RTY3,486,0.0057
P04843,486,0.0057
O00408,486,0.0057
P19012,486,0.0057
P42229,486,0.0057
Q9P2B7,486,0.0057
Q6IQ21,486,0.0057
Q8N4M1,486,0.0057
Q32M84,486,0.0057
P05062,486,0.0057
Q9NPC1,486,0.0057
Q02643,486,0.0057
O95302,486,0.0057
Q495M3,486,0.0057
Q6IF00,486,0.0057
A6NK75,486,0.0057
Q92685,486,0.0057
O43301,486,0.0057
Q13231,486,0.0057
Q7Z5V6,486,0.0057
Q8N7N1,486,0.0057
Q96EK2,485,0.0057
Q02447,485,0.0057
Q96AK3,485,0.0057
Q6UWM7,485,0.0057
Q6ZNA5,485,0.0057
Q92828,485,0.0057
Q8N392,485,0.0057
P48551,485,0.0057
Q9BTA9,485,0.0057
Q96GC6,485,0.0057
O94967,485,0.0057
Q86WD7,485,0.0057
Q9Y6X2,485,0.0057
Q05655,485,0.0057
Q9NZ53,485,0.0057
P78344,485,0.0057
Q8TCT8,485,0.0057
Q9NR63,485,0.0057
Q9UGM1,484,0.0057
Q9UBV7,484,0.0057
Q96JY6,484,0.0057
P08243,484,0.0057
P49257,484,0.0057
Q14247,484,0.0057
P41231,484,0.0057
Q9UJ14,484,0.0057
Q9NR61,484,0.0057
Q7L5Y1,484,0.0057
Q8IZJ4,484,0.0057
P05546,484,0.0057
Q07065,484,0.0057
Q96PD5,484,0.0057
Q6NUS8,484,0.0057
Q9BV44,484,0.0057
P00973,484,0.0057
Q8WYQ5,484,0.0057
Q9H4L7,484,0.0057
Q96LW4,484,0.0057
Q9HCP6,484,0.0057
Q96S66,484,0.0057
Q9UNE0,484,0.0057
Q6GMR7,484,0.0057
P54829,483,0.0057
Q6NXR0,483,0.0057
Q96A11,483,0.0057
Q96K62,483,0.0057
Q99542,483,0.0057
Q8NAT2,483,0.0057
Q9BY10,483,0.0057
P52272,483,0.0057
A5X5Y0,483,0.0057
Q9BQ67,483,0.0057
Q8N4P6,483,0.0057
Q9UBY8,483,0.0057
Q6PJ61,483,0.0057
Q9NYZ4,483,0.0057
Q96S59,483,0.0057
O00144,483,0.0057
Q86Y22,483,0.0057
Q8N3R9,483,0.0057
Q8IXS2,483,0.0057
Q6ZUT3,482,0.0057
Q96PZ0,482,0.0057
Q8NGP0,482,0.0057
Q8IYM2,482,0.0057
Q9BSC4,482,0.0057
Q8NEC7,482,0.0057
O75175,482,0.0057
Q96PY6,482,0.0057
Q6P4F1,482,0.0057
Q5W0A0,482,0.0057
Q14444,482,0.0057
Q8IUW3,482,0.0057
P46060,482,0.0057
Q9UPZ9,482,0.0057
P02771,482,0.0057
P12757,482,0.0057
Q14449,481,0.0056
Q86WT6,481,0.0056
Q9H8M2,481,0.0056
O96006,481,0.0056
O43559,481,0.0056
Q8WU10,481,0.0056
Q9H173,481,0.0056
P49640,481,0.0056
Q13490,481,0.0056
Q9BYE2,481,0.0056
Q92845,481,0.0056
Q15323,481,0.0056
P50548,481,0.0056
P35241,481,0.0056
O95396,480,0.0056
Q8NDH3,480,0.0056
Q6VVB1,480,0.0056
Q96RS6,480,0.0056
P30154,480,0.0056
Q13480,480,0.0056
Q9UEG4,480,0.0056
Q5GH73,480,0.0056
Q9BYC2,480,0.0056
Q8IZ63,480,0.0056
Q6IF82,480,0.0056
A6NKU9,480,0.0056
Q53EQ6,480,0.0056
O95498,480,0.0056
Q2M296,480,0.0056
Q12887,480,0.0056
P17342,480,0.0056
Q5TEC3,480,0.0056
P48167,480,0.0056
Q9UJ78,480,0.0056
Q8N4Y2,480,0.0056
Q92990,479,0.0056
Q96PB1,479,0.0056
Q9UHQ1,479,0.0056
P22792,479,0.0056
P49757,479,0.0056
Q8WYA1,479,0.0056
Q14410,479,0.0056
P06744,479,0.0056
Q8NEF9,479,0.0056
Q92503,479,0.0056
P0C7M7,479,0.0056
Q96FB5,479,0.0056
Q9C0E2,479,0.0056
Q7Z449,479,0.0056
P0CAP1,479,0.0056
P98182,479,0.0056
Q9BZG8,479,0.0056
Q5GH72,479,0.0056
P01019,478,0.0056
Q9BVA6,478,0.0056
Q8IV76,478,0.0056
Q5I7T1,478,0.0056
Q6PDB4,478,0.0056
Q9H0M0,478,0.0056
Q9NZN4,478,0.0056
P01011,478,0.0056
P22894,478,0.0056
Q9H9A5,478,0.0056
Q8IYT4,478,0.0056
Q99952,478,0.0056
Q8IWE2,478,0.0056
Q8TAD4,478,0.0056
Q14554,478,0.0056
Q96S86,478,0.0056
Q96C03,478,0.0056
Q8N1B4,478,0.0056
P14625,478,0.0056
Q9NYP3,478,0.0056
Q8WVB3,477,0.0056
Q9Y2D8,477,0.0056
Q96RP8,477,0.0056
Q8NFQ5,477,0.0056
Q14CX7,477,0.0056
P53667,477,0.0056
C9JQI7,477,0.0056
P22736,477,0.0056
Q5T1V6,477,0.0056
Q13835,477,0.0056
Q9UHR4,477,0.0056
Q6S545,477,0.0056
Q96AG3,477,0.0056
Q86XE3,477,0.0056
A6NDK9,477,0.0056
P47736,477,0.0056
Q6ZSY5,477,0.0056
Q9NQH7,477,0.0056
Q9NUN5,477,0.0056
Q9HBW1,477,0.0056
Q96GN5,476,0.0056
Q92526,476,0.0056
Q5JR12,476,0.0056
Q9H310,476,0.0056
P55084,476,0.0056
A2A3L6,476,0.0056
Q08AE8,476,0.0056
Q70CQ1,476,0.0056
Q96RQ9,476,0.0056
Q6GTS8,476,0.0056
Q7L3T8,476,0.0056
Q9BWX5,476,0.0056
Q16798,476,0.0056
Q9Y2Z4,476,0.0056
Q9H9A6,476,0.0056
P04066,476,0.0056
Q9NQW5,476,0.0056
Q504Q3,475,0.0056
Q9H5U6,475,0.0056
P24347,475,0.0056
P0DN86,475,0.0056
Q96C34,475,0.0056
Q96SE0,475,0.0056
Q99541,475,0.0056
Q9HA92,475,0.0056
Q9NYM4,475,0.0056
O14771,475,0.0056
O60678,475,0.0056
P16930,475,0.0056
Q8NA69,475,0.0056
Q6NW34,475,0.0056
P21953,475,0.0056
Q13093,475,0.0056
Q96ES6,475,0.0056
P43004,475,0.0056
O60779,475,0.0056
P31930,475,0.0056
Q9UNU6,475,0.0056
Q8NHQ1,475,0.0056
Q8N8Z8,475,0.0056
Q13330,475,0.0056
Q13228,474,0.0056
Q7L9B9,474,0.0056
Q9P0L2,474,0.0056
P78371,474,0.0056
Q9H223,474,0.0056
Q6P5Q4,474,0.0056
Q13487,474,0.0056
Q99518,474,0.0056
P43353,474,0.0056
Q8WVQ1,474,0.0056
Q71H61,474,0.0056
P19878,474,0.0056
P85299,474,0.0056
Q8TD55,474,0.0056
P27694,474,0.0056
Q9Y5X2,474,0.0056
Q8TAW3,474,0.0056
Q9H9A7,473,0.0055
Q9UHK0,473,0.0055
Q9BQ39,473,0.0055
A6NFQ2,473,0.0055
Q96NI6,473,0.0055
O43781,473,0.0055
Q3MIP1,473,0.0055
A0A3B3IS91,473,0.0055
Q8WY91,473,0.0055
Q53FZ2,473,0.0055
Q8N9V2,473,0.0055
P51993,473,0.0055
O95256,473,0.0055
Q14774,473,0.0055
A6NIY4,473,0.0055
A6NHN0,473,0.0055
Q8N587,473,0.0055
P21754,473,0.0055
O60502,472,0.0055
Q6P3S6,472,0.0055
P10600,472,0.0055
A6NFX1,472,0.0055
O95907,472,0.0055
P04150,472,0.0055
Q6ZNC8,472,0.0055
Q9Y2Z2,472,0.0055
Q8IZK6,472,0.0055
Q9Y285,472,0.0055
Q9Y2K7,472,0.0055
P38432,472,0.0055
Q3MIX3,472,0.0055
Q8IU99,471,0.0055
Q9NQZ7,471,0.0055
P53671,471,0.0055
Q9BTC8,471,0.0055
Q96BP3,471,0.0055
Q86T13,471,0.0055
P00734,471,0.0055
Q8N158,471,0.0055
Q99932,471,0.0055
Q9UPN9,471,0.0055
Q9NS82,471,0.0055
P11511,471,0.0055
Q9Y653,471,0.0055
P10523,471,0.0055
Q96RR4,471,0.0055
Q9NYG8,471,0.0055
P18627,470,0.0055
O14979,470,0.0055
Q99759,470,0.0055
Q8WXU2,470,0.0055
P14651,470,0.0055
Q5TAA0,470,0.0055
P38646,470,0.0055
Q9BXA7,470,0.0055
Q02556,470,0.0055
Q96MC4,470,0.0055
Q9BZG2,470,0.0055
Q5R3I4,470,0.0055
P28336,470,0.0055
Q09019,470,0.0055
P55285,470,0.0055
Q9UHK6,470,0.0055
Q13950,470,0.0055
Q502W7,470,0.0055
P21217,470,0.0055
Q9Y4U1,470,0.0055
Q15223,470,0.0055
Q7L5A3,469,0.0055
Q86VQ1,469,0.0055
Q401N2,469,0.0055
Q13427,469,0.0055
Q8N2K0,469,0.0055
Q03924,469,0.0055
Q13554,469,0.0055
Q2T9J0,469,0.0055
Q9H4K7,469,0.0055
P52429,469,0.0055
Q9ULJ8,469,0.0055
Q8N7M2,469,0.0055
Q96P11,469,0.0055
Q9NXV6,469,0.0055
Q9UBX5,469,0.0055
Q8NBF6,469,0.0055
Q8NBM8,469,0.0055
Q13105,469,0.0055
Q9Y573,469,0.0055
Q9BX82,469,0.0055
Q9NX61,469,0.0055
Q8IYI6,469,0.0055
P05108,468,0.0055
Q86TB9,468,0.0055
Q8IY22,468,0.0055
P35613,468,0.0055
Q6PK81,468,0.0055
Q86XN8,468,0.0055
Q9P270,468,0.0055
Q9H2J7,468,0.0055
Q9UBL9,468,0.0055
Q6S9Z5,468,0.0055
Q96LB0,468,0.0055
Q96AP4,468,0.0055
Q6ZVM7,468,0.0055
Q86UD5,468,0.0055
Q7L2J0,468,0.0055
Q8WVZ9,468,0.0055
Q9Y217,468,0.0055
Q9NY64,467,0.0055
Q7L592,467,0.0055
Q9UP38,467,0.0055
P45974,467,0.0055
Q5T7W7,467,0.0055
P0C881,467,0.0055
Q96T92,467,0.0055
Q8WUA7,467,0.0055
Q9BUY5,467,0.0055
P10073,467,0.0055
O15533,467,0.0055
P55201,467,0.0055
O75683,466,0.0055
Q9BYZ2,466,0.0055
Q8NI27,466,0.0055
O60268,466,0.0055
Q13203,466,0.0055
Q8TBK2,466,0.0055
Q9UDV7,466,0.0055
P35222,466,0.0055
Q9UIF3,466,0.0055
Q92802,466,0.0055
P82251,466,0.0055
Q9NZL6,466,0.0055
Q9Y2X7,466,0.0055
Q5GH76,466,0.0055
Q9H171,466,0.0055
Q9UPW0,466,0.0055
Q96I99,466,0.0055
O43174,465,0.0055
Q5SRI9,465,0.0055
P22307,465,0.0055
Q9BQG1,465,0.0055
Q9BTF0,465,0.0055
Q9ULV8,465,0.0055
Q8WV41,465,0.0055
P51589,465,0.0055
Q9BVK2,465,0.0055
Q6JBY9,465,0.0055
P08254,465,0.0055
Q9NUD9,465,0.0055
Q04759,465,0.0055
P17032,465,0.0055
Q9H981,465,0.0055
Q8TCC7,465,0.0055
P08887,465,0.0055
Q5D0E6,465,0.0055
Q96KR7,465,0.0055
Q9UQ53,465,0.0055
O14764,465,0.0055
Q8IV45,465,0.0055
P08238,465,0.0055
O43747,465,0.0055
Q8IZ13,465,0.0055
Q5T7P8,464,0.0054
P02768,464,0.0054
P08684,464,0.0054
Q8NBB4,464,0.0054
Q92499,464,0.0054
Q12894,464,0.0054
Q03936,464,0.0054
Q9UK59,464,0.0054
Q96M34,464,0.0054
O00519,464,0.0054
Q9HAT1,464,0.0054
Q86V20,464,0.0054
Q9NQX0,464,0.0054
Q96AN5,464,0.0054
O43365,464,0.0054
P48147,464,0.0054
Q8IUX4,464,0.0054
O00167,464,0.0054
Q6VN20,464,0.0054
Q96EK5,464,0.0054
Q9HCS4,464,0.0054
P21941,463,0.0054
Q5T9L3,463,0.0054
P16471,463,0.0054
P35251,463,0.0054
Q14765,463,0.0054
O43405,463,0.0054
P04070,463,0.0054
P14652,463,0.0054
A6NP11,463,0.0054
Q4G0Z9,463,0.0054
Q9NQ76,463,0.0054
Q5T442,463,0.0054
Q9BSE2,463,0.0054
Q9HB89,463,0.0054
Q8NEG4,463,0.0054
Q9HCI5,463,0.0054
P35348,463,0.0054
Q9C029,463,0.0054
Q12979,463,0.0054
P07099,463,0.0054
Q8TC94,462,0.0054
P38571,462,0.0054
Q9BZE2,462,0.0054
Q99704,462,0.0054
Q8NGD1,462,0.0054
Q8NBS9,462,0.0054
Q3SY77,462,0.0054
Q8IV08,462,0.0054
Q9NY37,462,0.0054
Q32M78,462,0.0054
A4D126,462,0.0054
O15446,462,0.0054
Q9NRM6,462,0.0054
Q9BVP2,462,0.0054
Q8NH49,462,0.0054
Q8TDT2,461,0.0054
Q9UDV6,461,0.0054
Q96PE6,461,0.0054
P37059,461,0.0054
O00311,461,0.0054
Q9NXR1,461,0.0054
Q9BZR6,461,0.0054
P78324,461,0.0054
Q6UW63,461,0.0054
Q3KQV9,461,0.0054
Q8N4U5,461,0.0054
O14836,461,0.0054
Q99678,461,0.0054
Q15393,460,0.0054
O60583,460,0.0054
Q7Z2T5,460,0.0054
Q13474,460,0.0054
Q96A83,460,0.0054
Q6Q0C0,460,0.0054
P01762,460,0.0054
O14791,460,0.0054
Q969V3,460,0.0054
Q96DL1,460,0.0054
P30203,460,0.0054
Q8N370,460,0.0054
P19474,460,0.0054
P60411,460,0.0054
A8MU46,460,0.0054
Q8NH59,460,0.0054
Q9NY61,460,0.0054
Q2TB10,460,0.0054
Q0P6H9,460,0.0054
O15209,460,0.0054
P32241,459,0.0054
Q8N0U7,459,0.0054
Q8TF47,459,0.0054
P11182,459,0.0054
Q2TAA5,459,0.0054
O14545,459,0.0054
Q86UR1,459,0.0054
Q9Y600,459,0.0054
Q5VX71,459,0.0054
Q9NR12,459,0.0054
Q96D46,459,0.0054
O15160,459,0.0054
Q9HB63,459,0.0054
P26951,459,0.0054
P04004,459,0.0054
Q6A163,459,0.0054
Q6UUV9,459,0.0054
O75382,459,0.0054
Q9Y575,459,0.0054
P00966,459,0.0054
A8MPY1,459,0.0054
P15088,459,0.0054
Q9NWW5,459,0.0054
Q9Y6Q3,459,0.0054
Q13316,459,0.0054
P51692,459,0.0054
Q96N16,459,0.0054
P26599,459,0.0054
Q96EB6,459,0.0054
Q9NSN8,458,0.0054
O75781,458,0.0054
Q7Z628,458,0.0054
Q5T440,458,0.0054
Q9NR30,458,0.0054
Q5HYK9,458,0.0054
O95704,458,0.0054
A4D1F6,458,0.0054
Q8TE85,458,0.0054
Q9C0I1,458,0.0054
Q8TC20,458,0.0054
Q8N4B4,458,0.0054
Q2VWA4,458,0.0054
Q9NWM0,458,0.0054
Q32P41,458,0.0054
P23759,458,0.0054
Q6ZNF0,458,0.0054
Q6UY01,457,0.0054
Q9NY57,457,0.0054
Q86SF2,457,0.0054
P05129,457,0.0054
Q3SXY8,457,0.0054
Q7LFX5,457,0.0054
Q8N159,457,0.0054
P42679,457,0.0054
Q03989,457,0.0054
P20061,457,0.0054
P31415,457,0.0054
Q7Z3Y9,457,0.0054
O75600,457,0.0054
Q9NZJ0,457,0.0054
Q9UHG0,457,0.0054
Q6IE81,457,0.0054
O75603,457,0.0054
Q92918,457,0.0054
Q8N1G4,457,0.0054
O15409,457,0.0054
Q6XZB0,457,0.0054
Q9UBV2,457,0.0054
P84022,456,0.0053
Q9BV10,456,0.0053
Q49AG3,456,0.0053
Q8TBH0,456,0.0053
Q96FV2,456,0.0053
O00257,456,0.0053
Q8NGD0,456,0.0053
Q86YJ6,456,0.0053
Q16581,456,0.0053
Q9NUY8,456,0.0053
Q32NB8,456,0.0053
P47712,456,0.0053
Q9NQ32,456,0.0053
Q5XG92,456,0.0053
P10644,456,0.0053
Q86UD4,456,0.0053
P42696,456,0.0053
Q02539,456,0.0053
P24462,455,0.0053
Q8TB96,455,0.0053
Q9NRW7,455,0.0053
Q8TED4,455,0.0053
O15269,455,0.0053
Q5U5X8,455,0.0053
P57796,455,0.0053
Q86X45,455,0.0053
Q96GQ5,455,0.0053
Q96RU7,455,0.0053
Q4U2R8,455,0.0053
Q6NT04,455,0.0053
P49590,455,0.0053
Q9ULV5,454,0.0053
Q96JB5,454,0.0053
Q8IYX0,454,0.0053
Q96QE2,454,0.0053
P35711,454,0.0053
Q16881,454,0.0053
Q9Y5X9,454,0.0053
P28476,454,0.0053
P24723,454,0.0053
Q9HC58,454,0.0053
P51522,454,0.0053
Q96RI0,454,0.0053
Q9UPY6,454,0.0053
Q9BZF1,454,0.0053
Q8TAP6,454,0.0053
Q8NE35,454,0.0053
Q8N6H7,454,0.0053
Q8NA66,454,0.0053
P54257,454,0.0053
Q02127,454,0.0053
Q9P0K8,454,0.0053
Q9Y222,454,0.0053
O75355,453,0.0053
P57073,453,0.0053
Q9UBD6,453,0.0053
Q99741,453,0.0053
Q15542,453,0.0053
Q05D60,453,0.0053
Q9H2A2,453,0.0053
Q8IW75,453,0.0053
Q6XPS3,453,0.0053
O43252,453,0.0053
Q9C0B1,453,0.0053
P56270,453,0.0053
Q96SF7,453,0.0053
Q8N4S0,453,0.0053
Q9Y2M2,453,0.0053
Q13769,453,0.0053
Q5XUX1,453,0.0053
Q96HI0,453,0.0053
Q9BXJ7,453,0.0053
Q9NQB0,453,0.0053
Q0VG99,452,0.0053
Q9NVR7,452,0.0053
Q13368,452,0.0053
O95125,452,0.0053
Q8WXA8,452,0.0053
Q96JT2,452,0.0053
Q8IUF8,452,0.0053
Q9H816,452,0.0053
Q8N2G8,452,0.0053
Q6ZMV8,452,0.0053
P51693,452,0.0053
O75648,452,0.0053
P43268,452,0.0053
Q05932,452,0.0053
P20700,451,0.0053
Q9HAU8,451,0.0053
Q96RE9,451,0.0053
P22891,451,0.0053
Q6ZPD9,451,0.0053
Q8N0Z9,451,0.0053
Q8TDY3,451,0.0053
P01624,451,0.0053
P10075,451,0.0053
Q86UY5,451,0.0053
Q6ZV89,451,0.0053
O15111,451,0.0053
Q13360,451,0.0053
Q6UWR7,450,0.0053
P05093,450,0.0053
Q33E94,450,0.0053
Q14154,450,0.0053
O15405,450,0.0053
Q7Z6Z6,450,0.0053
P0CF97,450,0.0053
Q8NG77,450,0.0053
P16989,450,0.0053
C9JL84,450,0.0053
A2A2Y4,450,0.0053
Q5I0G3,450,0.0053
Q99574,450,0.0053
Q86VW2,450,0.0053
A0A0C4DH38,450,0.0053
Q9HA82,450,0.0053
Q6W3E5,450,0.0053
Q6ZMB0,450,0.0053
Q2MV58,450,0.0053
Q12794,450,0.0053
P16615,449,0.0053
Q7Z3Y7,449,0.0053
Q8IYS2,449,0.0053
Q14593,449,0.0053
Q9BUD6,449,0.0053
B2RXH4,449,0.0053
P36222,449,0.0053
P49368,449,0.0053
Q71RS6,449,0.0053
Q8TEB1,449,0.0053
Q6ZVN8,449,0.0053
Q8N1G2,449,0.0053
P0C7U3,449,0.0053
Q86TL0,449,0.0053
Q86TD4,449,0.0053
Q9UK05,449,0.0053
Q6PKH6,449,0.0053
Q9BTV5,449,0.0053
Q6IA17,449,0.0053
Q96A09,449,0.0053
Q9Y5A6,449,0.0053
O14967,449,0.0053
A6NIM6,449,0.0053
Q6UWY0,448,0.0053
Q8TB61,448,0.0053
Q9UJX4,448,0.0053
Q5CZA5,448,0.0053
Q7Z7G1,448,0.0053
Q9HCJ6,448,0.0053
Q969G9,448,0.0053
P31512,448,0.0053
P31749,448,0.0053
A3KFT3,448,0.0053
Q9NPC4,448,0.0053
Q8IXS0,448,0.0053
Q9Y577,448,0.0053
Q2M3W8,448,0.0053
Q13492,448,0.0053
Q9UHR6,448,0.0053
Q8WTR8,448,0.0053
Q5VYV0,448,0.0053
Q30154,448,0.0053
Q96F05,448,0.0053
Q6NX45,448,0.0053
P48065,448,0.0053
Q8IYW4,448,0.0053
P16401,447,0.0052
Q9NWF4,447,0.0052
Q9BV38,447,0.0052
Q9NS91,447,0.0052
P0C1S8,447,0.0052
Q8WXF7,447,0.0052
Q9NZI5,447,0.0052
Q99742,447,0.0052
Q8IV01,447,0.0052
Q2VYF4,447,0.0052
Q14264,447,0.0052
Q8TF74,447,0.0052
P83110,447,0.0052
Q9H3U7,447,0.0052
O00481,447,0.0052
Q9Y5A7,447,0.0052
Q9H340,447,0.0052
Q9BQC3,446,0.0052
P49810,446,0.0052
O43147,446,0.0052
P57057,446,0.0052
Q5JUK2,446,0.0052
O96009,446,0.0052
O96005,446,0.0052
O43749,446,0.0052
Q96SQ9,446,0.0052
Q9Y6R9,446,0.0052
Q7Z4N8,446,0.0052
Q6ZNE5,446,0.0052
O95573,446,0.0052
P11161,446,0.0052
Q8NA61,446,0.0052
O75426,446,0.0052
Q86Y33,446,0.0052
Q7Z7M8,446,0.0052
A6NNW6,446,0.0052
Q495N2,446,0.0052
Q15418,446,0.0052
Q8NFJ6,445,0.0052
Q6ZS11,445,0.0052
Q7Z3Y8,445,0.0052
P17098,445,0.0052
P12645,445,0.0052
O60244,445,0.0052
Q96DM3,445,0.0052
Q8TB73,445,0.0052
Q9C0B0,445,0.0052
Q9HC78,445,0.0052
Q5JXC2,445,0.0052
Q9NP61,445,0.0052
Q9Y6V7,445,0.0052
Q8N5S9,445,0.0052
Q09470,445,0.0052
P00746,445,0.0052
Q6P988,445,0.0052
Q14181,445,0.0052
P33908,445,0.0052
Q5MCW4,445,0.0052
Q9Y614,444,0.0052
Q9BXB4,444,0.0052
Q96SK2,444,0.0052
P00739,444,0.0052
Q12933,444,0.0052
P14060,444,0.0052
Q9H015,444,0.0052
Q9H0G5,444,0.0052
Q8TDW0,444,0.0052
Q92783,444,0.0052
Q562R1,444,0.0052
O95388,444,0.0052
Q9BZI1,444,0.0052
P05023,444,0.0052
Q02818,444,0.0052
O14763,444,0.0052
P43119,444,0.0052
Q96N64,443,0.0052
Q9Y694,443,0.0052
Q6PII3,443,0.0052
Q7Z412,443,0.0052
Q6P4A8,443,0.0052
Q7L2K0,443,0.0052
P10619,443,0.0052
Q969Y0,443,0.0052
P03372,443,0.0052
Q9NWW7,443,0.0052
Q9NQC7,443,0.0052
A6NMB9,443,0.0052
Q8TF32,443,0.0052
P07237,443,0.0052
Q9BZR9,443,0.0052
O60320,443,0.0052
Q8TD20,443,0.0052
Q6P1R4,443,0.0052
Q9NUG4,443,0.0052
Q66K64,443,0.0052
Q9NQI0,442,0.0052
O43929,442,0.0052
Q6NSZ9,442,0.0052
A8K855,442,0.0052
Q7Z4T8,442,0.0052
Q8N4F0,442,0.0052
O95470,442,0.0052
Q9NUQ2,442,0.0052
Q9UHY8,442,0.0052
Q92966,442,0.0052
Q9HC44,442,0.0052
O14832,442,0.0052
P49019,442,0.0052
Q9H2A9,442,0.0052
Q6X4W1,442,0.0052
Q9BXJ9,442,0.0052
Q05329,442,0.0052
Q96CM8,442,0.0052
Q12756,442,0.0052
Q9H665,442,0.0052
O15305,442,0.0052
Q9UJX5,441,0.0052
Q92485,441,0.0052
O43293,441,0.0052
Q8IYM9,441,0.0052
Q86Y97,441,0.0052
Q9BQ95,441,0.0052
P51648,441,0.0052
Q6UX06,441,0.0052
O43615,441,0.0052
Q8NEH6,441,0.0052
P78411,441,0.0052
Q8NFZ4,441,0.0052
Q99459,441,0.0052
Q9NRY5,441,0.0052
A6NI86,441,0.0052
Q96GM8,441,0.0052
Q9NVX2,441,0.0052
P32519,441,0.0052
Q16790,441,0.0052
O60879,441,0.0052
Q16719,440,0.0052
Q8WWI5,440,0.0052
Q15776,440,0.0052
Q8WXI9,440,0.0052
Q3MIT2,440,0.0052
O00429,440,0.0052
Q6K0P9,440,0.0052
Q8IUK5,440,0.0052
Q0JRZ9,440,0.0052
Q8NGB4,440,0.0052
Q9UNA1,440,0.0052
O75354,440,0.0052
O75056,440,0.0052
Q9H6W3,440,0.0052
Q6HA08,440,0.0052
Q8NAB2,440,0.0052
P98168,440,0.0052
Q9UBU7,440,0.0052
Q9Y4P3,439,0.0051
Q96K21,439,0.0051
Q8NFU1,439,0.0051
P48643,439,0.0051
P98174,439,0.0051
Q6ISB3,439,0.0051
Q9UFP1,439,0.0051
Q8IZD6,439,0.0051
P05120,439,0.0051
P31645,439,0.0051
Q93086,439,0.0051
Q01415,439,0.0051
Q9NPB8,439,0.0051
P30926,439,0.0051
O43474,439,0.0051
P35218,439,0.0051
Q9UKS6,439,0.0051
Q9H7X3,438,0.0051
Q8NGK3,438,0.0051
Q9BWT3,438,0.0051
P28838,438,0.0051
P51956,438,0.0051
Q1EHB4,438,0.0051
O76031,438,0.0051
Q14108,438,0.0051
Q9H8M5,438,0.0051
Q9NPI6,438,0.0051
Q86UE4,438,0.0051
Q16816,438,0.0051
Q9NQ84,438,0.0051
P49683,438,0.0051
Q9Y336,438,0.0051
Q96KC8,438,0.0051
Q12837,438,0.0051
Q5D1E8,438,0.0051
O15204,438,0.0051
Q9H4B8,438,0.0051
Q15758,438,0.0051
Q9UBJ2,438,0.0051
Q86YD1,438,0.0051
Q8NG76,438,0.0051
Q9P2G3,438,0.0051
P15884,438,0.0051
Q9UIL4,438,0.0051
Q7Z3H0,438,0.0051
P07205,438,0.0051
P54315,437,0.0051
Q96FN4,437,0.0051
Q9NP70,437,0.0051
P55317,437,0.0051
A8K979,437,0.0051
Q16875,437,0.0051
Q96DM1,437,0.0051
P41595,437,0.0051
O95810,437,0.0051
O60784,437,0.0051
Q3SXZ7,437,0.0051
Q9UKV5,437,0.0051
Q9HBH9,437,0.0051
O75386,436,0.0051
Q9Y672,436,0.0051
Q14995,436,0.0051
Q12849,436,0.0051
O95072,436,0.0051
Q9BXU7,436,0.0051
Q8NGR1,436,0.0051
Q86W56,436,0.0051
Q01968,436,0.0051
Q9H161,436,0.0051
Q9NTG7,436,0.0051
O95838,436,0.0051
Q14CB8,436,0.0051
Q96B86,436,0.0051
P24046,436,0.0051
Q96LW1,436,0.0051
P32238,436,0.0051
Q8TC92,436,0.0051
Q8NEB7,436,0.0051
Q86T96,436,0.0051
P0CG23,436,0.0051
P35637,435,0.0051
Q96NZ1,435,0.0051
Q9BQW3,435,0.0051
O60765,435,0.0051
P0CB33,435,0.0051
P17014,435,0.0051
Q6QEF8,435,0.0051
Q1ED39,435,0.0051
Q13489,435,0.0051
Q9UBN6,435,0.0051
O15091,435,0.0051
A6NKK0,435,0.0051
Q9C019,435,0.0051
Q9H6Z4,435,0.0051
Q8TF42,435,0.0051
O75159,435,0.0051
Q9BR77,435,0.0051
Q15937,435,0.0051
Q8NH72,435,0.0051
P23743,434,0.0051
Q7Z3T1,434,0.0051
Q6BEB4,434,0.0051
Q8WUM9,434,0.0051
Q8WY54,434,0.0051
P19438,434,0.0051
Q96MU7,434,0.0051
Q9NS93,434,0.0051
Q9HC36,434,0.0051
Q13772,434,0.0051
Q9UBR1,434,0.0051
Q8NBI5,434,0.0051
Q6Y288,434,0.0051
Q8TDD5,434,0.0051
Q96NR8,434,0.0051
Q6P387,434,0.0051
Q96FI4,434,0.0051
Q8N119,434,0.0051
Q5FBB7,433,0.0051
Q9NWZ5,433,0.0051
Q70SY1,433,0.0051
P47872,433,0.0051
Q9Y2Z9,433,0.0051
P05787,433,0.0051
Q9Y5R2,433,0.0051
Q96KK3,433,0.0051
Q9Y574,433,0.0051
Q8N8L2,433,0.0051
Q96M27,433,0.0051
Q52LR7,433,0.0051
Q96RD7,433,0.0051
Q53H76,433,0.0051
Q15048,433,0.0051
Q8IU57,433,0.0051
Q08431,433,0.0051
Q9Y2C5,433,0.0051
P52736,433,0.0051
P01699,433,0.0051
Q8N697,433,0.0051
P98194,433,0.0051
Q8NEZ2,433,0.0051
Q9NRA2,433,0.0051
Q96DP5,433,0.0051
Q53T94,433,0.0051
O15232,433,0.0051
Q9GZM7,432,0.0051
Q8NBN7,432,0.0051
P29536,432,0.0051
Q99638,432,0.0051
Q8IXW5,432,0.0051
Q8N412,432,0.0051
Q9H3Q1,432,0.0051
Q9BVS4,432,0.0051
Q8NGD4,432,0.0051
Q92529,432,0.0051
Q17RR3,432,0.0051
P50336,432,0.0051
P61764,432,0.0051
Q8TAQ5,432,0.0051
Q8N6L0,432,0.0051
Q8NGD2,432,0.0051
Q15526,432,0.0051
Q8IYJ3,432,0.0051
P03999,431,0.0051
Q7L622,431,0.0051
Q9P2R7,431,0.0051
Q8NC44,431,0.0051
P37837,431,0.0051
P05181,431,0.0051
P55055,431,0.0051
P35372,431,0.0051
Q7Z5R6,431,0.0051
P48544,431,0.0051
Q9NX74,431,0.0051
O14521,431,0.0051
Q9UG56,431,0.0051
P32745,431,0.0051
O15321,431,0.0051
Q9H9P8,431,0.0051
Q86UP0,431,0.0051
Q86YS3,431,0.0051
Q8N3Z6,431,0.0051
Q06710,431,0.0051
P27930,431,0.0051
O95631,431,0.0051
Q96Q40,431,0.0051
P00325,430,0.005
Q9BZ67,430,0.005
P20020,430,0.005
Q6UX71,430,0.005
Q14849,430,0.005
P78552,430,0.005
O43572,430,0.005
Q86Y25,430,0.005
P14672,430,0.005
Q96FE5,430,0.005
Q9NZM6,430,0.005
P04003,430,0.005
Q9H3Q3,430,0.005
Q8NA56,430,0.005
Q96L92,430,0.005
Q08397,430,0.005
P30988,430,0.005
Q2M3T9,430,0.005
O75558,430,0.005
Q8N6K7,430,0.005
O14498,430,0.005
O95260,429,0.005
Q9NZV8,429,0.005
Q14872,429,0.005
Q9NW75,429,0.005
Q8N1H7,429,0.005
Q9UJL9,429,0.005
Q8NGN6,429,0.005
Q9BV94,429,0.005
P13688,429,0.005
Q08499,429,0.005
P00742,429,0.005
Q7Z3I7,429,0.005
Q15131,429,0.005
Q9NWZ3,429,0.005
Q3ZCQ8,429,0.005
Q14500,429,0.005
P24752,429,0.005
P42330,429,0.005
Q8NF37,429,0.005
Q9UK80,429,0.005
Q9Y662,429,0.005
Q9NWH7,429,0.005
Q9Y4E8,429,0.005
P0C6S8,429,0.005
Q02641,429,0.005
Q03169,429,0.005
Q96PC2,429,0.005
O95429,429,0.005
Q8TBZ8,429,0.005
Q8NFQ6,429,0.005
O00472,429,0.005
Q14651,429,0.005
Q8IWZ4,428,0.005
Q15311,428,0.005
Q13740,428,0.005
Q92692,428,0.005
Q8N543,428,0.005
Q08211,428,0.005
P49005,428,0.005
P23975,428,0.005
Q6ZS27,428,0.005
Q8NGY2,428,0.005
P49286,428,0.005
Q9C075,428,0.005
O95970,428,0.005
Q8TDL5,428,0.005
Q8NGA6,428,0.005
O60883,428,0.005
Q9BVL2,428,0.005
Q5T2T1,428,0.005
Q06265,427,0.005
Q9Y5R6,427,0.005
P04181,427,0.005
O15198,427,0.005
Q9UIA9,427,0.005
P48637,427,0.005
Q6P2D0,427,0.005
A6NDH6,427,0.005
Q96AP7,427,0.005
Q8N5S1,427,0.005
Q9UJA9,427,0.005
O95394,427,0.005
Q6E0U4,427,0.005
Q6XYQ8,427,0.005
Q03828,427,0.005
Q86VR2,427,0.005
P41587,427,0.005
Q9BXW7,427,0.005
A8K8V0,427,0.005
P35610,427,0.005
Q9BU70,427,0.005
Q9BZJ3,427,0.005
Q05940,427,0.005
Q9UHF4,427,0.005
P00813,426,0.005
Q9BRF8,426,0.005
Q96KE9,426,0.005
Q9UHB9,426,0.005
P55211,426,0.005
P16233,426,0.005
Q8IX15,426,0.005
Q6B0B8,426,0.005
Q8TDW5,426,0.005
Q99456,426,0.005
Q9BTV6,426,0.005
Q9Y2P8,426,0.005
Q9BXQ6,426,0.005
O60337,426,0.005
P52961,426,0.005
Q01344,426,0.005
Q9H3P2,426,0.005
Q96MA6,426,0.005
Q9NXP7,426,0.005
O94919,425,0.005
Q8NGN4,425,0.005
Q13596,425,0.005
Q8IY51,425,0.005
Q8NGF8,425,0.005
Q9HAW0,425,0.005
P23368,425,0.005
Q15113,425,0.005
Q6ZMT1,425,0.005
Q9Y3R4,425,0.005
Q86XE5,425,0.005
A4D256,425,0.005
Q92743,425,0.005
Q86W10,425,0.005
Q86VY9,425,0.005
Q9NZP8,425,0.005
P13994,425,0.005
Q53GT1,425,0.005
Q8N143,425,0.005
Q9H0W8,424,0.005
Q96S16,424,0.005
Q8IV04,424,0.005
Q9UBN7,424,0.005
Q96SW2,424,0.005
O94941,424,0.005
P14061,424,0.005
Q9Y663,424,0.005
Q86TM6,424,0.005
Q6ZMS4,424,0.005
Q8NB42,424,0.005
Q9NRS4,424,0.005
Q8NH87,424,0.005
Q9Y6X4,424,0.005
O60383,424,0.005
Q6NT16,424,0.005
Q9Y597,424,0.005
Q9UPY5,424,0.005
Q9H341,424,0.005
O14544,424,0.005
Q86T90,424,0.005
O14745,424,0.005
Q9H343,424,0.005
O14628,424,0.005
Q8N0Y3,424,0.005
O60282,424,0.005
Q86XZ4,424,0.005
Q13322,424,0.005
P05091,424,0.005
Q9GZQ4,424,0.005
O75381,424,0.005
Q9H172,424,0.005
P14091,424,0.005
Q9NW07,424,0.005
P60331,424,0.005
Q9ULK5,424,0.005
Q6VVX0,424,0.005
Q13155,423,0.005
Q49AN0,423,0.005
Q8TB45,423,0.005
P23588,423,0.005
O95965,423,0.005
Q6IEV9,423,0.005
Q96BH1,423,0.005
Q8NEG7,423,0.005
Q9UKU9,423,0.005
Q92830,423,0.005
O76050,423,0.005
Q9UBB4,423,0.005
P26572,423,0.005
Q92952,423,0.005
Q8N0Z8,423,0.005
O43818,423,0.005
Q53QZ3,423,0.005
P20231,423,0.005
P11169,423,0.005
Q14137,423,0.005
P06734,422,0.0049
Q9UGI6,422,0.0049
O75529,422,0.0049
A0A0B4J1V0,422,0.0049
Q494X3,422,0.0049
Q9UQE7,422,0.0049
Q6P4I2,422,0.0049
Q99460,422,0.0049
P29803,422,0.0049
Q9HCH3,422,0.0049
Q9NR71,422,0.0049
Q8WV37,422,0.0049
Q9HAD4,422,0.0049
P41219,422,0.0049
P82675,422,0.0049
P47871,422,0.0049
Q9NPG1,422,0.0049
Q8IWW8,422,0.0049
O94889,422,0.0049
Q8WZ92,422,0.0049
Q3ZCV2,422,0.0049
Q96TC7,421,0.0049
P15169,421,0.0049
Q9BT40,421,0.0049
P43007,421,0.0049
P23526,421,0.0049
Q9Y2L9,421,0.0049
Q5PRF9,421,0.0049
Q04206,421,0.0049
Q11130,421,0.0049
P22459,421,0.0049
Q93009,421,0.0049
Q01844,421,0.0049
Q9Y2G7,421,0.0049
Q14242,421,0.0049
Q9H0S4,421,0.0049
Q8N0V5,420,0.0049
Q8TC57,420,0.0049
P37288,420,0.0049
Q03426,420,0.0049
Q9NRN5,420,0.0049
Q0VFZ6,420,0.0049
P51854,420,0.0049
P01705,420,0.0049
Q14654,420,0.0049
Q8IUH4,420,0.0049
Q8TCW9,420,0.0049
O75503,420,0.0049
Q9Y251,420,0.0049
Q9NUQ6,420,0.0049
Q14353,420,0.0049
Q15750,419,0.0049
A2A288,419,0.0049
P02790,419,0.0049
Q5XG87,419,0.0049
A6NCL7,419,0.0049
P40763,419,0.0049
Q15319,419,0.0049
P33402,419,0.0049
Q16795,419,0.0049
Q9BX70,419,0.0049
P61812,419,0.0049
A0PJX8,419,0.0049
Q9Y4D1,419,0.0049
Q96DV4,419,0.0049
Q9BSK1,419,0.0049
Q9H8N7,419,0.0049
P04035,419,0.0049
Q6IC98,419,0.0049
Q6P280,419,0.0049
Q13367,418,0.0049
P07902,418,0.0049
Q86UV5,418,0.0049
Q8TDW4,418,0.0049
Q96LA6,418,0.0049
Q9H7H0,418,0.0049
P19235,418,0.0049
P69849,418,0.0049
Q9NQS1,418,0.0049
Q13042,418,0.0049
Q9HB55,418,0.0049
O95780,418,0.0049
P11168,418,0.0049
Q9NWB7,418,0.0049
Q8IVW4,418,0.0049
Q7Z406,418,0.0049
Q7Z4G4,418,0.0049
O43699,418,0.0049
Q9BTE6,418,0.0049
P51681,418,0.0049
Q5GH70,418,0.0049
Q86W11,418,0.0049
Q92791,418,0.0049
Q9UBX1,418,0.0049
O75462,418,0.0049
Q8NFZ5,417,0.0049
Q02161,417,0.0049
P78367,417,0.0049
Q9UNW1,417,0.0049
Q9Y228,417,0.0049
A2RU30,417,0.0049
Q969V4,417,0.0049
Q8TBZ5,417,0.0049
Q96RD6,417,0.0049
P47898,417,0.0049
Q9P1W8,417,0.0049
Q8NG06,417,0.0049
Q9BYJ9,417,0.0049
Q8NGK1,417,0.0049
P08727,417,0.0049
O00463,417,0.0049
Q8NBT3,417,0.0049
Q5T764,417,0.0049
P12644,417,0.0049
O14525,417,0.0049
Q5VZ18,417,0.0049
P52292,417,0.0049
Q8NH03,417,0.0049
Q9NZU0,417,0.0049
Q9BYV8,417,0.0049
Q8NGP3,417,0.0049
Q8NI99,417,0.0049
Q07343,416,0.0049
A6NKC9,416,0.0049
Q96CM3,416,0.0049
C9JJH3,416,0.0049
Q6L8Q7,416,0.0049
P50440,416,0.0049
Q69YN2,416,0.0049
P22732,416,0.0049
Q7L775,416,0.0049
P09622,416,0.0049
Q8WXQ8,416,0.0049
P60412,416,0.0049
Q9UIV8,416,0.0049
Q7Z6M2,416,0.0049
Q6UXE8,416,0.0049
P16150,416,0.0049
Q96LB2,416,0.0049
Q96NT5,416,0.0049
Q9H3M7,415,0.0049
Q6Q0C1,415,0.0049
Q9UH17,415,0.0049
Q7Z4I7,415,0.0049
Q6P047,415,0.0049
P48595,415,0.0049
O60669,415,0.0049
Q01740,415,0.0049
P08631,415,0.0049
P57727,415,0.0049
Q9UBF8,415,0.0049
O14556,415,0.0049
Q8N9Z0,415,0.0049
Q9H8G1,415,0.0049
O43182,415,0.0049
Q9UNX9,415,0.0049
Q15327,415,0.0049
Q16775,415,0.0049
Q9UBR4,415,0.0049
Q96C86,415,0.0049
Q8NH74,415,0.0049
Q9NZN3,415,0.0049
P12271,415,0.0049
Q7Z3E1,415,0.0049
Q53GL0,414,0.0049
Q5T2E6,414,0.0049
P17023,414,0.0049
Q9UK55,414,0.0049
A8MPX8,414,0.0049
A6NH00,414,0.0049
Q9UKU7,414,0.0049
Q8TDC3,414,0.0049
O75534,414,0.0049
Q6ZNW5,414,0.0049
Q7Z7L7,414,0.0049
O75795,414,0.0049
P11117,414,0.0049
Q6ZXV5,414,0.0049
Q9UHP6,414,0.0049
Q8NFY9,414,0.0049
Q9UK11,414,0.0049
Q8NEV1,414,0.0049
Q86Y01,414,0.0049
A6NI28,414,0.0049
Q9NSI5,414,0.0049
Q9BYI3,414,0.0049
O75084,414,0.0049
Q8WTU0,414,0.0049
Q9UBB6,414,0.0049
P52741,414,0.0049
Q9UDX4,413,0.0048
P49759,413,0.0048
Q6PIS1,413,0.0048
Q8N3Z0,413,0.0048
Q16401,413,0.0048
Q86TU7,413,0.0048
P52747,413,0.0048
Q7L7X3,413,0.0048
Q13216,413,0.0048
Q8WUY9,413,0.0048
Q8TCW7,413,0.0048
Q12778,413,0.0048
Q8N3J3,413,0.0048
Q9H6I2,413,0.0048
Q9H0I2,413,0.0048
Q9P2J3,413,0.0048
Q7L0R7,413,0.0048
Q92834,413,0.0048
Q8TAF7,413,0.0048
Q9BRK3,413,0.0048
P20933,413,0.0048
Q53F19,413,0.0048
Q6PHR2,413,0.0048
Q9H255,413,0.0048
Q52LD8,413,0.0048
O95264,413,0.0048
A5PLL1,413,0.0048
Q6IS24,412,0.0048
Q53EL6,412,0.0048
Q8N884,412,0.0048
Q9H3G5,412,0.0048
Q13118,412,0.0048
Q9BTV7,412,0.0048
Q96RI8,412,0.0048
P59541,412,0.0048
Q53GS9,412,0.0048
P34896,412,0.0048
Q10471,412,0.0048
Q6ZWB6,412,0.0048
Q9BXK5,412,0.0048
O14843,412,0.0048
Q9H3S3,412,0.0048
Q8WWH4,412,0.0048
Q9Y5U2,412,0.0048
Q13895,412,0.0048
Q86UE6,412,0.0048
Q9UHI7,412,0.0048
P22303,412,0.0048
Q9BU19,412,0.0048
Q0P6D2,412,0.0048
Q9H6X2,412,0.0048
Q9UKX7,412,0.0048
O75475,412,0.0048
Q5TC63,412,0.0048
Q15825,412,0.0048
P42785,411,0.0048
Q6ZQX7,411,0.0048
O43837,411,0.0048
Q9Y2E8,411,0.0048
Q9UBW5,411,0.0048
Q9UQ07,411,0.0048
O43189,411,0.0048
Q9BSL1,411,0.0048
Q16625,411,0.0048
A3QJZ7,411,0.0048
P45954,411,0.0048
Q7RTN6,411,0.0048
Q8TDS4,411,0.0048
O00591,411,0.0048
Q96PL5,411,0.0048
Q92777,411,0.0048
Q14677,411,0.0048
Q9BXI6,411,0.0048
P34947,411,0.0048
Q9NS68,411,0.0048
P40855,411,0.0048
Q5FYB0,411,0.0048
Q9UJ96,411,0.0048
O43822,411,0.0048
Q7Z7A4,411,0.0048
Q6ZN57,411,0.0048
Q9BYB4,411,0.0048
Q96LX8,411,0.0048
Q9H4E7,411,0.0048
Q6EKJ0,411,0.0048
Q96M60,411,0.0048
Q8NAV2,411,0.0048
P08397,411,0.0048
Q9NUV7,411,0.0048
Q9UNN5,411,0.0048
Q9BUI4,411,0.0048
Q12891,411,0.0048
Q13268,411,0.0048
Q6PI47,410,0.0048
Q9H2V7,410,0.0048
Q96NU7,410,0.0048
Q9BQ31,410,0.0048
Q8WWU5,410,0.0048
Q9BT17,410,0.0048
Q969T3,410,0.0048
Q9UJ68,410,0.0048
P06127,410,0.0048
Q92569,410,0.0048
Q9BWG4,410,0.0048
Q03154,410,0.0048
Q13562,410,0.0048
Q6YBV0,410,0.0048
Q96Q45,410,0.0048
Q2TAL5,410,0.0048
Q86SM8,409,0.0048
Q5VXH4,409,0.0048
Q9UBS5,409,0.0048
Q96NG3,409,0.0048
P42681,409,0.0048
Q9ULS5,409,0.0048
O75678,409,0.0048
Q53SZ7,409,0.0048
Q3ZCX4,409,0.0048
P43354,409,0.0048
Q8NBE8,409,0.0048
Q9BYJ4,409,0.0048
Q9H0F6,409,0.0048
Q8NDW4,409,0.0048
P50991,409,0.0048
Q9H0R6,409,0.0048
Q8N972,409,0.0048
P08651,409,0.0048
Q6ZS72,409,0.0048
Q8N0Z2,409,0.0048
Q4W5G0,409,0.0048
Q9NW82,409,0.0048
Q9Y5Y5,409,0.0048
P50452,409,0.0048
Q9UKA1,409,0.0048
Q969J2,409,0.0048
Q13258,409,0.0048
Q9UGU5,409,0.0048
A6NKF2,409,0.0048
P56202,408,0.0048
Q6UX01,408,0.0048
Q8N6G5,408,0.0048
Q8IYU8,408,0.0048
Q16445,408,0.0048
Q9BYT3,408,0.0048
P19429,408,0.0048
Q68DI1,408,0.0048
P51570,408,0.0048
Q96A70,408,0.0048
Q5JPE7,408,0.0048
Q16769,408,0.0048
Q13530,408,0.0048
P22314,408,0.0048
Q6Q788,408,0.0048
O94900,408,0.0048
Q9Y5X1,408,0.0048
Q8TDN4,408,0.0048
Q5U5Q3,408,0.0048
Q7Z3Z0,408,0.0048
Q14542,408,0.0048
A0A075B6I1,408,0.0048
Q5H9S7,407,0.0048
Q8WU17,407,0.0048
Q6NXT4,407,0.0048
Q9UIE0,407,0.0048
Q5TF39,407,0.0048
Q9Y5P6,407,0.0048
Q92734,407,0.0048
Q96K49,407,0.0048
Q9HBE1,407,0.0048
Q8WXI2,407,0.0048
P32297,407,0.0048
Q15392,407,0.0048
Q9UQ13,407,0.0048
O43488,407,0.0048
Q6H8Q1,407,0.0048
Q6UWY5,407,0.0048
Q9NS86,407,0.0048
Q8WVC0,407,0.0048
P55786,407,0.0048
Q92733,407,0.0048
A6NJ78,407,0.0048
P36957,407,0.0048
Q86VE3,406,0.0048
Q9UL17,406,0.0048
P02774,406,0.0048
Q9NYL5,406,0.0048
Q8NES3,406,0.0048
Q7Z698,406,0.0048
Q9UIS9,406,0.0048
Q8IV63,406,0.0048
Q13112,406,0.0048
Q96AC1,406,0.0048
Q9HBT7,406,0.0048
Q8IYA8,406,0.0048
Q7Z569,406,0.0048
Q15109,406,0.0048
Q9H6L2,406,0.0048
P22748,406,0.0048
Q9Y6H8,406,0.0048
P50225,406,0.0048
Q9BRQ8,406,0.0048
Q9BR26,406,0.0048
Q05516,406,0.0048
O14492,406,0.0048
P10243,406,0.0048
A0A087WSY4,405,0.0047
P42262,405,0.0047
Q96DC7,405,0.0047
Q8TDD2,405,0.0047
Q6NXG1,405,0.0047
A6NHG9,405,0.0047
Q9NQG6,405,0.0047
P15735,405,0.0047
Q96DT6,405,0.0047
Q9HCK5,405,0.0047
O60431,405,0.0047
Q8NCH0,405,0.0047
Q96E52,405,0.0047
P13056,405,0.0047
Q8N146,405,0.0047
P32314,405,0.0047
Q86UX7,405,0.0047
Q8TAD8,405,0.0047
Q7Z4H8,405,0.0047
Q02086,404,0.0047
O75886,404,0.0047
P42685,404,0.0047
Q5TZ20,404,0.0047
Q8NEM1,404,0.0047
Q96PU4,404,0.0047
Q12805,404,0.0047
Q6P9F7,404,0.0047
P60508,404,0.0047
Q8NFJ5,404,0.0047
Q10981,404,0.0047
Q53FD0,404,0.0047
O75792,404,0.0047
Q71F23,404,0.0047
Q8IZM9,404,0.0047
Q5VTE6,404,0.0047
Q93099,404,0.0047
P17050,404,0.0047
Q93050,404,0.0047
P06315,404,0.0047
Q9BY77,404,0.0047
Q2V2M9,404,0.0047
P30101,404,0.0047
Q9H936,403,0.0047
Q8NGP6,403,0.0047
Q9H972,403,0.0047
O43813,403,0.0047
Q5JT82,403,0.0047
Q14439,403,0.0047
Q8N6U8,403,0.0047
P20309,403,0.0047
Q53RD9,403,0.0047
Q96QS1,403,0.0047
Q96B33,403,0.0047
Q96BN6,403,0.0047
Q9UQB8,403,0.0047
P49915,403,0.0047
P29033,403,0.0047
Q6ZMU5,403,0.0047
Q96MN9,403,0.0047
P02675,403,0.0047
Q86V59,403,0.0047
Q2NKQ1,403,0.0047
Q96QS6,403,0.0047
Q86Z20,402,0.0047
Q7L1W4,402,0.0047
Q8NGS8,402,0.0047
Q9H9C1,402,0.0047
Q96LT7,402,0.0047
O15066,402,0.0047
Q13106,402,0.0047
Q9NP59,402,0.0047
Q96EB1,402,0.0047
O43309,402,0.0047
Q99487,402,0.0047
Q9H336,402,0.0047
B1AL88,402,0.0047
Q96R28,402,0.0047
P00387,402,0.0047
P49366,402,0.0047
Q96RD3,402,0.0047
Q5HYJ1,402,0.0047
Q9GZR2,402,0.0047
Q6ZN32,402,0.0047
O15042,402,0.0047
Q8IY84,402,0.0047
Q9BV87,402,0.0047
Q9ULR3,402,0.0047
Q9UJT9,402,0.0047
Q8IW36,401,0.0047
Q9UJ04,401,0.0047
Q96IW2,401,0.0047
Q8NCG5,401,0.0047
Q96QA5,401,0.0047
Q12907,401,0.0047
P59537,401,0.0047
O95400,401,0.0047
P09914,401,0.0047
Q86U17,401,0.0047
O43422,401,0.0047
Q96SB3,401,0.0047
Q4AE62,401,0.0047
Q8N808,401,0.0047
Q13515,401,0.0047
Q9Y5B9,400,0.0047
Q96LL4,400,0.0047
Q96NY8,400,0.0047
A8K0Z3,400,0.0047
Q8IZP7,400,0.0047
Q9Y581,400,0.0047
P29016,400,0.0047
Q6ZWJ1,400,0.0047
Q9NYA3,400,0.0047
P13686,400,0.0047
Q9H1Q7,400,0.0047
Q92847,400,0.0047
Q9BWM5,400,0.0047
P48995,400,0.0047
P11473,400,0.0047
Q8NHY5,400,0.0047
P08185,400,0.0047
O14804,400,0.0047
Q6UXB8,400,0.0047
Q8TE99,400,0.0047
Q8N9M5,400,0.0047
Q13467,400,0.0047
Q5W0U4,400,0.0047
Q13202,400,0.0047
Q86SJ2,400,0.0047
Q8NGX1,400,0.0047
Q8TF39,400,0.0047
Q8N3U4,400,0.0047
P47870,400,0.0047
O43895,400,0.0047
Q96A59,400,0.0047
Q09328,400,0.0047
Q9NQE7,400,0.0047
Q96NG8,400,0.0047
Q8IZ07,399,0.0047
Q15036,399,0.0047
Q8TE76,399,0.0047
Q49A17,399,0.0047
O95948,399,0.0047
Q5W5X9,399,0.0047
Q16585,399,0.0047
Q6ZSM3,399,0.0047
O43294,399,0.0047
Q8WTP8,399,0.0047
P43003,399,0.0047
A0A087WUL8,399,0.0047
Q8N7C7,399,0.0047
Q8N9S9,399,0.0047
Q8IV48,399,0.0047
P29466,399,0.0047
P53350,399,0.0047
A6NET4,399,0.0047
O75688,399,0.0047
Q8NGN5,399,0.0047
Q92556,399,0.0047
P53597,398,0.0047
Q16850,398,0.0047
Q96L12,398,0.0047
Q13325,398,0.0047
Q96RU3,398,0.0047
Q9BQG2,398,0.0047
Q5T3F8,398,0.0047
O00635,398,0.0047
Q9Y2G0,398,0.0047
Q13641,398,0.0047
Q8NGC3,398,0.0047
Q9Y2Y4,398,0.0047
O15527,398,0.0047
Q6XR72,398,0.0047
Q13356,398,0.0047
Q9BV79,398,0.0047
E9PKD4,398,0.0047
P40222,398,0.0047
Q6UX73,398,0.0047
Q13585,398,0.0047
P48145,398,0.0047
Q5MNV8,398,0.0047
P0CI25,398,0.0047
Q86WB0,397,0.0047
Q9UDX3,397,0.0047
Q9BX59,397,0.0047
O00292,397,0.0047
Q9UI38,397,0.0047
P21452,397,0.0047
Q8NGN3,397,0.0047
Q8NGJ6,397,0.0047
Q96LZ7,397,0.0047
Q8N4Q0,397,0.0047
P01008,397,0.0047
Q9NR83,397,0.0047
Q8IW19,397,0.0047
Q53LP3,397,0.0047
P14902,397,0.0047
Q9H2S9,397,0.0047
P49760,397,0.0047
Q9Y5C1,397,0.0047
Q9BT25,397,0.0047
P35900,397,0.0047
P55316,397,0.0047
Q8NFL0,397,0.0047
Q9H461,397,0.0047
Q9H0A9,397,0.0047
Q01650,397,0.0047
Q9P2J9,397,0.0047
Q68DH5,397,0.0047
Q96JP5,397,0.0047
Q9UBC0,397,0.0047
Q15080,397,0.0047
Q9UKB5,397,0.0047
P36544,397,0.0047
Q9NYA1,397,0.0047
P60370,397,0.0047
Q6IFG1,397,0.0047
Q15599,397,0.0047
Q99081,396,0.0046
Q13410,396,0.0046
Q9H0U9,396,0.0046
O95936,396,0.0046
Q9BSQ5,396,0.0046
Q8N205,396,0.0046
O95243,396,0.0046
Q3KNW1,396,0.0046
P63252,396,0.0046
P13796,396,0.0046
Q96SQ7,396,0.0046
Q96LQ0,396,0.0046
Q8WYN3,396,0.0046
Q9UPR5,396,0.0046
Q04727,396,0.0046
Q9H3S5,396,0.0046
P25098,396,0.0046
Q9P0U4,396,0.0046
Q96HM7,396,0.0046
Q9BY76,396,0.0046
Q8TB36,396,0.0046
P51955,396,0.0046
Q8NHY2,396,0.0046
Q96RF0,396,0.0046
Q02252,396,0.0046
P48740,396,0.0046
Q99643,396,0.0046
Q9BV35,395,0.0046
B2RC85,395,0.0046
Q16658,395,0.0046
O15297,395,0.0046
Q96M93,395,0.0046
Q9Y6M0,395,0.0046
P04198,395,0.0046
A6NMK8,395,0.0046
Q9BQE5,395,0.0046
P52209,395,0.0046
Q9P2L0,395,0.0046
Q06945,395,0.0046
P0CAP2,395,0.0046
P00749,395,0.0046
Q8TAX7,395,0.0046
O75635,395,0.0046
O75602,395,0.0046
Q67FW5,395,0.0046
Q9BXR0,394,0.0046
Q8N9U0,394,0.0046
Q8NGA1,394,0.0046
Q6UX04,394,0.0046
P09960,394,0.0046
Q969S3,394,0.0046
Q92630,394,0.0046
Q6ZT21,394,0.0046
Q06828,394,0.0046
P28288,394,0.0046
Q9BY44,394,0.0046
Q99808,394,0.0046
Q9BRR6,394,0.0046
Q6IQ49,394,0.0046
Q96Q07,394,0.0046
O00623,394,0.0046
Q5BKX8,394,0.0046
Q8NH40,394,0.0046
Q9BSV6,394,0.0046
Q96QI5,394,0.0046
Q6NUK1,394,0.0046
Q9P2F9,394,0.0046
Q8NGX8,394,0.0046
Q13114,394,0.0046
Q13470,394,0.0046
P13945,394,0.0046
Q9H344,393,0.0046
P09913,393,0.0046
Q8N1C3,393,0.0046
P43250,393,0.0046
Q53T59,393,0.0046
P20333,393,0.0046
O60478,393,0.0046
P24530,393,0.0046
Q9H3U5,393,0.0046
O60906,393,0.0046
O75674,393,0.0046
Q6J9G0,393,0.0046
Q99687,393,0.0046
P29371,393,0.0046
Q99551,393,0.0046
Q9HDC9,393,0.0046
Q9NUI1,393,0.0046
Q8NGK0,393,0.0046
O00451,393,0.0046
Q05084,393,0.0046
Q4VC12,393,0.0046
Q9NTQ9,393,0.0046
Q8IYJ1,393,0.0046
Q9H0H5,393,0.0046
Q96I24,393,0.0046
P80370,393,0.0046
Q9NRH2,392,0.0046
Q8TD10,392,0.0046
A6NEF3,392,0.0046
Q9UN88,392,0.0046
Q8NH43,392,0.0046
Q8IZL9,392,0.0046
Q9ULM2,392,0.0046
P51449,392,0.0046
Q8NGD3,392,0.0046
P22003,392,0.0046
Q86VQ6,392,0.0046
O75800,392,0.0046
Q02930,392,0.0046
P42575,392,0.0046
Q68DL7,392,0.0046
Q6X9E4,392,0.0046
Q96RD2,392,0.0046
P78415,392,0.0046
Q9GZX5,392,0.0046
Q8TAL5,392,0.0046
Q8N9V3,392,0.0046
Q14093,392,0.0046
P02649,391,0.0046
Q5SR56,391,0.0046
P19525,391,0.0046
Q9BRT8,391,0.0046
P50897,391,0.0046
Q12824,391,0.0046
Q13619,391,0.0046
Q8TA94,391,0.0046
P04180,391,0.0046
Q9H0R1,391,0.0046
Q9HC97,391,0.0046
Q49AA0,391,0.0046
Q96BZ8,391,0.0046
Q8NGE1,391,0.0046
Q8NCQ5,391,0.0046
P11488,391,0.0046
Q5BKT4,391,0.0046
Q96LP6,391,0.0046
P10155,391,0.0046
P08861,391,0.0046
Q8N9L9,391,0.0046
Q8N162,391,0.0046
O43684,391,0.0046
Q16600,391,0.0046
Q8NC67,390,0.0046
Q9H3H1,390,0.0046
Q9Y6N5,390,0.0046
Q92609,390,0.0046
Q8N5D6,390,0.0046
Q9BXC0,390,0.0046
Q96DZ1,390,0.0046
Q8NGC6,390,0.0046
Q9NUL3,390,0.0046
Q8WVM8,390,0.0046
O95154,390,0.0046
Q9UPV7,390,0.0046
Q8TC41,390,0.0046
Q96HD1,390,0.0046
Q9GZQ6,390,0.0046
P0C263,390,0.0046
Q14738,390,0.0046
Q9NWU1,390,0.0046
O94955,390,0.0046
Q9NNX6,390,0.0046
Q9H295,390,0.0046
Q8IZ40,390,0.0046
O15143,390,0.0046
P41970,390,0.0046
Q6NW40,390,0.0046
Q86TI4,389,0.0046
P47881,389,0.0046
Q9UC06,389,0.0046
P52306,389,0.0046
Q643R3,389,0.0046
P0C7V6,389,0.0046
Q8N0V3,389,0.0046
P22674,389,0.0046
P07988,389,0.0046
Q8IVI9,389,0.0046
F5H4B4,389,0.0046
A2RRD8,389,0.0046
Q9Y512,389,0.0046
P50226,389,0.0046
P10645,389,0.0046
P41212,389,0.0046
P42263,389,0.0046
Q99684,389,0.0046
Q8TC90,389,0.0046
P25024,389,0.0046
Q14623,389,0.0046
P28472,389,0.0046
O95299,389,0.0046
Q7L804,388,0.0045
Q86XQ3,388,0.0045
P58335,388,0.0045
Q9NVH1,388,0.0045
Q9UKP6,388,0.0045
Q92949,388,0.0045
P01703,388,0.0045
O95841,388,0.0045
Q9UNF0,388,0.0045
Q9UQ10,388,0.0045
Q8N8M0,388,0.0045
Q5VSG8,388,0.0045
Q96JJ6,388,0.0045
O00471,388,0.0045
P50990,388,0.0045
Q8N0V4,388,0.0045
O95081,388,0.0045
P55916,388,0.0045
P58304,388,0.0045
P0C870,388,0.0045
O75208,388,0.0045
A6NM03,388,0.0045
Q9NSY0,388,0.0045
Q92858,387,0.0045
Q6PEW0,387,0.0045
Q9Y2B1,387,0.0045
Q8WWV3,387,0.0045
O75333,387,0.0045
Q9H5Z6,387,0.0045
Q96BW5,387,0.0045
Q9Y5Z0,387,0.0045
P30307,387,0.0045
O43448,387,0.0045
Q86VW0,387,0.0045
Q96SU4,387,0.0045
Q96LA9,387,0.0045
Q9Y6R0,387,0.0045
Q8TAX9,387,0.0045
Q9NQS3,387,0.0045
Q8NA75,387,0.0045
O43318,387,0.0045
P02765,387,0.0045
Q7Z3H4,387,0.0045
Q8NAX2,387,0.0045
Q96EK9,387,0.0045
Q9H1U4,387,0.0045
P11172,387,0.0045
O94818,387,0.0045
Q4V328,386,0.0045
Q9NXN4,386,0.0045
P09093,386,0.0045
P17024,386,0.0045
Q96QK1,386,0.0045
Q3SYC2,386,0.0045
Q7Z398,386,0.0045
Q9H5Q4,386,0.0045
Q9UGK3,386,0.0045
A0A087WSX0,386,0.0045
Q9NPC7,386,0.0045
A8MVW5,386,0.0045
Q8WUU4,386,0.0045
Q8TDV0,386,0.0045
O76062,386,0.0045
Q9Y375,386,0.0045
Q96H15,386,0.0045
P34949,386,0.0045
Q9NQV6,386,0.0045
Q86WV6,386,0.0045
Q15928,386,0.0045
Q96RI9,386,0.0045
Q8NE31,386,0.0045
O75712,385,0.0045
P48052,385,0.0045
P11279,385,0.0045
Q9NXS2,385,0.0045
Q5TFE4,385,0.0045
Q5TID7,385,0.0045
Q8N8Y2,385,0.0045
Q9UNP4,385,0.0045
Q13416,385,0.0045
Q9H5K3,385,0.0045
Q16877,385,0.0045
Q8N6M5,385,0.0045
Q96EV8,385,0.0045
Q96D31,385,0.0045
Q14683,385,0.0045
Q15814,385,0.0045
Q99705,385,0.0045
Q15389,385,0.0045
O75388,385,0.0045
Q13461,385,0.0045
A8MUV8,385,0.0045
P00738,385,0.0045
P27824,385,0.0045
Q8NGK9,385,0.0045
Q9NVX7,385,0.0045
Q49A92,385,0.0045
Q8N720,385,0.0045
Q9H3R2,385,0.0045
O00400,385,0.0045
P83111,385,0.0045
Q7L8C5,385,0.0045
Q96P65,385,0.0045
Q15723,384,0.0045
Q8IXE1,384,0.0045
Q9H4M9,384,0.0045
Q9UBH6,384,0.0045
P35626,384,0.0045
Q96PR1,384,0.0045
Q14376,384,0.0045
Q14202,384,0.0045
Q9NUJ7,384,0.0045
Q96NJ5,384,0.0045
P23760,384,0.0045
Q8IYB1,384,0.0045
O43464,384,0.0045
O43493,384,0.0045
P22612,384,0.0045
O00303,384,0.0045
Q9UGK8,384,0.0045
Q7L5A8,384,0.0045
Q9Y6Q5,384,0.0045
P60369,384,0.0045
Q86VH4,384,0.0045
Q99676,384,0.0045
O15547,384,0.0045
Q96EM0,384,0.0045
Q6ZU67,384,0.0045
Q8NGY0,384,0.0045
Q9H6U6,384,0.0045
Q9H6B9,384,0.0045
P36551,384,0.0045
O15460,384,0.0045
B1AKI9,384,0.0045
Q6ZMY6,384,0.0045
Q8NG97,384,0.0045
A0A075B6H9,384,0.0045
Q9BX67,384,0.0045
Q8IVW6,384,0.0045
Q9Y6W6,384,0.0045
O15218,383,0.0045
P35414,383,0.0045
P27352,383,0.0045
Q92781,383,0.0045
Q86SQ9,383,0.0045
Q0D2J5,383,0.0045
P42126,383,0.0045
Q8TD91,383,0.0045
Q5VTD9,383,0.0045
P21731,383,0.0045
O60812,383,0.0045
P53794,383,0.0045
P25025,383,0.0045
Q8NBW4,383,0.0045
P46663,383,0.0045
Q53EU6,383,0.0045
P49768,383,0.0045
Q8NGF3,383,0.0045
Q8NGJ4,383,0.0045
Q86YP4,383,0.0045
Q86YJ7,383,0.0045
Q5VTA0,383,0.0045
Q5VV42,382,0.0045
Q9BVG3,382,0.0045
Q06455,382,0.0045
Q8WWY3,382,0.0045
Q5VTB9,382,0.0045
Q7RTY1,382,0.0045
Q9HBT8,382,0.0045
Q96C28,382,0.0045
Q9P2U8,382,0.0045
Q9UJM8,382,0.0045
Q96C00,382,0.0045
Q8IUD6,382,0.0045
Q86VV4,382,0.0045
Q9BTZ2,382,0.0045
Q9H4K1,382,0.0045
Q495X7,382,0.0045
P57773,382,0.0045
O14777,382,0.0045
P49961,382,0.0045
O60890,382,0.0045
O14730,382,0.0045
P54289,382,0.0045
P08138,382,0.0045
Q14032,382,0.0045
Q8TCJ2,382,0.0045
Q9HA64,382,0.0045
P32245,381,0.0045
Q9BV20,381,0.0045
Q8NCC3,381,0.0045
Q9Y617,381,0.0045
P35452,381,0.0045
P17022,381,0.0045
Q8IZ02,381,0.0045
Q86YD3,381,0.0045
Q9NX18,381,0.0045
Q96GZ6,381,0.0045
Q9NWS8,381,0.0045
Q9NVC3,381,0.0045
P35575,381,0.0045
P05089,381,0.0045
Q8NBR0,381,0.0045
Q1HG44,381,0.0045
Q96NA2,381,0.0045
Q5HY98,381,0.0045
Q96AA8,381,0.0045
Q9Y286,381,0.0045
A6NI03,381,0.0045
Q06416,381,0.0045
P04628,381,0.0045
P08697,380,0.0045
Q86UN2,380,0.0045
Q9HBL6,380,0.0045
P06126,380,0.0045
P34897,380,0.0045
Q9HB07,380,0.0045
P83105,380,0.0045
Q92599,380,0.0045
Q96G75,380,0.0045
P40227,380,0.0045
P08912,380,0.0045
Q9Y6I7,380,0.0045
Q6UXV0,380,0.0045
Q8WV93,380,0.0045
Q8NGK6,380,0.0045
Q9UJW3,380,0.0045
Q5SW96,380,0.0045
P58004,380,0.0045
Q2TAL8,380,0.0045
Q9BZE1,380,0.0045
Q9Y603,379,0.0044
P01701,379,0.0044
Q8NBI6,379,0.0044
P24386,379,0.0044
P04746,379,0.0044
Q9BT04,379,0.0044
Q8N3J2,379,0.0044
P28221,379,0.0044
O60663,379,0.0044
P35368,379,0.0044
O95665,379,0.0044
Q9P296,379,0.0044
Q9HC52,379,0.0044
A2RUH7,379,0.0044
Q9NR81,379,0.0044
O94923,379,0.0044
P49593,379,0.0044
Q13478,379,0.0044
Q8NBJ7,379,0.0044
O75610,379,0.0044
A6NGY5,379,0.0044
C9JN71,379,0.0044
P42680,379,0.0044
O60806,379,0.0044
O75044,379,0.0044
P43897,379,0.0044
Q16773,379,0.0044
Q9Y664,379,0.0044
Q8NGL0,379,0.0044
Q00796,379,0.0044
Q16654,379,0.0044
Q8NGP4,379,0.0044
P25189,379,0.0044
Q9H313,379,0.0044
Q8N184,378,0.0044
Q9UH77,378,0.0044
Q7L945,378,0.0044
Q6ZUK4,378,0.0044
Q9H8J5,378,0.0044
Q9UI42,378,0.0044
O60216,378,0.0044
Q96I13,378,0.0044
O60749,378,0.0044
Q8NGB6,378,0.0044
Q9P2N6,378,0.0044
Q9Y4I5,378,0.0044
Q8IYX8,378,0.0044
Q53EZ4,378,0.0044
Q5VTL8,378,0.0044
Q0VDF9,378,0.0044
Q96QS3,378,0.0044
O00602,378,0.0044
P48380,378,0.0044
Q92786,378,0.0044
Q9NZS9,378,0.0044
Q8WU20,378,0.0044
Q12951,378,0.0044
Q8N9L1,378,0.0044
Q8N127,378,0.0044
Q68EN5,378,0.0044
Q8NH41,378,0.0044
Q9NUQ7,378,0.0044
Q9NT99,378,0.0044
Q04828,378,0.0044
Q99259,378,0.0044
P52737,377,0.0044
Q8IVH4,377,0.0044
A8MVW0,377,0.0044
Q9H9T3,377,0.0044
P58658,377,0.0044
Q7L1T6,377,0.0044
P46976,377,0.0044
Q13324,377,0.0044
Q9GZT8,377,0.0044
Q13237,377,0.0044
Q13495,377,0.0044
Q10469,377,0.0044
Q16620,377,0.0044
Q6BCY4,377,0.0044
Q13326,377,0.0044
Q8WV15,377,0.0044
Q99527,377,0.0044
P16415,377,0.0044
Q5BKZ1,377,0.0044
P20142,377,0.0044
Q7Z2H8,377,0.0044
Q9NX58,377,0.0044
P0DPH8,376,0.0044
P86791,376,0.0044
Q13572,376,0.0044
Q9UKS7,376,0.0044
Q8N6T3,376,0.0044
Q93038,376,0.0044
Q5SWL7,376,0.0044
O95222,376,0.0044
Q9Y546,376,0.0044
A6NDY0,376,0.0044
Q8IWF9,376,0.0044
Q3SXM5,376,0.0044
Q9H2F5,376,0.0044
Q8N0W4,376,0.0044
P28328,376,0.0044
A6NEE1,376,0.0044
P16520,376,0.0044
Q9HAK2,376,0.0044
Q9NPI9,375,0.0044
Q8N118,375,0.0044
Q7L266,375,0.0044
Q9UGM5,375,0.0044
Q9HBL8,375,0.0044
Q86W42,375,0.0044
P01730,375,0.0044
I3L273,375,0.0044
Q8N2W9,375,0.0044
Q9NVD3,375,0.0044
Q9HC16,375,0.0044
Q8NGU9,375,0.0044
Q9Y399,375,0.0044
Q8NBA8,375,0.0044
Q86V97,375,0.0044
Q8NGJ8,375,0.0044
Q8IZ20,375,0.0044
P41145,375,0.0044
P53384,375,0.0044
Q7Z7F0,374,0.0044
P05556,374,0.0044
Q9UNE2,374,0.0044
Q15054,374,0.0044
P02760,374,0.0044
P48735,374,0.0044
P36915,374,0.0044
Q13077,374,0.0044
B5MCN3,374,0.0044
Q93097,374,0.0044
Q92563,374,0.0044
Q9NPH3,374,0.0044
Q99571,374,0.0044
Q6BAA4,374,0.0044
Q13133,374,0.0044
Q9BYV2,374,0.0044
Q7Z418,374,0.0044
Q96IJ6,374,0.0044
Q9BSW7,374,0.0044
Q8TCP9,374,0.0044
Q8N7C3,374,0.0044
O43603,374,0.0044
Q9NZU5,374,0.0044
P10909,374,0.0044
Q15561,374,0.0044
Q7Z3Q1,374,0.0044
P53985,374,0.0044
P39900,374,0.0044
Q6ZQW0,374,0.0044
Q9BS91,374,0.0044
Q9UNY5,374,0.0044
Q99543,374,0.0044
Q13505,374,0.0044
O75311,373,0.0044
O95630,373,0.0044
Q96BU1,373,0.0044
Q8NDZ0,373,0.0044
Q7Z353,373,0.0044
Q96SB4,373,0.0044
Q9P2I0,373,0.0044
Q9NWK9,373,0.0044
Q5VXI9,373,0.0044
C9JE40,373,0.0044
Q15050,373,0.0044
O75928,373,0.0044
Q8NF99,373,0.0044
P10809,373,0.0044
Q6UX07,373,0.0044
Q05901,373,0.0044
Q8NGL3,373,0.0044
Q16650,373,0.0044
P13010,373,0.0044
P0DPA2,373,0.0044
Q9ULK6,373,0.0044
P11926,373,0.0044
O43193,373,0.0044
Q14585,373,0.0044
E9PJ23,373,0.0044
P30260,373,0.0044
Q8IVJ1,373,0.0044
P06732,372,0.0044
Q9HAC7,372,0.0044
Q5VV16,372,0.0044
O75346,372,0.0044
A1L453,372,0.0044
P35663,372,0.0044
Q9BUQ8,372,0.0044
Q96LP2,372,0.0044
P50549,372,0.0044
P17735,372,0.0044
O95196,372,0.0044
P02750,372,0.0044
O14879,372,0.0044
Q13285,372,0.0044
O95684,372,0.0044
Q9Y4C5,372,0.0044
Q8NGE3,372,0.0044
Q15485,372,0.0044
O60239,372,0.0044
P15086,372,0.0044
O14717,372,0.0044
O95900,372,0.0044
Q9Y646,372,0.0044
Q9H339,372,0.0044
Q9H2F3,372,0.0044
Q6PGQ7,372,0.0044
Q99500,372,0.0044
P20815,372,0.0044
A0A0C4DH33,372,0.0044
P14867,372,0.0044
O15120,371,0.0043
A6NMS3,371,0.0043
O75071,371,0.0043
Q9UIK4,371,0.0043
P41214,371,0.0043
Q96NR3,371,0.0043
Q9Y679,371,0.0043
O43638,371,0.0043
Q14916,371,0.0043
Q9HC62,371,0.0043
Q8NH60,371,0.0043
Q8TBN0,371,0.0043
A6XGL0,371,0.0043
O75616,371,0.0043
Q9NZP2,371,0.0043
Q8TF44,371,0.0043
Q70CQ3,371,0.0043
Q8IXK0,371,0.0043
O15382,371,0.0043
Q9Y4A9,371,0.0043
Q9P0J1,371,0.0043
Q8N6T7,371,0.0043
Q16280,371,0.0043
Q8WV28,371,0.0043
Q8NFT2,371,0.0043
O43186,371,0.0043
Q8NH01,370,0.0043
Q8NH90,370,0.0043
Q16222,370,0.0043
Q13043,370,0.0043
Q8NA31,370,0.0043
Q14183,370,0.0043
Q9NVM9,370,0.0043
O14874,370,0.0043
Q4ZJI4,370,0.0043
O43766,370,0.0043
Q9H7C4,370,0.0043
Q86T26,370,0.0043
Q7KZN9,370,0.0043
Q9NXG6,370,0.0043
P51878,370,0.0043
Q15744,370,0.0043
Q9Y2D9,370,0.0043
Q8N5J2,370,0.0043
Q9P109,370,0.0043
Q53H54,370,0.0043
Q96DY2,370,0.0043
Q53QW1,370,0.0043
Q3SY52,370,0.0043
Q8TD90,370,0.0043
Q15782,370,0.0043
P43378,370,0.0043
Q96ER3,370,0.0043
Q6MZP7,370,0.0043
O15504,369,0.0043
Q8NG75,369,0.0043
Q9BXL5,369,0.0043
Q8NGX2,369,0.0043
Q9HB14,369,0.0043
Q13564,369,0.0043
Q969G2,369,0.0043
Q8TBZ3,369,0.0043
O75689,369,0.0043
O95221,369,0.0043
Q9UJK0,369,0.0043
Q8NGG4,369,0.0043
Q99489,369,0.0043
Q9BY66,369,0.0043
Q15572,369,0.0043
P01700,369,0.0043
P11245,369,0.0043
Q9NVN8,369,0.0043
Q9NXH8,369,0.0043
Q9NZ09,369,0.0043
P78508,369,0.0043
Q5XUX0,369,0.0043
Q8N228,369,0.0043
P25686,369,0.0043
Q969R8,369,0.0043
Q6PJ21,369,0.0043
P48066,369,0.0043
P35367,369,0.0043
O00744,369,0.0043
P0CG24,368,0.0043
P21506,368,0.0043
P18507,368,0.0043
Q96LA8,368,0.0043
Q9P0Z9,368,0.0043
P43220,368,0.0043
P05423,368,0.0043
Q96E39,368,0.0043
O60729,368,0.0043
Q9NZP0,368,0.0043
P40123,368,0.0043
Q13084,368,0.0043
Q8NGK4,368,0.0043
Q9Y3T6,368,0.0043
Q8NH85,368,0.0043
P59538,368,0.0043
Q86VS8,368,0.0043
Q6IEU7,368,0.0043
Q9UJ37,367,0.0043
P27216,367,0.0043
Q5PT55,367,0.0043
Q9H497,367,0.0043
Q9NZR4,367,0.0043
P78423,367,0.0043
Q969Q1,367,0.0043
Q3B7J2,367,0.0043
Q9NUP7,367,0.0043
Q9Y3Y4,367,0.0043
P20138,367,0.0043
Q9BZJ4,367,0.0043
O43819,367,0.0043
Q12952,367,0.0043
Q8NGL4,367,0.0043
O95872,367,0.0043
Q8N414,367,0.0043
Q16644,367,0.0043
Q9BYQ5,367,0.0043
Q6W5P4,367,0.0043
Q7Z7H3,367,0.0043
Q7Z6M1,367,0.0043
Q96F83,367,0.0043
P56159,367,0.0043
Q96A29,366,0.0043
Q9UBM4,366,0.0043
Q0VDG4,366,0.0043
P21695,366,0.0043
P36382,366,0.0043
Q9NUD7,366,0.0043
P31146,366,0.0043
P48664,366,0.0043
Q8NH16,366,0.0043
P25705,366,0.0043
Q14534,366,0.0043
Q8NGP9,366,0.0043
O75312,366,0.0043
O00757,366,0.0043
Q99538,366,0.0043
Q7L3V2,366,0.0043
P04792,366,0.0043
Q6P499,366,0.0043
Q96KS9,366,0.0043
Q9NPH0,366,0.0043
P18577,366,0.0043
Q9HAU4,366,0.0043
O95837,366,0.0043
Q9H040,366,0.0043
Q8NGI2,366,0.0043
Q53F39,366,0.0043
P21462,366,0.0043
P52945,365,0.0043
Q8IV38,365,0.0043
Q5BKX5,365,0.0043
Q9NWX5,365,0.0043
Q8IUC8,365,0.0043
Q9H000,365,0.0043
Q16526,365,0.0043
Q6ZWK6,365,0.0043
P43489,365,0.0043
Q9UGC7,365,0.0043
Q99999,365,0.0043
Q08170,365,0.0043
Q12906,365,0.0043
Q7Z5B4,365,0.0043
Q8NBT0,365,0.0043
Q5VWX1,365,0.0043
P0CW27,365,0.0043
Q9UHL0,365,0.0043
Q8NH37,365,0.0043
P08670,365,0.0043
Q8NGY1,364,0.0043
P18146,364,0.0043
Q9UPE1,364,0.0043
P49761,364,0.0043
Q9BWW9,364,0.0043
P50391,364,0.0043
Q02156,364,0.0043
Q8N335,364,0.0043
Q9HCJ2,364,0.0043
Q06210,364,0.0043
P47804,364,0.0043
Q9BQQ3,364,0.0043
Q9H095,364,0.0043
Q14153,364,0.0043
O00482,364,0.0043
Q9UIH9,364,0.0043
O00178,364,0.0043
Q9NXE8,364,0.0043
Q9P2A4,364,0.0043
P35249,364,0.0043
Q496M5,364,0.0043
Q96QF7,364,0.0043
Q29980,364,0.0043
P56693,364,0.0043
A6NCJ1,364,0.0043
Q9UBU9,364,0.0043
Q5T7M4,364,0.0043
P07947,364,0.0043
P38567,364,0.0043
A0AVI4,363,0.0043
P15812,363,0.0043
Q9Y3P4,363,0.0043
Q3KP31,363,0.0043
Q13686,363,0.0043
Q9UJA5,363,0.0043
Q6ZMR5,363,0.0043
Q96GA3,363,0.0043
O43820,363,0.0043
Q96LB8,363,0.0043
Q5UAW9,363,0.0043
Q8N371,363,0.0043
Q9HD23,363,0.0043
Q9UL03,363,0.0043
Q9H0I3,363,0.0043
A0PJY2,363,0.0043
Q6NSI4,363,0.0043
Q9BYT1,363,0.0043
P48029,363,0.0043
Q8N2I9,363,0.0043
Q7RTX9,363,0.0043
Q96CS4,363,0.0043
Q8N7P1,363,0.0043
A0A0C4DH29,363,0.0043
Q9UKD1,363,0.0043
Q49AR2,363,0.0043
O43613,363,0.0043
Q9H9Y2,363,0.0043
Q9H4F8,363,0.0043
A6NK59,362,0.0042
Q15653,362,0.0042
O15403,362,0.0042
Q7Z6J6,362,0.0042
Q8NHS2,362,0.0042
Q58WW2,362,0.0042
O00219,362,0.0042
Q86XJ0,362,0.0042
Q93088,362,0.0042
Q96G79,362,0.0042
Q8TDU6,362,0.0042
O00425,362,0.0042
Q9UIW0,362,0.0042
Q96CD0,362,0.0042
P08908,362,0.0042
Q9NUJ3,362,0.0042
Q9H7B4,362,0.0042
Q5T4F4,362,0.0042
P15509,362,0.0042
A5LHX3,362,0.0042
O75521,362,0.0042
Q8NGQ4,362,0.0042
Q99439,362,0.0042
Q8TDU9,362,0.0042
Q96H96,362,0.0042
Q8WV83,361,0.0042
A6NJB7,361,0.0042
Q96D42,361,0.0042
O15552,361,0.0042
Q92544,361,0.0042
Q92504,361,0.0042
Q9UJU6,361,0.0042
Q14296,361,0.0042
Q9H2G4,361,0.0042
Q14814,361,0.0042
Q9BY78,361,0.0042
Q99986,361,0.0042
P50219,361,0.0042
A1A519,361,0.0042
P54284,361,0.0042
Q13609,361,0.0042
Q9P0U3,361,0.0042
Q9UKI9,361,0.0042
Q96L50,360,0.0042
Q9BSG1,360,0.0042
Q6VUC0,360,0.0042
P60827,360,0.0042
Q15084,360,0.0042
Q04771,360,0.0042
O14908,360,0.0042
P47972,360,0.0042
P58872,360,0.0042
Q9NTJ5,360,0.0042
Q9Y257,360,0.0042
Q8N4L1,360,0.0042
O14672,360,0.0042
Q9UJ70,360,0.0042
Q9Y5Y3,360,0.0042
Q6PIY7,360,0.0042
Q8NGS9,360,0.0042
Q9NZH0,360,0.0042
Q96CA5,360,0.0042
A0MZ66,360,0.0042
P32322,360,0.0042
Q53H12,360,0.0042
Q9UKZ9,360,0.0042
Q9Y297,360,0.0042
Q9H6Y7,360,0.0042
Q96MF2,360,0.0042
Q05513,360,0.0042
O43614,360,0.0042
Q9HCU5,360,0.0042
P42765,360,0.0042
Q9Y2I8,360,0.0042
Q8TCX1,360,0.0042
Q86VF5,359,0.0042
Q7KZI7,359,0.0042
Q14790,359,0.0042
O14905,359,0.0042
Q96QZ0,359,0.0042
Q8WY64,359,0.0042
P54793,359,0.0042
A6NLI5,359,0.0042
Q9H8G2,359,0.0042
Q86UB2,359,0.0042
Q9H6A0,359,0.0042
P16389,359,0.0042
P17987,359,0.0042
Q49A26,359,0.0042
P18505,359,0.0042
Q9NR23,359,0.0042
P22059,359,0.0042
P12643,359,0.0042
B6SEH9,359,0.0042
Q9HA72,359,0.0042
A6NDL8,359,0.0042
O43315,359,0.0042
P29353,359,0.0042
Q9BWF2,359,0.0042
Q8TD30,359,0.0042
P98169,359,0.0042
O43542,359,0.0042
Q96MA1,359,0.0042
Q9BRR0,359,0.0042
Q92536,359,0.0042
Q6UX72,359,0.0042
Q13705,359,0.0042
Q96IR7,358,0.0042
Q96KC9,358,0.0042
P35354,358,0.0042
Q15057,358,0.0042
Q96C23,358,0.0042
Q9BR11,358,0.0042
Q8IXJ6,358,0.0042
O94766,358,0.0042
Q96RE7,358,0.0042
O95274,358,0.0042
Q9BRS8,358,0.0042
Q8NG81,358,0.0042
Q9BXI3,358,0.0042
P34910,358,0.0042
Q8N0Z6,358,0.0042
Q8NBN3,358,0.0042
Q5M8T2,358,0.0042
Q8TEY5,358,0.0042
Q6V9R5,358,0.0042
Q9Y6G9,358,0.0042
Q9UL52,358,0.0042
Q9NP08,357,0.0042
Q9UL63,357,0.0042
A6NM36,357,0.0042
Q9H668,357,0.0042
Q969N4,357,0.0042
Q12834,357,0.0042
Q8WYA6,357,0.0042
Q6PD74,357,0.0042
Q6NZI2,357,0.0042
Q8IX90,357,0.0042
Q92664,357,0.0042
P09493,357,0.0042
Q8NGL2,357,0.0042
Q8NGP8,357,0.0042
Q9Y697,357,0.0042
Q8NGK2,357,0.0042
Q8IX18,357,0.0042
Q96JA3,357,0.0042
Q09161,357,0.0042
Q8NGE8,357,0.0042
Q3ZCM7,357,0.0042
O43570,357,0.0042
O60403,357,0.0042
Q9NRM2,357,0.0042
Q9NQ87,357,0.0042
Q9UJT1,357,0.0042
O95793,357,0.0042
Q8NGY9,357,0.0042
P17540,357,0.0042
P0C7Q6,356,0.0042
P49411,356,0.0042
Q8IYA7,356,0.0042
Q86X51,356,0.0042
Q96AE4,356,0.0042
P19526,356,0.0042
Q5VU57,356,0.0042
Q8N4L4,356,0.0042
Q86X76,356,0.0042
Q9NRC8,356,0.0042
Q8NGR4,356,0.0042
Q6S5H5,356,0.0042
O14520,356,0.0042
P30532,356,0.0042
Q8WUP2,356,0.0042
Q7Z4J2,356,0.0042
Q5VUY0,356,0.0042
Q8N5D0,356,0.0042
Q5JQC9,356,0.0042
Q9GZV8,356,0.0042
Q8NGJ9,356,0.0042
Q96AM1,356,0.0042
Q8N8R3,356,0.0042
Q86XS5,356,0.0042
Q14406,356,0.0042
A6NJ64,356,0.0042
Q15428,356,0.0042
P31249,356,0.0042
Q6UXG3,356,0.0042
Q96MI6,356,0.0042
Q86SS6,356,0.0042
Q3SX64,356,0.0042
Q96E29,355,0.0042
P48454,355,0.0042
Q9H6B1,355,0.0042
A6NDP7,355,0.0042
P25685,355,0.0042
Q92925,355,0.0042
P50453,355,0.0042
P13378,355,0.0042
O75901,355,0.0042
Q6UW02,355,0.0042
Q8N7A1,355,0.0042
P49711,355,0.0042
Q7Z4H9,355,0.0042
Q92665,355,0.0042
Q8NCC5,355,0.0042
O60243,355,0.0042
Q96SR6,355,0.0042
P47211,355,0.0042
Q9BUM1,355,0.0042
Q9NY43,355,0.0042
Q9H5H4,355,0.0042
Q9H300,355,0.0042
Q9UQF0,355,0.0042
Q8IVP9,355,0.0042
Q5VXJ0,354,0.0041
O15335,354,0.0041
Q9H228,354,0.0041
P00797,354,0.0041
Q96QD8,354,0.0041
Q92759,354,0.0041
A0PJZ3,354,0.0041
Q9BRY0,354,0.0041
Q8NHC8,354,0.0041
Q9H7S9,354,0.0041
Q9Y3A4,354,0.0041
Q8NCA9,354,0.0041
P0DPH7,354,0.0041
O43824,354,0.0041
P04278,354,0.0041
Q5EBM0,354,0.0041
P0C025,354,0.0041
P0C264,354,0.0041
A0AVF1,354,0.0041
Q9UHE5,354,0.0041
P35237,354,0.0041
O94826,354,0.0041
Q96NI8,354,0.0041
O75844,354,0.0041
Q8N431,354,0.0041
O75925,354,0.0041
Q9NQR9,354,0.0041
Q86VH5,354,0.0041
Q8NAM6,354,0.0041
Q7L1S5,354,0.0041
Q9HBI1,354,0.0041
Q9H346,354,0.0041
P49910,354,0.0041
Q8NHB7,354,0.0041
Q8NGE5,354,0.0041
P82650,354,0.0041
Q8IVL1,354,0.0041
Q96HD9,354,0.0041
Q13336,353,0.0041
Q9H1P3,353,0.0041
Q14142,353,0.0041
Q96PF2,353,0.0041
Q86YB8,353,0.0041
Q9UJT0,353,0.0041
Q96MG2,353,0.0041
P60014,353,0.0041
Q96GA7,353,0.0041
Q9BZY9,353,0.0041
Q07820,353,0.0041
Q86VR8,353,0.0041
Q8NGH9,353,0.0041
Q9H2U2,353,0.0041
P01189,353,0.0041
Q9NR45,353,0.0041
Q4G1C9,353,0.0041
Q8WV24,353,0.0041
Q6FHJ7,353,0.0041
O43278,353,0.0041
O00204,353,0.0041
P48146,353,0.0041
Q8NBJ4,353,0.0041
P21128,353,0.0041
Q8N584,353,0.0041
Q6ZVZ8,353,0.0041
P32189,353,0.0041
Q5TEU4,353,0.0041
Q8NCW0,353,0.0041
Q96S99,353,0.0041
C9J202,353,0.0041
Q86UW8,353,0.0041
Q9BYU1,353,0.0041
P23352,353,0.0041
P17752,353,0.0041
P35227,352,0.0041
P27544,352,0.0041
O95870,352,0.0041
Q9UQV4,352,0.0041
P01714,352,0.0041
Q9BX95,352,0.0041
P0DP03,352,0.0041
Q13606,352,0.0041
Q2NKX8,352,0.0041
Q02338,352,0.0041
Q9H175,352,0.0041
Q6IPT4,352,0.0041
Q96EZ4,352,0.0041
Q9BTY2,352,0.0041
Q9HB21,352,0.0041
A6H8Z2,352,0.0041
P48169,352,0.0041
Q969I6,352,0.0041
Q99795,352,0.0041
Q8N967,352,0.0041
Q96F63,352,0.0041
Q9HB40,352,0.0041
Q9NZP5,352,0.0041
P58181,351,0.0041
Q5TBB1,351,0.0041
Q96IQ7,351,0.0041
P34925,351,0.0041
Q96CW9,351,0.0041
Q01826,351,0.0041
Q9Y5W8,351,0.0041
Q9Y259,351,0.0041
O60548,351,0.0041
P55072,351,0.0041
Q86YV6,351,0.0041
Q9H0F5,351,0.0041
Q9GZU3,351,0.0041
Q8NGX3,351,0.0041
O15374,351,0.0041
Q9NR50,351,0.0041
Q9H6F5,351,0.0041
Q7Z6R9,351,0.0041
Q9NQZ2,351,0.0041
Q7L5D6,351,0.0041
Q9Y2W2,351,0.0041
Q9C0F3,351,0.0041
O60704,351,0.0041
Q9UF56,351,0.0041
Q9UK32,351,0.0041
Q7RTY0,351,0.0041
Q9UGI0,351,0.0041
Q8N6V9,351,0.0041
O75306,351,0.0041
Q15846,351,0.0041
P15813,350,0.0041
Q5JTN6,350,0.0041
Q8NGR3,350,0.0041
P14635,350,0.0041
Q9BYQ8,350,0.0041
Q9Y3A0,350,0.0041
Q9BWS9,350,0.0041
Q96K75,350,0.0041
P46977,350,0.0041
P05121,350,0.0041
Q15077,350,0.0041
Q96T49,350,0.0041
P06733,350,0.0041
P48444,350,0.0041
Q8NGS3,350,0.0041
P38606,350,0.0041
Q8ND07,350,0.0041
Q5T8I9,350,0.0041
Q9H568,350,0.0041
P12532,350,0.0041
Q92484,350,0.0041
P17030,350,0.0041
P01106,349,0.0041
Q86UX6,349,0.0041
O00300,349,0.0041
P52757,349,0.0041
Q9NY27,349,0.0041
Q7L513,349,0.0041
Q8N0Y5,349,0.0041
Q9H210,349,0.0041
P36959,349,0.0041
P31997,349,0.0041
Q6PML9,349,0.0041
Q6H3X3,349,0.0041
Q01064,349,0.0041
O15156,349,0.0041
Q13454,349,0.0041
Q6IB77,349,0.0041
O00628,349,0.0041
Q6PK04,349,0.0041
Q9BQA5,349,0.0041
O75679,349,0.0041
Q6ZN11,349,0.0041
Q6P461,349,0.0041
O95279,349,0.0041
Q9C0H6,349,0.0041
Q9H479,349,0.0041
Q8WVZ7,349,0.0041
Q9BY21,349,0.0041
P35716,349,0.0041
Q8TDV2,349,0.0041
Q9Y5X3,349,0.0041
P15172,349,0.0041
Q96L15,349,0.0041
Q9NV06,349,0.0041
P15692,349,0.0041
Q6VB84,348,0.0041
Q6GTX8,348,0.0041
Q99469,348,0.0041
P32780,348,0.0041
Q92973,348,0.0041
Q8NEY4,348,0.0041
P35410,348,0.0041
Q92874,348,0.0041
B4DU55,348,0.0041
Q01101,348,0.0041
P26022,348,0.0041
P17516,348,0.0041
Q9Y6U7,348,0.0041
Q9H3C7,348,0.0041
Q9Y4P8,348,0.0041
P30411,348,0.0041
Q8N998,348,0.0041
P51812,348,0.0041
Q13610,348,0.0041
Q9Y6X5,348,0.0041
Q96IK5,348,0.0041
P42025,348,0.0041
O43854,348,0.0041
O75570,348,0.0041
Q99519,348,0.0041
Q9C0D0,348,0.0041
Q9BPW9,348,0.0041
Q14409,348,0.0041
Q8NH51,348,0.0041
Q9H2L5,348,0.0041
Q99933,348,0.0041
P43116,348,0.0041
Q8IVS2,348,0.0041
Q8WXH5,348,0.0041
P14618,347,0.0041
Q9NYR8,347,0.0041
Q8IZA3,347,0.0041
Q8WYR4,347,0.0041
P43405,347,0.0041
Q9H205,347,0.0041
Q9UNW8,347,0.0041
O43148,347,0.0041
P54652,347,0.0041
Q8NET6,347,0.0041
P34969,347,0.0041
P28330,347,0.0041
P61647,347,0.0041
Q8TDR2,347,0.0041
Q96FJ0,347,0.0041
Q96E22,347,0.0041
Q9NW68,347,0.0041
P23946,347,0.0041
Q8N6Y2,347,0.0041
Q9NYY3,347,0.0041
Q5T2R2,347,0.0041
Q16186,347,0.0041
Q86WP2,347,0.0041
Q6ZN01,347,0.0041
A8MTJ6,347,0.0041
P51114,347,0.0041
Q9BZW4,347,0.0041
Q75N03,347,0.0041
Q8IZD0,347,0.0041
Q53HC0,347,0.0041
Q09327,347,0.0041
O95484,347,0.0041
Q00266,347,0.0041
P25103,347,0.0041
O00186,347,0.0041
Q9NP31,347,0.0041
Q9BXJ5,347,0.0041
Q96R47,347,0.0041
Q8WZ94,347,0.0041
Q8IZN3,347,0.0041
P01766,346,0.0041
Q5T9C9,346,0.0041
P50461,346,0.0041
Q8WVP7,346,0.0041
Q86XI6,346,0.0041
Q9NQX5,346,0.0041
Q9BRN9,346,0.0041
P51793,346,0.0041
Q9UBL3,346,0.0041
O94788,346,0.0041
Q03111,346,0.0041
P27797,346,0.0041
Q14145,346,0.0041
Q96JW4,346,0.0041
Q9Y5P0,346,0.0041
P51398,346,0.0041
Q9UI12,346,0.0041
Q9BQI9,346,0.0041
Q96G21,346,0.0041
Q96SY0,346,0.0041
Q6ZU15,346,0.0041
Q13630,346,0.0041
A0A0B4J1U7,345,0.004
Q92613,345,0.004
P43351,345,0.004
Q96L03,345,0.004
P17029,345,0.004
Q8NH18,345,0.004
P40199,345,0.004
B7ZBB8,345,0.004
Q9Y276,345,0.004
Q92552,345,0.004
Q96JD6,345,0.004
Q9Y2W6,345,0.004
Q8WWB7,345,0.004
C9JLR9,345,0.004
P48775,345,0.004
Q9NZI6,345,0.004
Q9BQI4,345,0.004
Q8IWX5,345,0.004
Q9GZS1,345,0.004
Q8IU81,345,0.004
Q14314,345,0.004
Q9Y5Z7,345,0.004
Q6WN34,345,0.004
Q96LT9,345,0.004
Q7Z5M8,345,0.004
P52756,345,0.004
Q8NGQ6,345,0.004
P32929,345,0.004
Q8NH10,345,0.004
Q8NA57,345,0.004
Q96D09,344,0.004
P09110,344,0.004
Q5T7V8,344,0.004
Q3KNW5,344,0.004
Q13617,344,0.004
Q8N136,344,0.004
Q8NGU2,344,0.004
Q6PCE3,344,0.004
Q14626,344,0.004
Q9Y303,344,0.004
O15264,344,0.004
Q9BYC5,344,0.004
Q9NQS5,344,0.004
Q8N239,344,0.004
Q9NWQ4,344,0.004
Q13972,344,0.004
Q9H209,344,0.004
Q9NYK1,344,0.004
Q86YH6,344,0.004
Q8NCK3,344,0.004
Q5FWF6,344,0.004
Q8WWU7,344,0.004
Q96PV7,344,0.004
Q9BPU6,343,0.004
Q8N413,343,0.004
Q96B18,343,0.004
Q02742,343,0.004
O94776,343,0.004
O75190,343,0.004
P48506,343,0.004
Q12946,343,0.004
Q17R55,343,0.004
Q15173,343,0.004
Q9UJM3,343,0.004
Q07960,343,0.004
Q9H4B6,343,0.004
O43395,343,0.004
Q8NGF1,343,0.004
P20160,343,0.004
Q9Y6W5,343,0.004
P16519,343,0.004
Q8IX04,343,0.004
Q86TP1,343,0.004
Q9NUV9,343,0.004
Q8NGE2,343,0.004
Q9NWM3,343,0.004
Q8NGW1,343,0.004
Q9H2B2,343,0.004
Q17RY0,343,0.004
Q8NG83,343,0.004
Q9UBT2,343,0.004
Q14653,343,0.004
Q71RG4,343,0.004
Q8N8Q3,343,0.004
Q13351,343,0.004
Q8N140,343,0.004
Q99832,343,0.004
Q8NGV0,343,0.004
P09001,343,0.004
Q8WVE6,343,0.004
Q9P2E8,342,0.004
Q8NGA5,342,0.004
Q52LJ0,342,0.004
Q9NXW9,342,0.004
P51795,342,0.004
A6NFN9,342,0.004
Q8N8S7,342,0.004
Q8TDF5,342,0.004
O43900,342,0.004
Q14956,342,0.004
Q6DKK2,342,0.004
P22001,342,0.004
Q9Y5P1,342,0.004
Q8TAK5,342,0.004
Q9Y3Q8,342,0.004
Q6L8H4,342,0.004
O60264,342,0.004
Q676U5,342,0.004
Q96QD5,342,0.004
Q8N9F8,342,0.004
O95371,341,0.004
P49662,341,0.004
Q8WUA8,341,0.004
P41586,341,0.004
Q13409,341,0.004
Q9BS31,341,0.004
Q96NX5,341,0.004
Q86X02,341,0.004
Q5VZE5,341,0.004
Q9H4L4,341,0.004
Q96IZ6,341,0.004
P17252,341,0.004
A0A0C4DH69,341,0.004
Q8NGB8,341,0.004
Q9UIA0,341,0.004
Q9BYD9,341,0.004
Q9HCN4,341,0.004
O00116,341,0.004
Q969F8,341,0.004
Q13477,341,0.004
Q6NVY1,341,0.004
Q8TCB6,341,0.004
P51677,341,0.004
A1A4V9,341,0.004
O14904,341,0.004
Q8IYS1,341,0.004
O76027,341,0.004
O14503,341,0.004
P24071,340,0.004
Q96ER9,340,0.004
P59025,340,0.004
Q8IY26,340,0.004
O94864,340,0.004
Q16690,340,0.004
Q9H074,340,0.004
Q9BUA3,340,0.004
Q8NGF7,340,0.004
P00367,340,0.004
O94842,340,0.004
Q6P093,340,0.004
Q96P71,340,0.004
Q9H490,340,0.004
Q96D70,340,0.004
P53778,340,0.004
Q9Y2G5,340,0.004
O95365,340,0.004
Q15697,340,0.004
O00270,340,0.004
Q8NG80,340,0.004
O43242,340,0.004
P05111,340,0.004
Q6P1L5,340,0.004
O60840,340,0.004
P55318,340,0.004
O43567,340,0.004
Q9BVG9,340,0.004
Q9HBH5,340,0.004
Q9H0C3,339,0.004
Q9HCI7,339,0.004
O00590,339,0.004
P23246,339,0.004
Q96R08,339,0.004
Q9Y5Y2,339,0.004
Q6P6B7,339,0.004
Q9UQ03,339,0.004
Q5SWL8,339,0.004
Q8WW22,339,0.004
Q96IF1,339,0.004
O95159,339,0.004
Q12947,339,0.004
Q8IU89,339,0.004
O95741,339,0.004
Q9UG63,339,0.004
O95502,339,0.004
Q96FZ2,339,0.004
Q16880,339,0.004
Q96G27,339,0.004
Q9NTX9,339,0.004
Q01850,339,0.004
Q8NH76,339,0.004
P02679,339,0.004
O00182,339,0.004
P60413,339,0.004
Q8NGC4,339,0.004
Q16570,339,0.004
Q8NG85,339,0.004
Q99988,339,0.004
E5RJM6,339,0.004
O15554,339,0.004
Q9NP85,339,0.004
O95391,339,0.004
O95070,339,0.004
Q9Y5S8,339,0.004
A6NMT0,339,0.004
Q9NXW2,339,0.004
Q14209,339,0.004
Q8NGB9,339,0.004
Q9P2G9,338,0.004
O95006,338,0.004
Q9BXS6,338,0.004
O43827,338,0.004
B2RXH8,338,0.004
P01210,338,0.004
P62736,338,0.004
P82933,338,0.004
Q01518,338,0.004
P55851,338,0.004
Q99788,338,0.004
P22830,338,0.004
Q8WZ55,338,0.004
Q8NH73,338,0.004
Q14012,338,0.004
P48745,338,0.004
Q8IZC7,338,0.004
P04430,338,0.004
Q5M9Q1,338,0.004
Q13011,338,0.004
Q9UGH3,338,0.004
O60551,338,0.004
P08571,338,0.004
Q9H993,338,0.004
Q4G148,337,0.004
Q9P215,337,0.004
Q5HYW3,337,0.004
O95067,337,0.004
Q5SZB4,337,0.004
Q9UM21,337,0.004
Q8NGG5,337,0.004
P13682,337,0.004
Q9BWQ6,337,0.004
Q86VZ4,337,0.004
Q8TF64,337,0.004
P29350,337,0.004
Q9C0K1,337,0.004
Q6ICL7,337,0.004
P36578,337,0.004
Q9H427,337,0.004
P07199,337,0.004
A8MT65,337,0.004
P07327,337,0.004
Q92546,337,0.004
P51790,337,0.004
Q9UKT9,337,0.004
Q11203,337,0.004
Q9H8M7,337,0.004
P09758,336,0.0039
Q5VWJ9,336,0.0039
Q96RJ0,336,0.0039
P49685,336,0.0039
Q6ZNG2,336,0.0039
O95219,336,0.0039
Q8IWU4,336,0.0039
A5D6W6,336,0.0039
A6NEQ2,336,0.0039
P15309,336,0.0039
Q8NGS0,336,0.0039
Q15554,336,0.0039
Q96H72,336,0.0039
Q96R67,336,0.0039
Q9UBU6,336,0.0039
Q96T54,336,0.0039
P24278,336,0.0039
Q496Y0,336,0.0039
O95813,336,0.0039
Q95460,336,0.0039
Q5MNZ9,336,0.0039
Q9H1C0,336,0.0039
O95231,336,0.0039
Q9Y312,336,0.0039
P50053,336,0.0039
Q86UF2,336,0.0039
Q9UGI8,336,0.0039
Q9Y3I0,336,0.0039
Q9NYF3,336,0.0039
Q504Y3,336,0.0039
Q8IUR7,336,0.0039
Q96JY0,335,0.0039
Q9NPE6,335,0.0039
Q96HJ3,335,0.0039
Q15049,335,0.0039
Q8WWY8,335,0.0039
O43866,335,0.0039
P29017,335,0.0039
P15529,335,0.0039
Q14254,335,0.0039
Q8N4S7,335,0.0039
Q9NXS3,335,0.0039
Q9NYQ3,335,0.0039
P31948,335,0.0039
Q14592,335,0.0039
P21281,335,0.0039
Q9UH65,335,0.0039
Q8NBX0,335,0.0039
Q5T9C2,335,0.0039
P31321,335,0.0039
Q8WTV0,335,0.0039
Q86X27,335,0.0039
P25311,335,0.0039
Q9ULP0,335,0.0039
Q8N3G9,335,0.0039
O75452,335,0.0039
Q9Y2D1,335,0.0039
P45844,335,0.0039
Q8NGZ5,335,0.0039
Q8N4W6,335,0.0039
Q9Y2V2,334,0.0039
P59542,334,0.0039
Q9H0V9,334,0.0039
P54646,334,0.0039
P30679,334,0.0039
Q15052,334,0.0039
Q9NWQ8,334,0.0039
Q8WUF8,334,0.0039
Q8IYB5,334,0.0039
Q9BWW8,334,0.0039
P15259,334,0.0039
Q96JJ3,334,0.0039
P09601,334,0.0039
Q9BTT6,334,0.0039
Q8TBG4,334,0.0039
Q96HY6,334,0.0039
Q8NH50,334,0.0039
Q9NX46,334,0.0039
A4D1S0,334,0.0039
Q8NDH6,334,0.0039
Q9C0J9,334,0.0039
P17693,334,0.0039
Q9Y2V3,334,0.0039
Q86UY8,334,0.0039
Q96S97,334,0.0039
Q6N075,334,0.0039
Q96EW2,333,0.0039
O95503,333,0.0039
Q99611,333,0.0039
Q92481,333,0.0039
Q8N8D1,333,0.0039
P30559,333,0.0039
P22695,333,0.0039
O75880,333,0.0039
Q8IZP6,333,0.0039
Q13825,333,0.0039
Q6ZMJ4,333,0.0039
P10323,333,0.0039
Q92841,333,0.0039
Q9NVM6,333,0.0039
Q86YT9,333,0.0039
Q9UI32,333,0.0039
Q9BUL5,333,0.0039
Q9HCJ1,333,0.0039
Q8NCT1,333,0.0039
Q8WUB8,333,0.0039
O95084,333,0.0039
A5D8V6,333,0.0039
Q96KK4,332,0.0039
Q12765,332,0.0039
Q9BPX6,332,0.0039
Q9P0K9,332,0.0039
Q9NP56,332,0.0039
A5YM69,332,0.0039
Q9BQ04,332,0.0039
Q9UJ41,332,0.0039
P51124,332,0.0039
Q32P51,332,0.0039
Q9Y5A9,332,0.0039
P43694,332,0.0039
A6NI79,332,0.0039
Q15022,332,0.0039
A6NED2,332,0.0039
Q9HB65,332,0.0039
Q687X5,332,0.0039
P49756,332,0.0039
Q4G112,332,0.0039
Q86WS5,332,0.0039
Q9NRR5,332,0.0039
Q9UHF1,332,0.0039
Q8NEJ9,332,0.0039
Q14627,332,0.0039
Q15459,332,0.0039
P21730,332,0.0039
Q8NGG0,332,0.0039
A8MTB9,332,0.0039
Q96RB7,332,0.0039
Q8NHA4,332,0.0039
Q8NGI8,332,0.0039
O43934,332,0.0039
Q9Y2U5,332,0.0039
Q9UJ71,332,0.0039
O14581,332,0.0039
Q9UBV4,332,0.0039
P52594,332,0.0039
Q9Y2K1,332,0.0039
P28360,331,0.0039
P42568,331,0.0039
Q8NCU7,331,0.0039
P41968,331,0.0039
Q8NGI3,331,0.0039
O60476,331,0.0039
Q3SXZ3,331,0.0039
Q96L58,331,0.0039
P54687,331,0.0039
Q86YQ8,331,0.0039
Q6IF42,331,0.0039
Q15973,331,0.0039
Q9UJU5,331,0.0039
P54274,331,0.0039
Q9NTN3,331,0.0039
P78348,331,0.0039
Q5SQS8,331,0.0039
Q86YB7,331,0.0039
Q96FG2,331,0.0039
P28906,331,0.0039
Q8IWU9,331,0.0039
P29083,331,0.0039
Q8IZI9,331,0.0039
Q9C073,331,0.0039
Q5JVX7,331,0.0039
Q8IWB6,331,0.0039
O43609,331,0.0039
Q8TAT6,331,0.0039
Q6DKI2,331,0.0039
O95544,331,0.0039
O60861,331,0.0039
Q5JU69,330,0.0039
P42224,330,0.0039
P34820,330,0.0039
O77932,330,0.0039
Q96NY7,330,0.0039
P18075,330,0.0039
Q96K12,330,0.0039
P48039,330,0.0039
Q5T2W1,330,0.0039
Q5VYV7,330,0.0039
P35247,330,0.0039
O95897,330,0.0039
Q9UIJ7,330,0.0039
P49281,330,0.0039
Q7L5N7,330,0.0039
Q8NH69,330,0.0039
A6NIJ9,330,0.0039
Q86VE0,330,0.0039
O75818,330,0.0039
Q8NGI6,330,0.0039
O75356,330,0.0039
Q9Y2X3,330,0.0039
Q16533,330,0.0039
Q8N8X9,330,0.0039
P0DJD1,330,0.0039
Q16854,330,0.0039
Q8IVC4,330,0.0039
Q5VY09,330,0.0039
Q9NRG7,330,0.0039
Q14332,330,0.0039
Q96EH3,330,0.0039
Q9NZJ6,330,0.0039
O75449,330,0.0039
Q9NUZ1,330,0.0039
P08913,330,0.0039
P08319,330,0.0039
Q9BTD8,329,0.0039
Q8TC12,329,0.0039
Q9H9J2,329,0.0039
U3KPV4,329,0.0039
O95922,329,0.0039
A2VCK2,329,0.0039
Q2VIR3,329,0.0039
Q02985,329,0.0039
Q96A33,329,0.0039
Q6NXT6,329,0.0039
A6NF89,329,0.0039
P25106,329,0.0039
Q9NXT0,329,0.0039
O15466,329,0.0039
Q8NGR5,329,0.0039
Q8IYD2,329,0.0039
Q86UT8,329,0.0039
Q9UGM6,329,0.0039
Q9H488,329,0.0039
Q96FM1,329,0.0039
Q9GZP0,329,0.0039
Q8N628,329,0.0039
Q96JP0,329,0.0039
Q5JVS0,329,0.0039
O43913,329,0.0039
Q2I0M4,329,0.0039
O60404,329,0.0039
Q01459,329,0.0039
Q8NHB8,329,0.0039
Q9H3P7,329,0.0039
Q9BRX9,329,0.0039
Q9BRP1,329,0.0039
Q9NYW3,329,0.0039
P47895,329,0.0039
Q9H2G9,329,0.0039
Q8TCJ0,329,0.0039
Q8NGH7,329,0.0039
Q86VE9,329,0.0039
Q02094,329,0.0039
Q8N2H9,328,0.0038
Q9BQP7,328,0.0038
P46937,328,0.0038
O95721,328,0.0038
Q8WVR3,328,0.0038
Q9Y240,328,0.0038
Q9H7Z7,328,0.0038
Q9NPG8,328,0.0038
Q6ICG6,328,0.0038
Q16695,328,0.0038
P01763,328,0.0038
A6NGE4,328,0.0038
P48443,328,0.0038
Q8IUR6,328,0.0038
Q6IN84,328,0.0038
O75628,328,0.0038
O14718,328,0.0038
Q13190,328,0.0038
P36402,328,0.0038
P30825,328,0.0038
Q9UBM8,328,0.0038
P23381,328,0.0038
P21108,328,0.0038
Q7Z2Q7,328,0.0038
Q9ULS6,328,0.0038
Q86W33,328,0.0038
Q92674,328,0.0038
P14778,328,0.0038
Q9C0C6,328,0.0038
P51575,328,0.0038
Q9H2C5,328,0.0038
Q86UA1,328,0.0038
Q15166,328,0.0038
Q96MW7,328,0.0038
Q9UPG8,328,0.0038
Q6P1Q9,328,0.0038
Q8IXF9,328,0.0038
Q6NTE8,327,0.0038
Q6B0I6,327,0.0038
Q5VYY2,327,0.0038
Q9BWV3,327,0.0038
Q8NH53,327,0.0038
P15291,327,0.0038
Q5T653,327,0.0038
Q8WXG1,327,0.0038
Q9H4I8,327,0.0038
Q96LB9,327,0.0038
Q9NZW5,327,0.0038
Q9BS34,327,0.0038
A1L020,327,0.0038
Q14CZ8,327,0.0038
Q6PL45,327,0.0038
Q5VW38,327,0.0038
Q8WXA3,327,0.0038
Q13496,327,0.0038
Q8NC26,327,0.0038
Q8IWV1,327,0.0038
Q8N0X4,327,0.0038
Q5JQS5,327,0.0038
Q13508,327,0.0038
Q8NGJ1,327,0.0038
Q13422,327,0.0038
Q6PK18,327,0.0038
Q9BXF3,327,0.0038
Q96GD4,327,0.0038
P22760,327,0.0038
Q9UJW0,327,0.0038
Q8NGF0,327,0.0038
Q8IWL1,327,0.0038
Q9Y2A9,327,0.0038
P41161,327,0.0038
Q8TED0,327,0.0038
P46095,327,0.0038
Q9GZU5,327,0.0038
Q9H9H4,327,0.0038
P49767,327,0.0038
Q5JST6,326,0.0038
P17302,326,0.0038
Q08495,326,0.0038
O75596,326,0.0038
P00505,326,0.0038
P35236,326,0.0038
B2RXF5,326,0.0038
Q13506,326,0.0038
Q569H4,326,0.0038
Q9P1Q5,326,0.0038
O96011,326,0.0038
O00165,326,0.0038
P34995,326,0.0038
Q9GZL7,326,0.0038
Q96NJ6,326,0.0038
Q3MIR4,326,0.0038
P08172,326,0.0038
Q9H756,326,0.0038
Q9H1C3,326,0.0038
Q8IVL8,326,0.0038
Q5VV17,326,0.0038
Q9BVV2,326,0.0038
Q9NQT5,326,0.0038
Q9BVH7,326,0.0038
P78347,326,0.0038
Q8NBL1,326,0.0038
A6NCS4,326,0.0038
O95238,326,0.0038
P49585,326,0.0038
O14775,326,0.0038
Q9NPF0,326,0.0038
Q96CW6,326,0.0038
Q02790,326,0.0038
Q96D15,325,0.0038
Q8NH93,325,0.0038
Q9UHC7,325,0.0038
O60711,325,0.0038
P59910,325,0.0038
Q8N819,325,0.0038
Q8IU60,325,0.0038
Q8N2U9,325,0.0038
Q9UM63,325,0.0038
O14653,325,0.0038
Q8NFZ6,325,0.0038
Q8NGI7,325,0.0038
Q6P444,325,0.0038
Q9NQ89,325,0.0038
Q7L5L3,325,0.0038
Q6IMI4,325,0.0038
Q9H8K7,325,0.0038
Q8N5U0,325,0.0038
Q63HM1,325,0.0038
Q86UQ0,325,0.0038
P13051,325,0.0038
Q8WV60,325,0.0038
Q66K66,325,0.0038
Q8N4L8,324,0.0038
Q96H22,324,0.0038
P80365,324,0.0038
O76100,324,0.0038
Q8NH56,324,0.0038
Q6JEL2,324,0.0038
Q9H8X2,324,0.0038
Q8WXF1,324,0.0038
P59797,324,0.0038
Q96SC8,324,0.0038
A4D263,324,0.0038
P25445,324,0.0038
Q8TDS7,324,0.0038
Q8TB40,324,0.0038
P04201,324,0.0038
Q8NCF5,324,0.0038
Q96RD1,324,0.0038
Q13137,324,0.0038
P14920,324,0.0038
Q9BX51,324,0.0038
Q9H1J7,324,0.0038
Q6ICL3,324,0.0038
P08034,324,0.0038
Q9GZK4,324,0.0038
Q9H207,324,0.0038
Q49AM1,324,0.0038
Q99967,324,0.0038
P33032,324,0.0038
Q9UM44,324,0.0038
P08574,323,0.0038
Q9BYD3,323,0.0038
Q96LW9,323,0.0038
Q6P4E1,323,0.0038
A6NCC3,323,0.0038
Q96KN3,323,0.0038
Q9BXJ3,323,0.0038
Q96BZ9,323,0.0038
Q969I3,323,0.0038
Q86VY4,323,0.0038
Q15306,323,0.0038
Q15465,323,0.0038
Q86W50,323,0.0038
Q8WXD2,323,0.0038
Q8NGI4,323,0.0038
Q96PD6,323,0.0038
Q8WU08,323,0.0038
O00321,323,0.0038
Q9Y661,323,0.0038
Q15018,323,0.0038
Q8NGN1,323,0.0038
Q8TAF3,323,0.0038
A6NLJ0,323,0.0038
Q96B97,323,0.0038
P28347,323,0.0038
Q8N660,323,0.0038
Q9Y448,323,0.0038
Q9H6Y2,323,0.0038
Q9Y6K8,323,0.0038
O14744,323,0.0038
Q7Z6J8,323,0.0038
Q9UN36,323,0.0038
Q07869,322,0.0038
P43357,322,0.0038
P17844,322,0.0038
O95393,322,0.0038
Q92575,322,0.0038
Q92643,322,0.0038
P28324,322,0.0038
Q96BX8,322,0.0038
P31641,322,0.0038
Q96T53,322,0.0038
P36969,322,0.0038
P86790,322,0.0038
Q8NDZ4,322,0.0038
Q8NH64,322,0.0038
Q6IF99,322,0.0038
Q9H6R6,322,0.0038
Q86TX2,322,0.0038
P19087,322,0.0038
Q9NYK5,322,0.0038
P08590,322,0.0038
Q8NGT2,322,0.0038
Q6YP21,322,0.0038
Q8TF71,322,0.0038
Q6ZSS3,322,0.0038
P50479,322,0.0038
Q6P1Q0,322,0.0038
Q9NZL4,322,0.0038
P0CI26,322,0.0038
Q7Z6W7,322,0.0038
Q8TC36,322,0.0038
Q9NS37,321,0.0038
A6NMS7,321,0.0038
O00458,321,0.0038
Q9NP94,321,0.0038
Q8NGX0,321,0.0038
Q15915,321,0.0038
Q9H903,321,0.0038
Q6UWI4,321,0.0038
Q96MG7,321,0.0038
O00442,321,0.0038
Q99961,321,0.0038
Q96RD0,321,0.0038
P04908,321,0.0038
Q9C009,321,0.0038
P33241,321,0.0038
P59540,321,0.0038
O43505,321,0.0038
Q86YD5,321,0.0038
P31271,321,0.0038
O00142,321,0.0038
Q9Y2C4,321,0.0038
Q96PL2,321,0.0038
Q6PIV7,321,0.0038
Q8TCG2,321,0.0038
Q9Y366,321,0.0038
O00421,321,0.0038
Q5JXA9,321,0.0038
Q13868,321,0.0038
P08174,321,0.0038
Q02083,321,0.0038
Q9UBY5,321,0.0038
P0CG33,321,0.0038
Q9H0C5,321,0.0038
Q0ZLH3,321,0.0038
Q99608,320,0.0038
P11413,320,0.0038
Q9NPZ5,320,0.0038
O75052,320,0.0038
Q8WUJ1,320,0.0038
Q9BZJ6,320,0.0038
Q96GP6,320,0.0038
Q9H2X3,320,0.0038
P55040,320,0.0038
P28358,320,0.0038
Q9Y5Y4,320,0.0038
O75936,320,0.0038
Q96R09,320,0.0038
Q9UL15,320,0.0038
O95551,320,0.0038
Q96B23,320,0.0038
Q9NVR0,320,0.0038
P06729,320,0.0038
P05783,320,0.0038
Q9H0A6,320,0.0038
P47887,320,0.0038
P51888,320,0.0038
Q8NC42,320,0.0038
Q9UJV3,320,0.0038
O60826,320,0.0038
Q2I0M5,320,0.0038
Q15532,320,0.0038
Q8IXQ4,320,0.0038
P17600,319,0.0037
Q9H977,319,0.0037
Q9BUB7,319,0.0037
Q9HC57,319,0.0037
Q8WWX0,319,0.0037
Q96AQ9,319,0.0037
Q5T9G4,319,0.0037
Q8IUI8,319,0.0037
Q8TDX5,319,0.0037
P54107,319,0.0037
O14734,319,0.0037
A6NFU0,319,0.0037
Q8N357,319,0.0037
P82673,319,0.0037
Q9NYW2,319,0.0037
Q96P53,319,0.0037
Q7Z6B0,319,0.0037
Q9C004,319,0.0037
Q8NGC7,319,0.0037
Q9NYW0,319,0.0037
Q8NH48,319,0.0037
Q8IWF6,319,0.0037
Q9UJX2,319,0.0037
Q9UL42,319,0.0037
Q01543,319,0.0037
Q9C0E8,319,0.0037
Q9H3K2,319,0.0037
Q14390,319,0.0037
A0A0J9YWL9,319,0.0037
Q8NGG8,319,0.0037
Q9NYV7,319,0.0037
Q9UKI8,319,0.0037
Q9NPF4,319,0.0037
Q5QGT7,318,0.0037
P56817,318,0.0037
Q99805,318,0.0037
Q5FYA8,318,0.0037
A8MZ36,318,0.0037
Q9UBQ7,318,0.0037
Q8WUA2,318,0.0037
P23921,318,0.0037
P56589,318,0.0037
Q96MM3,318,0.0037
Q8NG98,318,0.0037
Q8TF63,318,0.0037
Q5VW32,318,0.0037
Q9H4F1,318,0.0037
Q9P1P5,318,0.0037
O00622,318,0.0037
Q7RTW8,318,0.0037
P56373,318,0.0037
P55899,318,0.0037
Q6P6B1,318,0.0037
Q96F86,318,0.0037
P0C6C1,318,0.0037
Q86Y37,318,0.0037
P41146,318,0.0037
Q9P0V8,318,0.0037
P14550,318,0.0037
P0C0L5,318,0.0037
Q9NYW1,318,0.0037
Q8N752,318,0.0037
Q9HBI0,318,0.0037
Q15743,318,0.0037
Q15043,317,0.0037
Q9UIJ5,317,0.0037
Q8NFQ8,317,0.0037
Q9Y5U5,317,0.0037
O60235,317,0.0037
Q9BY71,317,0.0037
P09769,317,0.0037
Q9UGJ1,317,0.0037
Q9UKT4,317,0.0037
Q8N3F9,317,0.0037
Q9BT49,317,0.0037
Q08629,317,0.0037
O95831,317,0.0037
O14579,317,0.0037
Q9UBI4,317,0.0037
Q9H9L4,317,0.0037
Q9NQN1,317,0.0037
P51003,317,0.0037
Q9H208,317,0.0037
O95050,317,0.0037
P35914,317,0.0037
Q13946,317,0.0037
Q9GZZ0,317,0.0037
Q9HD90,317,0.0037
Q9H4I3,317,0.0037
Q9UMX0,317,0.0037
P51810,317,0.0037
A6NJT0,317,0.0037
Q15637,317,0.0037
O60909,317,0.0037
Q8NGQ5,317,0.0037
O75063,317,0.0037
Q8NGR6,317,0.0037
Q9NNX1,317,0.0037
P00352,317,0.0037
Q6ZNG0,317,0.0037
Q9NP79,317,0.0037
Q15326,316,0.0037
Q6RFH5,316,0.0037
Q9BRI3,316,0.0037
Q9BRX2,316,0.0037
P49908,316,0.0037
H3BQL2,316,0.0037
P10916,316,0.0037
Q9Y6M1,316,0.0037
Q6IN85,316,0.0037
P02647,316,0.0037
P13473,316,0.0037
Q06609,316,0.0037
Q5SQI0,316,0.0037
Q9Y2T3,316,0.0037
Q8WUX9,316,0.0037
O15535,316,0.0037
O95210,316,0.0037
O15131,316,0.0037
Q6PRD7,316,0.0037
Q8TBX8,316,0.0037
Q17RN3,316,0.0037
Q68DK7,316,0.0037
P0CK96,316,0.0037
Q03405,316,0.0037
Q9NQZ5,316,0.0037
P15882,316,0.0037
P05981,316,0.0037
Q99944,316,0.0037
P48556,316,0.0037
P01825,316,0.0037
Q5TYW2,316,0.0037
P30084,316,0.0037
Q99504,315,0.0037
Q96KR4,315,0.0037
O15229,315,0.0037
I1YAP6,315,0.0037
O00755,315,0.0037
P55347,315,0.0037
O60512,315,0.0037
Q6IF63,315,0.0037
Q6ZT89,315,0.0037
P0C874,315,0.0037
Q86X40,315,0.0037
Q8N456,315,0.0037
O14828,315,0.0037
Q6TFL4,315,0.0037
Q5BKY1,315,0.0037
Q5VYX0,315,0.0037
Q86TE4,315,0.0037
P08173,315,0.0037
Q9UNA3,315,0.0037
Q9BX10,315,0.0037
Q9GZZ9,315,0.0037
Q8TBE7,315,0.0037
P00540,315,0.0037
A4D1E9,315,0.0037
Q96GS4,315,0.0037
O15151,315,0.0037
Q5TF58,315,0.0037
Q9UL49,315,0.0037
Q6GMV2,315,0.0037
O94921,315,0.0037
A8MXD5,315,0.0037
Q8N5A5,315,0.0037
Q7L3B6,315,0.0037
Q8N468,315,0.0037
Q15391,314,0.0037
Q6PIV2,314,0.0037
Q96F44,314,0.0037
Q8N9I0,314,0.0037
O95782,314,0.0037
Q8N6S5,314,0.0037
O75144,314,0.0037
P80217,314,0.0037
Q6XE24,314,0.0037
P48723,314,0.0037
A6NGH8,314,0.0037
Q7Z3K6,314,0.0037
Q3B726,314,0.0037
Q8NFU5,314,0.0037
O95801,314,0.0037
Q16566,314,0.0037
M0QZC1,314,0.0037
Q5T4F7,314,0.0037
Q969W1,314,0.0037
Q15761,314,0.0037
Q9Y4P1,314,0.0037
Q8NEZ5,314,0.0037
P54922,314,0.0037
P19484,314,0.0037
P26439,314,0.0037
O95136,313,0.0037
P10915,313,0.0037
P0DJG4,313,0.0037
Q13247,313,0.0037
Q15527,313,0.0037
Q8NGN0,313,0.0037
P49675,313,0.0037
Q9UKL2,313,0.0037
O96014,313,0.0037
P25963,313,0.0037
Q9UQR1,313,0.0037
Q8IW03,313,0.0037
Q15118,313,0.0037
Q5U4P2,313,0.0037
Q96CH1,313,0.0037
Q9NXA8,313,0.0037
O00305,313,0.0037
Q5M7Z0,313,0.0037
P60410,313,0.0037
P50552,313,0.0037
P52895,313,0.0037
P60368,313,0.0037
Q3KQZ1,313,0.0037
O14863,313,0.0037
A2VDJ0,313,0.0037
Q96NB3,313,0.0037
Q9UBP5,313,0.0037
Q13683,313,0.0037
Q10588,312,0.0037
Q8NGX9,312,0.0037
Q9NXF8,312,0.0037
Q9ULW3,312,0.0037
Q96LB1,312,0.0037
Q6P587,312,0.0037
Q8IWB7,312,0.0037
Q7L8J4,312,0.0037
Q6ZRT6,312,0.0037
P40261,312,0.0037
Q9HAT8,312,0.0037
Q9NSC5,312,0.0037
Q7Z6M4,312,0.0037
O60218,312,0.0037
Q9BXG8,312,0.0037
O43353,312,0.0037
Q9BV68,312,0.0037
Q13277,312,0.0037
Q9C0F1,312,0.0037
P00480,312,0.0037
Q9NUC0,312,0.0037
Q8N6G2,312,0.0037
Q8IWR1,312,0.0037
Q9UH73,312,0.0037
Q8N3I7,312,0.0037
P41221,312,0.0037
Q9NYT0,312,0.0037
Q9NX62,312,0.0037
O14986,312,0.0037
O75177,311,0.0036
Q5RL73,311,0.0036
Q8NER5,311,0.0036
Q5T0N5,311,0.0036
P28062,311,0.0036
Q5JWF8,311,0.0036
A1Z1Q3,311,0.0036
P52739,311,0.0036
Q8N141,311,0.0036
Q8IUH5,311,0.0036
P07098,311,0.0036
P20132,311,0.0036
Q9NP62,311,0.0036
Q5TH74,311,0.0036
P40121,311,0.0036
Q8NGY5,311,0.0036
O14770,311,0.0036
Q9Y6I4,311,0.0036
Q9H322,311,0.0036
Q6UXH1,311,0.0036
Q7Z6K1,311,0.0036
O60667,311,0.0036
Q9ULJ1,311,0.0036
P23280,311,0.0036
Q8NAF0,311,0.0036
Q9UBI9,311,0.0036
Q12829,311,0.0036
Q49MI3,311,0.0036
Q08945,311,0.0036
Q8IV03,311,0.0036
Q0D2K0,311,0.0036
Q9NRD1,311,0.0036
Q3KPI0,311,0.0036
Q01718,310,0.0036
Q7Z5Y7,310,0.0036
Q9NR97,310,0.0036
Q6IQ20,310,0.0036
Q8NEX9,310,0.0036
P31751,310,0.0036
Q9GZV5,310,0.0036
Q99807,310,0.0036
Q9BXJ8,310,0.0036
Q7Z7C8,310,0.0036
Q8N4T4,310,0.0036
P40938,310,0.0036
Q8N7X2,310,0.0036
Q8NGH8,310,0.0036
P01709,310,0.0036
Q99624,310,0.0036
O14524,310,0.0036
O00587,310,0.0036
Q92570,310,0.0036
Q8NHS0,310,0.0036
Q8WWW0,310,0.0036
Q92796,310,0.0036
P18825,310,0.0036
Q330K2,310,0.0036
Q96HP4,310,0.0036
P30876,310,0.0036
Q0VAM2,310,0.0036
Q96EP9,310,0.0036
Q7Z5Y6,310,0.0036
Q8TAV4,310,0.0036
Q96EX2,310,0.0036
P55085,309,0.0036
O75631,309,0.0036
Q15573,309,0.0036
P0DN25,309,0.0036
P17036,309,0.0036
Q8NGP2,309,0.0036
Q8NDZ6,309,0.0036
Q15619,309,0.0036
P09467,309,0.0036
Q495C1,309,0.0036
Q9BQ65,309,0.0036
P41743,309,0.0036
Q9NRS6,309,0.0036
O00254,309,0.0036
Q86WG3,309,0.0036
Q6DKJ4,309,0.0036
Q8NGE9,309,0.0036
Q00056,309,0.0036
Q6PIY5,309,0.0036
P08218,309,0.0036
Q2M218,309,0.0036
O00273,309,0.0036
Q8NGM9,309,0.0036
O94966,309,0.0036
Q8NGA0,309,0.0036
Q6NTF9,309,0.0036
Q5VY80,309,0.0036
O43248,309,0.0036
O60381,309,0.0036
Q9BRQ0,309,0.0036
P38484,309,0.0036
O94876,309,0.0036
O00327,309,0.0036
Q96C24,309,0.0036
Q9NYD6,309,0.0036
Q8NGV7,308,0.0036
O75031,308,0.0036
Q8TD94,308,0.0036
Q9H813,308,0.0036
Q16352,308,0.0036
P48426,308,0.0036
Q5JS37,308,0.0036
Q13451,308,0.0036
Q5TC79,308,0.0036
O00716,308,0.0036
P30304,308,0.0036
P58170,308,0.0036
Q8WXK3,308,0.0036
Q9NPF5,308,0.0036
Q08ET2,308,0.0036
Q8IW00,308,0.0036
P0CB47,308,0.0036
Q96I82,308,0.0036
Q9NZD1,308,0.0036
P34810,308,0.0036
Q96IY4,308,0.0036
Q9Y5B8,308,0.0036
P35453,308,0.0036
P01599,308,0.0036
Q86UW1,308,0.0036
P01112,308,0.0036
Q6IPT2,308,0.0036
A8MUP2,308,0.0036
Q14192,308,0.0036
Q9Y5P4,307,0.0036
Q86V85,307,0.0036
Q8NC56,307,0.0036
Q16762,307,0.0036
Q8N7Z2,307,0.0036
Q5H9M0,307,0.0036
Q8NE79,307,0.0036
Q92466,307,0.0036
Q8NGL1,307,0.0036
Q969V5,307,0.0036
P53041,307,0.0036
P29274,307,0.0036
Q7Z4P5,307,0.0036
Q96MP8,307,0.0036
O00322,307,0.0036
Q8NH42,307,0.0036
P55087,307,0.0036
Q6IBS0,307,0.0036
Q86TM3,307,0.0036
Q9H6B4,307,0.0036
Q8N3Z3,307,0.0036
Q8NGJ7,307,0.0036
Q6MZQ0,307,0.0036
Q9BXU3,307,0.0036
Q8WXF8,307,0.0036
Q96M95,307,0.0036
Q2KHN1,307,0.0036
Q9H3H5,307,0.0036
Q3YBR2,307,0.0036
Q9C056,307,0.0036
Q9HBY8,307,0.0036
Q9H974,307,0.0036
P55809,307,0.0036
A4D2G3,307,0.0036
Q9NVV0,307,0.0036
Q15406,306,0.0036
Q9BRP4,306,0.0036
P27695,306,0.0036
Q9H190,306,0.0036
P16118,306,0.0036
Q86W34,306,0.0036
P52738,306,0.0036
Q8N3R3,306,0.0036
Q96NB2,306,0.0036
Q9Y483,306,0.0036
P41162,306,0.0036
Q2M3R5,306,0.0036
Q9BYF1,306,0.0036
P30556,306,0.0036
P23490,306,0.0036
O95727,306,0.0036
Q53H96,306,0.0036
Q5DX21,306,0.0036
P12034,306,0.0036
Q8NGQ2,306,0.0036
Q8WTQ4,306,0.0036
P01706,306,0.0036
Q8NGX5,306,0.0036
Q8NA42,306,0.0036
Q5TAQ9,306,0.0036
Q9H598,306,0.0036
Q9Y458,306,0.0036
Q9BU89,306,0.0036
O60870,306,0.0036
Q86SH2,306,0.0036
P83369,306,0.0036
P56704,306,0.0036
P13674,306,0.0036
A0A075B6K4,306,0.0036
Q9H6J7,306,0.0036
Q8NFV4,306,0.0036
Q08209,306,0.0036
Q8N7B9,306,0.0036
Q8IW70,305,0.0036
Q9H6H4,305,0.0036
Q8NHQ8,305,0.0036
Q8TEB9,305,0.0036
P30291,305,0.0036
Q8NGH3,305,0.0036
Q9NQX6,305,0.0036
P01213,305,0.0036
Q96SL1,305,0.0036
P05015,305,0.0036
Q16836,305,0.0036
Q9H8Y8,305,0.0036
A6NCW7,305,0.0036
Q6UXI7,305,0.0036
Q96K31,305,0.0036
A0A0C4DH67,305,0.0036
Q9BYQ6,305,0.0036
Q15011,305,0.0036
P00326,305,0.0036
Q9Y5P3,305,0.0036
P30153,305,0.0036
Q15742,305,0.0036
Q53S58,305,0.0036
Q99645,305,0.0036
O43237,305,0.0036
Q9BSE5,305,0.0036
Q13639,305,0.0036
O14593,305,0.0036
A4D1U4,305,0.0036
Q9Y4A0,305,0.0036
P55771,305,0.0036
O60755,305,0.0036
Q8NB59,305,0.0036
Q8TAQ9,304,0.0036
P0CG12,304,0.0036
Q5NUL3,304,0.0036
Q9BZM5,304,0.0036
P30519,304,0.0036
Q8N635,304,0.0036
Q13685,304,0.0036
Q5U5R9,304,0.0036
Q96LK8,304,0.0036
Q8IXI2,304,0.0036
O00115,304,0.0036
Q5T280,304,0.0036
Q08334,304,0.0036
Q13283,304,0.0036
Q8TAS1,304,0.0036
O75677,304,0.0036
Q9NQY0,303,0.0036
P06132,303,0.0036
A6NI73,303,0.0036
Q9NS75,303,0.0036
P57082,303,0.0036
Q30201,303,0.0036
Q9H607,303,0.0036
P41273,303,0.0036
O75182,303,0.0036
Q8N349,303,0.0036
Q15818,303,0.0036
Q9NRX5,303,0.0036
Q96DB5,303,0.0036
Q9BWD1,303,0.0036
O15259,303,0.0036
P53677,303,0.0036
P46091,303,0.0036
P35398,303,0.0036
Q96CB9,303,0.0036
O43390,303,0.0036
Q03591,303,0.0036
Q5T013,303,0.0036
P13805,303,0.0036
P13498,303,0.0036
Q8WZ84,302,0.0035
P56645,302,0.0035
Q9BXI9,302,0.0035
Q8NHS9,302,0.0035
Q96R48,302,0.0035
Q5HYK3,302,0.0035
P08588,302,0.0035
Q8N5G2,302,0.0035
P07550,302,0.0035
P01241,302,0.0035
P02749,302,0.0035
P29275,302,0.0035
Q9Y619,302,0.0035
Q16698,302,0.0035
O60938,302,0.0035
O76075,302,0.0035
Q96J42,302,0.0035
P01589,302,0.0035
O95229,302,0.0035
O00445,302,0.0035
Q5UCC4,302,0.0035
Q9H9Q4,302,0.0035
Q5VT66,302,0.0035
Q5TC84,302,0.0035
Q8NGJ0,302,0.0035
Q9BYG4,302,0.0035
Q8NGF6,302,0.0035
Q8TBZ6,302,0.0035
O00338,302,0.0035
Q96B77,302,0.0035
Q3B8N2,301,0.0035
O00624,301,0.0035
Q96MS3,301,0.0035
Q13618,301,0.0035
Q9P287,301,0.0035
O43364,301,0.0035
Q8WTS1,301,0.0035
Q5T6F0,301,0.0035
O14842,301,0.0035
Q9BZ19,301,0.0035
Q8N6S4,301,0.0035
Q8N8Q9,301,0.0035
Q9HC21,301,0.0035
Q9Y2S2,301,0.0035
O76054,301,0.0035
Q9H2M3,301,0.0035
O00358,301,0.0035
P07288,301,0.0035
Q9UKR0,301,0.0035
P50221,301,0.0035
A6NMN3,301,0.0035
Q9HCL3,301,0.0035
Q8N4F7,301,0.0035
Q6ZMG9,300,0.0035
Q9UK39,300,0.0035
Q15699,300,0.0035
Q16342,300,0.0035
O60762,300,0.0035
Q8TB37,300,0.0035
Q9NX36,300,0.0035
Q9Y644,300,0.0035
Q9H814,300,0.0035
P53370,300,0.0035
P06239,300,0.0035
A8MTY0,300,0.0035
Q8NGS4,300,0.0035
P30740,300,0.0035
Q03933,300,0.0035
O14656,300,0.0035
P17658,300,0.0035
P78334,300,0.0035
Q8NA92,300,0.0035
O60930,300,0.0035
Q96HN2,300,0.0035
Q86SK9,300,0.0035
Q8NC24,300,0.0035
Q9NQX7,300,0.0035
Q96KN1,300,0.0035
Q99983,300,0.0035
Q9UG22,299,0.0035
P15814,299,0.0035
B4DX44,299,0.0035
O00155,299,0.0035
Q9Y2C2,299,0.0035
Q9Y2I2,299,0.0035
P49902,299,0.0035
Q14330,299,0.0035
Q96EY8,299,0.0035
Q5T2D2,299,0.0035
Q70YC5,299,0.0035
Q9NV64,299,0.0035
E7ERA6,299,0.0035
P41279,299,0.0035
P51617,299,0.0035
P46952,299,0.0035
Q9P0N9,299,0.0035
Q15434,299,0.0035
O43323,299,0.0035
Q8TD22,299,0.0035
Q9GZM5,299,0.0035
Q7Z5S9,299,0.0035
Q96P68,298,0.0035
P14151,298,0.0035
O95685,298,0.0035
O15075,298,0.0035
Q9NWS6,298,0.0035
P0C0L4,298,0.0035
Q7Z429,298,0.0035
Q9NRD5,298,0.0035
Q9BYG3,298,0.0035
P13797,298,0.0035
Q8NGJ5,298,0.0035
P48651,298,0.0035
Q7Z5H5,298,0.0035
O95389,298,0.0035
Q9GZV9,298,0.0035
Q96MB7,298,0.0035
P52948,298,0.0035
Q9HCN6,298,0.0035
Q16831,298,0.0035
Q9H2W6,298,0.0035
Q86VZ2,298,0.0035
Q969W8,298,0.0035
Q8NGT0,298,0.0035
P01571,298,0.0035
P11474,298,0.0035
Q9BW62,298,0.0035
Q9P2U7,298,0.0035
P58180,298,0.0035
Q14642,298,0.0035
P49758,298,0.0035
Q96C36,298,0.0035
Q8IYB4,298,0.0035
Q69YZ2,298,0.0035
P56470,298,0.0035
Q9H320,298,0.0035
P31213,298,0.0035
Q9Y4C2,298,0.0035
Q9NRQ2,297,0.0035
O75121,297,0.0035
O76003,297,0.0035
Q5VWZ2,297,0.0035
Q9NXK8,297,0.0035
Q00978,297,0.0035
Q96FV9,297,0.0035
Q3SY56,297,0.0035
Q8NFH3,297,0.0035
Q99619,297,0.0035
A6NIX2,297,0.0035
Q5SWX8,297,0.0035
Q8WVM0,297,0.0035
Q8N365,297,0.0035
P14138,297,0.0035
Q9UMQ3,297,0.0035
P12318,297,0.0035
Q9UK22,297,0.0035
Q96R30,297,0.0035
Q8IVD9,297,0.0035
Q9NXG2,297,0.0035
Q9P2K6,297,0.0035
Q8TC76,297,0.0035
Q8NAP8,297,0.0035
Q9NYV9,297,0.0035
Q5T2D3,297,0.0035
P51164,297,0.0035
Q8IXT2,297,0.0035
Q9Y5W5,297,0.0035
Q8N446,297,0.0035
Q8WVX9,297,0.0035
Q8WWA0,297,0.0035
Q53G59,297,0.0035
P22897,297,0.0035
Q9NZ32,297,0.0035
Q8IY47,297,0.0035
Q05925,297,0.0035
Q96K30,297,0.0035
A6NE02,297,0.0035
P43115,297,0.0035
P48547,297,0.0035
Q4V9L6,296,0.0035
Q99733,296,0.0035
Q9NRG4,296,0.0035
Q9H1K4,296,0.0035
Q8N6F8,296,0.0035
Q8NGF4,296,0.0035
Q9Y234,296,0.0035
P78540,296,0.0035
Q8N8V4,296,0.0035
A6NK02,296,0.0035
Q9UBX3,296,0.0035
Q8N4E7,296,0.0035
Q92886,296,0.0035
Q6P2I7,296,0.0035
P12429,296,0.0035
Q9Y5N1,296,0.0035
Q969H0,296,0.0035
Q7Z614,296,0.0035
Q86WK9,296,0.0035
P56706,296,0.0035
Q9NPC6,296,0.0035
Q9UEE5,296,0.0035
Q12899,296,0.0035
P07355,296,0.0035
A6NK06,296,0.0035
Q8NEW0,296,0.0035
Q13287,296,0.0035
P55082,296,0.0035
Q99726,296,0.0035
Q9BQ51,296,0.0035
A2AJT9,296,0.0035
Q8NEA9,296,0.0035
P01871,296,0.0035
Q9H649,296,0.0035
Q9Y6A1,296,0.0035
Q9BY49,295,0.0035
A8MV23,295,0.0035
P68032,295,0.0035
P35790,295,0.0035
Q6SJ96,295,0.0035
Q8IXM7,295,0.0035
P45381,295,0.0035
Q92903,295,0.0035
Q14749,295,0.0035
O14948,295,0.0035
P51857,295,0.0035
Q99447,295,0.0035
P59543,295,0.0035
Q70EK9,295,0.0035
P11801,295,0.0035
P49356,295,0.0035
P28070,295,0.0035
Q6UXA7,295,0.0035
P04083,295,0.0035
Q9UKV8,295,0.0035
Q8N2R8,295,0.0035
Q7L8A9,294,0.0034
A6NFK2,294,0.0034
O43889,294,0.0034
P24588,294,0.0034
P39023,294,0.0034
Q53EV4,294,0.0034
Q9BUF5,294,0.0034
Q5XG99,294,0.0034
Q6PCB8,294,0.0034
Q13217,294,0.0034
Q9H8S5,294,0.0034
O94925,294,0.0034
P55735,294,0.0034
Q96BW9,294,0.0034
O95944,294,0.0034
Q96NG5,294,0.0034
Q9NYZ2,294,0.0034
Q8NGI9,294,0.0034
Q96DZ5,294,0.0034
Q15024,294,0.0034
P18615,294,0.0034
P30872,294,0.0034
Q96PD7,294,0.0034
O60759,294,0.0034
Q2NL67,294,0.0034
Q9NTI7,294,0.0034
P50222,294,0.0034
Q96IZ7,294,0.0034
Q9UQ16,294,0.0034
Q8N609,294,0.0034
Q969X2,294,0.0034
O95273,294,0.0034
Q9UH36,294,0.0034
O95076,294,0.0034
P28222,293,0.0034
Q92558,293,0.0034
P11836,293,0.0034
Q8NGL7,293,0.0034
A6NH11,293,0.0034
Q86UD0,293,0.0034
Q8N3Y7,293,0.0034
Q9UF02,293,0.0034
Q8TE12,293,0.0034
Q5VVH5,293,0.0034
O60911,293,0.0034
P31269,293,0.0034
O14929,293,0.0034
Q8NGD5,293,0.0034
P55010,293,0.0034
Q9H156,293,0.0034
A6NHT5,293,0.0034
P36952,293,0.0034
Q9BUZ4,293,0.0034
O43529,293,0.0034
P09210,293,0.0034
P13861,293,0.0034
P07585,293,0.0034
P35408,293,0.0034
Q8N8U3,293,0.0034
Q13188,293,0.0034
Q9H1Y3,293,0.0034
Q92530,293,0.0034
P30793,293,0.0034
P78352,293,0.0034
Q9NQ69,293,0.0034
Q9H3N8,293,0.0034
O75444,293,0.0034
A6NDS4,293,0.0034
Q1W6H9,293,0.0034
Q9H2R5,293,0.0034
A6NFI3,293,0.0034
Q13163,293,0.0034
P25874,293,0.0034
P01570,292,0.0034
Q9NSI8,292,0.0034
Q8WZ82,292,0.0034
Q9BWM7,292,0.0034
Q86WC4,292,0.0034
O43772,292,0.0034
Q9Y279,292,0.0034
Q9BPX1,292,0.0034
Q75WM6,292,0.0034
Q96ME7,292,0.0034
Q5T6V5,292,0.0034
Q9UBP4,292,0.0034
Q8NEP7,292,0.0034
Q8N5B7,292,0.0034
O14817,292,0.0034
Q9H9B4,292,0.0034
Q9Y394,292,0.0034
Q9H425,292,0.0034
Q08752,292,0.0034
Q05923,292,0.0034
Q96AQ7,292,0.0034
Q9ULW5,292,0.0034
Q8TC99,292,0.0034
Q86UB9,292,0.0034
Q86X95,292,0.0034
Q6ZQN5,292,0.0034
P50395,292,0.0034
P57723,292,0.0034
Q9Y4J8,292,0.0034
P50749,292,0.0034
P08217,292,0.0034
Q8TDN6,292,0.0034
Q5JVG8,292,0.0034
O95455,292,0.0034
Q6IAN0,292,0.0034
Q9H4M3,292,0.0034
Q96F15,292,0.0034
P18827,292,0.0034
O75636,292,0.0034
Q5VYS4,292,0.0034
Q8WU67,291,0.0034
P41143,291,0.0034
O95409,291,0.0034
Q8WW27,291,0.0034
Q8NCW5,291,0.0034
Q9BQ66,291,0.0034
Q3ZCT1,291,0.0034
P23771,291,0.0034
P57078,291,0.0034
Q9Y6Y0,291,0.0034
P28223,291,0.0034
Q6YI46,291,0.0034
P30968,291,0.0034
Q96HE7,291,0.0034
Q96J87,291,0.0034
Q96GK7,291,0.0034
Q6X784,291,0.0034
Q9UGB7,291,0.0034
P07306,291,0.0034
B4DS77,291,0.0034
P49146,291,0.0034
O95045,291,0.0034
Q9H777,291,0.0034
Q6P4H8,291,0.0034
Q96IS3,291,0.0034
Q9Y5R4,291,0.0034
Q9H2D1,291,0.0034
Q99536,291,0.0034
Q86XI8,291,0.0034
Q6ZTZ1,291,0.0034
Q969G5,291,0.0034
Q9BZR8,291,0.0034
P29460,291,0.0034
Q8WYJ6,291,0.0034
Q96ND8,291,0.0034
Q16851,291,0.0034
O95377,291,0.0034
Q641Q3,291,0.0034
Q9BXM9,291,0.0034
Q9UL18,290,0.0034
Q8ND56,290,0.0034
Q9BS86,290,0.0034
Q9C086,290,0.0034
Q93070,290,0.0034
Q07699,290,0.0034
Q6IFH4,290,0.0034
P09668,290,0.0034
P09544,290,0.0034
Q8TBC4,290,0.0034
Q2MJR0,290,0.0034
Q6DKI1,290,0.0034
Q6ZUI0,290,0.0034
Q96QE5,290,0.0034
P23415,290,0.0034
O60825,290,0.0034
Q9BRQ5,290,0.0034
Q68DU8,290,0.0034
Q96A23,290,0.0034
Q96LJ7,290,0.0034
Q9NS00,290,0.0034
Q8WVV9,289,0.0034
O14793,289,0.0034
Q9Y5N6,289,0.0034
Q9ULZ2,289,0.0034
Q9NV92,289,0.0034
P14324,289,0.0034
Q8N5T2,289,0.0034
Q9NUS5,289,0.0034
Q9NWR8,289,0.0034
Q9NVS9,289,0.0034
P58418,289,0.0034
Q9NXR5,289,0.0034
Q6GPH4,289,0.0034
P26842,289,0.0034
Q8IWT1,289,0.0034
Q9BQ13,289,0.0034
Q5SSJ5,289,0.0034
Q8N7C0,289,0.0034
P15036,289,0.0034
Q13520,289,0.0034
P38117,289,0.0034
O14788,289,0.0034
Q6ZWT7,289,0.0034
Q8IXQ5,289,0.0034
P15559,289,0.0034
A6NM62,289,0.0034
Q9P0M4,289,0.0034
A2RU49,289,0.0034
Q96DW6,289,0.0034
Q02153,289,0.0034
P54368,289,0.0034
Q9UK58,289,0.0034
Q9BSE4,289,0.0034
Q5TGJ6,289,0.0034
Q9HAZ1,289,0.0034
P10144,289,0.0034
F5GYI3,289,0.0034
Q9HCF6,289,0.0034
Q9HAB8,289,0.0034
Q6UWU4,289,0.0034
Q3YBM2,289,0.0034
P0C862,288,0.0034
P14866,288,0.0034
Q5HYM0,288,0.0034
Q96MH2,288,0.0034
O15105,288,0.0034
Q68CQ7,288,0.0034
A6NGN9,288,0.0034
Q13131,288,0.0034
O43300,288,0.0034
Q9NUR3,288,0.0034
P00558,288,0.0034
O60701,288,0.0034
Q8NGT7,288,0.0034
Q9BT88,288,0.0034
P68133,288,0.0034
Q7Z5P4,288,0.0034
Q1HG43,288,0.0034
Q8TDP1,288,0.0034
P08567,288,0.0034
Q6P5X7,288,0.0034
P35713,288,0.0034
P21854,288,0.0034
Q16842,288,0.0034
P30874,288,0.0034
Q9BVC4,288,0.0034
Q9Y4Z2,288,0.0034
Q9Y2T2,288,0.0034
Q96LL9,288,0.0034
Q96HH9,288,0.0034
O75909,288,0.0034
Q9NZQ9,288,0.0034
P01242,287,0.0034
Q7Z602,287,0.0034
O14896,287,0.0034
Q8NBV4,287,0.0034
Q8ND82,287,0.0034
Q9UNE7,287,0.0034
P40425,287,0.0034
P98175,287,0.0034
Q8IX94,287,0.0034
Q14140,287,0.0034
Q9NYV8,287,0.0034
Q9NWT1,287,0.0034
Q3KNS6,287,0.0034
O95500,287,0.0034
Q9Y2B4,287,0.0034
Q9UID6,287,0.0034
Q92537,287,0.0034
P34972,287,0.0034
Q6QHC5,287,0.0034
A6NND4,287,0.0034
P35462,287,0.0034
Q9Y315,287,0.0034
Q8N3J5,287,0.0034
Q13607,287,0.0034
P49638,287,0.0034
Q9BYS8,287,0.0034
Q9BXJ1,287,0.0034
O00232,287,0.0034
O75344,287,0.0034
Q6UW49,287,0.0034
Q8N7G0,287,0.0034
Q9ULM6,287,0.0034
Q7RTY5,287,0.0034
O75871,287,0.0034
P16870,287,0.0034
Q99755,287,0.0034
P0C024,287,0.0034
O60687,287,0.0034
Q99679,287,0.0034
Q6ISU1,287,0.0034
Q92844,286,0.0034
O43247,286,0.0034
Q6TCH4,286,0.0034
P01037,286,0.0034
Q86XS8,286,0.0034
Q5VVQ6,286,0.0034
A0A075B6I9,286,0.0034
P18440,286,0.0034
Q8IYX1,286,0.0034
A8MV65,286,0.0034
Q99712,286,0.0034
Q5TA50,286,0.0034
Q8N5Y8,286,0.0034
P00491,286,0.0034
Q13115,286,0.0034
P23677,286,0.0034
Q9NW81,286,0.0034
P09104,286,0.0034
Q9NY97,286,0.0034
Q6ZN79,286,0.0034
Q9NQ29,286,0.0034
Q9H9Y4,286,0.0034
Q9NPE2,286,0.0034
Q9NS73,286,0.0034
Q9BRQ6,286,0.0034
Q9NZI8,286,0.0034
O75829,286,0.0034
Q6P9H5,286,0.0034
P78345,286,0.0034
Q96HA9,286,0.0034
P58166,286,0.0034
Q9BUN1,286,0.0034
Q9BQE3,286,0.0034
P82930,286,0.0034
Q96GS6,286,0.0034
B6SEH8,286,0.0034
Q96JJ7,286,0.0034
P09543,285,0.0033
Q14549,285,0.0033
P14653,285,0.0033
Q92765,285,0.0033
Q8IX29,285,0.0033
Q9H867,285,0.0033
P25116,285,0.0033
Q9P2W9,285,0.0033
Q16828,285,0.0033
Q9BZD4,285,0.0033
P01721,285,0.0033
Q9UKL0,285,0.0033
Q9NPF8,285,0.0033
Q92551,285,0.0033
Q9UJX3,285,0.0033
Q5SZI1,285,0.0033
Q9HAY2,285,0.0033
Q9H4Q4,285,0.0033
P17480,285,0.0033
Q9Y262,285,0.0033
Q9UNM6,285,0.0033
Q9UKZ1,285,0.0033
Q9NVF9,285,0.0033
P53674,285,0.0033
Q9BQ89,285,0.0033
Q969Q6,285,0.0033
Q7L0Y3,285,0.0033
Q9H707,285,0.0033
Q8NEY3,284,0.0033
Q9Y676,284,0.0033
Q6UXB0,284,0.0033
A6NHY2,284,0.0033
P10301,284,0.0033
Q9H1X1,284,0.0033
Q9NQQ7,284,0.0033
Q96C55,284,0.0033
Q9UNI6,284,0.0033
Q9NSA2,284,0.0033
P28356,284,0.0033
Q8IXY8,284,0.0033
Q8NGT1,284,0.0033
Q96BY2,284,0.0033
P43360,284,0.0033
Q9H9L3,284,0.0033
Q15620,284,0.0033
P31277,284,0.0033
P36941,284,0.0033
P51813,284,0.0033
Q86YW5,284,0.0033
O60543,284,0.0033
Q9P031,284,0.0033
P35212,284,0.0033
Q9UEW8,284,0.0033
Q8TC84,284,0.0033
Q96IP4,284,0.0033
Q12904,284,0.0033
Q9NX45,283,0.0033
P15907,283,0.0033
Q96CX3,283,0.0033
Q9UJQ1,283,0.0033
Q96BY9,283,0.0033
Q9NR46,283,0.0033
Q96EY5,283,0.0033
O75949,283,0.0033
P12956,283,0.0033
Q6PF05,283,0.0033
O00180,283,0.0033
P08637,283,0.0033
P20749,283,0.0033
Q6NYC1,283,0.0033
Q86SG2,283,0.0033
A6ND91,283,0.0033
Q9H008,283,0.0033
O00571,283,0.0033
P0C7T3,283,0.0033
Q13126,283,0.0033
Q96CB8,283,0.0033
Q96JZ2,283,0.0033
Q9BZM6,283,0.0033
P78346,283,0.0033
B2RXF0,283,0.0033
Q9H078,283,0.0033
Q8NGS5,283,0.0033
P04839,283,0.0033
P27361,283,0.0033
Q9Y230,283,0.0033
P10451,283,0.0033
Q9BZJ8,282,0.0033
Q9BXA5,282,0.0033
P36406,282,0.0033
Q6P656,282,0.0033
Q8IXN7,282,0.0033
Q9UHD9,282,0.0033
Q15622,282,0.0033
P01567,282,0.0033
Q9NX05,282,0.0033
P13804,282,0.0033
Q9Y2U2,282,0.0033
Q13601,282,0.0033
Q16543,282,0.0033
P56705,282,0.0033
P19404,282,0.0033
P31275,282,0.0033
Q8NHU3,282,0.0033
Q96PE3,282,0.0033
Q16254,282,0.0033
P34998,282,0.0033
Q1ZYL8,282,0.0033
O60858,282,0.0033
P40313,282,0.0033
A0PK00,282,0.0033
Q13643,282,0.0033
Q00537,282,0.0033
P09237,282,0.0033
Q8IXV7,282,0.0033
Q6YN16,282,0.0033
Q5T953,282,0.0033
Q15612,282,0.0033
P49407,282,0.0033
Q96S82,282,0.0033
Q13573,281,0.0033
P32019,281,0.0033
Q5W064,281,0.0033
Q2M1V0,281,0.0033
Q9BRR3,281,0.0033
Q8N0W5,281,0.0033
Q9BVJ6,281,0.0033
Q6ZVX7,281,0.0033
O96000,281,0.0033
P25090,281,0.0033
Q9UQK1,281,0.0033
Q9Y548,281,0.0033
Q16621,281,0.0033
Q8NHC7,281,0.0033
O15273,281,0.0033
Q9Y6I9,281,0.0033
P03915,281,0.0033
Q5QJU3,281,0.0033
Q9UJN7,281,0.0033
P43657,281,0.0033
P09417,281,0.0033
P49448,281,0.0033
Q8N7X4,281,0.0033
Q15617,281,0.0033
Q14106,281,0.0033
Q8NFJ8,281,0.0033
Q96FX7,281,0.0033
P40225,281,0.0033
P11308,281,0.0033
Q86X67,281,0.0033
Q86V25,281,0.0033
P09972,281,0.0033
Q9Y2U9,281,0.0033
Q8N8N7,281,0.0033
Q13887,281,0.0033
P11487,280,0.0033
O43482,280,0.0033
O15123,280,0.0033
P78563,280,0.0033
Q9NWS0,280,0.0033
Q9UPT5,280,0.0033
O00401,280,0.0033
P02686,280,0.0033
Q96Q35,280,0.0033
Q9H4B0,280,0.0033
Q9P126,280,0.0033
P55345,280,0.0033
Q8N813,280,0.0033
Q8N148,280,0.0033
Q8TAU0,280,0.0033
Q53HC9,280,0.0033
Q5VV52,280,0.0033
P01743,280,0.0033
Q8IUX8,280,0.0033
P55064,280,0.0033
P18754,280,0.0033
Q5TD97,280,0.0033
Q9BPV8,280,0.0033
Q8N859,280,0.0033
Q8NGM8,280,0.0033
P12268,280,0.0033
Q9Y320,280,0.0033
P19652,280,0.0033
O60412,279,0.0033
Q8WWP7,279,0.0033
Q6ZMC9,279,0.0033
Q9UMR2,279,0.0033
P01138,279,0.0033
P20396,279,0.0033
P47890,279,0.0033
Q9NWY4,279,0.0033
O60942,279,0.0033
Q9Y3B9,279,0.0033
Q8NFU0,279,0.0033
Q9BU20,279,0.0033
Q9UBE0,279,0.0033
P41134,279,0.0033
Q6IQ16,279,0.0033
Q8TDN7,279,0.0033
P17538,279,0.0033
P09016,279,0.0033
O00506,279,0.0033
P51689,279,0.0033
Q8N801,279,0.0033
Q8WU03,279,0.0033
Q9GZP7,279,0.0033
O00746,279,0.0033
Q6UW56,279,0.0033
P14416,279,0.0033
O00214,279,0.0033
P36021,279,0.0033
Q8NBZ0,278,0.0033
O43719,278,0.0033
Q5T5D7,278,0.0033
Q6IFN5,278,0.0033
Q16384,278,0.0033
O75528,278,0.0033
Q96PN8,278,0.0033
P49591,278,0.0033
O43660,278,0.0033
O15315,278,0.0033
Q6ZS10,278,0.0033
Q96HL8,278,0.0033
Q9Y6M5,278,0.0033
Q9NPL8,278,0.0033
Q9NR28,278,0.0033
Q9P2M1,278,0.0033
Q9H6U8,278,0.0033
Q5T6S3,278,0.0033
Q8N386,278,0.0033
P01566,278,0.0033
Q92800,278,0.0033
Q8N680,278,0.0033
Q9P2X3,278,0.0033
O95760,278,0.0033
Q14213,278,0.0033
P78539,278,0.0033
P13995,278,0.0033
Q8IWL2,278,0.0033
P0C7V8,278,0.0033
Q96DD0,278,0.0033
Q6P1R3,278,0.0033
Q9C0D3,278,0.0033
A8MXV6,278,0.0033
Q9HD26,277,0.0032
Q8NG99,277,0.0032
Q8ND90,277,0.0032
Q8TD46,277,0.0032
Q9H0C2,277,0.0032
Q14002,277,0.0032
P0DML3,277,0.0032
Q5TKA1,277,0.0032
Q9BZE3,277,0.0032
P24864,277,0.0032
O95149,277,0.0032
P0DPD7,277,0.0032
A2RU54,277,0.0032
Q9H244,277,0.0032
O14662,277,0.0032
Q86U44,277,0.0032
O14792,277,0.0032
Q9H2H9,277,0.0032
Q96NL1,277,0.0032
O43704,277,0.0032
Q9UKF6,277,0.0032
P27701,277,0.0032
Q8NCR6,277,0.0032
Q9UJ72,277,0.0032
Q96MD2,277,0.0032
P42768,277,0.0032
Q9Y519,277,0.0032
Q6UXD7,277,0.0032
A6NL08,277,0.0032
Q99607,276,0.0032
Q9BX40,276,0.0032
Q5JXM2,276,0.0032
Q53FA7,276,0.0032
P0DPI2,276,0.0032
P49247,276,0.0032
Q96B21,276,0.0032
P17706,276,0.0032
Q9Y5Y7,276,0.0032
Q8N0S2,276,0.0032
Q8NGY6,276,0.0032
Q9Y5K1,276,0.0032
Q13569,276,0.0032
P37058,276,0.0032
Q8N614,276,0.0032
A8MPS7,276,0.0032
Q96BR9,276,0.0032
O95628,276,0.0032
Q9H3L0,276,0.0032
P78410,276,0.0032
Q00005,276,0.0032
Q9BV99,276,0.0032
Q9UK85,276,0.0032
Q8WUD6,276,0.0032
Q15008,276,0.0032
Q9UHE8,276,0.0032
P08263,276,0.0032
P31483,276,0.0032
P29279,276,0.0032
Q9GZN4,276,0.0032
Q9NQ60,276,0.0032
Q5SRE7,276,0.0032
Q6UXB4,276,0.0032
Q8IVN8,276,0.0032
Q96EZ8,276,0.0032
O00533,276,0.0032
Q8N2F6,275,0.0032
Q8TBY0,275,0.0032
Q96AQ8,275,0.0032
O43688,275,0.0032
Q7Z624,275,0.0032
P51686,275,0.0032
Q9BYD6,275,0.0032
O75830,275,0.0032
Q02750,275,0.0032
Q8NGZ3,275,0.0032
Q2VPJ9,275,0.0032
Q9UJD0,275,0.0032
Q9BWP8,275,0.0032
Q9H841,275,0.0032
Q8NGZ4,275,0.0032
A6NC51,275,0.0032
Q969V1,275,0.0032
Q9H0C1,275,0.0032
Q93015,275,0.0032
Q9BUV0,275,0.0032
O15344,274,0.0032
Q6P2I3,274,0.0032
Q96DB2,274,0.0032
O60921,274,0.0032
Q8NDV1,274,0.0032
P16152,274,0.0032
O76081,274,0.0032
P56178,274,0.0032
P31937,274,0.0032
Q06187,274,0.0032
P27539,274,0.0032
Q9H3S4,274,0.0032
Q8IXU6,274,0.0032
O14862,274,0.0032
Q9Y5Q0,274,0.0032
Q969U7,274,0.0032
Q8WVN8,274,0.0032
Q96G28,274,0.0032
Q11201,274,0.0032
P56937,274,0.0032
Q9NPI5,274,0.0032
A0PG75,273,0.0032
P30419,273,0.0032
Q9HBW0,273,0.0032
Q9GZM6,273,0.0032
Q8IYK8,273,0.0032
Q9UK99,273,0.0032
Q96DC8,273,0.0032
P35548,273,0.0032
Q9NPB3,273,0.0032
Q9NYW6,273,0.0032
Q5VZ19,273,0.0032
Q6DJT9,273,0.0032
Q7Z5U6,273,0.0032
Q9NU19,273,0.0032
Q13432,273,0.0032
Q7Z465,273,0.0032
P54578,273,0.0032
Q96NX9,273,0.0032
Q8IZE3,273,0.0032
O15372,273,0.0032
Q9NWX6,273,0.0032
Q8NA23,273,0.0032
Q15906,273,0.0032
Q9NP98,273,0.0032
Q8N126,273,0.0032
Q8TAM2,273,0.0032
Q96PU9,273,0.0032
Q6PGN9,273,0.0032
O43745,273,0.0032
A6NCL1,273,0.0032
P13598,273,0.0032
P0C1Z6,273,0.0032
Q8NEL0,273,0.0032
O96004,273,0.0032
Q9P0M2,272,0.0032
Q10472,272,0.0032
P58173,272,0.0032
P07864,272,0.0032
Q8NBI3,272,0.0032
O43240,272,0.0032
O95460,272,0.0032
Q96IV6,272,0.0032
P24158,272,0.0032
Q96FT9,272,0.0032
Q5VZI3,272,0.0032
O95567,272,0.0032
Q9Y5J3,272,0.0032
Q9Y337,272,0.0032
P51679,272,0.0032
P43234,272,0.0032
Q6PKC3,272,0.0032
Q13425,272,0.0032
Q6UN15,272,0.0032
Q96MX6,272,0.0032
Q8IW52,272,0.0032
Q9H321,272,0.0032
P41597,272,0.0032
Q96BR1,272,0.0032
Q12982,272,0.0032
Q9Y266,272,0.0032
P01568,272,0.0032
P28907,272,0.0032
Q8NGS7,272,0.0032
P13349,272,0.0032
Q6ICG8,272,0.0032
Q9Y2B2,272,0.0032
Q6ZMR3,272,0.0032
Q9UEE9,272,0.0032
Q96CN7,272,0.0032
Q7Z769,272,0.0032
Q2T9L4,272,0.0032
Q9Y256,272,0.0032
P0C7I6,271,0.0032
Q99675,271,0.0032
Q9GZR5,271,0.0032
P48742,271,0.0032
Q6NVV3,271,0.0032
Q9ULV4,271,0.0032
O95007,271,0.0032
Q96I51,271,0.0032
P21728,271,0.0032
Q5VUJ6,271,0.0032
Q8WU79,271,0.0032
P17174,271,0.0032
P49765,271,0.0032
P29966,271,0.0032
Q96HE9,271,0.0032
Q9Y576,271,0.0032
P07992,271,0.0032
Q9Y2R9,271,0.0032
Q9P2T1,271,0.0032
Q8TBJ5,271,0.0032
Q9BSH5,271,0.0032
P11086,271,0.0032
Q9NV23,271,0.0032
Q96RC9,271,0.0032
P58182,271,0.0032
Q6DWJ6,271,0.0032
A6NL26,271,0.0032
Q96SI9,271,0.0032
Q12857,271,0.0032
Q9H3M0,271,0.0032
Q8WW62,271,0.0032
A6NLU5,271,0.0032
P55103,271,0.0032
A4D161,271,0.0032
Q8WWH5,271,0.0032
P19793,271,0.0032
Q8NEY8,270,0.0032
P49770,270,0.0032
Q96K80,270,0.0032
P31268,270,0.0032
P54819,270,0.0032
Q08257,270,0.0032
Q96KX2,270,0.0032
P50502,270,0.0032
Q6ZRP0,270,0.0032
P28332,270,0.0032
Q96EF6,270,0.0032
Q9BQ69,270,0.0032
Q3SY17,270,0.0032
Q6UY11,270,0.0032
O60609,270,0.0032
P59534,270,0.0032
Q6PIU2,270,0.0032
Q5VVY1,270,0.0032
Q9UBS8,270,0.0032
Q5JS13,270,0.0032
P54725,270,0.0032
Q9Y2T5,270,0.0032
O95568,270,0.0032
Q8WZ79,270,0.0032
Q8NGR8,270,0.0032
P09529,270,0.0032
Q96S96,270,0.0032
Q8NGS1,269,0.0032
P49802,269,0.0032
Q9UN76,269,0.0032
Q96RA2,269,0.0032
Q00532,269,0.0032
Q15722,269,0.0032
Q9BU64,269,0.0032
P00740,269,0.0032
P17544,269,0.0032
Q15760,269,0.0032
O43916,269,0.0032
Q494W8,269,0.0032
Q96Q83,269,0.0032
O95859,269,0.0032
Q9BV23,269,0.0032
P51504,269,0.0032
Q6UB28,269,0.0032
P49116,269,0.0032
Q9BSU1,269,0.0032
Q9Y6Q1,269,0.0032
Q8WTW4,269,0.0032
O95096,269,0.0032
A6NM76,269,0.0032
Q96M11,269,0.0032
Q15466,269,0.0032
Q6ICH7,269,0.0032
Q9H2F9,269,0.0032
O00584,269,0.0032
Q13103,269,0.0032
Q16649,269,0.0032
Q6NSX1,269,0.0032
Q6ZNC4,269,0.0032
Q9NRH3,269,0.0032
Q8N782,269,0.0032
Q9Y4K3,269,0.0032
Q15293,269,0.0032
Q8NCJ5,268,0.0031
Q8N8R5,268,0.0031
Q8N9B8,268,0.0031
Q5JPI3,268,0.0031
Q9NV96,268,0.0031
Q6UXL0,268,0.0031
Q9GZV7,268,0.0031
O60928,268,0.0031
P49238,268,0.0031
Q9BXN1,268,0.0031
Q9UF11,268,0.0031
Q8IYV9,268,0.0031
Q8TEZ7,268,0.0031
Q9HBH1,268,0.0031
Q8NF86,268,0.0031
Q8WVC6,268,0.0031
P58505,268,0.0031
P23025,268,0.0031
Q8NHB1,268,0.0031
O14682,268,0.0031
O75828,268,0.0031
Q9NNZ3,268,0.0031
Q9UBP6,268,0.0031
Q8NFH8,268,0.0031
Q96F07,268,0.0031
P36980,268,0.0031
P46094,268,0.0031
Q9BRL6,268,0.0031
Q9ULX7,268,0.0031
Q8N5M1,268,0.0031
Q5GLZ8,267,0.0031
Q96CX2,267,0.0031
Q6UE05,267,0.0031
P80303,267,0.0031
Q9BZK7,267,0.0031
Q8N5I4,267,0.0031
Q8NGZ9,267,0.0031
A8MT33,267,0.0031
P32856,267,0.0031
P13725,267,0.0031
P10828,267,0.0031
Q9BQT8,267,0.0031
Q9UGN4,267,0.0031
A0A0C4DH73,267,0.0031
O60508,267,0.0031
Q14457,267,0.0031
Q8NGG6,267,0.0031
Q9HBV2,267,0.0031
Q9NQ94,267,0.0031
P21554,267,0.0031
Q7L4P6,267,0.0031
Q96S42,267,0.0031
Q96K37,267,0.0031
Q5HYI7,267,0.0031
Q9UL62,267,0.0031
Q9Y6J8,267,0.0031
Q9Y2M5,267,0.0031
Q96PP4,267,0.0031
P0DMS8,267,0.0031
Q9NZN1,267,0.0031
Q13790,267,0.0031
Q8NC01,267,0.0031
P17812,267,0.0031
Q8IXX5,267,0.0031
Q96KP6,267,0.0031
Q9BQR3,267,0.0031
Q8TF65,267,0.0031
Q5SQ64,267,0.0031
Q01094,267,0.0031
Q96R27,267,0.0031
Q7Z7J5,267,0.0031
Q6P5S2,266,0.0031
Q8TDQ1,266,0.0031
Q9NX20,266,0.0031
Q5QP82,266,0.0031
Q8N9R8,266,0.0031
Q6UXZ0,266,0.0031
Q9UKR3,266,0.0031
Q2T9K0,266,0.0031
Q8N661,266,0.0031
P31944,266,0.0031
Q9NWV8,266,0.0031
Q9NYW4,266,0.0031
O75489,266,0.0031
P13716,266,0.0031
P26998,266,0.0031
Q4G0N4,266,0.0031
P51685,266,0.0031
O95747,266,0.0031
O43709,266,0.0031
Q16643,266,0.0031
Q9BRQ3,266,0.0031
Q9H3N1,266,0.0031
Q9BYR0,266,0.0031
O00151,266,0.0031
Q9H1K6,266,0.0031
Q13291,266,0.0031
P15328,266,0.0031
Q5VZV1,266,0.0031
Q8NHC4,266,0.0031
A8MTA8,266,0.0031
Q9H3Y0,266,0.0031
Q99962,266,0.0031
Q9Y6E7,265,0.0031
Q92989,265,0.0031
Q7RTV2,265,0.0031
Q9NVA1,265,0.0031
Q15287,265,0.0031
Q9Y242,265,0.0031
Q9BYD2,265,0.0031
P01036,265,0.0031
Q96G23,265,0.0031
Q9H6S1,265,0.0031
Q9BUJ0,265,0.0031
Q6ZVK8,265,0.0031
P46089,265,0.0031
P22087,265,0.0031
Q7LG56,265,0.0031
Q8N5C8,265,0.0031
Q9HAV0,265,0.0031
Q8N5S3,265,0.0031
Q8N7H5,265,0.0031
Q66PJ3,265,0.0031
P17542,265,0.0031
Q9Y248,265,0.0031
Q5T0L3,265,0.0031
Q99848,265,0.0031
Q5EBL4,265,0.0031
Q6P1A2,265,0.0031
P29972,265,0.0031
Q9Y4X4,264,0.0031
P35250,264,0.0031
Q9Y2T6,264,0.0031
Q86SM5,264,0.0031
Q9BSG5,264,0.0031
P49406,264,0.0031
Q9H6T0,264,0.0031
Q96GR4,264,0.0031
Q8NHC5,264,0.0031
P15336,264,0.0031
O75486,264,0.0031
Q6ZS86,264,0.0031
Q9NYW5,264,0.0031
Q8NH54,264,0.0031
P09228,264,0.0031
P12524,264,0.0031
Q9Y5V3,264,0.0031
Q68D85,264,0.0031
Q69YU3,264,0.0031
Q9H7E9,264,0.0031
Q6ZUB0,264,0.0031
Q92784,264,0.0031
Q9BQ75,264,0.0031
Q9HCT0,264,0.0031
Q9P258,264,0.0031
P55042,264,0.0031
Q9Y2F9,264,0.0031
Q9NUJ1,264,0.0031
O60506,264,0.0031
Q6PHW0,264,0.0031
O75791,264,0.0031
Q9NVD7,264,0.0031
Q86WV1,264,0.0031
Q12926,264,0.0031
Q96BN2,263,0.0031
Q8WWA1,263,0.0031
Q9BXI2,263,0.0031
Q9UK73,263,0.0031
O76000,263,0.0031
Q9H9G7,263,0.0031
A0PJW6,263,0.0031
Q5GH77,263,0.0031
Q7LFL8,263,0.0031
Q9BZM3,263,0.0031
Q6ZSA7,263,0.0031
Q13177,263,0.0031
Q9BT30,263,0.0031
Q5R3K3,263,0.0031
Q6ZS82,263,0.0031
Q9NZR1,263,0.0031
P30511,263,0.0031
Q9Y272,263,0.0031
Q9Y6Z7,263,0.0031
A1E959,263,0.0031
Q96FK6,263,0.0031
Q6ZP29,263,0.0031
Q76EJ3,263,0.0031
Q96A44,263,0.0031
Q5TGI0,263,0.0031
Q9H477,263,0.0031
Q86WA6,263,0.0031
Q9BQP9,263,0.0031
A6NCN8,263,0.0031
Q99689,263,0.0031
P05814,262,0.0031
P21815,262,0.0031
A6NEV1,262,0.0031
P0CB38,262,0.0031
Q70HW3,262,0.0031
P51946,262,0.0031
Q9NUU6,262,0.0031
O76064,262,0.0031
P0CG48,262,0.0031
Q8N6D5,262,0.0031
Q6P2H8,262,0.0031
Q8IUY3,262,0.0031
Q8TDQ0,262,0.0031
Q63HM9,262,0.0031
Q5VW00,262,0.0031
P56747,262,0.0031
P34981,262,0.0031
P23515,262,0.0031
A0A087WSZ0,262,0.0031
Q6UX65,262,0.0031
P14384,262,0.0031
Q92820,262,0.0031
Q6GPI1,262,0.0031
Q8TEW6,262,0.0031
P30953,262,0.0031
Q8IW40,262,0.0031
P49862,262,0.0031
Q53FE4,262,0.0031
Q07866,262,0.0031
P51159,262,0.0031
Q7Z6J2,262,0.0031
Q96T55,262,0.0031
P46734,262,0.0031
A6NFD8,262,0.0031
Q9NXI6,262,0.0031
Q9UHQ9,262,0.0031
Q9UGF5,262,0.0031
P49354,262,0.0031
O14757,262,0.0031
P08758,262,0.0031
Q8IYL3,261,0.0031
P54845,261,0.0031
P78310,261,0.0031
P14415,261,0.0031
Q99801,261,0.0031
Q9NZC3,261,0.0031
O94952,261,0.0031
Q9BPZ7,261,0.0031
Q8NAA5,261,0.0031
Q9H6V9,261,0.0031
O60939,261,0.0031
P46439,261,0.0031
Q96HH4,261,0.0031
Q9H2A3,261,0.0031
P35659,261,0.0031
P20671,261,0.0031
Q15633,261,0.0031
P59533,261,0.0031
P11229,261,0.0031
Q06432,261,0.0031
Q9H6K4,261,0.0031
Q9UN37,261,0.0031
Q8TAT2,261,0.0031
Q6PF06,261,0.0031
Q06787,261,0.0031
Q8NCY6,261,0.0031
P07711,261,0.0031
O76076,261,0.0031
A6NCV1,261,0.0031
Q9Y4W2,261,0.0031
Q9BZC1,261,0.0031
Q96AX2,261,0.0031
P41439,261,0.0031
Q9H0W9,261,0.0031
Q9HAS0,261,0.0031
P16455,260,0.003
Q8N4B1,260,0.003
Q96SL8,260,0.003
O75541,260,0.003
O95336,260,0.003
P00915,260,0.003
Q9UBV8,260,0.003
Q9BZW5,260,0.003
Q9H6D3,260,0.003
O95340,260,0.003
A6NJZ3,260,0.003
O14657,260,0.003
Q9BXS1,260,0.003
Q70IA8,260,0.003
Q8NFK1,260,0.003
Q92838,260,0.003
P57076,260,0.003
Q9NPB9,260,0.003
A6NEH6,260,0.003
Q9UJU2,260,0.003
Q96HH6,260,0.003
Q96AB6,260,0.003
P20718,260,0.003
Q8TE02,260,0.003
P12314,260,0.003
Q86WK6,260,0.003
P32302,260,0.003
Q15165,260,0.003
A6NNA5,260,0.003
Q15768,260,0.003
Q96SI1,260,0.003
Q86VZ1,260,0.003
Q9UBR2,260,0.003
Q7Z7N9,260,0.003
P31270,260,0.003
Q92956,260,0.003
P51512,260,0.003
Q12796,260,0.003
P26992,260,0.003
Q14696,260,0.003
P05771,259,0.003
P11766,259,0.003
Q96MZ0,259,0.003
Q6UWI2,259,0.003
Q9BWX1,259,0.003
A0A0A0MS15,259,0.003
O15266,259,0.003
Q13761,259,0.003
Q9H2Z4,259,0.003
Q96DX7,259,0.003
D6RGH6,259,0.003
O95452,259,0.003
Q8NEG0,259,0.003
P21810,259,0.003
Q9H410,259,0.003
Q5JVF3,259,0.003
A8MTJ3,259,0.003
Q9UNQ2,259,0.003
Q9UNZ2,259,0.003
Q7Z4M0,259,0.003
Q7RTU3,259,0.003
Q96DN0,259,0.003
Q9NRX1,259,0.003
Q7Z3B4,259,0.003
P53609,259,0.003
P00846,259,0.003
Q96RQ1,258,0.003
Q96MT1,258,0.003
A0A0B4J1X5,258,0.003
Q13867,258,0.003
P59536,258,0.003
O14787,258,0.003
Q05D32,258,0.003
Q9Y365,258,0.003
Q9UK28,258,0.003
O95473,258,0.003
P57060,258,0.003
Q5BJH7,258,0.003
P50402,258,0.003
P28289,258,0.003
Q9NPF2,258,0.003
Q9GZK7,258,0.003
Q8N0S6,258,0.003
Q9UD57,258,0.003
Q14914,258,0.003
Q9UKT5,258,0.003
Q9H7M9,258,0.003
Q9Y4L5,258,0.003
Q9Y5M8,258,0.003
Q9H4T2,258,0.003
Q96N95,258,0.003
O75764,258,0.003
Q9H790,258,0.003
O75360,258,0.003
P62508,258,0.003
Q7Z739,257,0.003
Q9BYQ9,257,0.003
O60487,257,0.003
Q9BR09,257,0.003
Q969Z3,257,0.003
P10746,257,0.003
Q06413,257,0.003
Q8WVV4,257,0.003
P31267,257,0.003
P53007,257,0.003
Q969E2,257,0.003
Q96L21,257,0.003
Q9P104,257,0.003
Q9P015,257,0.003
Q6STE5,257,0.003
Q6L8G5,257,0.003
Q8IV20,257,0.003
Q9Y2T7,257,0.003
Q969T9,257,0.003
P25105,257,0.003
Q96DZ9,257,0.003
Q9UJY1,257,0.003
P04808,257,0.003
Q9BRJ9,257,0.003
Q6IC83,257,0.003
Q3B7T3,257,0.003
Q9NZC2,256,0.003
Q969X1,256,0.003
O76071,256,0.003
Q8N4C7,256,0.003
P51690,256,0.003
Q6ZV65,256,0.003
O60499,256,0.003
Q96A28,256,0.003
Q9NUQ3,256,0.003
Q5VWP2,256,0.003
Q14119,256,0.003
Q9H6D7,256,0.003
Q99963,256,0.003
Q9P2W7,256,0.003
P49441,256,0.003
Q07687,256,0.003
Q03181,256,0.003
O60313,256,0.003
Q9UIX4,256,0.003
Q6ZW13,256,0.003
Q3KRB8,256,0.003
Q9NP95,256,0.003
Q8N129,256,0.003
Q6NXP6,256,0.003
P01100,256,0.003
O43825,256,0.003
P05014,256,0.003
Q9BYE7,256,0.003
Q00444,256,0.003
O95237,256,0.003
Q9UJ42,256,0.003
A0A0C4DH72,255,0.003
Q9BYG0,255,0.003
Q9NX52,255,0.003
Q13394,255,0.003
Q02548,255,0.003
P07093,255,0.003
Q99727,255,0.003
Q9BW91,255,0.003
Q13261,255,0.003
Q15762,255,0.003
P48060,255,0.003
Q96A47,255,0.003
P09067,255,0.003
Q9NYL9,255,0.003
Q6AZW8,255,0.003
Q6UX98,255,0.003
Q8NHW3,255,0.003
Q96NL8,255,0.003
Q6AI12,255,0.003
O94903,255,0.003
P09486,255,0.003
P39748,255,0.003
Q9BYJ0,255,0.003
Q9H1D9,255,0.003
Q9Y6F9,255,0.003
Q7Z5W3,255,0.003
Q16613,255,0.003
Q14186,254,0.003
Q9BVC3,254,0.003
P78337,254,0.003
Q16676,254,0.003
Q9H7T9,254,0.003
Q92185,254,0.003
Q9NXX6,254,0.003
Q9P035,254,0.003
Q7Z7H8,254,0.003
Q15390,254,0.003
Q96T66,254,0.003
P48023,254,0.003
Q8N5C1,254,0.003
Q9UKQ9,254,0.003
P0DMV8,254,0.003
P32246,254,0.003
A6ND01,254,0.003
A6NKD9,254,0.003
A6NJW4,254,0.003
P28566,254,0.003
P50458,254,0.003
Q96QD9,254,0.003
Q5VXT5,254,0.003
P15121,254,0.003
Q9H9K5,254,0.003
Q9NYW7,254,0.003
Q9UIC8,254,0.003
P0DML2,254,0.003
O95343,253,0.003
Q8WW43,253,0.003
Q9UMX3,253,0.003
Q15274,253,0.003
Q8WVZ1,253,0.003
Q96GY0,253,0.003
O14732,253,0.003
Q96DX4,253,0.003
Q15848,253,0.003
Q8NEG2,253,0.003
Q2MKA7,253,0.003
A1L157,253,0.003
O96024,253,0.003
Q9NXK6,253,0.003
Q8NG95,253,0.003
A6NI87,253,0.003
Q9UBC1,253,0.003
Q9NSI2,253,0.003
A4D2H0,253,0.003
Q8NCR9,253,0.003
Q9NXR7,252,0.003
Q9Y6A2,252,0.003
P31276,252,0.003
P09564,252,0.003
Q9UKM9,252,0.003
P26651,252,0.003
Q9NZ94,252,0.003
Q8IYL9,252,0.003
P34982,252,0.003
Q9H061,252,0.003
G5E9R7,252,0.003
O94907,252,0.003
Q9P1T7,252,0.003
Q86VK4,252,0.003
Q8NH79,252,0.003
Q15119,252,0.003
O60479,252,0.003
P11844,252,0.003
Q8TDG2,252,0.003
P34130,252,0.003
H7C350,252,0.003
Q8NGZ6,252,0.003
Q6P4A7,252,0.003
P11177,252,0.003
P15104,252,0.003
O75554,252,0.003
Q96B36,252,0.003
O76099,252,0.003
Q8IXA5,252,0.003
P08621,252,0.003
Q9NV79,252,0.003
P32249,252,0.003
Q9H9S4,252,0.003
P02747,252,0.003
P10276,252,0.003
Q3LI83,252,0.003
O14645,252,0.003
P07203,252,0.003
Q9NRE1,252,0.003
Q8IZT8,251,0.0029
P80723,251,0.0029
P15976,251,0.0029
P50591,251,0.0029
P78545,251,0.0029
Q969J5,251,0.0029
A6NJG6,251,0.0029
O43639,251,0.0029
P22234,251,0.0029
Q0PNE2,251,0.0029
Q9NSA1,251,0.0029
Q56P03,251,0.0029
Q9BY32,251,0.0029
Q8NB37,251,0.0029
P20809,251,0.0029
Q99928,251,0.0029
Q9BXD5,251,0.0029
Q5JSH3,251,0.0029
Q9UKR8,251,0.0029
P07360,251,0.0029
P61073,251,0.0029
P00156,251,0.0029
Q9NP55,251,0.0029
Q6P1N9,251,0.0029
O75841,250,0.0029
Q9BSF8,250,0.0029
Q05BQ5,250,0.0029
Q86V86,250,0.0029
O14649,250,0.0029
P15428,250,0.0029
P37287,250,0.0029
Q96PG2,250,0.0029
Q7RTR8,250,0.0029
Q8N5C7,250,0.0029
P29558,250,0.0029
Q9BQ87,250,0.0029
P27169,250,0.0029
A6NFA1,250,0.0029
Q9UMW8,250,0.0029
Q8WUB2,250,0.0029
Q7LC44,250,0.0029
Q8N511,250,0.0029
Q9UGV2,250,0.0029
Q96IW7,250,0.0029
Q9NUU7,250,0.0029
Q14CS0,250,0.0029
P25089,250,0.0029
Q14512,250,0.0029
P16260,249,0.0029
P43080,249,0.0029
Q53GQ0,249,0.0029
P59535,249,0.0029
Q92186,249,0.0029
O15165,249,0.0029
Q96CP7,249,0.0029
P0C7X2,249,0.0029
P0DN87,249,0.0029
P50213,249,0.0029
Q07666,249,0.0029
Q14188,249,0.0029
O43508,249,0.0029
Q9BTP6,249,0.0029
P0DTL5,249,0.0029
Q8N4V2,249,0.0029
Q15208,249,0.0029
Q96CM4,249,0.0029
O00625,249,0.0029
P53004,249,0.0029
P23409,249,0.0029
Q15116,249,0.0029
Q8WV48,249,0.0029
Q8N8G2,249,0.0029
Q52WX2,249,0.0029
Q13145,249,0.0029
Q9Y2C3,249,0.0029
F8VTS6,249,0.0029
Q5T0B9,249,0.0029
Q9GZK3,249,0.0029
Q96HR9,248,0.0029
O14972,248,0.0029
Q9NPC8,248,0.0029
Q6IPU0,248,0.0029
P30040,248,0.0029
P15407,248,0.0029
O14618,248,0.0029
P21964,248,0.0029
Q5VSY0,248,0.0029
Q8TBR7,248,0.0029
P24539,248,0.0029
Q9BYG7,248,0.0029
Q92917,248,0.0029
Q9BWF3,248,0.0029
Q9BYG5,248,0.0029
Q9Y3N9,248,0.0029
Q3MJ62,248,0.0029
P55789,248,0.0029
O60507,248,0.0029
Q02223,248,0.0029
Q86YL5,248,0.0029
P26441,248,0.0029
Q9BTL4,247,0.0029
Q15628,247,0.0029
Q92871,247,0.0029
Q9NY26,247,0.0029
P40937,247,0.0029
Q96SZ6,247,0.0029
Q8TDC0,247,0.0029
Q8NC96,247,0.0029
P55039,247,0.0029
Q96QU4,247,0.0029
P49888,247,0.0029
Q969K3,247,0.0029
P51911,247,0.0029
Q96N19,247,0.0029
Q8IYP2,247,0.0029
Q8ND94,247,0.0029
Q8NHV1,247,0.0029
P26373,247,0.0029
Q6PL24,247,0.0029
P11021,247,0.0029
Q2TAM9,247,0.0029
Q9HCP0,247,0.0029
Q03113,247,0.0029
Q9NVG8,247,0.0029
A6NFE2,247,0.0029
Q9UJH8,247,0.0029
Q96AG4,247,0.0029
P48730,247,0.0029
Q9H2J4,246,0.0029
P22676,246,0.0029
Q68CL5,246,0.0029
Q14094,246,0.0029
Q9BSH4,246,0.0029
Q9NZI7,246,0.0029
Q04323,246,0.0029
P08910,246,0.0029
Q9UGF6,246,0.0029
P85298,246,0.0029
Q15475,246,0.0029
A2RUC4,246,0.0029
P40426,246,0.0029
Q13310,246,0.0029
O43759,246,0.0029
Q9H8P0,246,0.0029
Q9UKJ1,246,0.0029
Q6DD87,246,0.0029
P54826,246,0.0029
Q9UHW5,246,0.0029
A8MXZ3,246,0.0029
Q8IYR6,246,0.0029
Q14691,246,0.0029
Q969H4,246,0.0029
Q9NUE0,246,0.0029
Q8IXP5,246,0.0029
Q05519,246,0.0029
P48509,246,0.0029
Q8WXJ9,246,0.0029
Q96DR5,246,0.0029
Q8IYX4,246,0.0029
Q99819,246,0.0029
P40198,246,0.0029
Q07011,246,0.0029
O76038,246,0.0029
C9JDP6,246,0.0029
Q9NS85,245,0.0029
Q969T7,245,0.0029
Q7Z3D4,245,0.0029
Q9NXJ0,245,0.0029
C9JSJ3,245,0.0029
Q68D91,245,0.0029
Q96R45,245,0.0029
Q86YR6,245,0.0029
P01906,245,0.0029
A0A075B6K5,245,0.0029
Q96KN4,245,0.0029
Q9BU02,245,0.0029
Q9UKI2,245,0.0029
Q49SQ1,245,0.0029
Q8TAM6,245,0.0029
P29084,245,0.0029
Q16204,245,0.0029
Q9NXB9,245,0.0029
P51582,245,0.0029
Q5MJ68,245,0.0029
Q8N6Q1,245,0.0029
P11049,245,0.0029
Q00526,245,0.0029
Q8TCE6,244,0.0029
Q9BZM4,244,0.0029
A6NLC5,244,0.0029
Q8WTS6,244,0.0029
P0DN37,244,0.0029
Q86UD1,244,0.0029
Q9BSK2,244,0.0029
Q4W4Y0,244,0.0029
Q15615,244,0.0029
O43808,244,0.0029
Q8WXI8,244,0.0029
Q9Y5N5,244,0.0029
Q99622,244,0.0029
O43298,244,0.0029
P30039,244,0.0029
Q99836,244,0.0029
O14756,244,0.0029
P51606,244,0.0029
Q6ZSC3,244,0.0029
Q6TCH7,244,0.0029
O60513,244,0.0029
Q9UM11,244,0.0029
Q9BXS4,244,0.0029
Q86W92,244,0.0029
P43235,244,0.0029
Q8WTX7,244,0.0029
Q9UKD2,244,0.0029
Q96P66,244,0.0029
P01767,244,0.0029
Q12841,244,0.0029
P08476,243,0.0028
Q15404,243,0.0028
Q9BPY3,243,0.0028
Q96ND0,243,0.0028
Q9UNK0,243,0.0028
Q9NSE2,243,0.0028
Q86VD7,243,0.0028
Q9BSJ6,243,0.0028
O00139,243,0.0028
Q6XD76,243,0.0028
Q9BZX4,243,0.0028
Q587J8,243,0.0028
P04090,243,0.0028
P15408,243,0.0028
Q9H2C1,243,0.0028
Q96BQ3,243,0.0028
Q5SZD4,243,0.0028
P20151,243,0.0028
Q7L311,243,0.0028
O95292,243,0.0028
Q8N0Y2,243,0.0028
Q9H7B2,243,0.0028
Q6ZRI8,243,0.0028
P12829,243,0.0028
Q96E40,243,0.0028
Q9UPM9,243,0.0028
Q04726,243,0.0028
Q9GZY6,243,0.0028
Q9HAN9,243,0.0028
Q96LJ8,243,0.0028
O95983,243,0.0028
P06310,243,0.0028
O94805,243,0.0028
Q9NVZ3,242,0.0028
Q5VT98,242,0.0028
Q9NZQ0,242,0.0028
Q99871,242,0.0028
Q8N9I9,242,0.0028
O60902,242,0.0028
Q5T1Q4,242,0.0028
Q15797,242,0.0028
Q13123,242,0.0028
Q9HBK9,242,0.0028
Q99615,242,0.0028
P15382,242,0.0028
Q7L5Y9,242,0.0028
Q96A73,242,0.0028
P43088,242,0.0028
Q9H9P2,242,0.0028
Q5T8I3,242,0.0028
Q96CS2,242,0.0028
Q8IXB3,242,0.0028
P28702,242,0.0028
Q8IY42,242,0.0028
Q12792,242,0.0028
P61244,242,0.0028
P13584,242,0.0028
O95157,242,0.0028
Q9NP60,242,0.0028
B0YJ81,242,0.0028
A0PK05,242,0.0028
P57721,242,0.0028
P06870,242,0.0028
Q9BVC5,241,0.0028
Q9NTX7,241,0.0028
P53539,241,0.0028
Q5SZD1,241,0.0028
P48307,241,0.0028
Q16651,241,0.0028
P58005,241,0.0028
Q5XKR4,241,0.0028
Q495A1,241,0.0028
P41181,241,0.0028
Q8TAP8,241,0.0028
Q96BF6,241,0.0028
O43763,241,0.0028
Q96DI7,241,0.0028
O95858,241,0.0028
Q9H819,241,0.0028
O75716,241,0.0028
Q9NQ25,241,0.0028
P14207,241,0.0028
Q16772,241,0.0028
Q9H7Y0,241,0.0028
Q8TC29,241,0.0028
Q13829,241,0.0028
Q9Y585,241,0.0028
Q13426,241,0.0028
O95755,241,0.0028
P56750,241,0.0028
Q8NGT5,241,0.0028
Q6ZQY2,241,0.0028
B2CW77,241,0.0028
Q86Y79,241,0.0028
P59544,240,0.0028
P06576,240,0.0028
Q99594,240,0.0028
O75911,240,0.0028
Q96DG6,240,0.0028
Q96C74,240,0.0028
Q8WWF8,240,0.0028
Q7Z3Z2,240,0.0028
Q6UX53,240,0.0028
P59551,240,0.0028
Q9UI43,240,0.0028
O75955,240,0.0028
P43034,240,0.0028
Q96B67,240,0.0028
Q05639,240,0.0028
P24387,240,0.0028
O95047,240,0.0028
Q9ULC0,240,0.0028
A6NGA9,240,0.0028
A0PK11,240,0.0028
Q8N336,240,0.0028
P12319,240,0.0028
O43903,240,0.0028
O60547,240,0.0028
Q5H9I0,240,0.0028
O60422,240,0.0028
Q8IZJ0,239,0.0028
Q9Y282,239,0.0028
O75027,239,0.0028
Q9UJZ1,239,0.0028
Q7RTS3,239,0.0028
Q7L190,239,0.0028
P50750,239,0.0028
Q8TAE7,239,0.0028
Q7L4I2,239,0.0028
Q9NXC2,239,0.0028
Q6ZN18,239,0.0028
Q496H8,239,0.0028
P57682,239,0.0028
Q53RY4,239,0.0028
Q9NZ43,239,0.0028
Q9UHD1,239,0.0028
Q9H7F4,239,0.0028
Q14894,239,0.0028
Q8NET5,239,0.0028
Q8WZ73,239,0.0028
Q8N7E2,239,0.0028
P20248,239,0.0028
P17900,239,0.0028
Q9UBQ6,239,0.0028
Q7Z7A3,239,0.0028
P01732,239,0.0028
P78368,239,0.0028
Q8NDD1,239,0.0028
Q9BW85,239,0.0028
Q9HD15,239,0.0028
Q8NHP6,239,0.0028
O75845,239,0.0028
Q8N693,239,0.0028
Q5JTZ5,239,0.0028
P53367,239,0.0028
P51843,239,0.0028
Q8N1L9,239,0.0028
Q9H6P5,239,0.0028
Q9H0E2,239,0.0028
O15479,239,0.0028
P16562,239,0.0028
Q7RTP0,239,0.0028
Q96EU6,238,0.0028
Q5MNZ6,238,0.0028
Q9H6F2,238,0.0028
Q7Z6K5,238,0.0028
Q9BTU6,238,0.0028
Q8NCR3,238,0.0028
Q9UBZ4,238,0.0028
P55210,238,0.0028
Q6ZMN8,238,0.0028
Q9NVW2,238,0.0028
Q96KB5,238,0.0028
O95620,238,0.0028
P0CF75,238,0.0028
O94778,238,0.0028
Q7Z4R8,238,0.0028
Q9UKJ0,238,0.0028
P30048,238,0.0028
Q9UBP9,238,0.0028
Q9BY11,238,0.0028
Q14773,238,0.0028
Q9NW97,238,0.0028
O75695,238,0.0028
P43358,238,0.0028
Q9BXY0,238,0.0028
Q9NNX9,238,0.0028
Q9BPX7,238,0.0028
P0CG40,238,0.0028
Q5RKV6,237,0.0028
A6NLU0,237,0.0028
Q6IPR3,237,0.0028
Q9BQD7,237,0.0028
Q969W9,237,0.0028
P26358,237,0.0028
Q11206,237,0.0028
Q7Z5L0,237,0.0028
P54920,237,0.0028
Q16589,237,0.0028
Q9Y247,237,0.0028
Q96FA3,237,0.0028
Q9Y6X3,237,0.0028
Q9NVA2,237,0.0028
Q92535,237,0.0028
Q16270,237,0.0028
P42081,237,0.0028
Q16602,237,0.0028
Q8N815,237,0.0028
O75897,237,0.0028
O95873,237,0.0028
O15121,237,0.0028
Q86X55,237,0.0028
Q13509,237,0.0028
Q96A05,237,0.0028
P17482,237,0.0028
Q6PID6,237,0.0028
P49842,237,0.0028
Q8TBP6,237,0.0028
Q701N2,237,0.0028
Q06136,237,0.0028
P32242,237,0.0028
P58317,237,0.0028
Q8WTV1,236,0.0028
Q6UX27,236,0.0028
Q99674,236,0.0028
Q8IY95,236,0.0028
Q96RU8,236,0.0028
Q6P9F5,236,0.0028
Q8N114,236,0.0028
Q9BVW5,236,0.0028
Q9H4D5,236,0.0028
A6NLX3,236,0.0028
P23416,236,0.0028
Q8IV16,236,0.0028
O15522,236,0.0028
Q96BQ1,236,0.0028
Q96S44,236,0.0028
Q9NQR4,236,0.0028
O00712,236,0.0028
Q9BTX7,236,0.0028
Q15560,236,0.0028
P52951,236,0.0028
Q8NFH4,236,0.0028
P32121,236,0.0028
Q9H0N0,236,0.0028
Q8NGI0,236,0.0028
P07948,236,0.0028
Q9UGF7,236,0.0028
O95825,236,0.0028
Q9NU53,236,0.0028
Q96IZ0,236,0.0028
Q68J44,236,0.0028
Q8WV22,236,0.0028
Q9UGY1,236,0.0028
Q2M2D7,236,0.0028
Q96F25,236,0.0028
Q9BXL8,236,0.0028
P23229,235,0.0028
P49069,235,0.0028
Q6PF18,235,0.0028
Q99732,235,0.0028
Q9H6Q3,235,0.0028
Q86YJ5,235,0.0028
P01127,235,0.0028
Q7Z4W1,235,0.0028
P19532,235,0.0028
Q9Y3S2,235,0.0028
Q92754,235,0.0028
Q9UBX8,235,0.0028
Q9NR21,235,0.0028
Q7Z6K3,235,0.0028
Q9NP66,235,0.0028
Q8IUF1,235,0.0028
Q6L8H2,235,0.0028
Q96HS1,235,0.0028
Q9NZD8,235,0.0028
Q6V702,235,0.0028
Q6PH85,235,0.0028
A0A075B6I0,235,0.0028
Q9H939,235,0.0028
Q8N5U1,234,0.0027
O75487,234,0.0027
P31274,234,0.0027
P09017,234,0.0027
Q9NVS2,234,0.0027
Q4G0X4,234,0.0027
Q9Y673,234,0.0027
Q9BW11,234,0.0027
Q9HD33,234,0.0027
Q9Y5I7,234,0.0027
Q9BRJ6,234,0.0027
P08559,234,0.0027
O75192,234,0.0027
Q9UQB9,234,0.0027
Q6UWV2,234,0.0027
Q9UBF2,234,0.0027
A0A075B6S5,234,0.0027
P78383,234,0.0027
Q9BZS1,234,0.0027
Q9NQT4,234,0.0027
Q147X3,234,0.0027
O14733,234,0.0027
Q9NZC4,234,0.0027
Q9NRN7,234,0.0027
Q8WVN6,234,0.0027
Q9C0K7,233,0.0027
Q9H7V2,233,0.0027
Q01362,233,0.0027
O75563,233,0.0027
O14965,233,0.0027
Q86UN3,233,0.0027
Q6ZWI9,233,0.0027
O15519,233,0.0027
P22557,233,0.0027
Q8N4J0,233,0.0027
Q99750,233,0.0027
A0A075B6K6,233,0.0027
O95998,233,0.0027
Q9BWC9,233,0.0027
Q96BQ5,233,0.0027
Q6PI77,233,0.0027
Q8NGT9,233,0.0027
P07195,233,0.0027
Q13547,233,0.0027
A6NDU8,233,0.0027
Q15013,233,0.0027
O76061,233,0.0027
A6NK58,233,0.0027
Q9NRY6,232,0.0027
P30520,232,0.0027
Q9HCU9,232,0.0027
Q9BQ24,232,0.0027
P07315,232,0.0027
P58012,232,0.0027
P10588,232,0.0027
Q12893,232,0.0027
O14977,232,0.0027
Q9BUA6,232,0.0027
P14598,232,0.0027
Q9UI36,232,0.0027
P57052,232,0.0027
P31994,232,0.0027
O00217,232,0.0027
Q9BSU3,232,0.0027
P49674,232,0.0027
P06340,232,0.0027
Q8TD07,232,0.0027
Q6UWN0,232,0.0027
Q9NWM8,232,0.0027
Q9Y2Y8,232,0.0027
P82914,232,0.0027
Q9UMX2,232,0.0027
P00918,232,0.0027
Q70Z53,232,0.0027
Q9BT09,232,0.0027
Q9NVL8,231,0.0027
Q13571,231,0.0027
Q969S0,231,0.0027
A0PJX2,231,0.0027
Q9Y520,231,0.0027
Q96DU3,231,0.0027
Q86XF7,231,0.0027
A0A0B4J1V2,231,0.0027
P18669,231,0.0027
P47874,231,0.0027
O60336,231,0.0027
P05412,231,0.0027
Q9UJV8,231,0.0027
Q9BU76,231,0.0027
Q6NS38,231,0.0027
Q9Y624,231,0.0027
P26641,231,0.0027
A8MQ27,231,0.0027
Q9BTK6,231,0.0027
Q8TAP9,231,0.0027
Q9UM22,231,0.0027
Q8WXD5,231,0.0027
A6NFY4,231,0.0027
Q9H0X6,231,0.0027
Q9GZT4,231,0.0027
Q96F24,231,0.0027
Q24JQ0,231,0.0027
O14798,231,0.0027
O60760,231,0.0027
P98170,231,0.0027
Q93034,231,0.0027
Q8TBZ9,231,0.0027
Q9BR10,230,0.0027
O14980,230,0.0027
Q9UFN0,230,0.0027
P55263,230,0.0027
P31025,230,0.0027
P02511,230,0.0027
Q2TAL6,230,0.0027
Q6ZRR5,230,0.0027
Q8N1Q1,230,0.0027
Q13561,230,0.0027
Q5TYX0,230,0.0027
P23919,230,0.0027
P51786,230,0.0027
Q5VWM3,230,0.0027
P16333,230,0.0027
Q8TAE8,230,0.0027
Q9H9S0,230,0.0027
P05161,230,0.0027
Q9NRA1,230,0.0027
O43597,230,0.0027
P49863,230,0.0027
Q15035,230,0.0027
Q9H5V7,230,0.0027
O00233,230,0.0027
Q96CS3,230,0.0027
Q7Z692,230,0.0027
Q06587,230,0.0027
P60033,230,0.0027
Q3SXM0,229,0.0027
Q9NYN1,229,0.0027
Q9UBU2,229,0.0027
Q9BSN7,229,0.0027
O96020,229,0.0027
Q9H2C2,229,0.0027
B7ZAQ6,229,0.0027
O95571,229,0.0027
A6NJV1,229,0.0027
Q8NGE0,229,0.0027
P24592,229,0.0027
Q9Y5Z9,229,0.0027
P56856,229,0.0027
Q9H400,229,0.0027
Q7Z419,229,0.0027
A0A0C4DH68,229,0.0027
Q8N8Y5,229,0.0027
Q9BXJ2,229,0.0027
P98066,229,0.0027
Q13253,229,0.0027
Q8NGS2,229,0.0027
Q13889,229,0.0027
Q2HXU8,229,0.0027
Q9HCC8,229,0.0027
Q96IY1,229,0.0027
Q9H1E5,229,0.0027
Q9Y274,229,0.0027
Q86Z23,229,0.0027
P04440,229,0.0027
Q92819,229,0.0027
Q92785,229,0.0027
P35270,229,0.0027
Q96SJ8,229,0.0027
A4UGR9,229,0.0027
Q8NI29,229,0.0027
Q14990,228,0.0027
P11940,228,0.0027
Q92979,228,0.0027
Q8NFZ8,228,0.0027
Q9Y2V0,228,0.0027
Q96CX6,228,0.0027
Q92506,228,0.0027
Q3LIE5,228,0.0027
O95674,228,0.0027
Q86U70,228,0.0027
A0A1W2PQ72,228,0.0027
Q06203,228,0.0027
P13284,228,0.0027
Q9BVC6,228,0.0027
Q8IUS5,228,0.0027
P30518,228,0.0027
P20719,228,0.0027
Q12800,228,0.0027
Q9GZT6,228,0.0027
O75525,228,0.0027
P47900,228,0.0027
Q9UQR0,228,0.0027
Q53R12,228,0.0027
O15127,228,0.0027
Q99706,228,0.0027
Q9NRW3,228,0.0027
Q6ICB4,228,0.0027
P13726,228,0.0027
Q9H5J8,228,0.0027
P04350,228,0.0027
Q8TBE3,228,0.0027
Q16763,228,0.0027
P46093,227,0.0027
Q96E11,227,0.0027
Q96T59,227,0.0027
Q9P0N8,227,0.0027
Q8NG50,227,0.0027
Q9H6E4,227,0.0027
Q5JUQ0,227,0.0027
O94811,227,0.0027
P51508,227,0.0027
Q01664,227,0.0027
Q6MZM9,227,0.0027
C9J2P7,227,0.0027
P69905,227,0.0027
A0A0C4DH41,227,0.0027
Q8N1A0,227,0.0027
Q9UIL8,227,0.0027
Q9NYS7,227,0.0027
Q8WUU8,227,0.0027
P58753,227,0.0027
Q9NX09,227,0.0027
Q9UBN1,227,0.0027
A0A1W2PR95,227,0.0027
Q8NCB2,227,0.0027
O95976,227,0.0027
Q53TN4,227,0.0027
Q6UW01,227,0.0027
Q96GY3,227,0.0027
Q5SQQ9,227,0.0027
Q92904,227,0.0027
Q9NQX3,227,0.0027
Q8N474,227,0.0027
O15371,227,0.0027
Q96CT7,227,0.0027
Q9BXT2,227,0.0027
O15355,226,0.0026
O95069,226,0.0026
P04233,226,0.0026
Q9H0C8,226,0.0026
Q9BQA1,226,0.0026
Q9H0T7,226,0.0026
P56539,226,0.0026
A0PJX4,226,0.0026
O95847,226,0.0026
P11387,226,0.0026
Q96C57,226,0.0026
Q9Y287,226,0.0026
A6NL88,226,0.0026
Q99811,226,0.0026
Q9Y584,226,0.0026
Q5SVS4,226,0.0026
Q96N03,226,0.0026
P47902,226,0.0026
Q96FV0,226,0.0026
P08311,226,0.0026
P56748,226,0.0026
P54252,226,0.0026
Q9UBF1,226,0.0026
Q92624,226,0.0026
O60671,226,0.0026
O43752,226,0.0026
P12235,226,0.0026
P40306,226,0.0026
Q7Z3B1,226,0.0026
Q9BSF4,226,0.0026
P46597,226,0.0026
Q92870,226,0.0026
Q8NDY8,226,0.0026
Q8IUQ0,226,0.0026
Q8IWD4,226,0.0026
Q8IV31,226,0.0026
P48431,226,0.0026
Q7LGA3,226,0.0026
Q9UNI1,225,0.0026
P19622,225,0.0026
Q01860,225,0.0026
Q9NYP9,225,0.0026
O75351,225,0.0026
Q8NE22,225,0.0026
Q8IYJ0,225,0.0026
Q496A3,225,0.0026
Q8TCF1,225,0.0026
P32248,225,0.0026
O00287,225,0.0026
Q5VZ72,225,0.0026
Q8NB15,225,0.0026
Q8TCD5,225,0.0026
Q15916,225,0.0026
O95251,225,0.0026
Q99426,225,0.0026
Q86X24,225,0.0026
P49447,225,0.0026
Q8WZ19,225,0.0026
P01583,225,0.0026
Q92963,225,0.0026
Q8N7B1,225,0.0026
P29218,225,0.0026
Q02080,225,0.0026
Q96PD4,225,0.0026
P28069,225,0.0026
Q8TBM8,225,0.0026
Q8N0U4,225,0.0026
Q99626,225,0.0026
Q92519,225,0.0026
P51513,225,0.0026
Q96IQ9,225,0.0026
P30043,225,0.0026
P12277,225,0.0026
Q9HC07,224,0.0026
Q9BY67,224,0.0026
A2RU48,224,0.0026
Q5GAN6,224,0.0026
Q8N485,224,0.0026
Q9NVX0,224,0.0026
Q13227,224,0.0026
Q8WWC4,224,0.0026
Q8NC54,224,0.0026
Q9UBS3,224,0.0026
O14829,224,0.0026
Q9UHL3,224,0.0026
P63261,224,0.0026
Q9HD47,224,0.0026
O75425,224,0.0026
Q9BS92,224,0.0026
Q9H2W1,224,0.0026
P23284,224,0.0026
Q86XW9,224,0.0026
Q6UXX9,224,0.0026
Q8TBF8,224,0.0026
Q8IVQ6,224,0.0026
Q96FC7,224,0.0026
Q9NWD8,224,0.0026
Q9HCC6,224,0.0026
P31644,224,0.0026
P04211,224,0.0026
Q13361,224,0.0026
Q5VWK0,224,0.0026
O75533,224,0.0026
Q8IUB2,223,0.0026
Q5QGZ9,223,0.0026
O43557,223,0.0026
Q86SE5,223,0.0026
Q9UIM3,223,0.0026
A6NJ46,223,0.0026
Q8IXQ9,223,0.0026
O43173,223,0.0026
Q8IUX1,223,0.0026
P49789,223,0.0026
P52943,223,0.0026
Q9NTK5,223,0.0026
P18405,223,0.0026
Q8NFH5,223,0.0026
Q9NZL9,223,0.0026
Q9BRL7,223,0.0026
Q8TAB5,223,0.0026
Q86TN4,223,0.0026
Q99853,223,0.0026
O75251,223,0.0026
Q9Y6G5,223,0.0026
Q99457,223,0.0026
P36896,223,0.0026
Q9BRQ4,223,0.0026
Q5T9Z0,223,0.0026
P01569,223,0.0026
O95707,223,0.0026
Q86UL3,223,0.0026
Q9NTM9,223,0.0026
Q8NBQ7,223,0.0026
P07316,222,0.0026
P12544,222,0.0026
Q92988,222,0.0026
Q13309,222,0.0026
Q07507,222,0.0026
Q8TAZ6,222,0.0026
Q4G0W2,222,0.0026
Q8N806,222,0.0026
Q9H4A5,222,0.0026
Q8N5I3,222,0.0026
Q9H1X3,222,0.0026
P22794,222,0.0026
Q9UPT9,222,0.0026
Q9UBS4,222,0.0026
Q9H8H3,222,0.0026
P28562,222,0.0026
Q6DHV7,222,0.0026
P00338,222,0.0026
P15173,222,0.0026
Q8N461,222,0.0026
P53582,222,0.0026
Q8WUU5,222,0.0026
Q9HAC8,222,0.0026
Q8IUW5,222,0.0026
Q9H6X4,221,0.0026
Q12846,221,0.0026
Q96AQ2,221,0.0026
Q53HV7,221,0.0026
Q9NP99,221,0.0026
Q9BUP0,221,0.0026
P0DKB5,221,0.0026
O15294,221,0.0026
P19388,221,0.0026
O43291,221,0.0026
A6NP61,221,0.0026
Q14693,221,0.0026
O95833,221,0.0026
P16083,221,0.0026
O15162,221,0.0026
P50579,221,0.0026
P46092,221,0.0026
Q86T24,221,0.0026
Q8IU54,221,0.0026
A8MTZ7,221,0.0026
Q69YI7,221,0.0026
Q8WXX5,221,0.0026
Q9BYS1,221,0.0026
P0DMV9,221,0.0026
O75794,221,0.0026
Q8TAF8,221,0.0026
Q0VD86,221,0.0026
Q07444,221,0.0026
Q9NUD5,221,0.0026
H3BPM6,221,0.0026
Q9BR61,221,0.0026
Q53H82,221,0.0026
Q9Y330,221,0.0026
Q6ZMV5,221,0.0026
Q13243,221,0.0026
P05543,221,0.0026
O14495,220,0.0026
Q16560,220,0.0026
P47869,220,0.0026
A5PLN9,220,0.0026
Q96A35,220,0.0026
Q6UXV1,220,0.0026
Q9UHH9,220,0.0026
Q6PKX4,220,0.0026
Q9UIB8,220,0.0026
Q8NBU5,220,0.0026
Q8TEB7,220,0.0026
Q6P1M9,220,0.0026
Q8WV99,220,0.0026
P12931,220,0.0026
Q5VTT2,220,0.0026
A1L170,220,0.0026
P52294,220,0.0026
Q9NSD4,220,0.0026
A6NCQ9,220,0.0026
A6NJI9,220,0.0026
P61011,220,0.0026
Q5VT03,220,0.0026
Q16630,220,0.0026
Q9H920,220,0.0026
P01160,220,0.0026
Q8N5Y2,220,0.0026
P59282,220,0.0026
P78330,220,0.0026
Q9HA38,220,0.0026
Q5VWC8,220,0.0026
Q99436,220,0.0026
Q15645,219,0.0026
O95972,219,0.0026
Q6PEX3,219,0.0026
B7Z1M9,219,0.0026
Q9BZZ5,219,0.0026
Q02962,219,0.0026
O95866,219,0.0026
Q96B26,219,0.0026
O43610,219,0.0026
Q7Z4W2,219,0.0026
P52815,219,0.0026
P31941,219,0.0026
P0DJD9,219,0.0026
Q5W5W9,219,0.0026
Q13239,219,0.0026
Q9UNN8,219,0.0026
Q8N987,219,0.0026
P09629,219,0.0026
Q9BXJ0,219,0.0026
P33681,219,0.0026
Q66LE6,219,0.0026
Q9NPD3,219,0.0026
P55344,219,0.0026
P67809,219,0.0026
O94992,219,0.0026
Q59EK9,219,0.0026
Q15842,219,0.0026
Q6FI81,219,0.0026
Q9BYQ0,219,0.0026
O00570,219,0.0026
Q15435,219,0.0026
Q9Y2W7,219,0.0026
Q9BVV7,219,0.0026
O60565,219,0.0026
P11831,218,0.0026
O14493,218,0.0026
P57729,218,0.0026
Q9Y570,218,0.0026
Q8WUX2,218,0.0026
Q86WH2,218,0.0026
P54727,218,0.0026
Q6UXU4,218,0.0026
Q9HD45,218,0.0026
Q9BYK8,218,0.0026
O60684,218,0.0026
C9J798,218,0.0026
Q9Y6E2,218,0.0026
Q15120,218,0.0026
Q9NQC8,218,0.0026
Q9GZP1,218,0.0026
Q9UKT8,218,0.0026
Q96CF2,218,0.0026
Q15629,218,0.0026
Q8WX77,218,0.0026
A6NDD5,218,0.0026
P28335,218,0.0026
Q9H7Z6,218,0.0026
O95475,218,0.0026
P02753,218,0.0026
Q86TJ2,218,0.0026
P60174,218,0.0026
Q8WWB5,218,0.0026
P13765,218,0.0026
Q9NS67,218,0.0026
Q8WU90,218,0.0026
O15304,218,0.0026
P18031,218,0.0026
Q9UHX1,218,0.0026
Q9BYQ3,218,0.0026
P02745,218,0.0026
P12236,218,0.0026
Q86U90,218,0.0026
Q8WV74,217,0.0025
Q96L46,217,0.0025
Q9BZJ7,217,0.0025
P51815,217,0.0025
P02763,217,0.0025
Q9BY42,217,0.0025
Q6P7N7,217,0.0025
Q9BS16,217,0.0025
P78356,217,0.0025
Q8N6M8,217,0.0025
Q9UBT3,217,0.0025
Q8IVB5,217,0.0025
Q15796,217,0.0025
P09211,217,0.0025
A8MX34,217,0.0025
A8MQT2,217,0.0025
Q969X5,217,0.0025
Q9BQE4,217,0.0025
P10398,217,0.0025
Q8TDB4,217,0.0025
O95456,217,0.0025
Q7L2H7,217,0.0025
Q9H106,217,0.0025
Q13445,217,0.0025
Q9H2A7,217,0.0025
P06746,217,0.0025
Q9H0R4,217,0.0025
Q14331,217,0.0025
Q14938,217,0.0025
A6ND48,217,0.0025
O14613,216,0.0025
O00560,216,0.0025
Q9UMY1,216,0.0025
Q9UNH7,216,0.0025
Q14565,216,0.0025
Q9C0D9,216,0.0025
Q8N2R0,216,0.0025
Q4G0M1,216,0.0025
P02766,216,0.0025
Q9BYR2,216,0.0025
Q6UXD1,216,0.0025
Q3SXP7,216,0.0025
Q8N8N0,216,0.0025
P53672,216,0.0025
Q9H4S2,216,0.0025
Q96LM6,216,0.0025
O95992,216,0.0025
Q07326,216,0.0025
Q8TCT9,216,0.0025
Q8IZU1,216,0.0025
P01344,216,0.0025
Q5W0Z9,216,0.0025
P10589,216,0.0025
Q9NX31,216,0.0025
P55209,216,0.0025
Q86XT9,216,0.0025
Q6PGQ1,216,0.0025
Q96CJ1,216,0.0025
P57768,216,0.0025
Q9UIK5,216,0.0025
Q8N131,216,0.0025
Q9UHY1,216,0.0025
O95848,216,0.0025
Q9BY14,216,0.0025
Q9NWT8,215,0.0025
P56962,215,0.0025
Q9Y3A2,215,0.0025
A4D1S5,215,0.0025
Q9UND3,215,0.0025
Q6ZVX9,215,0.0025
Q5T7M9,215,0.0025
Q6NT52,215,0.0025
P10767,215,0.0025
Q5BIV9,215,0.0025
Q969K7,215,0.0025
Q9P2Z0,215,0.0025
Q01892,215,0.0025
P50135,215,0.0025
P30550,215,0.0025
P13727,215,0.0025
P20264,215,0.0025
Q9HBV1,215,0.0025
Q9UKL6,215,0.0025
Q96NU0,215,0.0025
Q15773,215,0.0025
P45877,215,0.0025
Q5T036,215,0.0025
A4D1T9,215,0.0025
Q96LI9,215,0.0025
Q8N7P3,214,0.0025
P02741,214,0.0025
P12838,214,0.0025
P54851,214,0.0025
O95218,214,0.0025
Q15006,214,0.0025
Q07021,214,0.0025
Q96DC9,214,0.0025
Q8IZ81,214,0.0025
Q96Q80,214,0.0025
Q6ZNQ3,214,0.0025
Q96LR2,214,0.0025
Q9GZU7,214,0.0025
Q9ULW6,214,0.0025
Q9Y5Q3,214,0.0025
P17010,214,0.0025
P04156,214,0.0025
Q99935,214,0.0025
Q8NG68,214,0.0025
Q96J88,214,0.0025
Q14722,214,0.0025
Q6NUI2,214,0.0025
Q06520,214,0.0025
Q9H2K0,214,0.0025
Q14232,214,0.0025
Q52LG2,214,0.0025
Q9NRZ5,213,0.0025
Q96L08,213,0.0025
P50876,213,0.0025
Q99828,213,0.0025
P39060,213,0.0025
Q9H6L4,213,0.0025
P21397,213,0.0025
O43462,213,0.0025
P55073,213,0.0025
Q8WXB1,213,0.0025
P28325,213,0.0025
P07738,213,0.0025
O00148,213,0.0025
P17676,213,0.0025
P05455,213,0.0025
Q9NV31,213,0.0025
P46777,213,0.0025
B6A8C7,213,0.0025
P31785,213,0.0025
I3L3R5,213,0.0025
Q9HA47,213,0.0025
Q8N999,213,0.0025
Q99719,213,0.0025
Q8N699,213,0.0025
Q9NZH6,213,0.0025
Q99816,213,0.0025
Q9UMS0,213,0.0025
Q9UKC9,213,0.0025
Q9NWC5,213,0.0025
P28074,213,0.0025
Q9Y3Q3,213,0.0025
Q9UDY4,213,0.0025
Q5SZQ8,213,0.0025
Q96EQ8,212,0.0025
Q9NTK1,212,0.0025
P26717,212,0.0025
Q9P0J0,212,0.0025
Q86VN1,212,0.0025
Q9Y385,212,0.0025
Q93098,212,0.0025
Q9NPC2,212,0.0025
P25490,212,0.0025
A6NNE9,212,0.0025
Q5T700,212,0.0025
Q6NZ67,212,0.0025
Q9UHD4,212,0.0025
P0CJ79,212,0.0025
O94905,212,0.0025
Q6P2C8,212,0.0025
A6NJJ6,212,0.0025
P36383,212,0.0025
Q9NZN8,212,0.0025
Q6P6C2,212,0.0025
P17483,212,0.0025
Q8TCT1,212,0.0025
Q96AZ6,212,0.0025
Q9UMX6,212,0.0025
A6NGB7,212,0.0025
O14626,212,0.0025
Q14761,212,0.0025
Q9NRV9,212,0.0025
Q8N4G2,212,0.0025
P30939,212,0.0025
Q86UD3,212,0.0025
Q9P127,212,0.0025
P20774,212,0.0025
Q9NY72,212,0.0025
A6NHS7,211,0.0025
Q13449,211,0.0025
Q86WN2,211,0.0025
P13631,211,0.0025
Q6UWM5,211,0.0025
O15085,211,0.0025
P55081,211,0.0025
P50616,211,0.0025
Q6ZV70,211,0.0025
Q9NR77,211,0.0025
Q9NTW7,211,0.0025
Q16540,211,0.0025
Q15904,211,0.0025
Q9H0Z9,211,0.0025
Q14197,211,0.0025
Q96J01,211,0.0025
Q17R31,211,0.0025
A0A075B6K0,211,0.0025
Q14994,211,0.0025
Q6NT76,211,0.0025
Q9NY35,211,0.0025
P58417,211,0.0025
Q9HBH0,211,0.0025
O95918,211,0.0025
P51684,211,0.0025
P42857,211,0.0025
Q9UHQ4,211,0.0025
P51665,211,0.0025
P22692,211,0.0025
P49895,211,0.0025
Q969Q4,211,0.0025
P55212,211,0.0025
Q6IEG0,211,0.0025
P78382,211,0.0025
Q96FV3,211,0.0025
Q8WY07,211,0.0025
Q02878,211,0.0025
P48047,211,0.0025
Q9BSD3,211,0.0025
Q9GZX7,211,0.0025
Q9ULI2,211,0.0025
P04632,211,0.0025
Q5JW98,210,0.0025
O75477,210,0.0025
A6NGC4,210,0.0025
P62424,210,0.0025
P31431,210,0.0025
P08833,210,0.0025
P10768,210,0.0025
P45984,210,0.0025
Q99680,210,0.0025
Q9Y639,210,0.0025
Q15012,210,0.0025
P40925,210,0.0025
O00764,210,0.0025
Q8IUH2,210,0.0025
Q14469,210,0.0025
A2RUT3,210,0.0025
Q8N2A8,210,0.0025
Q99747,210,0.0025
Q8N0U2,210,0.0025
A0A0A0MRZ8,210,0.0025
Q53RE8,210,0.0025
Q3LI81,210,0.0025
P61371,210,0.0025
Q92541,210,0.0025
Q96Q77,210,0.0025
A6NNB3,210,0.0025
P05388,210,0.0025
P11226,210,0.0025
P49795,209,0.0024
Q9Y235,209,0.0024
Q96GM5,209,0.0024
Q13153,209,0.0024
P00441,209,0.0024
Q9NUM4,209,0.0024
Q9NYP7,209,0.0024
O43711,209,0.0024
Q8N9W6,209,0.0024
Q92633,209,0.0024
A6NFT4,209,0.0024
Q969P5,209,0.0024
Q15738,209,0.0024
O43765,209,0.0024
O95926,209,0.0024
Q7Z7D3,209,0.0024
Q5T230,209,0.0024
P40429,209,0.0024
P09131,209,0.0024
Q15800,209,0.0024
Q8IW41,209,0.0024
P36639,209,0.0024
Q9HCE7,209,0.0024
P78380,209,0.0024
O75752,209,0.0024
Q52MB2,209,0.0024
Q8N6M0,209,0.0024
Q9BPU9,209,0.0024
Q86XK3,209,0.0024
Q9BWG6,209,0.0024
Q8TDR4,209,0.0024
O75530,209,0.0024
O14494,209,0.0024
Q9UN86,209,0.0024
Q8TBJ4,209,0.0024
Q96D21,209,0.0024
Q8ND76,209,0.0024
Q6ZUJ4,209,0.0024
Q9P0W2,209,0.0024
Q53HL2,208,0.0024
P01229,208,0.0024
Q8IVV8,208,0.0024
P62955,208,0.0024
P49771,208,0.0024
O14669,208,0.0024
Q8NEV9,208,0.0024
O43692,208,0.0024
Q86T29,208,0.0024
Q01453,208,0.0024
P53365,208,0.0024
P20036,208,0.0024
Q96H79,208,0.0024
Q6PEY0,208,0.0024
Q14249,208,0.0024
Q9HCQ7,208,0.0024
Q9UKA9,208,0.0024
P13747,208,0.0024
Q9NY56,208,0.0024
P17535,208,0.0024
Q9Y6N1,208,0.0024
O43374,208,0.0024
Q86XT2,208,0.0024
A5D8T8,208,0.0024
Q8NCF0,208,0.0024
Q9H765,208,0.0024
Q9GZM8,208,0.0024
Q9BWQ8,208,0.0024
O75319,208,0.0024
Q8TCA0,208,0.0024
Q6UWV7,208,0.0024
P78560,208,0.0024
Q6PJE2,208,0.0024
O95150,208,0.0024
Q5BJD5,208,0.0024
Q99614,208,0.0024
P78417,207,0.0024
Q96AB3,207,0.0024
Q9BRP0,207,0.0024
P18509,207,0.0024
Q6UWN5,207,0.0024
Q5TC12,207,0.0024
Q9P0M6,207,0.0024
Q9HBL7,207,0.0024
Q8N5M9,207,0.0024
P04921,207,0.0024
Q9NPB1,207,0.0024
Q9BYQ4,207,0.0024
Q15493,207,0.0024
P17509,207,0.0024
Q9UBH0,207,0.0024
Q9BWU1,207,0.0024
O43761,207,0.0024
Q5JTD7,207,0.0024
Q9H9E1,207,0.0024
P17931,207,0.0024
Q13637,207,0.0024
O95716,207,0.0024
P09326,207,0.0024
Q8NC51,207,0.0024
Q9H9S3,207,0.0024
Q9UNF1,207,0.0024
P30542,207,0.0024
Q9UEU0,207,0.0024
Q4G0F5,207,0.0024
O43286,206,0.0024
Q9BU61,206,0.0024
Q9Y278,206,0.0024
A6NNM3,206,0.0024
A0A0B4J1Z2,206,0.0024
P09471,206,0.0024
Q99442,206,0.0024
A8MYV0,206,0.0024
Q96MF6,206,0.0024
Q8N5Z5,206,0.0024
O95169,206,0.0024
A0A0J9YX57,206,0.0024
Q8N6F1,206,0.0024
Q9H2P9,206,0.0024
Q5T1C6,206,0.0024
P07741,206,0.0024
Q02045,206,0.0024
O95198,206,0.0024
Q14CW9,206,0.0024
Q03013,206,0.0024
Q8NEB5,206,0.0024
A8MVS5,206,0.0024
A6NI61,206,0.0024
Q01851,206,0.0024
P17677,206,0.0024
P02743,206,0.0024
Q08708,206,0.0024
Q15438,206,0.0024
Q86VZ5,206,0.0024
Q9Y680,206,0.0024
P68871,206,0.0024
P30281,206,0.0024
Q99717,206,0.0024
Q9BZI7,206,0.0024
P52198,206,0.0024
Q71RH2,206,0.0024
O75352,205,0.0024
Q9Y535,205,0.0024
Q8N8Q1,205,0.0024
Q9NYK6,205,0.0024
Q0GE19,205,0.0024
P36542,205,0.0024
P49642,205,0.0024
Q6ZUS5,205,0.0024
Q14129,205,0.0024
Q9Y508,205,0.0024
Q5SGD2,205,0.0024
Q6ZT52,205,0.0024
Q96DX8,205,0.0024
Q96IK0,205,0.0024
P25929,205,0.0024
O95232,205,0.0024
P47775,205,0.0024
Q7L8W6,205,0.0024
P07451,205,0.0024
Q6UX52,205,0.0024
Q13371,205,0.0024
P56880,205,0.0024
P82664,205,0.0024
Q9Y371,205,0.0024
P07320,205,0.0024
Q9BVX2,205,0.0024
Q9Y2D2,205,0.0024
Q9Y383,204,0.0024
Q6IMI6,204,0.0024
A0A0B4J1Y8,204,0.0024
Q86WU2,204,0.0024
Q9HB03,204,0.0024
Q96DE0,204,0.0024
Q6NTF7,204,0.0024
Q8N6M3,204,0.0024
Q16829,204,0.0024
Q8NBM4,204,0.0024
Q9NPB0,204,0.0024
Q01581,204,0.0024
Q92187,204,0.0024
A0A0C4DH32,204,0.0024
Q9UBE8,204,0.0024
P21283,204,0.0024
P35318,204,0.0024
A8MTQ0,204,0.0024
Q8NE86,204,0.0024
Q9ULC3,204,0.0024
Q9H6Y5,204,0.0024
Q96A54,204,0.0024
Q96PS8,204,0.0024
P31689,204,0.0024
P61266,204,0.0024
Q6ZSG1,204,0.0024
O75364,204,0.0024
Q9HAU0,204,0.0024
Q15172,204,0.0024
Q8N567,204,0.0024
Q9BS26,204,0.0024
Q9Y3V2,204,0.0024
Q9Y314,204,0.0024
P0DH78,204,0.0024
Q96FE7,204,0.0024
Q6NXT1,204,0.0024
Q8WTR2,204,0.0024
O60682,204,0.0024
P49788,204,0.0024
P25101,203,0.0024
O95248,203,0.0024
Q16653,203,0.0024
Q96PV4,203,0.0024
P35580,203,0.0024
O43143,203,0.0024
Q96EP5,203,0.0024
Q96JQ5,203,0.0024
A6NMX2,203,0.0024
Q3SYB3,203,0.0024
Q9NRH1,203,0.0024
O75461,203,0.0024
Q9Y484,203,0.0024
Q96EE3,203,0.0024
Q6U736,203,0.0024
Q8NDX9,203,0.0024
Q9UL41,203,0.0024
Q9BY19,203,0.0024
Q8N907,203,0.0024
Q6UWP2,203,0.0024
Q9BUP3,203,0.0024
Q96LI5,203,0.0024
P05000,203,0.0024
Q6PP77,203,0.0024
O96007,203,0.0024
Q9BTP7,203,0.0024
P16410,203,0.0024
P52655,203,0.0024
Q15853,203,0.0024
Q96A56,203,0.0024
Q92747,202,0.0024
Q8NHX4,202,0.0024
Q6ICC9,202,0.0024
Q9P2W1,202,0.0024
O60259,202,0.0024
Q8NFW8,202,0.0024
Q3MII6,202,0.0024
Q86YI8,202,0.0024
Q9H0R3,202,0.0024
Q15545,202,0.0024
Q9NQ31,202,0.0024
Q9Y698,202,0.0024
Q86XA0,202,0.0024
Q9GZQ3,202,0.0024
O95158,202,0.0024
O00767,202,0.0024
A8MYZ6,202,0.0024
P28676,202,0.0024
P08294,202,0.0024
P53990,202,0.0024
Q6QNY0,202,0.0024
Q9Y2S7,202,0.0024
Q96KD3,202,0.0024
O95843,202,0.0024
Q16740,202,0.0024
Q8WW32,202,0.0024
Q96DB9,201,0.0024
Q96QV6,201,0.0024
Q9NQL2,201,0.0024
B1AL46,201,0.0024
Q6L8G8,201,0.0024
Q5VZY2,201,0.0024
Q8IYD1,201,0.0024
P08754,201,0.0024
Q9GZW8,201,0.0024
C9JJ37,201,0.0024
P50052,201,0.0024
P20963,201,0.0024
Q9NS28,201,0.0024
Q04900,201,0.0024
Q8WXH4,201,0.0024
Q15696,201,0.0024
Q9BQB4,201,0.0024
Q9NQ50,201,0.0024
Q5U649,201,0.0024
Q6ZTW0,201,0.0024
Q96A08,201,0.0024
Q99497,201,0.0024
Q5BVD1,201,0.0024
Q8N1Q8,201,0.0024
O00231,201,0.0024
Q6PI98,201,0.0024
A1XBS5,201,0.0024
Q9BUX1,201,0.0024
P21453,201,0.0024
Q9P016,201,0.0024
Q2TAA2,201,0.0024
Q96MF7,200,0.0023
Q9NRF8,200,0.0023
Q9H0A8,200,0.0023
Q8IXH6,200,0.0023
P60893,200,0.0023
Q6P1K2,200,0.0023
Q9H3J6,200,0.0023
Q9HC98,200,0.0023
Q9NX63,200,0.0023
Q9H4Y5,200,0.0023
Q9H079,200,0.0023
Q9H019,200,0.0023
Q9HAV7,200,0.0023
Q16558,200,0.0023
Q9Y6C9,200,0.0023
P14373,200,0.0023
Q96A37,200,0.0023
P30301,200,0.0023
P52907,200,0.0023
A2RRH5,200,0.0023
Q92564,200,0.0023
P55957,200,0.0023
P01563,200,0.0023
O94888,200,0.0023
O43731,200,0.0023
Q9NQ48,200,0.0023
Q9BYN8,200,0.0023
P52799,200,0.0023
A9UHW6,200,0.0023
Q5VT99,200,0.0023
Q8IUA0,199,0.0023
P82912,199,0.0023
Q14641,199,0.0023
O00574,199,0.0023
Q9NQR7,199,0.0023
O43681,199,0.0023
Q9BY27,199,0.0023
Q9BWV2,199,0.0023
P22352,199,0.0023
P49137,199,0.0023
Q9HAT0,199,0.0023
Q9GZK6,199,0.0023
O15442,199,0.0023
Q8N1E6,199,0.0023
Q9UQN3,199,0.0023
Q15329,199,0.0023
O75607,199,0.0023
P24385,199,0.0023
O14562,199,0.0023
P20265,199,0.0023
P48304,199,0.0023
Q9UBY9,199,0.0023
Q86SE8,199,0.0023
Q9Y2Q9,199,0.0023
P57087,199,0.0023
P48050,199,0.0023
Q7L211,199,0.0023
O00505,198,0.0023
O95832,198,0.0023
Q5T0J7,198,0.0023
Q99720,198,0.0023
Q86XP6,198,0.0023
Q6NUJ2,198,0.0023
Q6P1S2,198,0.0023
Q5T0U0,198,0.0023
Q96GD0,198,0.0023
Q9HCE5,198,0.0023
Q7RTU1,198,0.0023
O75821,198,0.0023
Q13158,198,0.0023
O75569,198,0.0023
Q2WGJ8,198,0.0023
Q4KMG9,198,0.0023
Q9H204,198,0.0023
O15537,198,0.0023
P57055,198,0.0023
O43679,198,0.0023
Q9NWU5,198,0.0023
O60907,198,0.0023
P24534,198,0.0023
Q6UXN2,198,0.0023
Q13595,198,0.0023
P55083,198,0.0023
Q12981,198,0.0023
Q9GZN1,198,0.0023
Q96BN8,198,0.0023
Q96HV5,198,0.0023
Q15181,197,0.0023
P20851,197,0.0023
Q9UL40,197,0.0023
P52954,197,0.0023
Q9Y5X0,197,0.0023
O43852,197,0.0023
P63316,197,0.0023
O60884,197,0.0023
P18510,197,0.0023
Q8WUR7,197,0.0023
Q8NAV1,197,0.0023
P52798,197,0.0023
Q14576,197,0.0023
Q5VXH5,197,0.0023
H3BQB6,197,0.0023
Q9Y6M9,197,0.0023
P51580,197,0.0023
Q96A25,197,0.0023
Q9NX57,197,0.0023
O75594,197,0.0023
O15499,197,0.0023
Q5T750,197,0.0023
P02792,197,0.0023
Q8N5Z0,197,0.0023
P32881,197,0.0023
Q15019,197,0.0023
P0DUQ2,197,0.0023
Q07627,197,0.0023
Q9BRX5,197,0.0023
P54821,197,0.0023
Q9Y3B6,196,0.0023
P11912,196,0.0023
Q9Y2Q3,196,0.0023
Q8WXS5,196,0.0023
Q96MC6,196,0.0023
P31323,196,0.0023
Q9BXU9,196,0.0023
Q8N6D2,196,0.0023
Q494R4,196,0.0023
Q68D42,196,0.0023
Q5HYI8,196,0.0023
Q9BZG1,196,0.0023
Q9Y3A5,196,0.0023
P49716,196,0.0023
Q9H773,196,0.0023
Q8N668,196,0.0023
Q9H0U6,196,0.0023
P25942,196,0.0023
P14316,196,0.0023
Q9UBB5,196,0.0023
P12724,196,0.0023
Q96HF1,196,0.0023
Q8TE49,196,0.0023
Q9HB90,196,0.0023
Q92914,196,0.0023
Q9NZQ7,196,0.0023
O00526,196,0.0023
Q96GJ1,196,0.0023
Q9BXA6,196,0.0023
Q9BXN2,196,0.0023
Q8IYD9,196,0.0023
Q9UKY0,196,0.0023
Q8N4T8,195,0.0023
Q32ZL2,195,0.0023
Q8WUZ0,195,0.0023
Q9BV19,195,0.0023
P19075,195,0.0023
P13385,195,0.0023
Q9BVK8,195,0.0023
Q8NBQ5,195,0.0023
P52597,195,0.0023
P59095,195,0.0023
Q6PII5,195,0.0023
P80188,195,0.0023
Q9UJA2,195,0.0023
Q8N4B5,195,0.0023
Q01995,195,0.0023
A1L3X0,195,0.0023
Q9H009,195,0.0023
Q9Y271,195,0.0023
Q9Y2D0,195,0.0023
Q5BKU9,195,0.0023
O43181,195,0.0023
O96008,195,0.0023
Q9P0P8,195,0.0023
Q9NX40,195,0.0023
Q9Y5Z6,195,0.0023
P20645,195,0.0023
Q16617,195,0.0023
Q5T681,195,0.0023
Q969J3,195,0.0023
O95478,195,0.0023
Q6URK8,195,0.0023
P27918,195,0.0023
Q86TL2,195,0.0023
P78426,195,0.0023
Q15785,195,0.0023
Q5T0D9,195,0.0023
Q96HP8,194,0.0023
Q9UGQ2,194,0.0023
Q9NP86,194,0.0023
P61619,194,0.0023
O14753,194,0.0023
P30044,194,0.0023
Q5TEZ5,194,0.0023
P31273,194,0.0023
Q96BH3,194,0.0023
P49841,194,0.0023
Q9NZJ7,194,0.0023
Q9BTE3,194,0.0023
Q9NVF7,194,0.0023
P07766,194,0.0023
Q5JX71,194,0.0023
P04000,194,0.0023
P07498,194,0.0023
Q8IWE4,194,0.0023
O43829,194,0.0023
Q9BUT1,194,0.0023
P63010,194,0.0023
Q5HYJ3,194,0.0023
P30049,194,0.0023
Q8TCB7,194,0.0023
P48230,194,0.0023
Q9NRZ7,194,0.0023
Q86U42,193,0.0023
Q9NVA4,193,0.0023
Q9BQQ7,193,0.0023
Q9HD42,193,0.0023
Q08722,193,0.0023
O60636,193,0.0023
Q5SWH9,193,0.0023
Q8N6M9,193,0.0023
Q9Y6I8,193,0.0023
P35070,193,0.0023
Q96CG8,193,0.0023
Q9UN42,193,0.0023
Q15759,193,0.0023
P51948,193,0.0023
Q9NPI7,193,0.0023
Q9NY12,193,0.0023
P41217,193,0.0023
O60888,193,0.0023
Q92876,193,0.0023
Q6ZMZ0,193,0.0023
Q9UBX0,193,0.0023
Q6UWF9,193,0.0023
Q96FZ7,193,0.0023
Q96HJ5,193,0.0023
Q96LK0,193,0.0023
Q96JC9,193,0.0023
P52788,193,0.0023
Q6UXP7,193,0.0023
Q9Y3B7,193,0.0023
Q969E3,193,0.0023
Q9Y5W9,193,0.0023
P14770,192,0.0023
Q8NGC5,192,0.0023
O60248,192,0.0023
Q8N1S5,192,0.0023
Q7Z5L3,192,0.0023
P43366,192,0.0023
P35219,192,0.0023
Q9H7P6,192,0.0023
Q01523,192,0.0023
O75493,192,0.0023
Q86UA6,192,0.0023
Q969M1,192,0.0023
P28067,192,0.0023
Q9BWL3,192,0.0023
Q5SYC1,192,0.0023
Q5TA81,192,0.0023
O75838,192,0.0023
Q9NUP1,192,0.0023
Q8NDC0,192,0.0023
Q9BZE7,192,0.0023
A0A075B6S4,192,0.0023
Q9BQM9,192,0.0023
P61978,192,0.0023
Q7L590,192,0.0023
Q8IWL3,192,0.0023
Q9NZ01,192,0.0023
Q969M3,192,0.0023
P21579,192,0.0023
O75496,192,0.0023
Q96CD2,192,0.0023
Q13232,192,0.0023
Q7Z5L4,192,0.0023
O75340,191,0.0022
Q8WWF3,191,0.0022
P51959,191,0.0022
P53673,191,0.0022
Q8N966,191,0.0022
P0C0E4,191,0.0022
Q86XR7,191,0.0022
Q9NPC3,191,0.0022
P18283,191,0.0022
Q96AT9,191,0.0022
P26038,191,0.0022
Q9Y478,191,0.0022
Q96CE8,191,0.0022
P68366,191,0.0022
O60676,191,0.0022
Q9BVK6,191,0.0022
Q969W3,191,0.0022
Q99618,191,0.0022
Q15784,191,0.0022
Q96MW1,191,0.0022
O95749,191,0.0022
Q96IZ2,191,0.0022
Q13319,191,0.0022
P40200,191,0.0022
Q6PIZ9,191,0.0022
Q9Y6K0,191,0.0022
Q96E66,191,0.0022
Q7RTS1,191,0.0022
Q9Y3Y2,191,0.0022
Q8N5J4,190,0.0022
Q9BYR4,190,0.0022
P53779,190,0.0022
Q86VG3,190,0.0022
Q9Y224,190,0.0022
O95471,190,0.0022
Q5JR98,190,0.0022
Q6ZNK6,190,0.0022
P56915,190,0.0022
P01574,190,0.0022
A6NFC5,190,0.0022
Q9BWW4,190,0.0022
P05305,190,0.0022
B8ZZ34,190,0.0022
Q8N912,190,0.0022
Q9NZD2,190,0.0022
Q92782,190,0.0022
Q7Z4H3,190,0.0022
Q5JPI9,190,0.0022
Q15007,190,0.0022
P53611,190,0.0022
Q6ZSJ9,190,0.0022
Q9C0K3,190,0.0022
P51157,190,0.0022
Q9BTD3,190,0.0022
Q8TC07,190,0.0022
Q8IXM6,190,0.0022
Q92813,190,0.0022
Q9UNP9,190,0.0022
O43760,190,0.0022
P09936,190,0.0022
Q9BTE0,189,0.0022
Q9H082,189,0.0022
Q9UNS2,189,0.0022
P83859,189,0.0022
Q8TAA5,189,0.0022
O43521,189,0.0022
Q86VL8,189,0.0022
Q6XYB7,189,0.0022
Q96GC9,189,0.0022
Q9BRX8,189,0.0022
P06899,189,0.0022
Q16633,189,0.0022
Q86SG7,189,0.0022
O94817,189,0.0022
Q9ULR0,189,0.0022
O43399,189,0.0022
Q8N100,189,0.0022
Q9BSD7,189,0.0022
Q6NZ36,189,0.0022
Q10586,188,0.0022
Q5QJ74,188,0.0022
A8MZG2,188,0.0022
P15927,188,0.0022
O75715,188,0.0022
Q86Y82,188,0.0022
Q1RMZ1,188,0.0022
Q9HCK0,188,0.0022
Q8N7R7,188,0.0022
Q13075,188,0.0022
P12980,188,0.0022
P20800,188,0.0022
Q3C1V8,188,0.0022
Q9H1K1,188,0.0022
Q8N6W0,188,0.0022
Q8TAD2,188,0.0022
Q9H467,188,0.0022
Q16626,188,0.0022
A6NH52,188,0.0022
Q7RTT5,188,0.0022
Q8WXF0,188,0.0022
Q86UV6,188,0.0022
Q9BZD7,188,0.0022
P98177,188,0.0022
Q0P641,188,0.0022
Q6P9G4,188,0.0022
P05090,188,0.0022
Q14257,188,0.0022
Q86VU5,187,0.0022
P52566,187,0.0022
Q9H2W2,187,0.0022
Q9NVT9,187,0.0022
Q6ZP80,187,0.0022
Q8WZ59,187,0.0022
Q8TBB0,187,0.0022
P78369,187,0.0022
O75888,187,0.0022
Q8N5M4,187,0.0022
Q6P9G0,187,0.0022
Q9H4E5,187,0.0022
Q8N8I0,187,0.0022
Q6UW15,187,0.0022
P04406,187,0.0022
P57735,187,0.0022
Q96NT0,187,0.0022
O95931,187,0.0022
Q8N2M4,187,0.0022
Q9ULY5,187,0.0022
Q9HD36,187,0.0022
C9JTQ0,187,0.0022
Q9H3R5,187,0.0022
Q6GV28,187,0.0022
Q8NDV2,187,0.0022
Q8NEA4,187,0.0022
Q9BV47,187,0.0022
Q8IX05,187,0.0022
P14209,187,0.0022
A0PJX0,187,0.0022
O95390,187,0.0022
O43402,187,0.0022
P24593,187,0.0022
O15119,187,0.0022
Q8IUG1,186,0.0022
P43365,186,0.0022
P48788,186,0.0022
P38936,186,0.0022
Q9UMS4,186,0.0022
A6NIH7,186,0.0022
Q9BQA9,186,0.0022
Q9P0W0,186,0.0022
O15217,186,0.0022
Q96HZ4,186,0.0022
Q8N9F7,186,0.0022
A6NLW8,186,0.0022
Q5TEC6,186,0.0022
Q6PEW1,186,0.0022
Q06643,186,0.0022
P06241,186,0.0022
A6NHQ4,186,0.0022
Q9BX74,186,0.0022
O96019,186,0.0022
O95661,186,0.0022
Q8TAA1,186,0.0022
Q8NGZ2,186,0.0022
Q86W67,186,0.0022
A0A1B0GTW7,186,0.0022
Q8N5N7,186,0.0022
P13073,186,0.0022
Q8TAY7,186,0.0022
Q6P582,186,0.0022
Q8TBE9,186,0.0022
P30408,186,0.0022
P28845,186,0.0022
Q86WR6,185,0.0022
P43320,185,0.0022
Q99879,185,0.0022
Q9BZM1,185,0.0022
Q6U7Q0,185,0.0022
Q8NEA5,185,0.0022
P0C2L3,185,0.0022
Q96MH6,185,0.0022
Q9NRX2,185,0.0022
Q9BVT8,185,0.0022
Q8TCY5,185,0.0022
Q96AW1,185,0.0022
Q5TGL8,185,0.0022
P41238,185,0.0022
Q14714,185,0.0022
Q05952,185,0.0022
Q96D03,185,0.0022
P42772,185,0.0022
A4D2B0,185,0.0022
Q9NRG1,185,0.0022
P05813,185,0.0022
Q2M2E3,185,0.0022
Q9BRT9,185,0.0022
Q3SY46,185,0.0022
Q93079,185,0.0022
P31350,185,0.0022
O14633,185,0.0022
A8MTY7,185,0.0022
P51884,185,0.0022
P0C875,185,0.0022
O95863,185,0.0022
P49914,185,0.0022
Q15126,185,0.0022
Q8NBI2,185,0.0022
Q7Z7H5,184,0.0022
Q9UKB3,184,0.0022
P62753,184,0.0022
P22466,184,0.0022
Q8TB68,184,0.0022
Q8NEJ0,184,0.0022
P63096,184,0.0022
Q9NP64,184,0.0022
O75431,184,0.0022
P58499,184,0.0022
P62502,184,0.0022
P26715,184,0.0022
Q92837,184,0.0022
P23193,184,0.0022
Q8N5I9,184,0.0022
Q96AJ9,184,0.0022
P04554,184,0.0022
Q9P1U1,184,0.0022
O75690,184,0.0022
Q9NXJ5,184,0.0022
P0C7W6,184,0.0022
Q9UHV2,184,0.0022
Q5XKK7,184,0.0022
Q9UMR5,184,0.0022
Q9P0M9,184,0.0022
O15173,184,0.0022
Q96EH8,184,0.0022
Q701N4,184,0.0022
O95433,184,0.0022
Q6QHK4,184,0.0022
Q2QD12,184,0.0022
Q9UKA8,183,0.0021
Q9BYC9,183,0.0021
Q96KJ9,183,0.0021
P15018,183,0.0021
Q8N7B6,183,0.0021
Q6ZPD8,183,0.0021
O00194,183,0.0021
Q96S90,183,0.0021
O94760,183,0.0021
Q99784,183,0.0021
Q03014,183,0.0021
Q86XK7,183,0.0021
P50613,183,0.0021
Q96D59,183,0.0021
P56746,183,0.0021
Q96LZ3,183,0.0021
Q9BYR3,183,0.0021
P49006,183,0.0021
Q86UV7,183,0.0021
O15530,183,0.0021
Q96D96,183,0.0021
Q5TZF3,183,0.0021
Q96DH6,183,0.0021
Q9ULZ3,183,0.0021
O15400,183,0.0021
Q9H305,182,0.0021
Q14582,182,0.0021
Q9Y5Z4,182,0.0021
P62873,182,0.0021
P11142,182,0.0021
Q8WY41,182,0.0021
P45880,182,0.0021
Q9UHR5,182,0.0021
Q03135,182,0.0021
Q9NQ33,182,0.0021
O14894,182,0.0021
Q9BV57,182,0.0021
Q5TDH0,182,0.0021
Q16181,182,0.0021
Q8TA86,182,0.0021
Q15910,182,0.0021
Q9BYC8,182,0.0021
Q06141,182,0.0021
Q3KNT9,182,0.0021
P40259,182,0.0021
Q9NX24,182,0.0021
A6NDY2,182,0.0021
Q8TD86,182,0.0021
Q9BQ50,182,0.0021
P49840,182,0.0021
O95600,182,0.0021
O75414,181,0.0021
O94768,181,0.0021
Q04864,181,0.0021
O60894,181,0.0021
Q9Y4P9,181,0.0021
P43363,181,0.0021
O75840,181,0.0021
P61221,181,0.0021
Q9Y295,181,0.0021
A6NDG6,181,0.0021
P01594,181,0.0021
Q9NRX4,181,0.0021
Q14493,181,0.0021
Q9BYQ7,181,0.0021
P59796,181,0.0021
Q9H469,181,0.0021
Q9H3F6,181,0.0021
O95376,181,0.0021
Q9Y3D9,181,0.0021
Q7Z2W9,181,0.0021
O75380,181,0.0021
Q8TDH9,181,0.0021
Q6UX39,181,0.0021
O75365,181,0.0021
P36575,181,0.0021
A7E2U8,181,0.0021
Q9NX07,181,0.0021
Q8WV92,181,0.0021
Q5VYY1,180,0.0021
Q96H20,180,0.0021
Q9H741,180,0.0021
Q9NVV5,180,0.0021
P09630,180,0.0021
O75436,180,0.0021
Q9HC73,180,0.0021
Q96DA0,180,0.0021
P12074,180,0.0021
O75323,180,0.0021
Q9H147,180,0.0021
Q5VZ03,180,0.0021
P55036,180,0.0021
P27707,180,0.0021
Q96CN4,180,0.0021
Q01151,180,0.0021
Q92482,180,0.0021
Q8IXQ8,180,0.0021
O60635,180,0.0021
P27037,180,0.0021
Q5SXM8,180,0.0021
P46459,180,0.0021
Q9Y277,180,0.0021
Q9P0J7,180,0.0021
Q6UW68,180,0.0021
P29992,180,0.0021
Q96QR8,180,0.0021
Q9NSY2,180,0.0021
Q96BF3,180,0.0021
Q9H0W7,180,0.0021
Q63HQ0,180,0.0021
P17275,180,0.0021
Q9UBQ5,180,0.0021
Q8IZ16,180,0.0021
P17026,180,0.0021
Q86Y39,179,0.0021
Q9NWF9,179,0.0021
Q6PEY1,179,0.0021
Q9Y2Y6,179,0.0021
P20337,179,0.0021
Q9BT43,179,0.0021
Q9NYL4,179,0.0021
Q96G25,179,0.0021
P0CG32,179,0.0021
Q86UE8,179,0.0021
Q96EK4,179,0.0021
Q96S19,179,0.0021
Q86YL7,179,0.0021
P01601,179,0.0021
Q14974,179,0.0021
Q9NV12,179,0.0021
Q9Y3D7,179,0.0021
Q53S08,179,0.0021
Q06323,179,0.0021
Q96AZ1,179,0.0021
P46379,179,0.0021
P31150,179,0.0021
P32321,179,0.0021
Q9UMR7,179,0.0021
Q9UBD9,179,0.0021
Q9BZQ4,179,0.0021
Q96LT6,179,0.0021
Q9BRJ7,179,0.0021
Q06546,179,0.0021
Q7L2Z9,179,0.0021
P05013,179,0.0021
P61018,179,0.0021
P41220,179,0.0021
P21583,179,0.0021
P01275,179,0.0021
Q6ZUX7,179,0.0021
Q6ZR62,178,0.0021
Q9BUL9,178,0.0021
Q9UK41,178,0.0021
Q8TAL6,178,0.0021
Q8N1D5,178,0.0021
P11309,178,0.0021
I6L899,178,0.0021
Q9NYF0,178,0.0021
Q9H3M9,178,0.0021
Q7L4S7,178,0.0021
Q00688,178,0.0021
Q8WY22,178,0.0021
Q9BXS5,178,0.0021
P00568,178,0.0021
P0C7N4,178,0.0021
Q9BUY7,178,0.0021
P09012,178,0.0021
Q96KK5,178,0.0021
Q12996,178,0.0021
Q9P0T4,178,0.0021
P17936,178,0.0021
P04183,178,0.0021
Q9UKK9,178,0.0021
Q6P4F2,178,0.0021
A6NMD0,178,0.0021
O75915,178,0.0021
O60832,178,0.0021
Q9Y2T4,178,0.0021
Q5SZJ8,178,0.0021
O75391,178,0.0021
Q96S21,178,0.0021
Q8N144,178,0.0021
O43865,178,0.0021
Q9UIY3,177,0.0021
Q58HT5,177,0.0021
Q92934,177,0.0021
H3BNL1,177,0.0021
Q9BRU9,177,0.0021
Q9Y6B2,177,0.0021
P21796,177,0.0021
P28065,177,0.0021
Q8N6I1,177,0.0021
Q8IZS6,177,0.0021
Q9NQ35,177,0.0021
A6NM45,177,0.0021
Q5T686,177,0.0021
Q9BPW5,177,0.0021
Q99623,177,0.0021
P18065,177,0.0021
P0CG41,177,0.0021
Q96RJ6,177,0.0021
Q86UF1,177,0.0021
Q9Y6H1,177,0.0021
Q8NH80,177,0.0021
Q96H78,177,0.0021
Q9H875,177,0.0021
O75618,177,0.0021
Q9H7X0,177,0.0021
P08962,177,0.0021
P31947,177,0.0021
Q9H9Q2,177,0.0021
Q96CS7,177,0.0021
Q7L9L4,177,0.0021
P60201,177,0.0021
Q9NUL5,177,0.0021
Q96NK8,177,0.0021
Q9NXR8,177,0.0021
P23443,177,0.0021
P27338,177,0.0021
O75884,177,0.0021
P56703,176,0.0021
Q96NB1,176,0.0021
Q567V2,176,0.0021
Q8IU85,176,0.0021
Q00577,176,0.0021
Q8N4L2,176,0.0021
Q96SN7,176,0.0021
O14627,176,0.0021
O14944,176,0.0021
Q3LI77,176,0.0021
Q9UHF5,176,0.0021
Q9BYQ2,176,0.0021
A8MUP6,176,0.0021
Q08AD1,176,0.0021
Q8WVF2,176,0.0021
Q08116,176,0.0021
P55061,176,0.0021
P52797,176,0.0021
P04054,176,0.0021
Q9BTY7,176,0.0021
Q8NG31,176,0.0021
H3BV12,176,0.0021
P20618,176,0.0021
Q3C1V0,176,0.0021
Q8NGB2,176,0.0021
Q86WC6,176,0.0021
Q14019,176,0.0021
P62917,176,0.0021
Q15528,176,0.0021
Q15672,176,0.0021
Q8N755,176,0.0021
O95864,175,0.0021
O75954,175,0.0021
Q96HA8,175,0.0021
Q00059,175,0.0021
Q96BJ3,175,0.0021
Q9NVK5,175,0.0021
P04234,175,0.0021
Q9BXN6,175,0.0021
P0DP09,175,0.0021
Q96MC5,175,0.0021
Q9Y296,175,0.0021
Q9BY43,175,0.0021
A0A8I5KQE6,175,0.0021
O14931,175,0.0021
Q9H115,175,0.0021
O14569,175,0.0021
O15370,175,0.0021
A0A1B0GUU1,175,0.0021
O95633,175,0.0021
P31314,175,0.0021
Q9Y586,175,0.0021
P09497,175,0.0021
Q9BUH6,175,0.0021
P0C7T8,175,0.0021
Q9NZH5,175,0.0021
Q12874,175,0.0021
Q15102,175,0.0021
Q9UBI1,175,0.0021
Q9NVV2,175,0.0021
Q9NSK7,175,0.0021
Q6T310,175,0.0021
Q9H4A6,174,0.002
Q8WUY8,174,0.002
Q2NKX9,174,0.002
Q4LEZ3,174,0.002
O14810,174,0.002
A0A075B6S2,174,0.002
Q9Y2H1,174,0.002
Q8N7S2,174,0.002
Q15078,174,0.002
A6NCK2,174,0.002
Q14344,174,0.002
Q12959,174,0.002
P0C672,174,0.002
Q9NTU4,174,0.002
Q8WW14,174,0.002
O60542,174,0.002
Q71DI3,174,0.002
O14735,174,0.002
Q07108,174,0.002
Q8NC06,174,0.002
Q8WYQ3,174,0.002
P10966,174,0.002
Q147U7,174,0.002
Q13795,174,0.002
O75787,173,0.002
Q99547,173,0.002
Q8N292,173,0.002
P35243,173,0.002
P10646,173,0.002
Q7Z6I5,173,0.002
P21266,173,0.002
P54619,173,0.002
P01588,173,0.002
Q9NVP2,173,0.002
Q8N443,173,0.002
Q96BR5,173,0.002
Q96E09,173,0.002
P15880,173,0.002
Q8N6L7,173,0.002
P30279,173,0.002
Q02535,173,0.002
Q9NPH6,173,0.002
Q8N8L6,173,0.002
Q9NZE8,173,0.002
Q96MN5,173,0.002
Q6UWD8,173,0.002
Q9H3Z4,173,0.002
O15318,173,0.002
Q92915,173,0.002
Q9UKT7,173,0.002
Q9NR22,173,0.002
Q15291,173,0.002
C9J302,173,0.002
O15492,173,0.002
O15551,173,0.002
Q8WW18,173,0.002
O95861,173,0.002
P17028,173,0.002
Q16595,173,0.002
Q9BSB4,173,0.002
Q9BSH3,173,0.002
Q5BJH2,173,0.002
P10747,172,0.002
Q6UXN8,172,0.002
P50914,172,0.002
Q9BV86,172,0.002
Q9UF47,172,0.002
Q32NC0,172,0.002
Q06830,172,0.002
A0A0C4DH34,172,0.002
P26436,172,0.002
Q8NBL3,172,0.002
Q8IZU3,172,0.002
Q13347,172,0.002
P21926,172,0.002
Q96T52,172,0.002
Q86X19,172,0.002
Q9P055,172,0.002
Q6L8G4,172,0.002
Q9BW83,172,0.002
Q5VU36,172,0.002
Q7Z3D6,172,0.002
Q8TDQ7,172,0.002
Q04741,172,0.002
P53816,172,0.002
Q7RTV5,172,0.002
Q00765,172,0.002
Q8WU49,172,0.002
Q9NWT6,172,0.002
P68543,172,0.002
Q8WXS4,172,0.002
Q0VDI3,172,0.002
P09693,172,0.002
Q9Y6H3,172,0.002
Q92522,172,0.002
Q9BVM2,172,0.002
Q6ISS4,172,0.002
P57086,172,0.002
Q96AH0,172,0.002
Q7L099,171,0.002
P19256,171,0.002
Q9NQ03,171,0.002
Q2QL34,171,0.002
Q8TAX0,171,0.002
Q13885,171,0.002
P0C7M8,171,0.002
Q8N111,171,0.002
P30626,171,0.002
Q9BYL1,171,0.002
Q5W186,171,0.002
Q8TCD6,171,0.002
P14649,171,0.002
P34096,171,0.002
Q9NZ63,171,0.002
P55259,171,0.002
Q9Y693,171,0.002
Q8N123,171,0.002
P22914,171,0.002
Q8N5F7,171,0.002
Q15649,171,0.002
Q96SZ5,171,0.002
Q6UXH0,171,0.002
Q9UNZ5,171,0.002
O95865,171,0.002
Q9P299,171,0.002
Q96KW9,171,0.002
A0A1W2PRP0,171,0.002
Q9BUN8,170,0.002
P17481,170,0.002
Q8N1A6,170,0.002
Q14318,170,0.002
Q6PI97,170,0.002
Q96FX8,170,0.002
Q3ZCQ2,170,0.002
Q9UKF7,170,0.002
O60256,170,0.002
Q96M43,170,0.002
Q8WVE0,170,0.002
Q99748,170,0.002
Q96NT1,170,0.002
O95711,170,0.002
P39877,170,0.002
Q01449,170,0.002
O15524,170,0.002
P49336,170,0.002
P22415,170,0.002
P78381,170,0.002
Q6MZT1,170,0.002
P42574,170,0.002
Q9NQG5,170,0.002
Q8WWY6,169,0.002
Q96FF9,169,0.002
Q6W0C5,169,0.002
Q6PID8,169,0.002
P21291,169,0.002
P59780,169,0.002
Q01629,169,0.002
Q9H0Y0,169,0.002
Q8TAC2,169,0.002
A0A087WV53,169,0.002
O15235,169,0.002
O00629,169,0.002
Q5T6J7,169,0.002
Q96EY4,169,0.002
Q6ZTI6,169,0.002
Q9GZN0,169,0.002
A0A1B0GUX0,169,0.002
Q6UWJ8,169,0.002
P19883,169,0.002
Q8NEQ6,169,0.002
Q14CZ0,169,0.002
P25788,169,0.002
P0C7W0,169,0.002
Q7LBR1,169,0.002
Q9UKI3,169,0.002
P41222,169,0.002
Q9NXF7,169,0.002
Q96BM1,169,0.002
Q9H0F7,169,0.002
Q96L94,169,0.002
Q6ZS17,169,0.002
Q5JRM2,169,0.002
P31942,168,0.002
Q8N4C9,168,0.002
Q9NUM3,168,0.002
Q8N6N3,168,0.002
P23434,168,0.002
Q96M98,168,0.002
O43623,168,0.002
Q9UNK4,168,0.002
P0C7M6,168,0.002
P30405,168,0.002
P46109,168,0.002
Q9UBW8,168,0.002
P59991,168,0.002
Q8N112,168,0.002
Q7Z713,168,0.002
Q9H237,168,0.002
Q6BDI9,168,0.002
Q16082,168,0.002
Q7Z7G2,168,0.002
Q07352,168,0.002
Q12918,168,0.002
P05231,168,0.002
Q8TC26,168,0.002
Q9BX73,168,0.002
Q9NPJ6,168,0.002
Q8N8R7,168,0.002
Q96PM5,168,0.002
O14595,168,0.002
P39210,168,0.002
Q96A58,168,0.002
Q9H8T0,168,0.002
Q96C19,168,0.002
P02489,168,0.002
Q92527,168,0.002
P41240,167,0.002
Q0VAF6,167,0.002
Q16878,167,0.002
Q13405,167,0.002
Q9UI30,167,0.002
Q14656,167,0.002
Q9NYP8,167,0.002
P16298,167,0.002
Q9NX04,167,0.002
Q96DZ7,167,0.002
Q16594,167,0.002
O75923,167,0.002
P56537,167,0.002
Q9HC24,167,0.002
Q9NRW4,167,0.002
O75390,167,0.002
O00212,167,0.002
P78537,167,0.002
Q96T17,167,0.002
Q9NVH6,167,0.002
Q96H86,167,0.002
Q96B54,167,0.002
P98172,167,0.002
P01236,167,0.002
Q8WWZ3,167,0.002
Q9H853,167,0.002
Q8IZP0,167,0.002
Q8WUK0,167,0.002
P34903,167,0.002
A5PLL7,167,0.002
Q9Y3F4,167,0.002
Q5EB52,167,0.002
O43915,167,0.002
Q7Z5J1,166,0.0019
P05408,166,0.0019
Q96IU4,166,0.0019
Q8WXF5,166,0.0019
Q9NX08,166,0.0019
Q9Y3D3,166,0.0019
O75553,166,0.0019
Q9HAP6,166,0.0019
Q92882,166,0.0019
P28072,166,0.0019
Q6EIG7,166,0.0019
Q6UWQ5,166,0.0019
Q99445,166,0.0019
Q7Z6A9,166,0.0019
A0A075B6K2,166,0.0019
P17568,166,0.0019
Q9HAV5,166,0.0019
Q6PJQ5,166,0.0019
A8MV24,166,0.0019
Q9GZN2,166,0.0019
Q9NT62,166,0.0019
P43490,166,0.0019
Q8IUC0,166,0.0019
Q9BVJ7,165,0.0019
P07951,165,0.0019
A8MYZ0,165,0.0019
Q86V88,165,0.0019
Q15726,165,0.0019
Q6RW13,165,0.0019
Q9BSG0,165,0.0019
O60232,165,0.0019
P61296,165,0.0019
Q7L0Q8,165,0.0019
Q9Y231,165,0.0019
Q05048,165,0.0019
Q14847,165,0.0019
P18124,165,0.0019
Q86UY6,165,0.0019
Q9Y696,165,0.0019
Q8WUN7,165,0.0019
Q9BXY4,165,0.0019
Q13323,165,0.0019
Q8IYS8,165,0.0019
P33316,165,0.0019
P24468,165,0.0019
Q9UKY7,165,0.0019
Q01628,165,0.0019
O43914,165,0.0019
Q6UWW0,165,0.0019
P60228,165,0.0019
P41225,165,0.0019
Q96LT4,165,0.0019
Q96GL9,165,0.0019
P37802,165,0.0019
Q5T753,165,0.0019
P02042,165,0.0019
Q96H12,165,0.0019
P52565,165,0.0019
Q9H0U3,165,0.0019
Q9BW66,165,0.0019
O76096,165,0.0019
Q9BS40,164,0.0019
O43736,164,0.0019
Q6JVE5,164,0.0019
Q9UNG2,164,0.0019
Q9NY25,164,0.0019
O95416,164,0.0019
Q03393,164,0.0019
Q9P0L0,164,0.0019
Q8IVA1,164,0.0019
Q8IY49,164,0.0019
Q8TCE9,164,0.0019
Q02978,164,0.0019
Q14184,164,0.0019
C9J6K1,164,0.0019
Q9NW64,164,0.0019
Q9Y466,164,0.0019
Q96LR4,164,0.0019
Q16611,164,0.0019
Q9H871,164,0.0019
Q8TBF2,164,0.0019
Q13516,164,0.0019
Q8WVE7,164,0.0019
P27105,164,0.0019
Q9Y5K8,164,0.0019
O75474,164,0.0019
A0A0B4J1Y9,164,0.0019
Q4V339,164,0.0019
Q5VU92,164,0.0019
P28068,164,0.0019
Q86SG5,164,0.0019
Q9HAE3,164,0.0019
O43347,163,0.0019
P34741,163,0.0019
Q4VC05,163,0.0019
Q8IYI0,163,0.0019
O14681,163,0.0019
Q9BSR8,163,0.0019
Q99729,163,0.0019
P43307,163,0.0019
Q9H9Z2,163,0.0019
Q9HBU1,163,0.0019
P18846,163,0.0019
Q96GX9,163,0.0019
O43674,163,0.0019
Q9HDD0,163,0.0019
O75935,163,0.0019
P78406,163,0.0019
Q8NG92,163,0.0019
Q9Y5T4,163,0.0019
Q96BS2,163,0.0019
Q496F6,163,0.0019
P17041,163,0.0019
Q6ZUU3,163,0.0019
O96001,163,0.0019
Q6UXB3,163,0.0019
Q9Y4X5,163,0.0019
P22749,162,0.0019
Q6NXT2,162,0.0019
Q53HI1,162,0.0019
Q8ND25,162,0.0019
Q6IEZ7,162,0.0019
O75934,162,0.0019
P46926,162,0.0019
D3W0D1,162,0.0019
A0A075B6H7,162,0.0019
A8MZ59,162,0.0019
Q8WXF3,162,0.0019
O95297,162,0.0019
Q30KQ4,162,0.0019
P68400,162,0.0019
Q3ZCQ3,162,0.0019
P03950,162,0.0019
Q9NX70,162,0.0019
O43633,162,0.0019
P09651,162,0.0019
Q8TD06,162,0.0019
Q6P161,162,0.0019
Q5TA79,162,0.0019
P56597,162,0.0019
O14713,162,0.0019
Q96P67,162,0.0019
Q92900,162,0.0019
Q9H8M1,162,0.0019
Q96NT3,162,0.0019
P20941,162,0.0019
Q86UP9,162,0.0019
Q9HB31,162,0.0019
A8K4G0,162,0.0019
O15391,162,0.0019
Q5TGI4,162,0.0019
Q96LM5,161,0.0019
P47755,161,0.0019
P57088,161,0.0019
Q9H3V2,161,0.0019
Q8N9Z2,161,0.0019
Q5VZ52,161,0.0019
Q8TBF5,161,0.0019
P53801,161,0.0019
Q9H8M9,161,0.0019
P45983,161,0.0019
P54105,161,0.0019
Q9UHP7,161,0.0019
Q9NUB4,161,0.0019
Q96MV1,161,0.0019
Q9UD71,161,0.0019
P01562,161,0.0019
P79522,161,0.0019
O95990,161,0.0019
Q9NX38,161,0.0019
P0DV77,161,0.0019
Q6B0K9,161,0.0019
Q86V35,161,0.0019
Q96LU5,161,0.0019
P63267,161,0.0019
O75973,161,0.0019
P10620,161,0.0019
Q96K19,161,0.0019
Q04760,161,0.0019
Q07812,161,0.0019
P01584,161,0.0019
O43427,161,0.0019
Q9NRP4,161,0.0019
Q5GAN3,161,0.0019
Q96SL4,161,0.0019
Q9NPH9,161,0.0019
Q9UHA7,161,0.0019
Q6UXZ3,161,0.0019
Q8NI22,161,0.0019
Q9H9R9,161,0.0019
Q93091,160,0.0019
Q9Y691,160,0.0019
Q6P1X6,160,0.0019
Q86TG1,160,0.0019
Q99470,160,0.0019
Q96DS6,160,0.0019
Q9NZK7,160,0.0019
P12273,160,0.0019
Q8WWZ1,160,0.0019
Q5JUR7,160,0.0019
A1A4Y4,160,0.0019
P16860,160,0.0019
Q9UI09,160,0.0019
Q96CQ1,160,0.0019
Q8N565,160,0.0019
Q9NW61,160,0.0019
Q96LR7,160,0.0019
B3SHH9,160,0.0019
P24666,160,0.0019
Q9UL33,160,0.0019
Q5T752,160,0.0019
P00395,160,0.0019
Q9H910,160,0.0019
Q96D98,160,0.0019
C9JVW0,160,0.0019
P28161,160,0.0019
P13224,159,0.0019
Q6ZN17,159,0.0019
Q6NXS1,159,0.0019
P41236,159,0.0019
Q92769,159,0.0019
Q8NHS1,159,0.0019
Q9Y3B2,159,0.0019
Q99418,159,0.0019
Q8N4E4,159,0.0019
Q9H7J1,159,0.0019
Q9Y265,159,0.0019
Q9BQB6,159,0.0019
Q12962,159,0.0019
P04085,159,0.0019
Q96EL3,159,0.0019
A6NC86,159,0.0019
Q969D9,159,0.0019
P62879,159,0.0019
Q9NUN7,159,0.0019
Q96PS1,159,0.0019
Q9GZX9,159,0.0019
Q9NQ92,159,0.0019
O15481,159,0.0019
O43414,159,0.0019
Q8WVF5,159,0.0019
P43361,159,0.0019
Q9H4G4,159,0.0019
Q9NYY1,159,0.0019
Q9BUE0,159,0.0019
P47928,159,0.0019
P07998,159,0.0019
Q9BX93,159,0.0019
Q9BW60,159,0.0019
Q9UJW9,159,0.0019
Q9H6D8,159,0.0019
Q9Y342,159,0.0019
P20226,159,0.0019
Q6NUK4,159,0.0019
A6NGJ6,158,0.0019
Q6ZR85,158,0.0019
P43686,158,0.0019
P06753,158,0.0019
O43739,158,0.0019
Q06889,158,0.0019
Q8N9N7,158,0.0019
P54849,158,0.0019
P60022,158,0.0019
Q5MJ70,158,0.0019
Q9BYZ8,158,0.0019
P03979,158,0.0019
Q587I9,158,0.0019
P29965,158,0.0019
Q9HB20,158,0.0019
Q5TFG8,158,0.0019
P27144,158,0.0019
Q9H5X1,158,0.0019
P49903,158,0.0019
Q9Y3C1,158,0.0019
Q8N9F0,158,0.0019
P51858,158,0.0019
Q6PEX7,158,0.0019
Q9NWW6,158,0.0019
Q99677,158,0.0019
Q05195,158,0.0019
Q96RJ3,158,0.0019
O75143,158,0.0019
P39905,157,0.0018
Q96I25,157,0.0018
P17707,157,0.0018
P49798,157,0.0018
Q9UBC9,157,0.0018
Q86V24,157,0.0018
Q9H8W3,157,0.0018
Q9Y3A6,157,0.0018
O60225,157,0.0018
O43741,157,0.0018
Q8IZV2,157,0.0018
Q9NZG7,157,0.0018
O00230,157,0.0018
Q9P032,157,0.0018
Q86T03,157,0.0018
B1ATL7,157,0.0018
Q9NZH7,157,0.0018
P19387,157,0.0018
P26196,157,0.0018
Q13519,157,0.0018
Q9Y6B6,157,0.0018
Q12983,157,0.0018
Q6UQ28,157,0.0018
P01034,157,0.0018
Q9Y3B8,157,0.0018
Q8TAG6,157,0.0018
Q5VW22,156,0.0018
P48645,156,0.0018
Q5VT40,156,0.0018
O15529,156,0.0018
Q14919,156,0.0018
Q96BD6,156,0.0018
Q8TBP5,156,0.0018
Q9BY41,156,0.0018
Q8N257,156,0.0018
Q00013,156,0.0018
Q9BW30,156,0.0018
A6NM28,156,0.0018
Q14681,156,0.0018
A0A1B0GTK4,156,0.0018
O75223,156,0.0018
P03891,156,0.0018
A6NIK2,156,0.0018
Q99598,156,0.0018
P19419,156,0.0018
Q2NL98,156,0.0018
Q9Y3C0,156,0.0018
Q9UBU3,156,0.0018
Q7Z408,156,0.0018
Q96EL2,156,0.0018
Q9P291,156,0.0018
Q9BSY4,156,0.0018
Q6X4U4,156,0.0018
Q00536,155,0.0018
Q7Z7E8,155,0.0018
Q9BWT6,155,0.0018
P49643,155,0.0018
Q9BZC7,155,0.0018
A6NGE7,155,0.0018
Q9H1Z8,155,0.0018
P48051,155,0.0018
Q96CP2,155,0.0018
A8MYP8,155,0.0018
P47985,155,0.0018
Q8N6K0,155,0.0018
P81277,155,0.0018
Q92730,155,0.0018
Q9GZU8,155,0.0018
Q96PE7,155,0.0018
Q12999,155,0.0018
Q8N9R6,155,0.0018
Q9HCN8,155,0.0018
Q9Y536,155,0.0018
P61421,155,0.0018
P36404,155,0.0018
Q9H999,155,0.0018
Q9GZX6,155,0.0018
O75865,155,0.0018
Q9UKP3,155,0.0018
Q49AH0,155,0.0018
Q9NXV2,155,0.0018
P09488,155,0.0018
Q6P589,155,0.0018
Q9NYG2,155,0.0018
O95156,155,0.0018
Q15907,155,0.0018
Q9NVM1,154,0.0018
A0A0B4J1X8,154,0.0018
Q17RY6,154,0.0018
Q9NZS2,154,0.0018
P20827,154,0.0018
P05976,154,0.0018
Q9BQS6,154,0.0018
P53567,154,0.0018
Q8TDX7,154,0.0018
P10242,154,0.0018
Q9BWW7,154,0.0018
P32971,154,0.0018
Q8N0Y7,154,0.0018
Q6Q6R5,154,0.0018
A1A4G5,154,0.0018
Q9UL19,154,0.0018
Q8WUD1,154,0.0018
Q96BD8,154,0.0018
P51553,154,0.0018
P40424,154,0.0018
Q9NZT1,154,0.0018
Q96S79,154,0.0018
Q03052,154,0.0018
Q9Y3D0,154,0.0018
A6NLP5,154,0.0018
Q9BXU2,154,0.0018
P0DKL9,154,0.0018
P0DJJ0,154,0.0018
P49913,154,0.0018
Q8WTT0,154,0.0018
P01903,154,0.0018
Q96A46,154,0.0018
P23258,153,0.0018
Q3I5F7,153,0.0018
Q8N1E2,153,0.0018
O60258,153,0.0018
A0A0C4DH39,153,0.0018
Q96MM7,153,0.0018
Q99627,153,0.0018
P51460,153,0.0018
Q14103,153,0.0018
Q6PIU1,153,0.0018
Q96EQ0,153,0.0018
A6NI15,153,0.0018
Q96IG2,153,0.0018
O75900,153,0.0018
P01258,153,0.0018
Q9NXU5,153,0.0018
Q86TA1,153,0.0018
Q8IZ57,153,0.0018
Q8IY45,153,0.0018
Q9H1P6,153,0.0018
Q5VXU1,153,0.0018
Q6PIF2,153,0.0018
A6NNP5,153,0.0018
P33947,153,0.0018
Q04743,153,0.0018
O43598,153,0.0018
Q9NS84,153,0.0018
P59190,153,0.0018
P56556,153,0.0018
Q8N682,153,0.0018
Q9NPI0,153,0.0018
Q9Y2Y9,153,0.0018
Q5VZQ5,153,0.0018
Q8TEF2,153,0.0018
P60673,153,0.0018
Q8NHG8,153,0.0018
P68104,153,0.0018
Q9Y6J6,153,0.0018
P09466,153,0.0018
Q6DCA0,153,0.0018
Q9HBM1,152,0.0018
Q8N7F7,152,0.0018
P61163,152,0.0018
Q8NDI1,152,0.0018
Q969X0,152,0.0018
P49427,152,0.0018
Q13007,152,0.0018
Q14141,152,0.0018
Q8WV07,152,0.0018
Q9UBR5,152,0.0018
Q96J86,152,0.0018
A6PVL3,152,0.0018
O75586,152,0.0018
Q8NEW7,152,0.0018
Q9NVV9,152,0.0018
Q9P000,152,0.0018
Q4G0I0,152,0.0018
Q9UDX5,152,0.0018
P13984,152,0.0018
Q9Y221,152,0.0018
Q8WXT5,152,0.0018
Q9ULZ0,152,0.0018
O60481,152,0.0018
P59103,152,0.0018
Q8WU39,152,0.0018
Q6ZRY4,152,0.0018
P14678,152,0.0018
Q8WW59,152,0.0018
Q9Y397,152,0.0018
Q92520,152,0.0018
Q9BX46,152,0.0018
Q9BQ90,152,0.0018
P19086,151,0.0018
Q5I0X4,151,0.0018
Q9NQ88,151,0.0018
P19397,151,0.0018
A6NKF7,151,0.0018
O43255,151,0.0018
Q92604,151,0.0018
P04179,151,0.0018
Q96G30,151,0.0018
Q7L5N1,151,0.0018
Q5H9E4,151,0.0018
Q6ZVK1,151,0.0018
P32970,151,0.0018
Q12798,151,0.0018
O15503,151,0.0018
P20339,151,0.0018
Q6ZNR0,151,0.0018
Q96EN9,151,0.0018
P26718,151,0.0018
Q5PSV4,151,0.0018
Q8NFX7,151,0.0018
Q9NZZ3,151,0.0018
Q16739,151,0.0018
H3BS89,151,0.0018
Q16619,151,0.0018
Q5SV17,151,0.0018
A8MVA2,151,0.0018
P15514,151,0.0018
O15194,151,0.0018
P60321,150,0.0018
Q9UKL4,150,0.0018
P35625,150,0.0018
Q99969,150,0.0018
A6NNL5,150,0.0018
Q9BX68,150,0.0018
Q15691,150,0.0018
Q7RTV3,150,0.0018
Q9Y3E7,150,0.0018
Q9BUN5,150,0.0018
O95379,150,0.0018
P08865,150,0.0018
A2VDF0,150,0.0018
A4D1Z8,150,0.0018
O95772,150,0.0018
A8MXK1,150,0.0018
Q9BYR5,150,0.0018
Q8TCZ2,150,0.0018
O00258,149,0.0017
O94910,149,0.0017
Q9BRV8,149,0.0017
Q9NWW0,149,0.0017
P43364,149,0.0017
P0DJR0,149,0.0017
Q9UM19,149,0.0017
O60783,149,0.0017
Q53GA4,149,0.0017
Q13148,149,0.0017
Q99865,149,0.0017
Q99612,149,0.0017
P26371,149,0.0017
Q86XR5,149,0.0017
O95073,149,0.0017
Q9BRV3,149,0.0017
Q9H9H5,149,0.0017
A6NGQ2,149,0.0017
Q6P9G9,149,0.0017
Q92623,149,0.0017
P51636,149,0.0017
Q96GI7,149,0.0017
Q9H7L9,149,0.0017
A0A075B6I4,149,0.0017
Q02747,149,0.0017
P01111,149,0.0017
O14807,149,0.0017
Q8TAV0,149,0.0017
P56749,149,0.0017
Q8WWM9,149,0.0017
Q8N2S1,148,0.0017
Q8N687,148,0.0017
P49184,148,0.0017
Q5I0X7,148,0.0017
P35638,148,0.0017
O60359,148,0.0017
Q8TCI5,148,0.0017
Q8NBT2,148,0.0017
Q9Y5W3,148,0.0017
Q5T6X4,148,0.0017
P51970,148,0.0017
Q96NZ9,148,0.0017
Q9BQC6,148,0.0017
Q9BQD3,148,0.0017
Q9UHV8,148,0.0017
P47914,148,0.0017
P10415,148,0.0017
Q96DR4,148,0.0017
O00470,148,0.0017
Q9NX01,148,0.0017
Q86SX6,148,0.0017
Q8TBK6,147,0.0017
Q15777,147,0.0017
Q8N0W7,147,0.0017
Q9NV35,147,0.0017
O00161,147,0.0017
Q96FW1,147,0.0017
A8MXT2,147,0.0017
Q8NHR7,147,0.0017
O43513,147,0.0017
Q9BVA1,147,0.0017
A8MUM7,147,0.0017
P02689,147,0.0017
Q5TGS1,147,0.0017
Q6IQ19,147,0.0017
O95999,147,0.0017
Q9GZN8,147,0.0017
A0A0A0MRZ7,147,0.0017
Q7Z5A8,147,0.0017
Q8N183,147,0.0017
P10914,147,0.0017
Q9H840,147,0.0017
P08700,147,0.0017
Q8NBC4,147,0.0017
P47710,147,0.0017
Q9Y4X0,147,0.0017
P46779,147,0.0017
Q9H4G1,147,0.0017
Q9NWH2,147,0.0017
Q9NRD0,147,0.0017
A0A087WXS9,147,0.0017
P0CG08,147,0.0017
Q9H112,147,0.0017
P78317,147,0.0017
Q8N5X7,147,0.0017
Q9UPC5,147,0.0017
Q6GMV3,146,0.0017
Q16623,146,0.0017
Q8N6N2,146,0.0017
Q8WVD5,146,0.0017
Q16534,146,0.0017
A0JP26,146,0.0017
O75446,146,0.0017
Q10589,146,0.0017
Q96A32,146,0.0017
Q86VX2,146,0.0017
Q02543,146,0.0017
P12018,146,0.0017
Q7Z5D8,146,0.0017
Q5SVJ3,146,0.0017
Q99578,146,0.0017
Q6L8G9,146,0.0017
O15205,146,0.0017
O00409,146,0.0017
Q8WVY7,146,0.0017
Q8N5P1,146,0.0017
Q12972,146,0.0017
Q9NPD8,146,0.0017
P51153,146,0.0017
B4E2M5,146,0.0017
Q8NH02,146,0.0017
P0CI01,146,0.0017
Q9BPW8,146,0.0017
Q9NSP4,145,0.0017
Q9BUL8,145,0.0017
P22301,145,0.0017
P50553,145,0.0017
P41247,145,0.0017
Q9Y3D2,145,0.0017
P08247,145,0.0017
P05114,145,0.0017
Q8WXH6,145,0.0017
P55001,145,0.0017
P04899,145,0.0017
Q8N8B7,145,0.0017
Q96M94,145,0.0017
Q8WYK2,145,0.0017
Q9Y3E5,145,0.0017
Q9BXC1,145,0.0017
Q6UWW9,145,0.0017
P53805,145,0.0017
Q8WWX9,145,0.0017
P59861,145,0.0017
Q8TAK6,145,0.0017
O60238,145,0.0017
P25774,145,0.0017
O14921,145,0.0017
A6NHQ2,145,0.0017
Q969F1,145,0.0017
Q86YN1,145,0.0017
Q9H1H1,145,0.0017
Q8TB03,145,0.0017
O15520,144,0.0017
Q9NRR1,144,0.0017
Q5JX69,144,0.0017
O75952,144,0.0017
Q86U28,144,0.0017
Q9NZV6,144,0.0017
Q9H944,144,0.0017
O14561,144,0.0017
P03886,144,0.0017
Q13241,144,0.0017
Q9NPA0,144,0.0017
Q5RIA9,144,0.0017
P0C5Y4,144,0.0017
Q6UXU6,144,0.0017
P17612,144,0.0017
B9EJG8,144,0.0017
P09681,144,0.0017
A1L4L8,144,0.0017
O60896,144,0.0017
Q8N2K1,144,0.0017
P60709,144,0.0017
Q99873,144,0.0017
P27482,144,0.0017
O43396,144,0.0017
A8MQ03,144,0.0017
P46108,144,0.0017
O15480,144,0.0017
A6NGY3,144,0.0017
O75608,144,0.0017
Q8WYN0,144,0.0017
Q68G75,144,0.0017
Q7Z6V5,144,0.0017
Q5TA82,144,0.0017
Q56VL3,144,0.0017
Q5TBK1,144,0.0017
P35542,144,0.0017
Q01524,144,0.0017
P61313,144,0.0017
Q9BWK5,143,0.0017
O75822,143,0.0017
Q5T754,143,0.0017
Q8NHV9,143,0.0017
A8MTL3,143,0.0017
Q9UNW9,143,0.0017
Q8WVL7,143,0.0017
P26368,143,0.0017
P51817,143,0.0017
Q10587,143,0.0017
Q8N4Z0,143,0.0017
A0A075B6S6,143,0.0017
Q9H1U9,143,0.0017
O14530,143,0.0017
Q9UI14,143,0.0017
A0A0C4DH42,143,0.0017
O75317,143,0.0017
P30990,143,0.0017
P00414,143,0.0017
O95562,143,0.0017
Q9UNX3,143,0.0017
Q6IPW1,143,0.0017
P48549,142,0.0017
Q15417,142,0.0017
P24844,142,0.0017
Q96LC9,142,0.0017
Q9H7X7,142,0.0017
Q9NX76,142,0.0017
Q13151,142,0.0017
Q86Y78,142,0.0017
O15539,142,0.0017
Q15506,142,0.0017
O43805,142,0.0017
P01611,142,0.0017
O00762,142,0.0017
O95445,142,0.0017
Q8IV56,142,0.0017
Q6PIL6,142,0.0017
Q86W54,142,0.0017
O60234,142,0.0017
Q86YM7,142,0.0017
Q8NG11,142,0.0017
Q9Y376,142,0.0017
Q92748,142,0.0017
Q9Y3B3,142,0.0017
Q9BXK1,142,0.0017
Q8N5L8,142,0.0017
Q8TEA8,142,0.0017
Q9P0N5,141,0.0017
Q14498,141,0.0017
O14966,141,0.0017
Q9H772,141,0.0017
O95372,141,0.0017
P35813,141,0.0017
Q13156,141,0.0017
Q96GE9,141,0.0017
Q13257,141,0.0017
Q9NYR9,141,0.0017
P58557,141,0.0017
Q8N7C4,141,0.0017
A1L1A6,141,0.0017
I3L1E1,141,0.0017
Q86SZ2,141,0.0017
Q9UI95,141,0.0017
E5RIL1,141,0.0017
Q12988,141,0.0017
Q86WS3,141,0.0017
Q6ZNX1,141,0.0017
Q99956,141,0.0017
Q9BQ83,141,0.0017
Q9Y328,141,0.0017
Q9Y6K9,141,0.0017
Q8WVH0,141,0.0017
O14933,141,0.0017
O14910,141,0.0017
P07305,141,0.0017
P33240,141,0.0017
Q9UFG5,141,0.0017
Q9P0J6,140,0.0016
P23560,140,0.0016
P10827,140,0.0016
Q9NWZ8,140,0.0016
Q96AT1,140,0.0016
P08949,140,0.0016
Q8IXL9,140,0.0016
Q9BZD6,140,0.0016
Q3KRA9,140,0.0016
Q16552,140,0.0016
Q14507,140,0.0016
Q9BYD1,140,0.0016
Q7L7L0,140,0.0016
P12272,140,0.0016
Q8N7M0,140,0.0016
Q5H8A3,140,0.0016
P25800,140,0.0016
Q5VT79,140,0.0016
Q9NQE9,140,0.0016
Q16890,140,0.0016
P23511,140,0.0016
P78318,140,0.0016
Q96N28,140,0.0016
O95182,140,0.0016
Q9Y3P8,140,0.0016
P48507,140,0.0016
Q96F85,140,0.0016
Q9NRN9,140,0.0016
Q9UL46,140,0.0016
A8MZ97,140,0.0016
P06748,140,0.0016
Q9GZS3,140,0.0016
Q96EP1,140,0.0016
P10124,139,0.0016
Q07817,139,0.0016
Q9H2S6,139,0.0016
Q8N6F7,139,0.0016
O95881,139,0.0016
A6NEM1,139,0.0016
Q5J8X5,139,0.0016
O95857,139,0.0016
Q9NPG2,139,0.0016
Q6P1L8,139,0.0016
Q15041,139,0.0016
O00399,139,0.0016
Q99633,139,0.0016
Q9NS71,139,0.0016
Q969H8,139,0.0016
Q9Y243,139,0.0016
P43166,139,0.0016
Q9UHV9,139,0.0016
Q5TBC7,139,0.0016
Q9Y2R0,139,0.0016
Q8NGZ0,139,0.0016
Q8IZQ5,139,0.0016
Q96E17,139,0.0016
Q9H2H8,139,0.0016
P0DP58,139,0.0016
P56851,139,0.0016
Q8WUX1,139,0.0016
O75629,138,0.0016
O00501,138,0.0016
Q96KX0,138,0.0016
Q96P16,138,0.0016
P02775,138,0.0016
Q9UET6,138,0.0016
Q9H7X2,138,0.0016
Q6RSH7,138,0.0016
O15379,138,0.0016
Q5T7P2,138,0.0016
Q96HE8,138,0.0016
Q16527,138,0.0016
Q9UK00,138,0.0016
P46783,138,0.0016
P05112,138,0.0016
Q9H3Y8,138,0.0016
Q8IUH3,138,0.0016
O75951,138,0.0016
P35998,138,0.0016
Q7Z7F7,138,0.0016
Q9NS61,138,0.0016
O00398,138,0.0016
A6NGH7,138,0.0016
Q9NR56,138,0.0016
P0C7I0,138,0.0016
O95168,138,0.0016
Q96F10,138,0.0016
P32247,138,0.0016
P80162,138,0.0016
P32119,137,0.0016
O76070,137,0.0016
Q9Y3E2,137,0.0016
Q6UVW9,137,0.0016
P31153,137,0.0016
Q9GZY1,137,0.0016
P20338,137,0.0016
Q9UDW3,137,0.0016
P14174,137,0.0016
P05162,137,0.0016
Q9H898,137,0.0016
Q5TAB7,137,0.0016
P56177,137,0.0016
P60763,137,0.0016
A8K830,137,0.0016
Q8TED1,137,0.0016
P04818,137,0.0016
Q96M61,137,0.0016
C9JXX5,137,0.0016
P35244,137,0.0016
Q9HB71,137,0.0016
A8MTL0,137,0.0016
Q9UHD0,137,0.0016
P49721,137,0.0016
P62081,137,0.0016
Q9UHA3,137,0.0016
Q9BY08,137,0.0016
Q86X83,137,0.0016
A2RUU4,137,0.0016
F8WBI6,137,0.0016
Q8WUD4,137,0.0016
Q9NZH8,137,0.0016
Q8IV50,137,0.0016
Q9H160,136,0.0016
Q86T75,136,0.0016
A6NJG2,136,0.0016
Q9H633,136,0.0016
Q8WWB3,136,0.0016
P36405,136,0.0016
Q13616,136,0.0016
Q16656,136,0.0016
Q6UYE1,136,0.0016
Q9UL45,136,0.0016
Q13627,136,0.0016
A6NFQ7,136,0.0016
O14548,136,0.0016
Q15544,136,0.0016
A6NF36,136,0.0016
P05452,136,0.0016
Q99942,136,0.0016
Q07020,136,0.0016
P01282,136,0.0016
P49763,136,0.0016
Q96GV9,136,0.0016
Q9HBM6,136,0.0016
Q9NRC9,136,0.0016
P00492,136,0.0016
Q9Y6W8,136,0.0016
P31943,136,0.0016
P67936,136,0.0016
P52823,136,0.0016
Q96GC5,136,0.0016
P05387,136,0.0016
Q9Y3C6,136,0.0016
P62068,136,0.0016
A8MZ26,136,0.0016
Q9Y388,136,0.0016
Q9Y2B0,135,0.0016
Q8N5N4,135,0.0016
Q9BTA0,135,0.0016
P54709,135,0.0016
P19237,135,0.0016
Q96HR3,135,0.0016
Q00403,135,0.0016
Q7L1Q6,135,0.0016
Q9UBC7,135,0.0016
Q6P0A1,135,0.0016
P0DJI8,135,0.0016
P06850,135,0.0016
O15126,135,0.0016
A6NCL2,135,0.0016
Q96MV8,135,0.0016
Q6ZWK4,135,0.0016
P35225,135,0.0016
Q96L33,135,0.0016
P09496,135,0.0016
A0A0B4J1V7,135,0.0016
Q15546,135,0.0016
P0CE72,135,0.0016
O00299,135,0.0016
Q9H8U3,135,0.0016
Q5BKY9,135,0.0016
Q99954,135,0.0016
Q96GF1,135,0.0016
Q9BTX3,135,0.0016
Q96J77,135,0.0016
Q14964,135,0.0016
A4QMS7,135,0.0016
Q9Y462,135,0.0016
Q6P2M8,135,0.0016
Q13568,135,0.0016
P08620,135,0.0016
Q9H6Z9,135,0.0016
O14813,135,0.0016
Q9Y324,134,0.0016
Q8N729,134,0.0016
P00995,134,0.0016
P09105,134,0.0016
Q86YS6,134,0.0016
Q9P289,134,0.0016
Q9NQ30,134,0.0016
Q9Y5Q6,134,0.0016
P05026,134,0.0016
O14960,134,0.0016
A0A1B0GTH6,134,0.0016
Q96MX0,134,0.0016
Q6SA08,134,0.0016
Q8N7X8,134,0.0016
P17152,134,0.0016
P19623,134,0.0016
Q15233,134,0.0016
Q9NRF9,134,0.0016
Q9NUK0,134,0.0016
P17947,134,0.0016
A6NLX4,134,0.0016
Q16873,134,0.0016
P82980,134,0.0016
Q8WVJ2,134,0.0016
Q969L2,134,0.0016
H3BNL8,133,0.0016
P51523,133,0.0016
A2A368,133,0.0016
Q9Y3C8,133,0.0016
P29459,133,0.0016
Q3LI76,133,0.0016
Q9Y651,133,0.0016
Q9NWV4,133,0.0016
O95147,133,0.0016
Q15427,133,0.0016
Q8TCT6,133,0.0016
A6NMK7,133,0.0016
P02810,133,0.0016
Q96A49,133,0.0016
Q8WVP5,133,0.0016
Q96A00,133,0.0016
Q5T751,133,0.0016
O43325,133,0.0016
P15374,133,0.0016
Q5VUE5,133,0.0016
Q08623,133,0.0016
Q9Y255,133,0.0016
P18847,133,0.0016
Q5R387,133,0.0016
Q9NX00,133,0.0016
P0DJI9,133,0.0016
Q5BJF2,133,0.0016
Q9H114,133,0.0016
Q9HB15,133,0.0016
Q6EBC2,133,0.0016
Q9BVM4,133,0.0016
Q2M5E4,132,0.0015
Q9Y5J5,132,0.0015
A6NFH5,132,0.0015
O43169,132,0.0015
Q9GZT3,132,0.0015
Q8NEK8,132,0.0015
A6NH57,132,0.0015
A0A075B6R9,132,0.0015
P20674,132,0.0015
Q1L6U9,132,0.0015
Q9H9L7,132,0.0015
Q9Y3D6,132,0.0015
D6RGX4,132,0.0015
P01718,132,0.0015
Q96HT8,132,0.0015
Q9NXH3,132,0.0015
Q9NSB8,132,0.0015
Q9P206,132,0.0015
Q92806,132,0.0015
O75663,132,0.0015
Q9NYZ1,132,0.0015
Q6UXV4,132,0.0015
A6NCE7,132,0.0015
A8K5M9,132,0.0015
Q96IM9,132,0.0015
Q96FQ6,132,0.0015
Q969H6,132,0.0015
Q99496,132,0.0015
A7E2S9,132,0.0015
Q8WXS3,132,0.0015
Q9H609,132,0.0015
P51674,132,0.0015
O95868,132,0.0015
Q5T7P3,132,0.0015
Q96DD7,131,0.0015
O60613,131,0.0015
Q8NA77,131,0.0015
P09661,131,0.0015
Q9Y2Y0,131,0.0015
O95013,131,0.0015
Q96MG8,131,0.0015
Q99581,131,0.0015
P30086,131,0.0015
Q99075,131,0.0015
P54852,131,0.0015
P52803,131,0.0015
P55056,131,0.0015
Q9BQ15,131,0.0015
Q9UL25,131,0.0015
P51148,131,0.0015
P63151,131,0.0015
Q9BSM1,131,0.0015
O60828,131,0.0015
Q6IS14,131,0.0015
Q5VTH2,131,0.0015
Q68E01,131,0.0015
Q5JT25,131,0.0015
Q8WUY1,131,0.0015
Q69YG0,131,0.0015
Q717R9,131,0.0015
A8MU93,131,0.0015
Q92843,131,0.0015
Q9H081,131,0.0015
P06028,131,0.0015
O43257,131,0.0015
P45985,131,0.0015
P40933,131,0.0015
Q92982,131,0.0015
O43716,131,0.0015
Q9NS18,131,0.0015
A6NKW6,131,0.0015
Q6NW29,130,0.0015
Q96BI3,130,0.0015
Q8TBE1,130,0.0015
Q9BRT6,130,0.0015
Q8NAU1,130,0.0015
Q8TF09,130,0.0015
Q9Y605,130,0.0015
O95988,130,0.0015
Q96ET8,130,0.0015
P0C851,130,0.0015
O95626,130,0.0015
O15260,130,0.0015
P23467,130,0.0015
Q8IVV7,130,0.0015
Q9Y530,130,0.0015
P10153,130,0.0015
O14508,130,0.0015
P51825,130,0.0015
P33778,130,0.0015
Q99909,130,0.0015
O75937,130,0.0015
Q86WQ0,130,0.0015
P49682,130,0.0015
P40617,130,0.0015
Q92737,130,0.0015
Q6P5R6,130,0.0015
Q9BRA0,129,0.0015
Q9Y6G3,129,0.0015
Q8TCC3,129,0.0015
Q9Y6H6,129,0.0015
O00585,129,0.0015
Q7Z422,129,0.0015
Q99595,129,0.0015
B2RUY7,129,0.0015
Q16378,129,0.0015
Q12905,129,0.0015
Q9GZZ8,129,0.0015
P60842,129,0.0015
P05937,129,0.0015
P10109,129,0.0015
P53701,129,0.0015
O95750,129,0.0015
P21145,129,0.0015
Q99880,129,0.0015
P01135,129,0.0015
Q13952,129,0.0015
Q7Z7J7,129,0.0015
P09683,129,0.0015
O60637,129,0.0015
Q9UPY8,129,0.0015
A0A075B6J6,129,0.0015
Q96A98,129,0.0015
A0A075B6J9,129,0.0015
P30041,129,0.0015
O75995,129,0.0015
Q5TGU0,128,0.0015
Q9NS66,128,0.0015
Q53FV1,128,0.0015
Q9P0I2,128,0.0015
P01375,128,0.0015
Q92890,128,0.0015
Q9NYX4,128,0.0015
Q96LW7,128,0.0015
Q8IZR5,128,0.0015
A1KXE4,128,0.0015
P58294,128,0.0015
Q9GZP9,128,0.0015
Q6QAJ8,128,0.0015
Q96H35,128,0.0015
Q16537,128,0.0015
P51452,128,0.0015
Q0Z7S8,128,0.0015
P82663,128,0.0015
Q9H1Z4,128,0.0015
Q5T215,128,0.0015
Q96A26,128,0.0015
P35232,128,0.0015
Q6ICI0,128,0.0015
Q96J02,128,0.0015
P19876,127,0.0015
Q8WYQ4,127,0.0015
Q5TCM9,127,0.0015
Q99757,127,0.0015
P08493,127,0.0015
O95561,127,0.0015
P61587,127,0.0015
Q15562,127,0.0015
F5H4A9,127,0.0015
Q6I9Y2,127,0.0015
P00167,127,0.0015
Q9P0T7,127,0.0015
Q569G3,127,0.0015
O15541,127,0.0015
Q6ZST4,127,0.0015
Q9Y4H4,127,0.0015
Q96E35,127,0.0015
Q92688,127,0.0015
Q6UWH6,127,0.0015
Q9H1E1,127,0.0015
P16035,127,0.0015
P42331,127,0.0015
P31151,127,0.0015
Q8WV19,127,0.0015
Q96LZ2,127,0.0015
Q05315,127,0.0015
Q6FIF0,127,0.0015
Q7L8S5,127,0.0015
Q5XKP0,127,0.0015
Q9H4P4,126,0.0015
O43680,126,0.0015
Q9UJQ7,126,0.0015
P49720,126,0.0015
A0A0B4J1U3,126,0.0015
P51811,126,0.0015
Q5VVC0,126,0.0015
Q9H5I1,126,0.0015
Q71U36,126,0.0015
P30536,126,0.0015
O15498,126,0.0015
O15182,126,0.0015
P0DMQ9,126,0.0015
O43324,126,0.0015
O60675,126,0.0015
Q99990,126,0.0015
Q92561,126,0.0015
O15145,126,0.0015
Q6Y1H2,126,0.0015
Q8IVY1,126,0.0015
Q96IK1,126,0.0015
O75971,126,0.0015
P23582,126,0.0015
O95139,126,0.0015
O14558,126,0.0015
Q9BYE3,126,0.0015
Q9NWW9,125,0.0015
Q15669,125,0.0015
Q9UBD3,125,0.0015
Q7L3S4,125,0.0015
Q96B42,125,0.0015
Q53FT3,125,0.0015
P05230,125,0.0015
P13987,125,0.0015
Q8TAC9,125,0.0015
Q4G0S7,125,0.0015
Q86WX3,125,0.0015
P56134,125,0.0015
Q9H9V4,125,0.0015
Q5VVB8,125,0.0015
Q9BTL3,125,0.0015
P39019,125,0.0015
Q8TBM7,125,0.0015
Q8N983,125,0.0015
Q96PE5,125,0.0015
Q8IZY5,125,0.0015
A0A075B6H8,125,0.0015
P56279,125,0.0015
Q16667,125,0.0015
Q8TAI7,125,0.0015
P49773,125,0.0015
Q8WTQ1,125,0.0015
P82932,125,0.0015
Q5T4W7,125,0.0015
Q9H063,125,0.0015
Q14201,125,0.0015
Q96T91,125,0.0015
A6NG13,125,0.0015
P51161,124,0.0015
P61366,124,0.0015
Q99735,124,0.0015
Q15125,124,0.0015
Q9BT78,124,0.0015
Q13352,124,0.0015
P25786,124,0.0015
Q96KR6,124,0.0015
Q9NQ34,124,0.0015
Q9UQ88,124,0.0015
O95971,124,0.0015
Q8IXM2,124,0.0015
Q5W0B7,124,0.0015
P01591,124,0.0015
Q96PH6,124,0.0015
O15013,124,0.0015
Q9H2X8,124,0.0015
Q9P0P0,124,0.0015
Q8N7L0,124,0.0015
P82979,124,0.0015
P17980,124,0.0015
P0DP42,124,0.0015
P32320,124,0.0015
Q6X4T0,124,0.0015
Q9Y6Y9,124,0.0015
Q99946,124,0.0015
Q9UM13,124,0.0015
Q96DU9,124,0.0015
Q5BN46,124,0.0015
Q12870,124,0.0015
Q5T5A4,124,0.0015
Q2TAP0,124,0.0015
P0CG30,124,0.0015
Q9UHY7,124,0.0015
Q9UN19,124,0.0015
Q6UX46,124,0.0015
Q4U2R6,123,0.0014
Q6UW88,123,0.0014
C9JUS6,123,0.0014
P05451,123,0.0014
Q9NPJ3,123,0.0014
Q9Y275,123,0.0014
Q9Y3C4,123,0.0014
O43921,123,0.0014
Q9GZY4,123,0.0014
P38919,123,0.0014
O95183,123,0.0014
O75817,123,0.0014
Q8IWS0,123,0.0014
Q8IVM0,123,0.0014
P81605,123,0.0014
Q9NUH8,123,0.0014
Q99525,123,0.0014
Q9BXW4,123,0.0014
P15248,123,0.0014
Q6UW32,123,0.0014
A6PVY3,123,0.0014
A0A087WSY6,122,0.0014
Q9BQ08,122,0.0014
Q9GZU0,122,0.0014
Q14165,122,0.0014
Q9BQE9,122,0.0014
Q9BV29,122,0.0014
Q8WWF1,122,0.0014
Q99943,122,0.0014
Q8NHR9,122,0.0014
A6NCS6,122,0.0014
O00488,122,0.0014
P61020,122,0.0014
D6R9N7,122,0.0014
P17081,122,0.0014
E9PRG8,122,0.0014
Q9H832,122,0.0014
P58876,122,0.0014
Q6NVV7,122,0.0014
P20073,122,0.0014
Q9H1Y0,122,0.0014
Q9UIG4,122,0.0014
Q9NWB6,122,0.0014
Q8IZV5,122,0.0014
P49703,122,0.0014
Q969L4,122,0.0014
O75508,122,0.0014
O14543,122,0.0014
Q9Y5K3,122,0.0014
Q6IPX3,122,0.0014
Q8TD35,122,0.0014
Q9GZQ8,122,0.0014
Q8N2H4,122,0.0014
O95178,122,0.0014
Q3KNV8,122,0.0014
P37840,122,0.0014
Q6PI78,121,0.0014
P61158,121,0.0014
P61981,121,0.0014
Q9BR01,121,0.0014
Q8IUE1,121,0.0014
Q15005,121,0.0014
Q9HAJ7,121,0.0014
P84098,121,0.0014
P50120,121,0.0014
Q96I45,121,0.0014
Q9NUP9,121,0.0014
P43355,121,0.0014
Q9Y587,121,0.0014
Q9BUT9,121,0.0014
Q9C037,121,0.0014
P02144,121,0.0014
A8CG34,121,0.0014
P16220,121,0.0014
A6NMZ2,121,0.0014
P61247,121,0.0014
P19957,121,0.0014
Q96LD8,121,0.0014
O00253,121,0.0014
Q5JTY5,120,0.0014
Q9HBJ8,120,0.0014
Q6UX40,120,0.0014
Q00534,120,0.0014
P27348,120,0.0014
Q96AQ1,120,0.0014
Q8TBF4,120,0.0014
P04080,120,0.0014
P24941,120,0.0014
Q9H0U4,120,0.0014
Q6E213,120,0.0014
P09132,120,0.0014
P50238,120,0.0014
Q9BYN0,120,0.0014
Q9Y3B1,120,0.0014
Q5JSQ8,120,0.0014
P18621,120,0.0014
P62750,120,0.0014
P0CG37,120,0.0014
Q96B96,120,0.0014
P10082,120,0.0014
Q86YW7,120,0.0014
O95057,120,0.0014
Q9UFF9,120,0.0014
Q8TDV5,120,0.0014
Q9BYR7,120,0.0014
Q9P1W9,120,0.0014
A0PJW8,120,0.0014
P55273,120,0.0014
Q96ES7,119,0.0014
Q9H596,119,0.0014
P0CI00,119,0.0014
O00559,119,0.0014
P13164,119,0.0014
Q9UBL6,119,0.0014
P37275,119,0.0014
Q5SYE7,119,0.0014
P42773,119,0.0014
Q13875,119,0.0014
Q9BZ81,119,0.0014
O00264,119,0.0014
P36543,119,0.0014
Q5GAN4,119,0.0014
Q9UIG5,119,0.0014
H0YL14,119,0.0014
Q96EU7,119,0.0014
Q9Y343,119,0.0014
P42127,119,0.0014
Q8WWY7,119,0.0014
P00374,119,0.0014
Q86XF0,119,0.0014
O95994,119,0.0014
B2RPK0,119,0.0014
Q16864,119,0.0014
Q5VVH2,119,0.0014
Q8NDX6,118,0.0014
P46778,118,0.0014
P13232,118,0.0014
P02585,118,0.0014
O43908,118,0.0014
A6NFY7,118,0.0014
Q5T5B0,118,0.0014
P59773,118,0.0014
P29762,118,0.0014
Q16553,118,0.0014
Q9UGC6,118,0.0014
Q8N8F7,118,0.0014
Q9NP72,118,0.0014
Q14442,118,0.0014
Q9BRP8,118,0.0014
Q9NZ81,118,0.0014
Q9NWA0,118,0.0014
A0A1W2PR75,118,0.0014
Q9UI15,118,0.0014
O43617,118,0.0014
Q3ZCW2,118,0.0014
Q30KQ5,118,0.0014
P38159,118,0.0014
Q8NDC4,118,0.0014
P09382,118,0.0014
Q8WW12,118,0.0014
B9A6J9,118,0.0014
Q02363,118,0.0014
P47929,118,0.0014
O43653,117,0.0014
A0A0B4J1U4,117,0.0014
P59942,117,0.0014
A0A0C4DH28,117,0.0014
P08134,117,0.0014
Q15038,117,0.0014
Q99878,117,0.0014
P78543,117,0.0014
Q969F0,117,0.0014
Q7Z6W1,117,0.0014
P0CG21,117,0.0014
Q9HC23,117,0.0014
Q8TAE6,117,0.0014
P52564,117,0.0014
A8MW99,117,0.0014
Q17RF5,117,0.0014
Q9P003,117,0.0014
Q9H7C9,117,0.0014
A6NKP2,117,0.0014
Q13886,117,0.0014
Q9HCY8,117,0.0014
Q9NVI7,117,0.0014
P57077,117,0.0014
Q15056,117,0.0014
Q8N2G6,117,0.0014
Q8IZU0,117,0.0014
Q8N1B3,117,0.0014
Q9BQY4,116,0.0014
Q969Q5,116,0.0014
Q96RK1,116,0.0014
Q30KP9,116,0.0014
P35226,116,0.0014
P47992,116,0.0014
Q8N9N8,116,0.0014
O75638,116,0.0014
Q9UN30,116,0.0014
Q96DX5,116,0.0014
Q96E14,116,0.0014
P29373,116,0.0014
Q8WYH8,116,0.0014
O95997,116,0.0014
Q96PB8,116,0.0014
Q9H1M3,116,0.0014
O15144,116,0.0014
Q9UH62,116,0.0014
Q02575,116,0.0014
P07101,116,0.0014
P47224,116,0.0014
Q9GZP4,116,0.0014
Q86W74,116,0.0014
P23510,116,0.0014
O60573,116,0.0014
Q9P298,116,0.0014
P82970,116,0.0014
Q96L11,116,0.0014
Q03403,116,0.0014
Q5VWM4,116,0.0014
P42830,116,0.0014
O14907,116,0.0014
Q8IUC1,116,0.0014
Q96PC3,115,0.0013
Q9H5F2,115,0.0013
Q96C90,115,0.0013
Q8TDE3,115,0.0013
A0A1B0GVH7,115,0.0013
Q8NI37,115,0.0013
Q9Y689,115,0.0013
Q9BYR8,115,0.0013
Q86WR0,115,0.0013
A0A075B6R0,115,0.0013
Q9H446,115,0.0013
Q96RP3,115,0.0013
P20336,115,0.0013
O43561,115,0.0013
Q9BYW3,115,0.0013
Q9Y5J6,115,0.0013
P51809,115,0.0013
Q7Z4H4,115,0.0013
O95258,115,0.0013
Q9UHG2,115,0.0013
Q4G0G5,115,0.0013
P22392,115,0.0013
Q96BT1,115,0.0013
Q8WXA2,115,0.0013
P08048,115,0.0013
P62136,115,0.0013
P02100,115,0.0013
P04216,115,0.0013
Q14508,114,0.0013
Q96R54,114,0.0013
Q13522,114,0.0013
Q9H1E3,114,0.0013
O00743,114,0.0013
Q96CG3,114,0.0013
Q9HCN2,114,0.0013
A2RRL7,114,0.0013
O95807,114,0.0013
O60844,114,0.0013
P68371,114,0.0013
Q9BZW8,114,0.0013
Q9Y5K5,114,0.0013
O43678,114,0.0013
Q5TA89,114,0.0013
Q9Y244,114,0.0013
Q5VWW1,114,0.0013
Q96BD5,114,0.0013
Q5RI15,114,0.0013
Q8N4P3,114,0.0013
Q13636,114,0.0013
Q3KRA6,114,0.0013
Q3C1V1,114,0.0013
Q15365,114,0.0013
P41271,114,0.0013
Q8NFU3,114,0.0013
Q9NQZ6,114,0.0013
Q96LY2,114,0.0013
Q9NR33,114,0.0013
Q2M2W7,113,0.0013
P57771,113,0.0013
O75575,113,0.0013
Q8IUR0,113,0.0013
Q9NYS0,113,0.0013
Q9Y3D5,113,0.0013
A6NML5,113,0.0013
Q8IUK8,113,0.0013
Q9BQI0,113,0.0013
P09341,113,0.0013
A0A0C4DH25,113,0.0013
Q9Y3D8,113,0.0013
Q86UW2,113,0.0013
P61923,113,0.0013
Q13442,113,0.0013
P62079,113,0.0013
Q4KMZ8,113,0.0013
Q13542,113,0.0013
Q6ZNB5,113,0.0013
Q9H4I9,113,0.0013
Q99471,113,0.0013
Q8TB05,113,0.0013
Q9NRX3,113,0.0013
O15467,113,0.0013
Q9UNL2,113,0.0013
P13236,113,0.0013
A0A0B4J1V6,113,0.0013
Q16674,112,0.0013
Q6UXB1,112,0.0013
Q6ICB0,112,0.0013
P32969,112,0.0013
P62341,112,0.0013
P41159,112,0.0013
Q9NYM9,112,0.0013
P23527,112,0.0013
P01222,112,0.0013
Q13162,112,0.0013
Q504U0,112,0.0013
Q8TCV5,112,0.0013
Q9Y3E0,112,0.0013
Q8WVD3,112,0.0013
P02818,112,0.0013
P10092,112,0.0013
P31946,112,0.0013
Q6PJF5,112,0.0013
A0A087WSZ9,112,0.0013
Q6UWF3,112,0.0013
O95925,112,0.0013
Q5TA31,112,0.0013
P04118,112,0.0013
Q7RTU4,112,0.0013
P62333,112,0.0013
P61626,112,0.0013
Q9Y3M2,112,0.0013
Q9UBK7,112,0.0013
Q9H1A3,112,0.0013
P03905,112,0.0013
P0DPB6,112,0.0013
P02794,112,0.0013
Q9Y2R5,112,0.0013
Q9Y2Y1,111,0.0013
Q9UMX5,111,0.0013
P0DJH9,111,0.0013
O95867,111,0.0013
Q6P5X5,111,0.0013
O43920,111,0.0013
P55145,111,0.0013
P0C2W1,111,0.0013
Q8WUJ0,111,0.0013
Q16655,111,0.0013
Q16548,111,0.0013
Q6UWQ7,111,0.0013
Q9UJ90,111,0.0013
P55008,111,0.0013
P21127,111,0.0013
P62070,111,0.0013
Q969G6,111,0.0013
Q9UK76,111,0.0013
Q96CW1,111,0.0013
P43308,111,0.0013
Q6UW78,111,0.0013
Q5MJ10,111,0.0013
B9A014,111,0.0013
Q9UQ80,110,0.0013
Q9H3H9,110,0.0013
Q5EG05,110,0.0013
P01185,110,0.0013
Q9Y5U9,110,0.0013
P15531,110,0.0013
Q96FN9,110,0.0013
P04141,110,0.0013
Q6NZY7,110,0.0013
O60895,110,0.0013
Q96KX1,110,0.0013
Q96E93,110,0.0013
P20292,110,0.0013
P14927,110,0.0013
O94916,110,0.0013
Q96HQ2,110,0.0013
Q96DR8,110,0.0013
Q8WZA0,110,0.0013
Q969M7,110,0.0013
O15431,110,0.0013
Q1A5X6,110,0.0013
Q16539,110,0.0013
Q6PCB6,110,0.0013
Q9Y5U4,110,0.0013
O43665,110,0.0013
P19784,110,0.0013
Q5T7R7,110,0.0013
Q7Z6I8,110,0.0013
Q9BSK0,110,0.0013
Q5JQS6,110,0.0013
A0A539,110,0.0013
Q9NZ72,109,0.0013
P40305,109,0.0013
Q8IXQ3,109,0.0013
Q495Y8,109,0.0013
P61353,109,0.0013
O76093,109,0.0013
O14796,109,0.0013
Q96D05,109,0.0013
Q5T292,109,0.0013
P62913,109,0.0013
A0A0C4DH35,109,0.0013
Q07325,109,0.0013
P15153,109,0.0013
P61160,109,0.0013
Q86VZ6,109,0.0013
Q6YFQ2,109,0.0013
P18545,109,0.0013
P17861,109,0.0013
A8MW95,109,0.0013
P63172,109,0.0013
O00476,109,0.0013
P14555,109,0.0013
Q49B96,109,0.0013
Q9H0Q0,109,0.0013
A0A075B6Q5,109,0.0013
P31371,109,0.0013
Q8N138,108,0.0013
Q8NBD8,108,0.0013
O14818,108,0.0013
A6NL82,108,0.0013
Q96FH0,108,0.0013
P0CE71,108,0.0013
Q96DE9,108,0.0013
Q9HCM9,108,0.0013
Q96PU8,108,0.0013
O14668,108,0.0013
O60814,108,0.0013
Q96FZ5,108,0.0013
Q9BYU5,108,0.0013
P50583,108,0.0013
Q9H426,108,0.0013
P51991,108,0.0013
P05413,108,0.0013
Q7RTU0,108,0.0013
P61916,108,0.0013
Q9BU68,108,0.0013
P52758,108,0.0013
Q9UNT1,108,0.0013
Q9BTT0,107,0.0013
P05113,107,0.0013
Q13113,107,0.0013
Q8WXG8,107,0.0013
A0A075B6I7,107,0.0013
Q96P63,107,0.0013
Q9NNZ6,107,0.0013
Q13888,107,0.0013
A0A0A0MS14,107,0.0013
Q9NRJ3,107,0.0013
P20382,107,0.0013
P62714,107,0.0013
Q7Z589,107,0.0013
O95298,107,0.0013
P21741,107,0.0013
Q3B7S5,107,0.0013
Q13901,107,0.0013
P68402,107,0.0013
P0CG13,107,0.0013
A0A0J9YY54,107,0.0013
A0A0A0MRZ9,107,0.0013
Q6ZVE7,107,0.0013
P55089,107,0.0013
Q7Z4G1,107,0.0013
P60660,106,0.0012
Q9BT56,106,0.0012
P03973,106,0.0012
Q2TAY7,106,0.0012
Q9BYT5,106,0.0012
Q13098,106,0.0012
P48201,106,0.0012
Q9BVV8,106,0.0012
Q5QNW6,106,0.0012
Q9BYR9,106,0.0012
Q9H8W4,106,0.0012
P20290,106,0.0012
Q93077,106,0.0012
P50148,106,0.0012
P60866,106,0.0012
Q8N684,106,0.0012
A6NM10,106,0.0012
Q6UXN7,106,0.0012
O60341,106,0.0012
Q53H80,106,0.0012
P61599,106,0.0012
O95424,106,0.0012
Q9UL26,106,0.0012
Q96HJ9,106,0.0012
Q92478,106,0.0012
Q8NET1,106,0.0012
Q9BRT3,106,0.0012
Q8WUT9,106,0.0012
A0A075B6J1,106,0.0012
Q14210,106,0.0012
Q9BRT2,105,0.0012
P02656,105,0.0012
Q99929,105,0.0012
Q9HD89,105,0.0012
Q9Y534,105,0.0012
P10606,105,0.0012
O14880,105,0.0012
P61601,105,0.0012
Q96GG9,105,0.0012
Q7Z4N2,105,0.0012
P33764,105,0.0012
P24863,105,0.0012
P51149,105,0.0012
Q6ZUT1,105,0.0012
Q96A84,105,0.0012
Q96IU2,105,0.0012
Q8IWL8,105,0.0012
P63162,105,0.0012
Q7Z7B8,105,0.0012
P04155,105,0.0012
Q8WZ71,105,0.0012
Q8TD33,105,0.0012
Q9BT73,105,0.0012
Q9BUF7,105,0.0012
Q5T5M9,105,0.0012
Q13503,105,0.0012
O14684,105,0.0012
A0A075B6P5,104,0.0012
P07492,104,0.0012
Q9BRG1,104,0.0012
Q5T1S8,104,0.0012
Q9BU79,104,0.0012
B2RV13,104,0.0012
Q8WUH1,104,0.0012
Q15040,104,0.0012
P84074,104,0.0012
Q8IY31,104,0.0012
Q96PI1,104,0.0012
P01148,104,0.0012
Q9BXU8,104,0.0012
P57105,104,0.0012
P01350,104,0.0012
Q8N2Z9,104,0.0012
P0DX00,104,0.0012
Q9BT23,104,0.0012
Q9UII2,104,0.0012
Q8NAC3,104,0.0012
Q9HBE4,104,0.0012
P01374,104,0.0012
P35321,103,0.0012
Q9BUR5,103,0.0012
Q8WY98,103,0.0012
P49901,103,0.0012
Q9NV29,103,0.0012
P0DOY3,103,0.0012
O95816,103,0.0012
O00626,103,0.0012
Q53S33,103,0.0012
Q9Y543,103,0.0012
Q9HAI6,103,0.0012
Q9P0S3,103,0.0012
Q8N6I4,103,0.0012
Q13526,103,0.0012
Q8NHZ7,103,0.0012
P51572,103,0.0012
Q9Y316,103,0.0012
Q8IWT0,103,0.0012
Q8N3J9,103,0.0012
O75200,103,0.0012
Q16629,103,0.0012
A6NLE4,103,0.0012
P12104,103,0.0012
P25815,103,0.0012
Q8N2G4,103,0.0012
Q6UY27,103,0.0012
P56557,103,0.0012
O14683,103,0.0012
Q15828,103,0.0012
Q9P0S9,103,0.0012
O95295,102,0.0012
Q8TES7,102,0.0012
O60356,102,0.0012
O15432,102,0.0012
P63302,102,0.0012
Q19AV6,102,0.0012
Q9Y281,102,0.0012
Q01469,102,0.0012
Q9NX47,102,0.0012
Q5W111,102,0.0012
Q6ZNM6,102,0.0012
O95399,102,0.0012
P98173,102,0.0012
Q5VXU3,102,0.0012
Q16627,102,0.0012
A0A096LP55,102,0.0012
P19838,102,0.0012
P62910,102,0.0012
Q99613,102,0.0012
Q9P2W6,102,0.0012
Q9Y5L4,102,0.0012
Q8NFA2,102,0.0012
P0DJD8,102,0.0012
Q15072,102,0.0012
P0DTE8,102,0.0012
Q96EE4,102,0.0012
P02814,101,0.0012
Q8WW01,101,0.0012
P25398,101,0.0012
Q96A22,101,0.0012
P10147,101,0.0012
P37235,101,0.0012
Q5T871,101,0.0012
O76095,101,0.0012
P62191,101,0.0012
Q8IXM3,101,0.0012
P0CH99,101,0.0012
P26583,101,0.0012
Q9NP84,101,0.0012
P62195,101,0.0012
A8MTL9,101,0.0012
A6NE82,101,0.0012
Q5VUM1,101,0.0012
A0A0A6YYK6,101,0.0012
P23297,101,0.0012
Q6IAA8,100,0.0012
Q14320,100,0.0012
O95190,100,0.0012
O15263,100,0.0012
A0A0B4J279,100,0.0012
Q9BRA2,100,0.0012
O15444,100,0.0012
Q9Y2X8,100,0.0012
P10720,100,0.0012
O75947,100,0.0012
H0Y354,100,0.0012
P10145,100,0.0012
Q9HC29,100,0.0012
Q96BW1,100,0.0012
Q9UKV0,100,0.0012
P60880,100,0.0012
P84157,100,0.0012
A0A0A0MT36,100,0.0012
P01116,100,0.0012
Q8IVN3,100,0.0012
P60983,100,0.0012
A0A1B0GUA7,100,0.0012
Q9NY87,100,0.0012
Q3LI67,100,0.0012
Q5T4I8,100,0.0012
Q5J8M3,100,0.0012
Q99603,100,0.0012
Q8WWK9,99,0.0012
Q9UHA4,99,0.0012
Q9P2W3,99,0.0012
Q9BYR6,99,0.0012
O00175,99,0.0012
Q8TDM5,99,0.0012
P62979,99,0.0012
Q9BYD5,99,0.0012
O95989,99,0.0012
P01737,99,0.0012
Q96HU8,99,0.0012
P02655,99,0.0012
Q9NU23,99,0.0012
Q0P5P2,99,0.0012
Q0WX57,99,0.0012
Q15555,99,0.0012
Q4LDG9,99,0.0012
Q8N6L1,99,0.0012
P80075,99,0.0012
P22528,99,0.0012
A0A0C4DH26,99,0.0012
Q9BQ48,98,0.0011
P46776,98,0.0011
Q93062,98,0.0011
Q9Y5R8,98,0.0011
Q8N9E0,98,0.0011
P60329,98,0.0011
Q9HCU8,98,0.0011
Q16661,98,0.0011
P0C7P0,98,0.0011
Q5VST6,98,0.0011
Q00169,98,0.0011
Q9P021,98,0.0011
Q96MD7,98,0.0011
A0A0C4DH36,98,0.0011
P51671,98,0.0011
Q30KP8,98,0.0011
P05198,98,0.0011
Q15270,98,0.0011
O95415,98,0.0011
Q8WXC3,98,0.0011
P80511,98,0.0011
Q5FWF7,97,0.0011
H3BQJ8,97,0.0011
O76080,97,0.0011
O00453,97,0.0011
A6NEN9,97,0.0011
A0A1B0GVZ6,97,0.0011
Q9NZD4,97,0.0011
Q15717,97,0.0011
Q08648,97,0.0011
Q9P2X0,97,0.0011
Q9BYP8,97,0.0011
P01308,97,0.0011
P21781,97,0.0011
P01178,97,0.0011
Q9Y6A4,97,0.0011
P23435,97,0.0011
Q96Q91,97,0.0011
A6NNY8,97,0.0011
Q86WI0,97,0.0011
P61006,97,0.0011
P01225,97,0.0011
Q6B9Z1,97,0.0011
Q9H213,97,0.0011
Q9NWQ9,97,0.0011
Q01130,96,0.0011
Q8N2U0,96,0.0011
Q96DA6,96,0.0011
Q6UX34,96,0.0011
A0A0B4J271,96,0.0011
Q5JSS6,96,0.0011
Q96A04,96,0.0011
Q9NWU2,96,0.0011
P05386,96,0.0011
O15247,96,0.0011
Q9P086,96,0.0011
Q5SSQ6,96,0.0011
Q5TA78,96,0.0011
P17031,96,0.0011
Q9BVG4,96,0.0011
Q96E16,96,0.0011
Q8N165,96,0.0011
Q7L273,96,0.0011
A0A087X1G2,96,0.0011
C9J1S8,96,0.0011
Q8NC69,96,0.0011
Q7Z5A9,96,0.0011
Q8NFP0,96,0.0011
P30050,96,0.0011
Q6PEV8,96,0.0011
O75264,96,0.0011
P57730,96,0.0011
O75379,96,0.0011
Q4JDL3,96,0.0011
Q7Z4W3,96,0.0011
P61964,96,0.0011
Q5JUX0,95,0.0011
P28482,95,0.0011
A0A0B4J264,95,0.0011
Q8NHW6,95,0.0011
O75832,95,0.0011
Q5JTB6,95,0.0011
Q9UDW1,95,0.0011
Q86TW2,95,0.0011
P61254,95,0.0011
O95167,95,0.0011
Q86WV5,95,0.0011
Q6P3W2,95,0.0011
Q00535,95,0.0011
Q01085,95,0.0011
Q7Z4L0,95,0.0011
Q9H1M0,95,0.0011
Q13838,95,0.0011
Q9Y258,95,0.0011
Q13242,95,0.0011
Q92572,95,0.0011
Q7Z7B7,95,0.0011
Q9UIV1,95,0.0011
Q92905,95,0.0011
O75964,95,0.0011
Q14240,95,0.0011
Q8IUB9,95,0.0011
A0A075B6T7,95,0.0011
Q12888,95,0.0011
Q0VAQ4,95,0.0011
Q16663,95,0.0011
Q5SRR4,95,0.0011
O43657,95,0.0011
Q9Y241,95,0.0011
Q9H1M4,95,0.0011
Q9H672,95,0.0011
Q7Z4Y8,95,0.0011
Q6DN90,95,0.0011
P11234,95,0.0011
P33763,95,0.0011
Q8TF08,95,0.0011
O75330,95,0.0011
P04553,95,0.0011
Q9NRG0,95,0.0011
P49755,94,0.0011
Q9NRP0,94,0.0011
P07148,94,0.0011
Q14657,94,0.0011
Q9HBI5,94,0.0011
Q96BP2,94,0.0011
P25789,94,0.0011
O95969,94,0.0011
A0A0B4J235,94,0.0011
P08579,94,0.0011
P12004,94,0.0011
P37108,94,0.0011
A0A577,94,0.0011
P19875,94,0.0011
Q9NPF7,94,0.0011
O15540,94,0.0011
P0DMU9,94,0.0011
Q9NS69,94,0.0011
P82921,94,0.0011
Q4QY38,94,0.0011
Q9Y547,94,0.0011
O43924,94,0.0011
O60725,93,0.0011
P0DTL6,93,0.0011
P60328,93,0.0011
A0A075B6I3,93,0.0011
O14925,93,0.0011
Q7Z5A7,93,0.0011
P62995,93,0.0011
O15116,93,0.0011
Q96KC2,93,0.0011
P0C7M4,93,0.0011
Q8WVK2,93,0.0011
Q9BT67,93,0.0011
Q7L523,93,0.0011
P20472,93,0.0011
Q8WWG1,93,0.0011
P01286,93,0.0011
P41091,93,0.0011
Q6UXT8,93,0.0011
A0A494BZU4,93,0.0011
Q9NUT2,92,0.0011
A6NK44,92,0.0011
Q99437,92,0.0011
Q9BWH2,92,0.0011
P15421,92,0.0011
K7EJ46,92,0.0011
Q96B45,92,0.0011
O43581,92,0.0011
Q13956,92,0.0011
Q9UK33,92,0.0011
Q16559,92,0.0011
O75293,92,0.0011
O15155,92,0.0011
Q4VC39,92,0.0011
A0A1B0GWH4,92,0.0011
Q1W4C9,92,0.0011
Q5TA76,92,0.0011
P20042,92,0.0011
P42766,92,0.0011
Q9BQ16,92,0.0011
Q96KF7,92,0.0011
P46695,92,0.0011
P48739,92,0.0011
Q6UWN8,92,0.0011
A6NFZ4,92,0.0011
Q92930,92,0.0011
Q0VGL1,92,0.0011
P15090,91,0.0011
O75459,91,0.0011
A0A1B0GTY4,91,0.0011
Q9Y4X3,91,0.0011
Q8IUE6,91,0.0011
Q04837,91,0.0011
Q9NZU7,91,0.0011
P02776,91,0.0011
P57738,91,0.0011
Q9NR00,91,0.0011
Q8WW33,91,0.0011
P03923,91,0.0011
P22061,91,0.0011
Q9UHF0,91,0.0011
O14737,91,0.0011
P06493,91,0.0011
Q9NV56,91,0.0011
P61289,91,0.0011
P05141,91,0.0011
Q16568,91,0.0011
P00403,91,0.0011
Q13588,91,0.0011
P59646,91,0.0011
Q6NT89,91,0.0011
P47756,91,0.0011
Q9Y291,91,0.0011
Q9BZL3,90,0.0011
Q53QV2,90,0.0011
Q96LB4,90,0.0011
P00709,90,0.0011
P21246,90,0.0011
P80098,90,0.0011
O15523,90,0.0011
A0A1B0GV03,90,0.0011
Q6P1K8,90,0.0011
Q9NTU7,90,0.0011
Q9ULX9,90,0.0011
E9PQX1,90,0.0011
P0DL12,90,0.0011
A0A075B6V5,90,0.0011
A0A2R8Y2Y2,90,0.0011
P62249,90,0.0011
Q9H4X1,90,0.0011
P51571,90,0.0011
P62324,90,0.0011
Q9NS23,90,0.0011
Q9NPB6,90,0.0011
P55808,90,0.0011
P19544,90,0.0011
Q9BSY9,90,0.0011
Q4VC31,90,0.0011
Q9UJC5,90,0.0011
Q06055,90,0.0011
Q9BZX2,90,0.0011
P86397,90,0.0011
Q765I0,90,0.0011
Q9UGL9,90,0.0011
Q075Z2,90,0.0011
P55000,89,0.001
P59990,89,0.001
P56385,89,0.001
Q9HBJ0,89,0.001
Q9NRW1,89,0.001
Q14802,89,0.001
P69891,89,0.001
A0A087WTH1,89,0.001
Q96EK6,89,0.001
P67812,89,0.001
O60516,89,0.001
A0A0B4J272,89,0.001
P22532,89,0.001
P0DI82,89,0.001
Q02577,89,0.001
P60985,89,0.001
Q5H913,89,0.001
Q9NUG6,89,0.001
P62280,89,0.001
Q8TD47,89,0.001
Q3LI72,89,0.001
Q9H444,89,0.001
Q9GZP8,89,0.001
Q8N104,89,0.001
E9PIF3,89,0.001
A0A075B6N2,89,0.001
A8MTZ0,89,0.001
P0C0P6,89,0.001
O95476,89,0.001
O60224,89,0.001
H3BUK9,89,0.001
Q8N3F0,89,0.001
O75348,89,0.001
A8MWV9,89,0.001
P41223,88,0.001
P0DOY2,88,0.001
Q9NRP2,88,0.001
Q16514,88,0.001
Q9H299,88,0.001
C9J3V5,88,0.001
Q9H0N5,88,0.001
Q9UIF7,88,0.001
Q99714,88,0.001
Q04941,88,0.001
P12872,88,0.001
Q9P0B6,88,0.001
Q9H2L4,88,0.001
Q16718,88,0.001
Q9BQ49,88,0.001
Q9NX55,88,0.001
Q12852,88,0.001
Q14116,88,0.001
P26885,88,0.001
Q15834,88,0.001
P05019,88,0.001
Q8N339,88,0.001
A0A0B4J240,87,0.001
Q8IZU2,87,0.001
P62861,87,0.001
Q8N4Q1,87,0.001
C9JLW8,87,0.001
P62701,87,0.001
Q6JVE6,87,0.001
A0A0A0MS00,87,0.001
Q16778,87,0.001
O60869,87,0.001
P06307,87,0.001
P06703,87,0.001
P02008,87,0.001
A1L168,87,0.001
Q8WW35,87,0.001
Q9Y225,87,0.001
P24390,87,0.001
Q6P1K1,87,0.001
P27469,87,0.001
Q9BU40,87,0.001
Q9Y3E1,87,0.001
P80294,87,0.001
Q96GX8,87,0.001
P19105,87,0.001
Q9NS64,87,0.001
Q9HD34,87,0.001
Q8NG41,87,0.001
Q6UWK7,87,0.001
A0A0B4J265,86,0.001
B4DJY2,86,0.001
B0FP48,86,0.001
P60510,86,0.001
Q8NEA6,86,0.001
Q6ZQR2,86,0.001
Q8IW50,86,0.001
P62847,86,0.001
O95968,86,0.001
A0A0B4J275,86,0.001
H3BR10,86,0.001
Q86Y26,86,0.001
Q7Z5G4,86,0.001
P0DM63,86,0.001
P54710,86,0.001
Q30KQ6,86,0.001
Q6ZV29,86,0.001
Q9NPU4,86,0.001
A8MV81,86,0.001
M5A8F1,86,0.001
A6NKD2,86,0.001
Q9NQM4,86,0.001
P62906,86,0.001
A0A087WT02,86,0.001
A0A0B4J277,86,0.001
P61278,86,0.001
Q9BYE0,86,0.001
Q9NPA3,86,0.001
Q8N8J6,86,0.001
P62841,86,0.001
A0A1B0GTI8,86,0.001
Q8NFB2,86,0.001
Q9P0R6,86,0.001
Q9BUE6,85,0.001
O96015,85,0.001
P07919,85,0.001
H7C241,85,0.001
Q8N5K1,85,0.001
O95670,85,0.001
P01040,85,0.001
P41227,85,0.001
A0A0D9SF12,85,0.001
O15130,85,0.001
Q9UGN5,85,0.001
Q13541,85,0.001
Q96A72,85,0.001
Q8N6N6,85,0.001
Q9BSF0,85,0.001
E9PQR5,85,0.001
Q9BW72,85,0.001
Q9Y2Z0,85,0.001
Q9BXU0,85,0.001
C9JFL3,85,0.001
A0A1B0GV85,85,0.001
Q8N3H0,85,0.001
P59666,85,0.001
A0A075B6I6,85,0.001
O15258,85,0.001
Q96I23,85,0.001
O60925,85,0.001
Q86SE9,85,0.001
P13693,85,0.001
P18077,85,0.001
Q9GZY0,85,0.001
A0A0C4DH30,85,0.001
Q9NQG1,84,0.001
Q56P42,84,0.001
A0JD36,84,0.001
A0A0B4J273,84,0.001
Q969E4,84,0.001
Q9ULR5,84,0.001
Q9BTT4,84,0.001
Q15286,84,0.001
P60900,84,0.001
A8MXQ7,84,0.001
Q9BTE7,84,0.001
A0A0C4DH24,84,0.001
Q96FF7,84,0.001
Q15363,84,0.001
A0A1B0GVR7,84,0.001
Q9BXV9,84,0.001
Q8NFW5,84,0.001
Q15836,84,0.001
Q5JXX7,84,0.001
Q9Y5J9,84,0.001
C9JBD0,84,0.001
Q15631,84,0.001
O43612,84,0.001
A8MT69,84,0.001
Q8IVP5,84,0.001
A6NGS2,83,0.001
Q6UXB2,83,0.001
Q9H6K1,83,0.001
P63211,83,0.001
P55774,83,0.001
P31949,83,0.001
Q00325,83,0.001
P35326,83,0.001
Q92583,83,0.001
Q9NUQ9,83,0.001
A0A075B6J2,83,0.001
Q6NT46,83,0.001
A0A0B4J274,83,0.001
P23508,83,0.001
Q9GZZ7,83,0.001
P0C7H8,83,0.001
Q9H8S9,83,0.001
Q9NZ45,83,0.001
Q9ULH7,83,0.001
Q96BM0,83,0.001
Q8N4K4,83,0.001
A6NC42,83,0.001
P41732,83,0.001
Q6PUV4,83,0.001
P24522,83,0.001
A0A0B4J244,82,0.001
P0C8F1,82,0.001
A0A075B6T8,82,0.001
P61201,82,0.001
A0A578,82,0.001
Q9BY50,82,0.001
O75324,82,0.001
P63244,82,0.001
Q8WW36,82,0.001
Q00604,82,0.001
Q9NYJ1,82,0.001
A0A0A6YYK4,82,0.001
Q96LR5,82,0.001
P61218,82,0.001
Q7Z7K0,82,0.001
O43583,82,0.001
A0A5B6,82,0.001
P13640,82,0.001
Q02221,82,0.001
A6NF83,82,0.001
Q08AG7,82,0.001
A0A075B6N4,82,0.001
P36873,82,0.001
Q15004,82,0.001
O43791,82,0.001
Q3LI64,82,0.001
Q99616,81,0.0009
Q6UDR6,81,0.0009
A6NN92,81,0.0009
Q16520,81,0.0009
P39687,81,0.0009
P15515,81,0.0009
Q5VU69,81,0.0009
A6NGK3,81,0.0009
P01909,81,0.0009
O43447,81,0.0009
P13501,81,0.0009
Q8IUB5,81,0.0009
P60981,81,0.0009
P35325,81,0.0009
Q15185,81,0.0009
Q8N6N7,81,0.0009
Q9NPD7,81,0.0009
Q3LHN0,81,0.0009
P60891,81,0.0009
Q6UWE3,81,0.0009
Q3LI73,81,0.0009
O94812,80,0.0009
Q86UN6,80,0.0009
P02654,80,0.0009
Q70UQ0,80,0.0009
Q9BRK0,80,0.0009
Q8NEX6,80,0.0009
Q9Y4Z0,80,0.0009
Q8N5W8,80,0.0009
Q7Z2F6,80,0.0009
P67775,80,0.0009
Q8N5H3,80,0.0009
Q9BUK0,80,0.0009
Q5TGZ0,80,0.0009
Q30KQ9,80,0.0009
P29034,80,0.0009
Q96R05,80,0.0009
P09669,80,0.0009
Q5JUK3,80,0.0009
O75711,80,0.0009
Q3LI58,80,0.0009
A0A075B6U4,80,0.0009
Q8WWM1,80,0.0009
O43676,80,0.0009
Q6UXN9,80,0.0009
P48061,80,0.0009
Q8N9Q2,80,0.0009
A0A087WWA1,80,0.0009
A0A0K0K1C4,80,0.0009
A0A5B7,80,0.0009
Q6ZYL4,80,0.0009
Q16576,80,0.0009
O00483,79,0.0009
Q9BTE1,79,0.0009
P05496,79,0.0009
O43677,79,0.0009
Q9UKR5,79,0.0009
A6NER3,79,0.0009
O15243,79,0.0009
A0A1B0GX68,79,0.0009
P62241,79,0.0009
Q9Y6D0,79,0.0009
Q9Y3C5,79,0.0009
A0JD32,79,0.0009
Q99584,79,0.0009
P23396,79,0.0009
Q00LT1,79,0.0009
P06730,79,0.0009
P23763,79,0.0009
Q9BTM1,79,0.0009
Q9NP50,79,0.0009
Q9P1U0,79,0.0009
Q96EC8,79,0.0009
P58062,79,0.0009
Q9NR31,78,0.0009
O43463,78,0.0009
A0A0A6YYK7,78,0.0009
Q15771,78,0.0009
A0A0B4J237,78,0.0009
A0A0B4J268,78,0.0009
Q00872,78,0.0009
O75347,78,0.0009
Q9HAF1,78,0.0009
Q8NHV5,78,0.0009
P11684,78,0.0009
Q04917,78,0.0009
P61769,78,0.0009
O75409,78,0.0009
B3EWG3,78,0.0009
A0A1B0GVK7,78,0.0009
A0A087WT01,78,0.0009
P61966,78,0.0009
O95059,78,0.0009
Q7Z3S9,78,0.0009
Q9BTM9,78,0.0009
P09912,78,0.0009
Q8IY57,78,0.0009
P23141,78,0.0009
A0A0B4J249,78,0.0009
Q99966,78,0.0009
Q9Y5S9,78,0.0009
P67870,78,0.0009
P0DJ07,78,0.0009
P60604,78,0.0009
O43927,77,0.0009
Q16143,77,0.0009
Q30KQ7,77,0.0009
Q9Y284,77,0.0009
Q8N0U8,77,0.0009
Q9P0S2,77,0.0009
P01270,77,0.0009
Q8N8J7,77,0.0009
Q8N3V7,77,0.0009
P51965,77,0.0009
Q8N6V4,77,0.0009
A0A075B6X5,77,0.0009
P06702,77,0.0009
P61803,77,0.0009
A0A075B6N3,77,0.0009
O60575,77,0.0009
O95639,77,0.0009
Q99653,77,0.0009
P61968,77,0.0009
Q13951,77,0.0009
Q8N9N2,77,0.0009
O43504,77,0.0009
P0DN77,77,0.0009
Q9Y6G1,77,0.0009
Q9UKJ5,77,0.0009
P83731,76,0.0009
O00193,76,0.0009
Q9NZJ9,76,0.0009
Q01534,76,0.0009
Q15014,76,0.0009
A2RU14,76,0.0009
Q86W47,76,0.0009
Q9H5V9,76,0.0009
Q9BUV8,76,0.0009
Q92913,76,0.0009
Q9BV40,76,0.0009
P35754,76,0.0009
Q3LI66,76,0.0009
O75896,76,0.0009
Q9NZF1,76,0.0009
P01615,76,0.0009
P30047,76,0.0009
P69892,76,0.0009
Q16777,76,0.0009
F5H284,76,0.0009
P02778,76,0.0009
Q6QNY1,76,0.0009
Q6EEV6,76,0.0009
P63027,76,0.0009
Q8NFU4,75,0.0009
P81172,75,0.0009
A0A183,75,0.0009
E9PJI5,75,0.0009
Q9Y2Q5,75,0.0009
Q99877,75,0.0009
Q969E8,75,0.0009
Q8WWR9,75,0.0009
Q96JN0,75,0.0009
Q69YW2,75,0.0009
Q6PB30,75,0.0009
Q6IPR1,75,0.0009
A0A0B4J248,75,0.0009
Q9GZM3,75,0.0009
Q71RC9,75,0.0009
Q5H9L2,75,0.0009
A0A0B4J241,75,0.0009
A6NGY1,75,0.0009
A0A1B0GTS1,75,0.0009
Q9GZV4,75,0.0009
Q8NDX5,75,0.0009
Q8WVI7,75,0.0009
P22531,75,0.0009
A6PVI3,75,0.0009
O15068,75,0.0009
A0A1W2PPF3,75,0.0009
Q9UFW8,74,0.0009
Q86T20,74,0.0009
Q537H7,74,0.0009
Q8IZT9,74,0.0009
P01579,74,0.0009
P18859,74,0.0009
Q8WVJ9,74,0.0009
A6NNS2,74,0.0009
Q969E1,74,0.0009
P84095,74,0.0009
P03928,74,0.0009
P49223,74,0.0009
Q13296,74,0.0009
Q7RTU7,74,0.0009
Q9Y237,74,0.0009
A0A075B6W5,74,0.0009
Q16612,74,0.0009
P62745,74,0.0009
P62310,74,0.0009
A0A1W2PQ73,74,0.0009
P82909,74,0.0009
P51397,74,0.0009
Q8N0T1,73,0.0009
H3BRN8,73,0.0009
P46782,73,0.0009
Q96KN8,73,0.0009
B3GLJ2,73,0.0009
Q96GX2,73,0.0009
P07108,73,0.0009
P02652,73,0.0009
P25787,73,0.0009
O15514,73,0.0009
Q8IYN6,73,0.0009
Q9BPX5,73,0.0009
O15525,73,0.0009
P61457,73,0.0009
P0C7L1,73,0.0009
P62875,73,0.0009
A6NCW0,73,0.0009
P07737,73,0.0009
P62495,73,0.0009
P01303,73,0.0009
Q06730,73,0.0009
F2Z333,73,0.0009
Q6ZSJ8,73,0.0009
O14625,73,0.0009
P0DM35,73,0.0009
Q8TAA3,73,0.0009
Q9Y3C7,73,0.0009
Q15370,72,0.0008
P14406,72,0.0008
P04271,72,0.0008
A0A096LNP1,72,0.0008
Q92600,72,0.0008
Q96PL1,72,0.0008
Q5JUW0,72,0.0008
Q16635,72,0.0008
Q99217,72,0.0008
Q9UBK5,72,0.0008
Q93096,72,0.0008
Q56A73,72,0.0008
O94777,72,0.0008
Q5U3C3,72,0.0008
Q17RB0,72,0.0008
P46781,72,0.0008
P56181,72,0.0008
O60831,72,0.0008
Q9UQM7,72,0.0008
Q9UNL4,72,0.0008
A6NIN4,72,0.0008
P62258,72,0.0008
P78556,72,0.0008
Q8WUE5,72,0.0008
A0A0B4J266,72,0.0008
A0A0B4J245,72,0.0008
P24310,71,0.0008
Q5T0T0,71,0.0008
Q9UBQ0,71,0.0008
Q4G0N7,71,0.0008
P62140,71,0.0008
P14854,71,0.0008
P07438,71,0.0008
P55795,71,0.0008
Q9P1F3,71,0.0008
Q5T870,71,0.0008
Q8WVK7,71,0.0008
P10997,71,0.0008
Q96TA2,71,0.0008
Q3MHD2,71,0.0008
A0A1B0GVM6,71,0.0008
H3BTG2,71,0.0008
P13928,71,0.0008
P08118,71,0.0008
O75914,71,0.0008
Q4LDR2,71,0.0008
Q9H246,71,0.0008
Q5JRV8,71,0.0008
O60829,71,0.0008
A0A0B4J234,71,0.0008
P11233,71,0.0008
P60520,70,0.0008
A0A0A6YYC5,70,0.0008
Q9BYE4,70,0.0008
A0A0C4DH27,70,0.0008
Q76KX8,70,0.0008
P20366,70,0.0008
P04437,70,0.0008
P52435,70,0.0008
P47944,70,0.0008
P49207,70,0.0008
P84243,70,0.0008
P01033,70,0.0008
P01597,70,0.0008
Q5JS54,70,0.0008
Q9Y3A3,70,0.0008
Q5DT21,70,0.0008
P0DPD6,70,0.0008
Q13015,70,0.0008
O75556,70,0.0008
Q6UWT4,70,0.0008
Q9NR11,70,0.0008
Q8N690,70,0.0008
A0A1B0GX56,69,0.0008
Q9Y261,69,0.0008
Q9NQP4,69,0.0008
Q9NR55,69,0.0008
A0A0A6YYK1,69,0.0008
P63272,69,0.0008
O60927,69,0.0008
Q9BQ61,69,0.0008
P84085,69,0.0008
Q9BPZ3,69,0.0008
Q9H1C7,69,0.0008
Q96RM1,69,0.0008
P05204,69,0.0008
Q9NZ42,69,0.0008
P05109,69,0.0008
P30273,69,0.0008
A0A1B0GUV7,69,0.0008
Q3LI61,69,0.0008
Q6PH81,69,0.0008
P01298,69,0.0008
P0C7Q2,69,0.0008
A0JD37,69,0.0008
C9J3I9,68,0.0008
Q9P013,68,0.0008
A0A1B0GTD5,68,0.0008
Q9GZZ1,68,0.0008
Q8NEX5,68,0.0008
Q13185,68,0.0008
P0DUB6,68,0.0008
P26447,68,0.0008
O14990,68,0.0008
O43670,68,0.0008
P62633,68,0.0008
Q7Z444,68,0.0008
O00479,68,0.0008
Q9Y675,68,0.0008
O95257,68,0.0008
Q9BWD3,68,0.0008
P22362,68,0.0008
O14950,68,0.0008
Q9UHF7,68,0.0008
Q9H5J4,68,0.0008
A0A0K0K1D8,68,0.0008
A5YM72,68,0.0008
O00168,68,0.0008
P62937,67,0.0008
P62854,67,0.0008
P61927,67,0.0008
P36954,67,0.0008
Q7Z2X7,67,0.0008
Q96NL0,67,0.0008
Q9BXY8,67,0.0008
Q5MJ09,67,0.0008
Q96DE5,67,0.0008
Q96G74,67,0.0008
Q9H492,67,0.0008
P02808,67,0.0008
P55075,67,0.0008
Q9H1F0,67,0.0008
Q08117,67,0.0008
P26678,67,0.0008
P25208,67,0.0008
A0A087WT03,67,0.0008
Q9NX14,67,0.0008
O75956,67,0.0008
Q9Y5U8,67,0.0008
Q8TE69,67,0.0008
P62491,67,0.0008
Q8N945,67,0.0008
O60493,67,0.0008
O15511,66,0.0008
O60830,66,0.0008
Q96I36,66,0.0008
Q96B01,66,0.0008
A0A0B4J276,66,0.0008
P04733,66,0.0008
Q13404,66,0.0008
O95406,66,0.0008
O14957,66,0.0008
Q9BQE6,66,0.0008
P62820,66,0.0008
Q70EL3,66,0.0008
Q12974,66,0.0008
P04001,66,0.0008
P0DP57,66,0.0008
P61081,66,0.0008
O95563,66,0.0008
Q96EI5,66,0.0008
P52434,66,0.0008
Q68DY9,66,0.0008
O95214,66,0.0008
Q8NCS4,66,0.0008
Q5SRN2,66,0.0008
Q3SYF9,65,0.0008
Q9NS25,65,0.0008
Q15819,65,0.0008
P01593,65,0.0008
Q5U5X0,65,0.0008
Q8IUQ4,65,0.0008
A0A075B6T6,65,0.0008
P60568,65,0.0008
Q8N4V1,65,0.0008
Q93045,65,0.0008
Q8TB22,65,0.0008
P0DME0,65,0.0008
P62993,65,0.0008
P09430,65,0.0008
Q96QR1,65,0.0008
A0A0B4J238,64,0.0008
A0A075B6N1,64,0.0008
Q5J5C9,64,0.0008
A6NDE8,64,0.0008
Q9Y294,64,0.0008
Q8NA29,64,0.0008
Q9UHA2,64,0.0008
Q9NWD9,64,0.0008
O75940,64,0.0008
Q8NG35,64,0.0008
Q8WWW8,64,0.0008
Q9UK08,64,0.0008
Q9Y4Y9,64,0.0008
Q9BUW7,64,0.0008
B3EWG5,64,0.0008
O14949,64,0.0008
Q9NSA3,64,0.0008
Q8WTP9,64,0.0008
Q15847,64,0.0008
P07437,63,0.0007
Q5H943,63,0.0007
Q9HC38,63,0.0007
Q96FX2,63,0.0007
A0A0A0MT76,63,0.0007
Q0D2K3,63,0.0007
Q3MUY2,63,0.0007
Q8WUI4,63,0.0007
P62277,63,0.0007
C9JI98,63,0.0007
Q9NP97,63,0.0007
Q8IUE0,63,0.0007
O60880,62,0.0007
Q6XE38,62,0.0007
Q5MJ08,62,0.0007
Q96K76,62,0.0007
P09429,62,0.0007
Q9NPJ4,62,0.0007
Q8TCD1,62,0.0007
Q9H0Q3,62,0.0007
Q3LI59,62,0.0007
Q6UWS5,62,0.0007
Q8NFP7,62,0.0007
Q15257,62,0.0007
Q96B49,62,0.0007
O75167,62,0.0007
Q9H503,62,0.0007
P61009,62,0.0007
Q9HBH7,62,0.0007
Q69YL0,62,0.0007
P0DMB2,62,0.0007
Q9NPE3,62,0.0007
P60006,62,0.0007
P09234,62,0.0007
P0DX01,62,0.0007
P62899,62,0.0007
Q9UJG1,62,0.0007
P62166,62,0.0007
Q6NXP2,62,0.0007
Q3LI63,62,0.0007
P45378,61,0.0007
Q8NHZ8,61,0.0007
O95619,61,0.0007
P56559,61,0.0007
Q5T4T1,61,0.0007
P10176,61,0.0007
A8K0R7,61,0.0007
Q9NP77,61,0.0007
B2RBV5,61,0.0007
Q5EE01,61,0.0007
O43715,61,0.0007
Q9BT76,61,0.0007
Q15388,61,0.0007
Q8NHE4,61,0.0007
Q8NFR3,61,0.0007
A0A0K0K1B3,61,0.0007
Q96K17,61,0.0007
Q96P26,61,0.0007
Q8WUH6,61,0.0007
O75506,61,0.0007
P24001,60,0.0007
O15342,60,0.0007
F8W0I5,60,0.0007
O14519,60,0.0007
A0A0C4DH62,60,0.0007
P52657,60,0.0007
Q9BYP9,60,0.0007
Q9H869,60,0.0007
P62829,60,0.0007
Q9C010,60,0.0007
P10114,60,0.0007
P51151,60,0.0007
Q8N573,60,0.0007
Q16517,60,0.0007
Q06547,60,0.0007
P62487,60,0.0007
Q4J6C6,60,0.0007
Q96NS1,60,0.0007
Q3LI54,60,0.0007
Q5TBE3,60,0.0007
O60262,60,0.0007
Q8IUB3,60,0.0007
A0A075B759,60,0.0007
P61513,59,0.0007
Q9UHP9,59,0.0007
C9JCN9,59,0.0007
Q7Z3B0,59,0.0007
P07311,59,0.0007
A0A0A0MS06,59,0.0007
Q5H9J7,59,0.0007
Q14088,59,0.0007
A8MSI8,59,0.0007
Q9BV81,59,0.0007
Q9Y5L5,59,0.0007
Q9UI08,59,0.0007
A0A0B4J263,59,0.0007
P52298,59,0.0007
Q8IYN2,59,0.0007
Q53FP2,59,0.0007
Q9ULU4,59,0.0007
Q9Y657,59,0.0007
A0A576,59,0.0007
Q01081,59,0.0007
Q96EX1,59,0.0007
P11441,59,0.0007
Q96DA2,59,0.0007
Q96S95,58,0.0007
P56211,58,0.0007
O15347,58,0.0007
O75367,58,0.0007
P0DTL4,58,0.0007
C9J7I0,58,0.0007
O00244,58,0.0007
Q9Y6M7,58,0.0007
A0A0A0MS02,58,0.0007
P51608,58,0.0007
Q96N96,58,0.0007
P60468,58,0.0007
Q14061,58,0.0007
Q9BS18,58,0.0007
P18085,58,0.0007
B2RUZ4,58,0.0007
O14576,58,0.0007
A1A580,58,0.0007
P09919,58,0.0007
P60903,58,0.0007
Q3LI70,58,0.0007
P20962,57,0.0007
Q8NES8,57,0.0007
Q5T5A8,57,0.0007
A6NJ69,57,0.0007
Q7Z6M3,57,0.0007
P15516,57,0.0007
Q9UBD0,57,0.0007
Q02078,57,0.0007
Q96QK8,57,0.0007
A6NNX1,57,0.0007
A2A2V5,57,0.0007
Q969W0,56,0.0007
Q9NVJ2,56,0.0007
Q9H0R8,56,0.0007
H3BQW9,56,0.0007
Q629K1,56,0.0007
Q8NE65,56,0.0007
Q15382,56,0.0007
P0DMM9,56,0.0007
P0DKX4,56,0.0007
Q5JUK9,56,0.0007
A6NKN8,56,0.0007
A0A1B0GW35,56,0.0007
Q09028,56,0.0007
P57739,56,0.0007
O15212,56,0.0007
P28066,55,0.0006
A0A0A6YYJ7,55,0.0006
Q19T08,55,0.0006
Q9Y2B9,55,0.0006
Q15543,55,0.0006
O95166,55,0.0006
P61225,55,0.0006
B5ME19,55,0.0006
Q6IE38,55,0.0006
Q5JRK9,55,0.0006
Q6WQI6,55,0.0006
Q8IUC2,55,0.0006
P40616,55,0.0006
O75394,55,0.0006
Q13398,55,0.0006
Q5SRD1,55,0.0006
Q86WW8,55,0.0006
Q3KP22,55,0.0006
Q13625,54,0.0006
Q5VSR9,54,0.0006
Q6UWT2,54,0.0006
P0DMV0,54,0.0006
Q96NC0,54,0.0006
O43555,54,0.0006
P0C5Y9,54,0.0006
Q6UX82,54,0.0006
P0DJ93,54,0.0006
P62072,54,0.0006
A0A0B4J280,54,0.0006
P49918,54,0.0006
P62834,54,0.0006
Q99731,54,0.0006
D6RBQ6,54,0.0006
Q96T68,54,0.0006
Q6UW10,53,0.0006
Q969Q0,53,0.0006
P0CV99,53,0.0006
Q9Y3U8,53,0.0006
Q9Y2S6,53,0.0006
Q9BQJ4,53,0.0006
P49450,53,0.0006
Q9UBK9,53,0.0006
A6NFE3,53,0.0006
Q712K3,53,0.0006
P61165,53,0.0006
Q3LHN2,53,0.0006
Q8IUC3,53,0.0006
Q0VDE8,53,0.0006
H3BU77,53,0.0006
Q9NRR8,53,0.0006
P50150,53,0.0006
Q99417,53,0.0006
Q96BM9,53,0.0006
Q8NHG7,53,0.0006
Q9BPZ2,53,0.0006
O95164,52,0.0006
Q01196,52,0.0006
P0DI80,52,0.0006
Q9C002,52,0.0006
P46934,52,0.0006
P98179,52,0.0006
A0A0B4J262,52,0.0006
Q5SQH8,52,0.0006
P60602,52,0.0006
P61962,52,0.0006
Q9BVW6,52,0.0006
P32243,52,0.0006
A1L190,52,0.0006
Q9UKK6,52,0.0006
P11908,52,0.0006
P80297,52,0.0006
A6NHP3,52,0.0006
Q9UK45,52,0.0006
Q9Y5J7,51,0.0006
Q07654,51,0.0006
A0A0B4J2A2,51,0.0006
Q969S6,51,0.0006
P55854,51,0.0006
P0DKB6,51,0.0006
P0CG47,51,0.0006
O95777,51,0.0006
Q9Y5L2,51,0.0006
P20340,51,0.0006
P26367,51,0.0006
O00487,51,0.0006
Q15170,51,0.0006
A1L188,51,0.0006
Q9UJF2,51,0.0006
P31358,50,0.0006
O14610,50,0.0006
P63000,50,0.0006
Q9P0U1,50,0.0006
P01215,50,0.0006
Q01658,50,0.0006
Q13085,50,0.0006
P56381,50,0.0006
A8MTT3,50,0.0006
A0A1B0GUA5,50,0.0006
Q96HA4,50,0.0006
Q8WVX3,50,0.0006
P99999,50,0.0006
Q13794,50,0.0006
P0CW23,50,0.0006
P22090,50,0.0006
P52926,50,0.0006
P62952,49,0.0006
P61106,49,0.0006
O60519,49,0.0006
Q16637,49,0.0006
P0C2S0,49,0.0006
P63220,49,0.0006
O75368,49,0.0006
C0HLV8,49,0.0006
P04731,49,0.0006
P61960,49,0.0006
Q3ZAQ7,49,0.0006
P61758,49,0.0006
A0A1B0GTL2,48,0.0006
O75438,48,0.0006
Q8WXA9,48,0.0006
Q9NRQ5,48,0.0006
Q15053,48,0.0006
P60953,48,0.0006
P62760,48,0.0006
P0DP24,48,0.0006
P51808,48,0.0006
P51668,48,0.0006
P61604,48,0.0006
Q8NGA8,48,0.0006
P61019,47,0.0006
Q9UP83,47,0.0006
Q9Y6F6,47,0.0006
O43768,47,0.0006
P35268,47,0.0006
P25713,47,0.0006
Q69YU5,47,0.0006
Q6ZW05,47,0.0006
P0CW00,47,0.0006
P63104,47,0.0006
P61224,47,0.0006
Q8TAP4,47,0.0006
P42677,47,0.0006
Q8WU68,47,0.0006
P13500,47,0.0006
Q5BLP8,46,0.0005
Q9BW61,46,0.0005
Q6PI25,46,0.0005
Q4V326,46,0.0005
Q5T8D3,46,0.0005
Q9UBF6,46,0.0005
Q8TBZ2,46,0.0005
P16104,46,0.0005
Q96KF2,46,0.0005
Q5JQC4,46,0.0005
P27449,46,0.0005
Q9BWE0,46,0.0005
Q71UM5,46,0.0005
Q9NP90,46,0.0005
P62263,46,0.0005
P21673,46,0.0005
Q7Z7K6,45,0.0005
O15496,45,0.0005
Q9Y421,45,0.0005
P10599,45,0.0005
A6NJ08,45,0.0005
Q9ULZ1,45,0.0005
Q8WU43,45,0.0005
P62987,45,0.0005
Q4V321,45,0.0005
P53999,45,0.0005
D6RA61,45,0.0005
P61026,45,0.0005
P62380,45,0.0005
A1L167,45,0.0005
Q9NRY2,45,0.0005
P63218,45,0.0005
Q6UX15,45,0.0005
Q8TD31,45,0.0005
Q9NRX6,45,0.0005
Q9NRR3,45,0.0005
P0DI81,45,0.0005
Q8N688,44,0.0005
Q8NEQ5,44,0.0005
A4FU49,44,0.0005
P83916,44,0.0005
Q96P47,44,0.0005
P20810,44,0.0005
Q8TBQ9,44,0.0005
Q8N300,44,0.0005
P35080,44,0.0005
Q7Z5Q1,43,0.0005
P15954,43,0.0005
Q96NM4,43,0.0005
Q969T4,43,0.0005
Q8N5R6,43,0.0005
Q5TYM5,43,0.0005
Q5T4D3,43,0.0005
Q8NI17,43,0.0005
Q8N5G0,43,0.0005
Q8N9A8,43,0.0005
Q8IXQ6,43,0.0005
P58549,43,0.0005
P04732,43,0.0005
Q9Y692,43,0.0005
P53680,43,0.0005
P02795,43,0.0005
P45973,43,0.0005
A0A075B6R2,43,0.0005
Q5EBL8,43,0.0005
P68106,42,0.0005
Q9BZ23,42,0.0005
P0DMN0,42,0.0005
P27635,42,0.0005
Q8WVI0,42,0.0005
P53803,42,0.0005
Q2M3C6,42,0.0005
P0DTE7,42,0.0005
A6NHG4,42,0.0005
P20839,42,0.0005
P63146,42,0.0005
Q5TA77,42,0.0005
Q15121,42,0.0005
A6NJQ4,42,0.0005
P0DP25,42,0.0005
P60002,42,0.0005
Q8IU80,42,0.0005
P41208,42,0.0005
A8MXJ8,41,0.0005
Q96G61,41,0.0005
P0DMQ5,41,0.0005
Q8TF20,41,0.0005
O95751,41,0.0005
P0DTW1,41,0.0005
P24311,41,0.0005
Q86VQ3,41,0.0005
P0DJD7,41,0.0005
A0A096LP01,41,0.0005
P0DX04,41,0.0005
Q15366,41,0.0005
P10072,41,0.0005
P0C7X1,41,0.0005
P0DSN7,41,0.0005
Q96IX5,41,0.0005
Q92567,41,0.0005
Q8NHY0,41,0.0005
P60606,40,0.0005
P56378,40,0.0005
Q9NS26,40,0.0005
Q4G0N0,40,0.0005
Q8NBZ7,40,0.0005
P57789,40,0.0005
Q13021,40,0.0005
Q9Y3B4,40,0.0005
P62699,40,0.0005
Q9BWT1,40,0.0005
Q05066,40,0.0005
P62316,40,0.0005
Q8NAN2,40,0.0005
Q658P3,40,0.0005
A6NJU9,40,0.0005
Q07955,40,0.0005
O43320,40,0.0005
Q86VX9,40,0.0005
P16949,40,0.0005
Q8IZN7,39,0.0005
P06454,39,0.0005
P17096,39,0.0005
Q8N4H5,39,0.0005
P03897,39,0.0005
P62269,39,0.0005
O00198,39,0.0005
A6NHX0,39,0.0005
Q9UHJ9,39,0.0005
Q96HB5,39,0.0005
Q8NEF3,39,0.0005
P59998,39,0.0005
Q9UBI6,39,0.0005
Q3LHN1,39,0.0005
Q8WWN9,39,0.0005
O60688,39,0.0005
P62851,38,0.0004
Q8TAD7,38,0.0004
Q5VZM2,38,0.0004
P57071,38,0.0004
O43734,38,0.0004
P61952,38,0.0004
Q9BRU2,38,0.0004
Q9Y5P2,38,0.0004
Q8NH81,38,0.0004
Q5HYR2,38,0.0004
Q3LI68,38,0.0004
P62273,38,0.0004
Q9NU63,38,0.0004
Q9ULC4,38,0.0004
P62244,38,0.0004
H3BMG3,38,0.0004
P0DP23,38,0.0004
Q96PQ7,38,0.0004
P48729,37,0.0004
P49189,37,0.0004
Q96EH5,37,0.0004
P14859,37,0.0004
Q02325,37,0.0004
P0DX02,37,0.0004
Q32MZ4,37,0.0004
E9PI22,37,0.0004
P56545,37,0.0004
O43809,37,0.0004
Q9UHQ7,37,0.0004
A0A7P0TBJ1,37,0.0004
P55773,37,0.0004
Q92502,37,0.0004
Q9UJU3,37,0.0004
O97980,36,0.0004
Q86UT5,36,0.0004
Q9NPA8,36,0.0004
Q5MJ07,36,0.0004
A6NC05,36,0.0004
Q14526,36,0.0004
Q8N988,36,0.0004
Q9NV72,36,0.0004
A6NMA1,36,0.0004
Q9H2X9,36,0.0004
Q86TI2,36,0.0004
P62942,36,0.0004
Q71UI9,36,0.0004
Q96LR9,36,0.0004
Q9Y3L5,36,0.0004
A6NGZ8,36,0.0004
P63215,36,0.0004
P06396,35,0.0004
Q8WVF1,35,0.0004
A6NGN4,35,0.0004
P49458,35,0.0004
P61204,35,0.0004
Q9H857,35,0.0004
O75061,35,0.0004
Q8TB92,35,0.0004
Q8NHU0,35,0.0004
O43172,35,0.0004
Q8NDZ2,35,0.0004
P21675,34,0.0004
Q8N3S3,34,0.0004
P54750,34,0.0004
Q86X60,34,0.0004
O75494,34,0.0004
A0A2R8Y619,34,0.0004
P0CW24,34,0.0004
A0A0K2S4Q6,34,0.0004
Q9Y6X1,34,0.0004
Q96N06,34,0.0004
Q3LI60,34,0.0004
Q3KP66,34,0.0004
P49459,34,0.0004
P62304,33,0.0004
P56277,33,0.0004
P84077,33,0.0004
P63208,33,0.0004
Q92686,33,0.0004
Q9UH92,33,0.0004
Q9BWJ5,33,0.0004
Q9BYW1,33,0.0004
O75943,33,0.0004
Q9NPJ8,33,0.0004
P62253,33,0.0004
Q9BZJ0,33,0.0004
Q8WUW1,33,0.0004
Q9UMY4,33,0.0004
Q3MIV0,33,0.0004
Q14031,33,0.0004
Q96QA6,33,0.0004
Q96B02,33,0.0004
Q7Z2D5,32,0.0004
A6NJZ7,32,0.0004
Q9UBU8,32,0.0004
Q13938,32,0.0004
P23610,32,0.0004
A0A1B0GVG4,32,0.0004
P46736,32,0.0004
P43251,32,0.0004
B5MD39,32,0.0004
P61925,32,0.0004
Q96HG1,32,0.0004
Q6ZUT6,32,0.0004
O14602,32,0.0004
Q9Y6P5,32,0.0004
P16619,32,0.0004
A0A494C103,32,0.0004
Q9C040,32,0.0004
Q9H8H2,32,0.0004
P62266,32,0.0004
P23528,32,0.0004
O75123,32,0.0004
Q9NYG5,31,0.0004
P41235,31,0.0004
Q13363,31,0.0004
A0A0U1RQF7,31,0.0004
P62318,31,0.0004
P50151,31,0.0004
O75531,31,0.0004
Q12912,31,0.0004
P58546,31,0.0004
P48539,30,0.0004
P60323,30,0.0004
P63165,30,0.0004
Q9BXJ4,30,0.0004
Q13304,30,0.0004
Q9C030,30,0.0004
P59768,30,0.0004
Q68CP4,30,0.0004
Q8WW34,30,0.0004
Q9NX94,30,0.0004
P41567,30,0.0004
Q16206,30,0.0004
P0CL82,30,0.0004
Q05086,30,0.0004
P08195,30,0.0004
Q7Z6K4,30,0.0004
Q9H3H3,30,0.0004
A0A1B0GUW7,30,0.0004
P62312,30,0.0004
Q9C005,30,0.0004
P10911,29,0.0003
P29377,29,0.0003
P61326,29,0.0003
P61088,29,0.0003
Q7Z553,29,0.0003
O75783,29,0.0003
A0A1B0GWK0,29,0.0003
Q86TS9,29,0.0003
O00154,29,0.0003
P62330,29,0.0003
Q96JC1,29,0.0003
O15084,29,0.0003
O60220,29,0.0003
P61024,28,0.0003
D3DTV9,28,0.0003
Q9Y2I9,28,0.0003
P78362,28,0.0003
Q96G97,28,0.0003
Q15369,28,0.0003
Q9H7E2,28,0.0003
P47813,28,0.0003
Q86UU9,28,0.0003
A0A804HLA8,28,0.0003
H0UI37,28,0.0003
P50747,28,0.0003
Q6ZR52,27,0.0003
Q9Y333,27,0.0003
Q8IVW1,27,0.0003
P56278,27,0.0003
Q6V1X1,27,0.0003
A0A0J9YX94,27,0.0003
Q6P087,27,0.0003
P08709,27,0.0003
P60059,27,0.0003
P62888,27,0.0003
O60739,27,0.0003
O43439,27,0.0003
P84103,27,0.0003
Q8WXC6,27,0.0003
Q15700,27,0.0003
Q7Z7J9,27,0.0003
Q8N6R1,27,0.0003
Q99666,27,0.0003
Q8NG27,26,0.0003
P43699,26,0.0003
P58511,26,0.0003
P55769,26,0.0003
O15239,26,0.0003
Q99697,26,0.0003
P51814,26,0.0003
Q6KCM7,26,0.0003
A6NKQ9,26,0.0003
P62308,26,0.0003
A6NEQ0,26,0.0003
P0C7W9,26,0.0003
P61586,26,0.0003
Q9NQW7,26,0.0003
Q9H1R2,25,0.0003
Q8IZ96,25,0.0003
O95236,25,0.0003
Q8N108,25,0.0003
P49589,25,0.0003
Q7Z2E3,25,0.0003
P03901,25,0.0003
P0C1H6,25,0.0003
Q8NHP7,25,0.0003
O00631,25,0.0003
Q96FJ2,25,0.0003
P68363,25,0.0003
Q9BPW4,25,0.0003
Q15884,25,0.0003
Q96QF0,24,0.0003
Q8N9Y4,24,0.0003
P62314,24,0.0003
Q6ZN54,24,0.0003
P0DJD3,24,0.0003
P29372,24,0.0003
Q9H169,24,0.0003
P09525,24,0.0003
Q9NTX5,24,0.0003
P33552,24,0.0003
P0DMV2,24,0.0003
Q92753,24,0.0003
P61970,24,0.0003
Q8IXZ3,24,0.0003
Q13620,24,0.0003
Q9NPA1,23,0.0003
P04075,23,0.0003
Q16515,23,0.0003
Q9BZL1,23,0.0003
A0A1B0GTR0,23,0.0003
P10826,23,0.0003
Q9UKU0,23,0.0003
P16284,23,0.0003
A4D0T7,23,0.0003
Q99592,23,0.0003
P30046,23,0.0003
B3EWG6,23,0.0003
O95758,23,0.0003
Q13976,23,0.0003
Q9Y305,22,0.0003
O15079,22,0.0003
Q8N3J6,22,0.0003
O15488,22,0.0003
P83876,22,0.0003
Q96RI1,22,0.0003
Q9UKW6,22,0.0003
Q96GT9,22,0.0003
Q08493,22,0.0003
Q5JQF8,22,0.0003
Q8N2I2,21,0.0002
Q96PM9,21,0.0002
Q9P2N7,21,0.0002
Q6ZN19,21,0.0002
L0R819,21,0.0002
Q92993,21,0.0002
Q8TDB8,21,0.0002
P62306,21,0.0002
Q8TEY7,21,0.0002
A0A1B0GTC6,21,0.0002
P62256,21,0.0002
P22626,21,0.0002
Q96BR6,21,0.0002
P62891,21,0.0002
A0A075B6S9,21,0.0002
P62826,21,0.0002
Q8NEK5,20,0.0002
Q68G74,20,0.0002
Q2TBC4,20,0.0002
Q96MU8,20,0.0002
Q8NHW4,20,0.0002
Q14194,20,0.0002
P62857,20,0.0002
P48048,20,0.0002
P48067,20,0.0002
Q8IY50,20,0.0002
P61086,20,0.0002
A0A0U1RR37,20,0.0002
Q8NA58,20,0.0002
P0CV98,20,0.0002
Q96QH8,19,0.0002
P0C6T2,19,0.0002
H3BV60,19,0.0002
Q9UBX7,19,0.0002
C9JLJ4,19,0.0002
P43362,19,0.0002
P63313,19,0.0002
Q9NQ86,19,0.0002
P84101,19,0.0002
Q92617,19,0.0002
O00422,18,0.0002
Q9H293,18,0.0002
Q15415,18,0.0002
Q8WX92,18,0.0002
Q9UNH6,18,0.0002
Q693B1,18,0.0002
P63279,18,0.0002
P68036,18,0.0002
Q14195,18,0.0002
Q13303,18,0.0002
O75396,18,0.0002
Q9NZA1,18,0.0002
O43236,17,0.0002
Q3LI62,17,0.0002
Q9UQ49,17,0.0002
Q9UBM1,17,0.0002
Q8NI38,17,0.0002
P29692,17,0.0002
P04432,17,0.0002
O14604,17,0.0002
C9JVI0,17,0.0002
Q5JTJ3,17,0.0002
Q00987,17,0.0002
Q8IXH7,17,0.0002
P63241,17,0.0002
Q9UPP1,17,0.0002
P25325,17,0.0002
Q9P2K3,16,0.0002
Q7Z2X4,16,0.0002
E0CX11,16,0.0002
Q9H098,16,0.0002
Q13491,16,0.0002
Q64ET8,16,0.0002
P63167,16,0.0002
Q5SRH9,16,0.0002
P0DOY5,16,0.0002
P07910,15,0.0002
P60153,15,0.0002
D6RCP7,15,0.0002
A0PJE2,15,0.0002
Q96PB7,15,0.0002
Q01105,15,0.0002
P0CG36,15,0.0002
Q9Y232,15,0.0002
Q5VUJ9,15,0.0002
Q9Y5X5,15,0.0002
Q8WWG9,15,0.0002
P63173,15,0.0002
P83881,14,0.0002
P0CW01,14,0.0002
Q9NQR1,14,0.0002
P63098,14,0.0002
Q9H2S5,14,0.0002
P62877,14,0.0002
P57054,14,0.0002
A1L429,14,0.0002
Q4VXA5,14,0.0002
O60488,14,0.0002
Q9Y236,14,0.0002
P15170,14,0.0002
Q09FC8,14,0.0002
Q8IYF3,14,0.0002
Q6ZV50,14,0.0002
P15622,14,0.0002
Q70Z44,13,0.0002
Q6UWP7,13,0.0002
Q7Z2G1,13,0.0002
Q9Y5V0,13,0.0002
Q86XD5,13,0.0002
Q9NZI2,13,0.0002
Q8N9Z9,13,0.0002
P50539,13,0.0002
Q8NCT3,12,0.0001
Q14558,12,0.0001
Q5H9L4,12,0.0001
P26378,12,0.0001
Q13642,12,0.0001
P0DMW3,12,0.0001
C9JRZ8,12,0.0001
Q99218,12,0.0001
Q53RT3,12,0.0001
Q6JVE9,12,0.0001
Q6Q8B3,12,0.0001
Q9GZY8,12,0.0001
Q5HYN5,12,0.0001
Q1MX18,12,0.0001
Q96A57,12,0.0001
P55327,12,0.0001
A6NNJ1,12,0.0001
Q6ZTQ3,11,0.0001
Q14206,11,0.0001
Q8NI32,11,0.0001
P84090,11,0.0001
Q96LD1,11,0.0001
P0DMU7,11,0.0001
O75953,11,0.0001
Q7RTV0,11,0.0001
D6RBM5,11,0.0001
Q9UK12,11,0.0001
Q9NVQ4,11,0.0001
O14893,11,0.0001
P0DUX0,11,0.0001
Q03060,11,0.0001
P78396,10,0.0001
Q5VTM2,10,0.0001
P14921,10,0.0001
Q8N9K5,10,0.0001
A0A087WXM9,10,0.0001
Q16563,10,0.0001
Q8IX19,10,0.0001
Q9Y6E0,10,0.0001
A6NFU8,10,0.0001
P61956,10,0.0001
P48059,10,0.0001
P35030,10,0.0001
Q16385,10,0.0001
A8MUK1,10,0.0001
Q86VI4,9,0.0001
Q6IPX1,9,0.0001
Q96I27,9,0.0001
P0DMB1,9,0.0001
Q9UK53,9,0.0001
Q92629,9,0.0001
P0DMS9,9,0.0001
P56179,9,0.0001
Q8IXL7,9,0.0001
P0DP74,9,0.0001
Q9UK97,9,0.0001
Q96DT0,9,0.0001
Q8N128,9,0.0001
Q15583,9,0.0001
Q6NVU6,9,0.0001
P62837,9,0.0001
P22694,8,0.0001
Q13907,8,0.0001
A7E2F4,8,0.0001
P20783,8,0.0001
A0A075B6L2,8,0.0001
Q6ZNI0,8,0.0001
P38405,8,0.0001
O94772,8,0.0001
Q96N77,8,0.0001
Q06330,8,0.0001
P08708,8,0.0001
P17021,8,0.0001
Q9UM00,8,0.0001
Q70IA6,8,0.0001
P62945,8,0.0001
Q8WXK4,7,0.0001
A8MXZ1,7,0.0001
P0C0S5,7,0.0001
Q8TAC1,7,0.0001
Q15843,7,0.0001
P62328,7,0.0001
Q9BPY8,7,0.0001
Q96JG8,7,0.0001
O00141,6,0.0001
Q8NDB6,6,0.0001
P61077,6,0.0001
Q8N488,6,0.0001
Q6L9T8,6,0.0001
A0A494C191,6,0.0001
Q8NCL8,6,0.0001
Q96LL3,6,0.0001
Q9BQY9,6,0.0001
O75920,6,0.0001
P30085,5,0.0001
Q9Y6F7,5,0.0001
P61236,5,0.0001
P0DPB3,5,0.0001
Q96GU1,5,0.0001
Q9NR90,5,0.0001
P86481,5,0.0001
A0A0B4J1W7,5,0.0001
P0C7P1,5,0.0001
P81534,5,0.0001
Q14982,5,0.0001
Q9NRY7,5,0.0001
P0DN26,5,0.0001
P17025,5,0.0001
Q8N5W9,4,0.0
A0A1B0GTI1,4,0.0
P0DQD5,4,0.0
P61328,4,0.0
Q99576,4,0.0
P54108,4,0.0
Q53H64,4,0.0
O14599,4,0.0
P25791,4,0.0
Q9UPM6,4,0.0
Q8TC17,3,0.0
Q9BZM2,3,0.0
P0DMU8,3,0.0
Q9NQZ3,3,0.0
Q8TBG9,3,0.0
B7U540,3,0.0
P0DUD4,3,0.0
Q96LM9,3,0.0
A6NDZ8,3,0.0
I0J062,3,0.0
P0DUD3,3,0.0
A0A1W2PPM1,2,0.0
Q00994,2,0.0
A0A075B6S0,2,0.0
P0DUH7,2,0.0
A6NKC0,2,0.0
A0A075B700,2,0.0
P0DMR2,2,0.0
A0A494C0Z2,2,0.0
A0A0A0MTA7,2,0.0
A0A0B4J200,2,0.0
A0A1B0GWG4,1,0.0
A0A286YEX9,1,0.0
A0A3B3IU63,1,0.0
P01614,1,0.0
P0C7W8,1,0.0
Q9UBX2,1,0.0
A0A1B0GVX0,1,0.0
Q8IZP1,1,0.0
P0DP73,1,0.0
A6NNV3,1,0.0
A0A0U1RQS6,1,0.0
P0DPI4,1,0.0
A0A1B0GW64,1,0.0
P0C7U1,1,0.0
A0A0A0MS01,1,0.0
A0A075B6Y9,1,0.0
P0DPR3,1,0.0
P0C5Z0,1,0.0
