Gene_symbol,Count,Proportion(%)
MUC4,14533,0.1704
AHNAK2,10269,0.1204
FLG,9348,0.1096
SYNE1,9022,0.1058
ATM,8728,0.1023
NEB,8539,0.1001
APC,8146,0.0955
MUC5B,7655,0.0897
PKD1,7218,0.0846
RYR1,7217,0.0846
USH2A,6873,0.0806
ADGRV1,6785,0.0795
SYNE2,6544,0.0767
DNAH11,6425,0.0753
MUC17,6232,0.0731
BRCA2,6124,0.0718
POLE,5968,0.07
ALMS1,5963,0.0699
RYR2,5922,0.0694
AHNAK,5897,0.0691
KMT2D,5896,0.0691
NF1,5840,0.0685
HMCN1,5683,0.0666
DNAH17,5478,0.0642
PCLO,5428,0.0636
APOB,5213,0.0611
TSC2,5155,0.0604
CSMD1,5148,0.0603
DNAH5,5121,0.06
HSPG2,5110,0.0599
MSH6,5080,0.0596
TNXB,4916,0.0576
RP1L1,4881,0.0572
PRKDC,4859,0.057
CCDC168,4806,0.0563
HRNR,4794,0.0562
LAMA5,4636,0.0543
FAT1,4605,0.054
LRP2,4600,0.0539
CDH23,4553,0.0534
FSIP2,4507,0.0528
SRRM2,4424,0.0519
DNAH9,4391,0.0515
RYR3,4381,0.0514
FBN1,4369,0.0512
PKHD1,4360,0.0511
DNAH1,4352,0.051
MDN1,4335,0.0508
COL6A3,4313,0.0506
KMT2C,4239,0.0497
SACS,4192,0.0491
PIEZO1,4170,0.0489
CACNA1H,4118,0.0483
ANK2,4115,0.0482
PCNT,4114,0.0482
FAT2,4081,0.0478
DSP,4068,0.0477
SPTBN5,4042,0.0474
POLQ,3981,0.0467
AKAP9,3981,0.0467
ZFHX3,3976,0.0466
FLNC,3939,0.0462
MYO15A,3893,0.0456
DNAH2,3875,0.0454
CUBN,3871,0.0454
RECQL4,3869,0.0454
STARD9,3801,0.0446
HYDIN,3788,0.0444
LAMA2,3777,0.0443
LYST,3765,0.0441
RELN,3762,0.0441
HERC2,3749,0.0439
ALK,3746,0.0439
DICER1,3729,0.0437
FAT3,3725,0.0437
SZT2,3706,0.0434
DNHD1,3705,0.0434
DNAH7,3703,0.0434
PKHD1L1,3691,0.0433
COL7A1,3616,0.0424
VCAN,3614,0.0424
BSN,3607,0.0423
ANKRD11,3563,0.0418
LRRK2,3562,0.0418
VPS13D,3558,0.0417
DYNC2H1,3551,0.0416
ANK3,3527,0.0413
LRP1B,3523,0.0413
DCHS1,3502,0.0411
ASPM,3481,0.0408
ALPK2,3406,0.0399
COL12A1,3403,0.0399
VPS13C,3371,0.0395
CMYA5,3370,0.0395
FBN2,3351,0.0393
EPPK1,3343,0.0392
TNRC18,3309,0.0388
FREM2,3291,0.0386
BIRC6,3262,0.0382
NOTCH1,3246,0.0381
HERC1,3232,0.0379
UBR4,3224,0.0378
BRIP1,3220,0.0377
SPEG,3202,0.0375
LAMA1,3198,0.0375
FBN3,3186,0.0373
SRCAP,3146,0.0369
MKI67,3143,0.0368
MYH7,3138,0.0368
FANCA,3132,0.0367
BRCA1,3125,0.0366
PALB2,3118,0.0366
SPG11,3114,0.0365
ABCA4,3111,0.0365
DCHS2,3081,0.0361
PMS2,3069,0.036
CHD7,3038,0.0356
MSH3,3030,0.0355
ATR,3025,0.0355
CFTR,3024,0.0354
RANBP2,3024,0.0354
PTCH1,3021,0.0354
EYS,3014,0.0353
LAMA3,3005,0.0352
MYO7A,2982,0.035
DYNC1H1,2982,0.035
CSMD3,2980,0.0349
RAD50,2950,0.0346
NBAS,2945,0.0345
TG,2929,0.0343
BLM,2918,0.0342
SVEP1,2902,0.034
LRP1,2901,0.034
SPEN,2885,0.0338
ZAN,2880,0.0338
SDK1,2880,0.0338
MSH2,2873,0.0337
UTRN,2854,0.0335
DOCK8,2837,0.0333
AKAP13,2836,0.0332
FASN,2827,0.0331
VWF,2825,0.0331
SLX4,2812,0.033
MYO18B,2809,0.0329
TCHH,2804,0.0329
POLD1,2787,0.0327
MPDZ,2782,0.0326
MYH11,2776,0.0325
FANCM,2773,0.0325
ABCA7,2772,0.0325
CELSR2,2764,0.0324
SETX,2755,0.0323
TACC2,2740,0.0321
NBPF10,2727,0.032
FLNB,2722,0.0319
KMT2B,2710,0.0318
SPTA1,2702,0.0317
FREM1,2695,0.0316
DNAH6,2683,0.0315
CELSR3,2682,0.0314
CACNA1A,2674,0.0313
PKD1L1,2672,0.0313
PCM1,2669,0.0313
WRN,2662,0.0312
MET,2660,0.0312
MGAM,2657,0.0311
SCN10A,2642,0.031
SCN9A,2635,0.0309
PRUNE2,2620,0.0307
MYH6,2607,0.0306
STAB1,2595,0.0304
CACNA1S,2592,0.0304
FRAS1,2583,0.0303
TRIOBP,2572,0.0302
ZZEF1,2571,0.0301
IGSF10,2567,0.0301
MYCBP2,2560,0.03
SEC16A,2559,0.03
AGRN,2559,0.03
AXIN2,2549,0.0299
CENPF,2538,0.0298
MUC6,2533,0.0297
SMARCA4,2527,0.0296
VPS13A,2526,0.0296
PPL,2526,0.0296
TEP1,2524,0.0296
MYOM2,2520,0.0295
KIAA2026,2512,0.0294
ALPK3,2501,0.0293
RP1,2498,0.0293
MEGF8,2498,0.0293
ZFYVE26,2498,0.0293
SCN1A,2496,0.0293
EPG5,2490,0.0292
NCOR2,2490,0.0292
CROCC,2479,0.0291
NBEAL2,2472,0.029
USP34,2469,0.0289
STAB2,2467,0.0289
CFAP46,2458,0.0288
PDZD2,2456,0.0288
CDH1,2443,0.0286
JMJD1C,2425,0.0284
RAI1,2411,0.0283
MLH3,2407,0.0282
WDFY4,2393,0.0281
RET,2387,0.028
KIAA1549,2382,0.0279
BOD1L1,2379,0.0279
EVPL,2371,0.0278
BARD1,2370,0.0278
OTOF,2369,0.0278
PRRC2A,2368,0.0278
TRIO,2364,0.0277
MYBPC3,2360,0.0277
CEP290,2358,0.0276
HIVEP1,2341,0.0274
SON,2337,0.0274
MYLK,2330,0.0273
NOTCH3,2329,0.0273
SCN4A,2328,0.0273
CREBBP,2328,0.0273
OBSL1,2326,0.0273
HTT,2323,0.0272
DOCK6,2323,0.0272
TENM4,2320,0.0272
TSC1,2318,0.0272
CEP250,2312,0.0271
KIF1B,2306,0.027
CSPG4,2300,0.027
FN1,2296,0.0269
NPAT,2295,0.0269
ACACB,2284,0.0268
WDR90,2282,0.0268
APC2,2282,0.0268
MLH1,2281,0.0267
TLN2,2277,0.0267
COL5A1,2272,0.0266
SMG1,2253,0.0264
TDRD6,2247,0.0263
INTS1,2244,0.0263
SPTBN2,2242,0.0263
SPATA31D1,2235,0.0262
WFS1,2232,0.0262
NSD1,2232,0.0262
CEP350,2232,0.0262
FLG2,2223,0.0261
UTP20,2222,0.026
TNC,2221,0.026
KANK1,2220,0.026
KIF26A,2214,0.026
IFT140,2211,0.0259
MAP1A,2204,0.0258
RTEL1,2202,0.0258
BDP1,2196,0.0257
PRRC2B,2191,0.0257
POLG,2191,0.0257
LRP5,2191,0.0257
PHRF1,2190,0.0257
REV3L,2188,0.0256
TENM2,2183,0.0256
HIVEP2,2175,0.0255
NOTCH2,2173,0.0255
MCM3AP,2169,0.0254
DIDO1,2168,0.0254
SPTB,2163,0.0254
EP300,2162,0.0253
RIF1,2155,0.0253
COL11A1,2153,0.0252
HIVEP3,2152,0.0252
SI,2144,0.0251
PRAG1,2143,0.0251
WNK1,2141,0.0251
MAST4,2139,0.0251
ATP7B,2136,0.025
ZNF292,2128,0.0249
PDGFRA,2124,0.0249
TECTA,2123,0.0249
THADA,2120,0.0249
CCDC88C,2107,0.0247
RTTN,2105,0.0247
DOP1B,2105,0.0247
COL27A1,2104,0.0247
LAMC3,2103,0.0247
TASOR2,2093,0.0245
COL6A6,2089,0.0245
LZTR1,2087,0.0245
SVIL,2081,0.0244
CPAMD8,2079,0.0244
WDFY3,2079,0.0244
KIF26B,2077,0.0243
SETD2,2076,0.0243
LTBP2,2069,0.0243
MYO5B,2061,0.0242
IGF2R,2060,0.0241
MYOM1,2060,0.0241
NPHP4,2057,0.0241
GSE1,2054,0.0241
CFAP54,2045,0.024
ABCA12,2033,0.0238
OTOGL,2032,0.0238
CACNA1G,2029,0.0238
C2CD3,2027,0.0238
ARHGEF17,2020,0.0237
FOCAD,2018,0.0237
ADAMTSL1,2017,0.0236
DLC1,2011,0.0236
PTPN13,2007,0.0235
MYOF,2001,0.0235
KIF7,1998,0.0234
ZNF407,1994,0.0234
TENM3,1993,0.0234
CUL9,1991,0.0233
FRYL,1986,0.0233
KAT6A,1982,0.0232
CEP192,1980,0.0232
TICRR,1977,0.0232
ITGB4,1976,0.0232
TUBGCP6,1974,0.0231
EGFR,1968,0.0231
LAMB2,1962,0.023
MYO9A,1958,0.023
FNDC1,1956,0.0229
DSCAML1,1956,0.0229
SCN11A,1951,0.0229
ITPR3,1946,0.0228
PRX,1945,0.0228
ADAMTS18,1942,0.0228
CASR,1941,0.0228
COL3A1,1938,0.0227
SORL1,1937,0.0227
FLNA,1936,0.0227
SIGLEC1,1933,0.0227
ASXL3,1932,0.0226
SDK2,1930,0.0226
F5,1929,0.0226
NBN,1926,0.0226
AGL,1925,0.0226
NUMA1,1924,0.0226
AKAP6,1923,0.0225
ABCC6,1919,0.0225
COL6A2,1914,0.0224
AHCTF1,1909,0.0224
ZNF318,1904,0.0223
CHEK2,1901,0.0223
ITPR1,1900,0.0223
ABCA1,1897,0.0222
ZDBF2,1892,0.0222
SH3TC1,1890,0.0222
XIRP1,1888,0.0221
SPAG17,1881,0.022
TRPM2,1880,0.022
NIN,1877,0.022
FRY,1874,0.022
MYH13,1873,0.022
COL4A4,1873,0.022
SHROOM3,1873,0.022
SBF2,1870,0.0219
FMN2,1870,0.0219
SETBP1,1869,0.0219
ABCA3,1864,0.0219
MYBBP1A,1864,0.0219
GLI3,1859,0.0218
ADAMTS7,1857,0.0218
ZNF462,1856,0.0218
KIAA1217,1856,0.0218
SIPA1L3,1856,0.0218
PRR12,1856,0.0218
IFT172,1855,0.0217
ATG2A,1853,0.0217
PTPRZ1,1851,0.0217
MTUS1,1850,0.0217
TCF20,1848,0.0217
PLCE1,1847,0.0217
MICAL3,1846,0.0216
ZNF646,1845,0.0216
ZFHX2,1842,0.0216
UNC13C,1842,0.0216
LDLR,1841,0.0216
CEP295,1836,0.0215
NUP210,1835,0.0215
MTOR,1833,0.0215
WDR81,1829,0.0214
CAD,1828,0.0214
GAA,1824,0.0214
TNS1,1824,0.0214
GOLGA4,1823,0.0214
SPTBN4,1823,0.0214
POLRMT,1821,0.0213
CNTRL,1821,0.0213
CDK5RAP2,1821,0.0213
CACNA1E,1819,0.0213
MYO10,1819,0.0213
PTPN23,1816,0.0213
NAV3,1815,0.0213
HEATR1,1814,0.0213
CENPE,1809,0.0212
URB1,1808,0.0212
MEGF6,1806,0.0212
ARID1A,1805,0.0212
COL4A1,1805,0.0212
YLPM1,1804,0.0211
CHTF18,1803,0.0211
COL22A1,1801,0.0211
ICE1,1798,0.0211
CNTNAP2,1798,0.0211
LPA,1794,0.021
KNDC1,1791,0.021
ATP2C2,1791,0.021
GREB1,1790,0.021
CRYBG3,1789,0.021
EHMT1,1789,0.021
CACNA1B,1788,0.021
CRB1,1788,0.021
CACNA1D,1786,0.0209
KATNIP,1782,0.0209
MYPN,1781,0.0209
ADAMTS9,1781,0.0209
MYH2,1781,0.0209
PLIN4,1780,0.0209
CFAP65,1780,0.0209
TRPM4,1778,0.0208
PCNX1,1777,0.0208
NRAP,1777,0.0208
NUP214,1777,0.0208
COL1A2,1774,0.0208
CHD9,1774,0.0208
SCRIB,1772,0.0208
CABIN1,1770,0.0207
LAMB1,1769,0.0207
COL2A1,1767,0.0207
MYH3,1766,0.0207
PCNX2,1766,0.0207
TERT,1764,0.0207
KCNH2,1764,0.0207
PKD1L3,1763,0.0207
GCN1,1763,0.0207
USP42,1759,0.0206
PCARE,1755,0.0206
DLEC1,1753,0.0205
PKDREJ,1751,0.0205
CHD8,1750,0.0205
NIPBL,1748,0.0205
A2ML1,1748,0.0205
PTPRD,1748,0.0205
ZNF638,1744,0.0204
ADAMTS20,1743,0.0204
RGPD4,1743,0.0204
KIT,1741,0.0204
KDM6B,1740,0.0204
CHD6,1736,0.0204
NCKAP5,1736,0.0204
MAP1B,1733,0.0203
MYH1,1731,0.0203
KAT6B,1730,0.0203
RGPD3,1729,0.0203
MYH4,1722,0.0202
FANCI,1722,0.0202
DOCK7,1721,0.0202
SCN5A,1720,0.0202
EXPH5,1717,0.0201
NACA,1716,0.0201
COL4A2,1715,0.0201
ANKRD26,1712,0.0201
LRRK1,1710,0.02
SNAPC4,1710,0.02
PTPRS,1709,0.02
MXRA5,1708,0.02
TNKS1BP1,1704,0.02
NCOA6,1703,0.02
VPS13B,1703,0.02
DIS3L2,1702,0.02
SETD1A,1699,0.0199
ADGRG4,1699,0.0199
RESF1,1697,0.0199
EML6,1697,0.0199
SCN2A,1696,0.0199
ANK1,1695,0.0199
PLXNB1,1691,0.0198
ITPR2,1689,0.0198
SDHA,1689,0.0198
SPATA31E1,1689,0.0198
RBP3,1687,0.0198
USF3,1686,0.0198
DEPDC5,1685,0.0198
PTPRF,1682,0.0197
CEP164,1682,0.0197
PCNX3,1681,0.0197
EVC2,1681,0.0197
PLCG2,1681,0.0197
VWA8,1680,0.0197
COL5A3,1676,0.0196
MYO18A,1676,0.0196
COL1A1,1676,0.0196
PLXNA1,1675,0.0196
AHDC1,1674,0.0196
COL4A3,1673,0.0196
SPHKAP,1673,0.0196
RIMS1,1668,0.0196
SPEF2,1668,0.0196
KMT2E,1658,0.0194
SCN3A,1658,0.0194
MED13L,1658,0.0194
RB1,1658,0.0194
CNGB1,1657,0.0194
MYO9B,1655,0.0194
GTF3C1,1654,0.0194
CUL7,1648,0.0193
CC2D2A,1648,0.0193
DSG2,1645,0.0193
NLRP12,1644,0.0193
TONSL,1642,0.0192
KNTC1,1641,0.0192
GRIN2A,1638,0.0192
THSD7A,1636,0.0192
LRP4,1633,0.0191
SPTBN1,1633,0.0191
ZNF831,1631,0.0191
BUB1B,1631,0.0191
ZNF208,1631,0.0191
MDC1,1629,0.0191
BLTP2,1626,0.0191
ATG2B,1625,0.019
MYOM3,1625,0.019
TAF1L,1625,0.019
ZGRF1,1624,0.019
TTC28,1622,0.019
CTNNA1,1621,0.019
ARFGEF3,1618,0.019
SHANK1,1618,0.019
BAZ2B,1615,0.0189
SYNM,1615,0.0189
TSPOAP1,1615,0.0189
TTC3,1613,0.0189
ASXL1,1613,0.0189
LRPPRC,1613,0.0189
RERE,1611,0.0189
COL17A1,1608,0.0188
TET1,1606,0.0188
LTBP1,1604,0.0188
COL5A2,1601,0.0188
TRIP11,1601,0.0188
MAGEL2,1599,0.0187
DOCK10,1598,0.0187
RREB1,1597,0.0187
ANKRD36,1596,0.0187
PRDM16,1595,0.0187
PLXNA2,1594,0.0187
CASZ1,1593,0.0187
MIA3,1593,0.0187
RBM20,1592,0.0187
TET2,1588,0.0186
ARHGAP21,1586,0.0186
PDCD11,1585,0.0186
IGHV2-70,1585,0.0186
GLDC,1584,0.0186
PHF3,1583,0.0186
MYH8,1582,0.0185
LAMB4,1581,0.0185
DLG5,1580,0.0185
NUP205,1575,0.0185
KIF20B,1573,0.0184
FREM3,1572,0.0184
FER1L6,1572,0.0184
PEG3,1571,0.0184
PAPPA2,1571,0.0184
TNRC6A,1569,0.0184
GON4L,1569,0.0184
NLRP5,1568,0.0184
ERICH3,1567,0.0184
CCDC171,1567,0.0184
NINL,1567,0.0184
ASH1L,1565,0.0183
HUWE1,1564,0.0183
PARP4,1561,0.0183
NOTCH4,1560,0.0183
RUSC2,1559,0.0183
PEAK1,1557,0.0183
OPLAH,1552,0.0182
PLB1,1552,0.0182
GOLGA3,1551,0.0182
NYNRIN,1550,0.0182
PIKFYVE,1549,0.0182
PLXND1,1549,0.0182
XDH,1548,0.0181
ADAMTSL3,1548,0.0181
SAMD9,1548,0.0181
CDC42BPG,1547,0.0181
PPRC1,1546,0.0181
PLCH2,1545,0.0181
ERCC6,1544,0.0181
ABCC2,1542,0.0181
ANKRD12,1539,0.018
FAM83H,1537,0.018
ADGRA3,1537,0.018
HCN4,1536,0.018
TANC1,1533,0.018
MED13,1533,0.018
IFIH1,1533,0.018
MYO5C,1533,0.018
ARAP2,1533,0.018
NWD1,1532,0.018
DNAJC13,1532,0.018
TLN1,1532,0.018
PRR14L,1531,0.0179
HEATR5B,1530,0.0179
SH3TC2,1530,0.0179
NCOR1,1528,0.0179
SSC5D,1526,0.0179
DOCK5,1525,0.0179
ABCC8,1522,0.0178
ADAMTS17,1520,0.0178
CRYBG2,1520,0.0178
EPAS1,1519,0.0178
COL24A1,1517,0.0178
PXDNL,1517,0.0178
AKAP11,1517,0.0178
CGNL1,1516,0.0178
RGS12,1514,0.0177
C4orf54,1513,0.0177
CTC1,1512,0.0177
ASCC3,1508,0.0177
MRE11,1507,0.0177
SAMD9L,1505,0.0176
SHANK2,1505,0.0176
NPIPB11,1504,0.0176
NCAPD3,1502,0.0176
AP5Z1,1502,0.0176
BUB1,1501,0.0176
LRRIQ1,1500,0.0176
MYO3A,1499,0.0176
SALL3,1499,0.0176
AKAP12,1498,0.0176
FAM90A20P,1497,0.0175
MUC3A,1497,0.0175
ATP8B3,1497,0.0175
SETD1B,1496,0.0175
BCL9L,1495,0.0175
ZNF335,1495,0.0175
MYH9,1493,0.0175
COL6A1,1492,0.0175
FAM186A,1492,0.0175
ELP1,1492,0.0175
PI4KA,1492,0.0175
FANCD2,1491,0.0175
NPC1,1488,0.0174
PLEKHH2,1487,0.0174
TNN,1487,0.0174
TTC21B,1487,0.0174
UMODL1,1485,0.0174
BICRA,1484,0.0174
ABCC3,1481,0.0174
NUP188,1481,0.0174
ERCC2,1480,0.0173
TRPM6,1479,0.0173
TIAM2,1478,0.0173
DUOX1,1477,0.0173
VWDE,1477,0.0173
NBPF9,1476,0.0173
RPGRIP1L,1476,0.0173
TULP4,1476,0.0173
IQGAP3,1475,0.0173
ACE,1474,0.0173
SIPA1L2,1472,0.0173
MALRD1,1471,0.0172
FGD5,1471,0.0172
ATP10B,1470,0.0172
KIF13B,1467,0.0172
DSCAM,1465,0.0172
TTLL5,1464,0.0172
MAST2,1464,0.0172
NLRP1,1462,0.0171
DCTN1,1462,0.0171
SYNJ2,1462,0.0171
DOP1A,1461,0.0171
CNTLN,1460,0.0171
AKNA,1459,0.0171
UNC13D,1459,0.0171
CLTCL1,1458,0.0171
RALGAPA2,1458,0.0171
ABCB5,1457,0.0171
PRDM2,1454,0.017
COL20A1,1454,0.017
MAP2,1454,0.017
NLRC5,1453,0.017
SMCHD1,1452,0.017
MROH2B,1451,0.017
TPR,1451,0.017
CARMIL2,1450,0.017
CEP152,1450,0.017
NID2,1448,0.017
EFCAB6,1448,0.017
GAK,1448,0.017
ATP10A,1447,0.017
CCDC88B,1447,0.017
INF2,1446,0.017
MCPH1,1444,0.0169
C3,1442,0.0169
BAP1,1442,0.0169
ARHGEF40,1440,0.0169
COL16A1,1440,0.0169
KIDINS220,1437,0.0168
SKIC3,1436,0.0168
ROBO1,1435,0.0168
ARHGEF28,1434,0.0168
CEP170B,1432,0.0168
SOS1,1431,0.0168
COL14A1,1430,0.0168
LCT,1428,0.0167
REXO1,1428,0.0167
POLR1A,1426,0.0167
CHD2,1425,0.0167
SMG6,1424,0.0167
PLEKHG2,1423,0.0167
ANKRD30A,1420,0.0166
CACNA2D4,1418,0.0166
LY75,1417,0.0166
ADAMTSL4,1416,0.0166
SCN8A,1416,0.0166
COL15A1,1416,0.0166
SETD5,1416,0.0166
DHX57,1416,0.0166
ABCC10,1415,0.0166
CCDC88A,1414,0.0166
ABCC11,1413,0.0166
AATK,1412,0.0166
ABCA8,1411,0.0165
DIAPH1,1410,0.0165
FRMPD1,1407,0.0165
GUCY2D,1402,0.0164
HECTD1,1401,0.0164
COL28A1,1400,0.0164
CARD14,1398,0.0164
PDZD7,1398,0.0164
ADAMTS12,1396,0.0164
PTPRG,1396,0.0164
GEMIN5,1396,0.0164
MICAL1,1394,0.0163
LTBP3,1394,0.0163
CPZ,1394,0.0163
CRB2,1391,0.0163
ABCA6,1390,0.0163
CACNA1I,1389,0.0163
URB2,1386,0.0162
ATRX,1386,0.0162
LAMB3,1385,0.0162
DOT1L,1384,0.0162
CCDC40,1382,0.0162
DSC2,1381,0.0162
RADIL,1378,0.0162
TARBP1,1376,0.0161
KCNV2,1376,0.0161
COBL,1376,0.0161
NPHP3,1375,0.0161
LAMC1,1375,0.0161
ADCY10,1375,0.0161
ROBO3,1371,0.0161
TAS1R3,1371,0.0161
PPP1R26,1371,0.0161
TRPM5,1371,0.0161
MUC5AC,1370,0.0161
NPHS1,1369,0.016
BCLAF1,1369,0.016
BCL9,1368,0.016
SOS2,1368,0.016
TNS2,1367,0.016
BRWD1,1366,0.016
CPS1,1366,0.016
DMBT1,1362,0.016
C10orf71,1362,0.016
AARS1,1360,0.0159
DHX34,1359,0.0159
CCDC141,1357,0.0159
ITSN2,1356,0.0159
RPGRIP1,1354,0.0159
SCN7A,1354,0.0159
TNS3,1354,0.0159
FER1L5,1354,0.0159
RRBP1,1353,0.0159
ARAP3,1352,0.0158
IRS1,1350,0.0158
JCAD,1350,0.0158
TIAM1,1350,0.0158
CTTNBP2,1349,0.0158
PTCH2,1349,0.0158
PASK,1349,0.0158
MST1R,1349,0.0158
NLRP2,1349,0.0158
AUTS2,1349,0.0158
PXDN,1349,0.0158
MIA2,1347,0.0158
KMT2A,1347,0.0158
ADAMTS14,1347,0.0158
PER1,1346,0.0158
CAMTA1,1345,0.0158
NUP153,1343,0.0157
ZNFX1,1343,0.0157
MICALL2,1343,0.0157
PAPLN,1343,0.0157
MED16,1342,0.0157
NEBL,1341,0.0157
GRIN3B,1340,0.0157
MUC22,1340,0.0157
DOCK2,1340,0.0157
N4BP2,1340,0.0157
CDAN1,1339,0.0157
GCC2,1339,0.0157
POM121,1338,0.0157
FYCO1,1337,0.0157
THSD7B,1337,0.0157
CNTNAP4,1336,0.0157
ZC3H4,1336,0.0157
ADAMTS2,1336,0.0157
SOGA1,1335,0.0156
CDHR2,1335,0.0156
ALPK1,1335,0.0156
TJP2,1329,0.0156
PFAS,1328,0.0156
ALS2,1328,0.0156
CASKIN1,1328,0.0156
ABCC1,1327,0.0156
CROCC2,1325,0.0155
ANKRD17,1324,0.0155
PIK3C2B,1323,0.0155
C5,1323,0.0155
SLIT3,1322,0.0155
MFHAS1,1322,0.0155
CFAP44,1319,0.0155
MYBPC2,1319,0.0155
SLC12A3,1319,0.0155
ATP13A2,1319,0.0155
IGHMBP2,1319,0.0155
SPATA31C1,1319,0.0155
TET3,1318,0.0155
LRIG1,1318,0.0155
RBBP6,1317,0.0154
TYK2,1316,0.0154
PLXNA4,1316,0.0154
LMTK2,1313,0.0154
SPTAN1,1313,0.0154
DNMBP,1312,0.0154
PIK3C2A,1310,0.0154
MROH7,1310,0.0154
PEX1,1308,0.0153
DCC,1307,0.0153
TNRC6B,1306,0.0153
EHBP1L1,1305,0.0153
CAMSAP1,1301,0.0153
LONP1,1300,0.0152
NID1,1299,0.0152
NES,1297,0.0152
AHI1,1297,0.0152
ERBIN,1297,0.0152
UBR5,1296,0.0152
SFI1,1296,0.0152
ADAR,1295,0.0152
CILP2,1295,0.0152
TMEM131,1294,0.0152
ZNF516,1294,0.0152
CRACD,1294,0.0152
CFAP47,1293,0.0152
IMPG2,1293,0.0152
MROH2A,1293,0.0152
CFAP43,1292,0.0151
USP6,1292,0.0151
KIF21B,1290,0.0151
MBTPS1,1289,0.0151
UGGT2,1289,0.0151
DISP2,1289,0.0151
MEN1,1288,0.0151
ARAP1,1287,0.0151
PDE6B,1287,0.0151
DOCK3,1286,0.0151
ABCA10,1286,0.0151
ARFGEF2,1285,0.0151
PRG4,1285,0.0151
STYXL2,1284,0.0151
FMN1,1283,0.015
ABCA9,1281,0.015
NLRC3,1281,0.015
MAN2B2,1281,0.015
PHLDB1,1281,0.015
KANSL1,1281,0.015
BRAT1,1280,0.015
FLII,1280,0.015
PHLPP2,1278,0.015
DISP3,1278,0.015
PLEKHG3,1277,0.015
KIF14,1275,0.0149
PLXNB2,1274,0.0149
CASKIN2,1274,0.0149
PHLPP1,1273,0.0149
MTUS2,1271,0.0149
ABCA5,1271,0.0149
SNRNP200,1271,0.0149
SBNO2,1271,0.0149
PAPPA,1268,0.0149
RINT1,1266,0.0148
TECPR2,1265,0.0148
CD109,1265,0.0148
INSRR,1264,0.0148
ARID2,1263,0.0148
EVC,1261,0.0148
WHRN,1261,0.0148
KIF13A,1261,0.0148
ANKHD1,1259,0.0148
DISP1,1259,0.0148
SALL1,1259,0.0148
ARHGAP31,1259,0.0148
MEGF10,1258,0.0147
PZP,1258,0.0147
MYO1C,1256,0.0147
RIC1,1255,0.0147
TTC7A,1254,0.0147
CTNNA3,1254,0.0147
ESPL1,1253,0.0147
WDR19,1252,0.0147
NISCH,1252,0.0147
ZNF518A,1251,0.0147
DIP2A,1251,0.0147
PITRM1,1250,0.0147
HECW1,1250,0.0147
USP36,1249,0.0146
ZNF729,1247,0.0146
ZFC3H1,1247,0.0146
FLCN,1246,0.0146
DDX60,1245,0.0146
MYO3B,1245,0.0146
NUP210L,1245,0.0146
WNK4,1244,0.0146
ANAPC1,1242,0.0146
NCAPD2,1242,0.0146
CGN,1241,0.0145
FRMPD2,1241,0.0145
PLA2R1,1241,0.0145
HR,1241,0.0145
PTPRH,1240,0.0145
ARVCF,1240,0.0145
IGLV3-1,1239,0.0145
IFT122,1237,0.0145
USP24,1237,0.0145
FCSK,1236,0.0145
ABCB11,1235,0.0145
CFAP61,1234,0.0145
RRP12,1234,0.0145
PARD3B,1234,0.0145
AK9,1234,0.0145
CENPJ,1233,0.0145
ZFYVE16,1231,0.0144
CNTN6,1231,0.0144
PSME4,1229,0.0144
PIGG,1228,0.0144
COL9A3,1228,0.0144
GPATCH8,1227,0.0144
GIGYF1,1224,0.0143
TRPM7,1224,0.0143
CLCN1,1223,0.0143
MAP1S,1223,0.0143
RAD54L,1223,0.0143
DSG1,1223,0.0143
ARHGEF18,1223,0.0143
ZNF608,1222,0.0143
ATP10D,1222,0.0143
BCR,1220,0.0143
LLGL2,1220,0.0143
CPSF1,1219,0.0143
PCDHA8,1219,0.0143
HELZ,1219,0.0143
PLEKHG5,1218,0.0143
PCDHB7,1218,0.0143
POT1,1218,0.0143
ULK4,1218,0.0143
NEURL4,1217,0.0143
ESPNL,1217,0.0143
TJP3,1215,0.0142
ADCY9,1215,0.0142
RPAP1,1214,0.0142
MARF1,1214,0.0142
ADGRA2,1214,0.0142
ADAMTS16,1213,0.0142
CHD5,1213,0.0142
FHDC1,1212,0.0142
MAN2B1,1212,0.0142
ITGAM,1211,0.0142
KDM5B,1210,0.0142
ADGB,1210,0.0142
EIF4G1,1210,0.0142
CDC42BPB,1210,0.0142
GRM6,1209,0.0142
RECQL,1208,0.0142
DVL1,1208,0.0142
CDON,1207,0.0141
CFH,1207,0.0141
IL16,1206,0.0141
MEFV,1205,0.0141
SASH1,1205,0.0141
ARID1B,1204,0.0141
KDM5A,1202,0.0141
ZNF804B,1202,0.0141
IQGAP2,1202,0.0141
VCL,1201,0.0141
CILP,1201,0.0141
PCDHA9,1199,0.0141
JAG1,1199,0.0141
CBL,1199,0.0141
PLEKHG1,1198,0.014
FLYWCH1,1197,0.014
PIGO,1196,0.014
BMPR1A,1193,0.014
SKIC2,1193,0.014
NCKAP5L,1192,0.014
RAPGEF6,1191,0.014
RAB3GAP2,1191,0.014
EMC1,1189,0.0139
ELOA2,1189,0.0139
SCAF1,1188,0.0139
PLXNA3,1188,0.0139
DSPP,1188,0.0139
PREX2,1188,0.0139
RTL1,1188,0.0139
TNR,1188,0.0139
DHX38,1187,0.0139
EPHA8,1186,0.0139
HECW2,1184,0.0139
HIP1R,1184,0.0139
USP54,1183,0.0139
DHTKD1,1182,0.0139
TCOF1,1182,0.0139
KIAA1755,1182,0.0139
PTPN21,1182,0.0139
PIDD1,1182,0.0139
STK11,1180,0.0138
UBR1,1180,0.0138
MMRN1,1178,0.0138
ACTN2,1178,0.0138
ATAD5,1176,0.0138
GALNT12,1176,0.0138
SYCP2,1175,0.0138
CAPN3,1175,0.0138
CDK13,1174,0.0138
KIF19,1174,0.0138
CDH15,1174,0.0138
PTPRN2,1172,0.0137
EPRS1,1171,0.0137
ERCC4,1171,0.0137
ITPRID2,1171,0.0137
CDHR5,1171,0.0137
SPG7,1170,0.0137
TRAP1,1170,0.0137
PTPRC,1170,0.0137
SLIT1,1169,0.0137
IGF1R,1169,0.0137
RNF123,1169,0.0137
NRXN2,1169,0.0137
AOX1,1169,0.0137
SORCS2,1168,0.0137
NCAN,1167,0.0137
COL9A1,1165,0.0137
PER2,1165,0.0137
SLIT2,1164,0.0136
FLT4,1163,0.0136
IL17RA,1162,0.0136
CHD3,1162,0.0136
TIMELESS,1161,0.0136
ITGAE,1160,0.0136
SLC38A10,1159,0.0136
CAND2,1159,0.0136
MAP3K6,1159,0.0136
KIF27,1158,0.0136
ARHGEF10L,1157,0.0136
ZNF862,1157,0.0136
YTHDC2,1157,0.0136
PARP14,1157,0.0136
RAB11FIP1,1157,0.0136
INPPL1,1156,0.0136
PCNX4,1155,0.0135
UGGT1,1154,0.0135
PTPRJ,1153,0.0135
GRIN2B,1152,0.0135
FAM135B,1152,0.0135
NACAD,1151,0.0135
PALLD,1150,0.0135
LRP6,1150,0.0135
ROR2,1149,0.0135
BMS1,1149,0.0135
ARHGAP33,1149,0.0135
PCDH12,1148,0.0135
PCDHA6,1148,0.0135
ASTN2,1147,0.0134
ASXL2,1147,0.0134
ADGRF5,1146,0.0134
DAPK1,1145,0.0134
LTN1,1145,0.0134
KIAA1614,1144,0.0134
PCDHB10,1143,0.0134
PHKB,1143,0.0134
AEBP1,1143,0.0134
CD163L1,1143,0.0134
PCDHA7,1143,0.0134
MRC2,1143,0.0134
ATAD3B,1143,0.0134
ZNF518B,1142,0.0134
KIF21A,1141,0.0134
CEMIP2,1141,0.0134
BTBD8,1140,0.0134
PLXNB3,1140,0.0134
ANO5,1138,0.0133
SPATA31A7,1137,0.0133
PDZRN3,1137,0.0133
SCAF11,1136,0.0133
POLR3A,1136,0.0133
JAG2,1136,0.0133
EFCAB5,1136,0.0133
RB1CC1,1136,0.0133
CUX2,1136,0.0133
ZFR2,1136,0.0133
ITGA11,1135,0.0133
GEMIN4,1135,0.0133
ITGAX,1134,0.0133
IQSEC3,1134,0.0133
SYNJ1,1132,0.0133
FH,1132,0.0133
HFM1,1132,0.0133
IGSF9B,1131,0.0133
CAPN15,1131,0.0133
EIF2AK4,1131,0.0133
CDHR1,1129,0.0132
MBD6,1129,0.0132
TNKS,1129,0.0132
DOK7,1128,0.0132
TRAPPC11,1127,0.0132
PKP4,1127,0.0132
VWA3B,1127,0.0132
SNED1,1127,0.0132
ABCG8,1126,0.0132
PREX1,1126,0.0132
NALCN,1126,0.0132
BLTP3A,1125,0.0132
HAUS6,1125,0.0132
LDB3,1124,0.0132
VIRMA,1123,0.0132
OCA2,1123,0.0132
POTEF,1123,0.0132
UBN2,1122,0.0132
CKAP5,1118,0.0131
RTN4,1118,0.0131
MAP3K1,1118,0.0131
SLC26A4,1117,0.0131
ZC3H3,1117,0.0131
TASOR,1116,0.0131
FANCC,1116,0.0131
FARP2,1116,0.0131
RNF17,1116,0.0131
CARMIL3,1115,0.0131
KIF1C,1114,0.0131
SLC12A7,1113,0.013
MAGI2,1113,0.013
PDGFRB,1113,0.013
MIB2,1112,0.013
UBN1,1112,0.013
DGKQ,1112,0.013
NEO1,1112,0.013
KIF24,1111,0.013
LAMC2,1111,0.013
KIF4B,1109,0.013
ACADVL,1108,0.013
BCAR1,1108,0.013
TRAPPC9,1108,0.013
IGSF9,1107,0.013
YEATS2,1107,0.013
USP35,1107,0.013
PCSK9,1106,0.013
UNC45A,1106,0.013
KCNQ2,1105,0.013
RAD51C,1105,0.013
ZFYVE28,1105,0.013
ARHGAP23,1105,0.013
SHPRH,1105,0.013
LMNA,1104,0.0129
ATP9B,1104,0.0129
ZNF687,1103,0.0129
HEG1,1103,0.0129
PEX6,1102,0.0129
PCDHA2,1100,0.0129
NPAP1,1100,0.0129
PCDHA10,1099,0.0129
ADAMTS3,1099,0.0129
NLRP13,1099,0.0129
TBCD,1099,0.0129
MAN2A2,1099,0.0129
IGKV4-1,1099,0.0129
ZNF592,1099,0.0129
POTEE,1098,0.0129
IRS2,1098,0.0129
RLF,1098,0.0129
KDR,1097,0.0129
TNNI3K,1097,0.0129
DHX37,1096,0.0128
USP31,1095,0.0128
ZNF536,1095,0.0128
RANBP17,1095,0.0128
ZNF658,1095,0.0128
HK3,1094,0.0128
TBC1D4,1094,0.0128
NFATC1,1094,0.0128
LRRC37A3,1093,0.0128
TELO2,1093,0.0128
ERCC5,1092,0.0128
NLRX1,1092,0.0128
PCDHB12,1091,0.0128
ADAMTS13,1091,0.0128
CARD11,1091,0.0128
CEP170,1091,0.0128
F8,1090,0.0128
REST,1090,0.0128
PLEKHA6,1090,0.0128
CNTN5,1090,0.0128
ROBO4,1089,0.0128
NFRKB,1089,0.0128
CNTNAP1,1089,0.0128
HPS5,1089,0.0128
PCDHA11,1089,0.0128
FHOD1,1088,0.0128
ADGRB3,1088,0.0128
CRAMP1,1088,0.0128
CEP162,1088,0.0128
ZNF609,1087,0.0127
CEMIP,1086,0.0127
SPINK5,1085,0.0127
GPR158,1085,0.0127
TOPAZ1,1085,0.0127
PHLDB2,1085,0.0127
C2CD6,1084,0.0127
PLD1,1084,0.0127
STK36,1084,0.0127
ABCC9,1082,0.0127
DSG4,1082,0.0127
ANKAR,1082,0.0127
JARID2,1081,0.0127
PROM1,1081,0.0127
EXD3,1081,0.0127
WWOX,1080,0.0127
CEBPZ,1080,0.0127
MN1,1080,0.0127
RFX7,1079,0.0126
DIP2C,1079,0.0126
PYGM,1079,0.0126
TPO,1079,0.0126
PCDHGA6,1078,0.0126
ZNF91,1078,0.0126
ITGAD,1077,0.0126
ITSN1,1076,0.0126
PCDHA4,1076,0.0126
FGD6,1075,0.0126
SCNN1D,1075,0.0126
PCDHB13,1074,0.0126
TIE1,1072,0.0126
PCDHB8,1072,0.0126
MERTK,1071,0.0126
MICAL2,1070,0.0125
STK11IP,1070,0.0125
SNX29,1070,0.0125
NLRP8,1069,0.0125
MAN2C1,1069,0.0125
BAG3,1069,0.0125
MAP3K4,1068,0.0125
IARS1,1067,0.0125
SRBD1,1067,0.0125
HLA-C,1067,0.0125
DIAPH3,1066,0.0125
NKTR,1065,0.0125
NOS3,1065,0.0125
UVSSA,1065,0.0125
TTBK1,1064,0.0125
SEMA5B,1064,0.0125
GRID2IP,1064,0.0125
PDE6A,1063,0.0125
UBAP2,1063,0.0125
NCOA3,1063,0.0125
NRDE2,1063,0.0125
SORBS1,1062,0.0124
OAS3,1062,0.0124
MYO1F,1062,0.0124
LIPE,1061,0.0124
TMPRSS15,1061,0.0124
USP17L7,1061,0.0124
NUP155,1061,0.0124
TBC1D32,1060,0.0124
TMEM94,1060,0.0124
STARD13,1059,0.0124
PCDHA12,1059,0.0124
ANKRD24,1059,0.0124
BRD4,1058,0.0124
ITGA8,1058,0.0124
DNAAF1,1058,0.0124
SCAP,1058,0.0124
GNPTAB,1058,0.0124
DAG1,1057,0.0124
TECPR1,1056,0.0124
SPATA31F1,1056,0.0124
CTU2,1055,0.0124
TAOK2,1055,0.0124
PCDHA3,1055,0.0124
RPRD2,1055,0.0124
ZNF804A,1055,0.0124
JUP,1054,0.0124
RICTOR,1054,0.0124
PCDHGA5,1054,0.0124
ITGA2B,1054,0.0124
IQGAP1,1053,0.0123
CORO7,1053,0.0123
GUCY2C,1053,0.0123
PLEKHM2,1053,0.0123
PLEKHH1,1052,0.0123
IGSF3,1052,0.0123
UACA,1052,0.0123
TMEM132A,1050,0.0123
PPFIA1,1050,0.0123
SEC31B,1050,0.0123
IGDCC4,1050,0.0123
ADCY5,1049,0.0123
TRPV4,1049,0.0123
NOL6,1049,0.0123
NBPF1,1049,0.0123
RAG1,1049,0.0123
FGFR3,1048,0.0123
SMARCA2,1048,0.0123
ADGRB2,1048,0.0123
A2M,1047,0.0123
IMPG1,1047,0.0123
ULK1,1047,0.0123
LIFR,1047,0.0123
PKP3,1046,0.0123
PTPRT,1046,0.0123
AARS2,1045,0.0122
MGAM2,1044,0.0122
HEPHL1,1044,0.0122
NEFH,1044,0.0122
NRIP1,1044,0.0122
TMEM132C,1043,0.0122
TTLL4,1043,0.0122
KIF16B,1042,0.0122
COL4A5,1041,0.0122
ATP13A4,1041,0.0122
ENAM,1041,0.0122
UNC5B,1040,0.0122
ARHGAP30,1040,0.0122
TRAPPC8,1040,0.0122
PLD2,1040,0.0122
TLL2,1039,0.0122
PGAP6,1039,0.0122
HLA-A,1039,0.0122
MYO1E,1039,0.0122
PLA2G4B,1039,0.0122
C16orf96,1038,0.0122
ARHGAP45,1038,0.0122
EPHA1,1038,0.0122
ANKRD50,1038,0.0122
SYNE3,1037,0.0122
INVS,1037,0.0122
CEP128,1036,0.0121
ZFAT,1036,0.0121
TCIRG1,1036,0.0121
KANK2,1036,0.0121
TOGARAM2,1036,0.0121
TOPBP1,1035,0.0121
EPHB4,1034,0.0121
TCF3,1033,0.0121
ZFPM2,1032,0.0121
KCNQ1,1032,0.0121
IQCN,1032,0.0121
USP17L2,1031,0.0121
PRPF8,1031,0.0121
HKDC1,1030,0.0121
ACAD10,1030,0.0121
CNTN2,1030,0.0121
PEAR1,1030,0.0121
ATP2A1,1029,0.0121
C6,1029,0.0121
NOC2L,1029,0.0121
MAGEC1,1029,0.0121
ZNF786,1028,0.0121
SYNGAP1,1028,0.0121
COBLL1,1027,0.012
ADNP2,1026,0.012
FAM135A,1026,0.012
AP3B1,1026,0.012
PDE3A,1026,0.012
COL19A1,1025,0.012
NLRC4,1025,0.012
PRR36,1024,0.012
C9orf131,1024,0.012
FARP1,1024,0.012
IDUA,1023,0.012
BLTP3B,1023,0.012
PHIP,1023,0.012
NLRP4,1023,0.012
PCDHA5,1023,0.012
THSD4,1023,0.012
WDR62,1022,0.012
RSF1,1022,0.012
CNOT1,1022,0.012
ZNF99,1021,0.012
ARHGEF15,1021,0.012
MYO1A,1021,0.012
TMEM67,1021,0.012
KIAA0232,1020,0.012
KTN1,1020,0.012
KDM4C,1020,0.012
CUX1,1020,0.012
GLI1,1019,0.0119
PCDHA1,1019,0.0119
ATP8B4,1019,0.0119
PPARGC1B,1019,0.0119
VARS1,1019,0.0119
MEI1,1019,0.0119
SEC16B,1019,0.0119
ERBB3,1018,0.0119
PRTG,1018,0.0119
DENND4B,1018,0.0119
CEP135,1018,0.0119
CEL,1017,0.0119
SH3PXD2A,1017,0.0119
COG1,1016,0.0119
PKD2,1016,0.0119
TMC6,1016,0.0119
MED1,1015,0.0119
ATP11A,1015,0.0119
LEMD3,1014,0.0119
RIN3,1014,0.0119
TOP2B,1014,0.0119
FRMD4B,1014,0.0119
TAS1R2,1014,0.0119
ADCY8,1013,0.0119
ATN1,1013,0.0119
SLC3A1,1013,0.0119
TMEM132E,1012,0.0119
CP,1011,0.0119
SREBF2,1011,0.0119
DAAM2,1011,0.0119
BNC2,1010,0.0118
GRIN2D,1010,0.0118
KIF17,1010,0.0118
ABL1,1010,0.0118
ELAC2,1010,0.0118
PCDHGA7,1009,0.0118
ODAD2,1009,0.0118
ATP13A5,1009,0.0118
OGDHL,1009,0.0118
AP4E1,1008,0.0118
TOPORS,1008,0.0118
ATP7A,1008,0.0118
PCDHGA2,1008,0.0118
CACHD1,1008,0.0118
TTBK2,1007,0.0118
WDR72,1007,0.0118
MON2,1006,0.0118
TMEM132D,1006,0.0118
NTHL1,1006,0.0118
AFF3,1006,0.0118
MAGI3,1006,0.0118
ZFPM1,1005,0.0118
SPOCD1,1005,0.0118
CC2D1A,1004,0.0118
TMC3,1004,0.0118
CRIM1,1004,0.0118
PDPR,1004,0.0118
SNX19,1004,0.0118
KANK4,1004,0.0118
PITPNM1,1004,0.0118
DDX54,1003,0.0118
EIF3A,1003,0.0118
KCNU1,1003,0.0118
ZC3H18,1003,0.0118
DIP2B,1002,0.0117
WDR7,1002,0.0117
ERBB2,1001,0.0117
SARDH,1001,0.0117
CAMTA2,1001,0.0117
ARHGAP5,1000,0.0117
DYNC2I1,1000,0.0117
CORIN,1000,0.0117
PCDHB9,1000,0.0117
PCDHB11,1000,0.0117
PC,999,0.0117
ABCC4,999,0.0117
HPS3,999,0.0117
SPECC1,999,0.0117
MYLK3,999,0.0117
PCDHGA8,999,0.0117
PDE3B,999,0.0117
VWA3A,999,0.0117
NTRK1,999,0.0117
PLCB2,998,0.0117
WDR6,998,0.0117
AGBL5,997,0.0117
CAPN12,997,0.0117
EGF,997,0.0117
ANKRD27,997,0.0117
NLRP7,997,0.0117
ATP1A4,997,0.0117
RECQL5,996,0.0117
JPH3,996,0.0117
MAP3K19,996,0.0117
NCOA1,996,0.0117
ZFYVE9,995,0.0117
ERBB4,995,0.0117
PITPNM3,995,0.0117
PTPN14,994,0.0117
AMZ1,994,0.0117
MAST1,994,0.0117
SLC12A4,994,0.0117
ATG9B,994,0.0117
XYLT1,993,0.0116
TBL3,993,0.0116
LLGL1,992,0.0116
AMER3,992,0.0116
TRPM8,992,0.0116
FAN1,991,0.0116
TRPA1,991,0.0116
MISP,991,0.0116
ATAD2,991,0.0116
RBM19,990,0.0116
JAK3,989,0.0116
RANBP6,989,0.0116
NCOA2,988,0.0116
EMILIN1,988,0.0116
SLC4A3,988,0.0116
MYO5A,988,0.0116
ADGRB1,987,0.0116
THBS2,986,0.0116
VPS8,986,0.0116
SHROOM2,986,0.0116
PDZRN4,985,0.0115
NOD1,985,0.0115
SLC24A1,985,0.0115
CLSPN,984,0.0115
DPYD,984,0.0115
RNF31,983,0.0115
APOBR,983,0.0115
CLIP1,983,0.0115
PPP2R3A,983,0.0115
EPHA10,983,0.0115
TSC22D1,983,0.0115
MFN2,982,0.0115
SKI,982,0.0115
CDH3,982,0.0115
H6PD,981,0.0115
NLRP14,981,0.0115
ZEB2,981,0.0115
CTDP1,981,0.0115
RAPH1,980,0.0115
DNAAF5,980,0.0115
ALDH16A1,979,0.0115
WWC2,979,0.0115
LIG1,979,0.0115
PCDHGB1,979,0.0115
ADCY7,979,0.0115
TSHZ1,978,0.0115
RAD54L2,978,0.0115
SUN1,977,0.0115
CAMSAP3,977,0.0115
FLT1,976,0.0114
MAP3K9,976,0.0114
ITGA10,976,0.0114
CNGB3,975,0.0114
PCDHGB3,975,0.0114
CHD4,975,0.0114
MED12,974,0.0114
CSF1R,974,0.0114
VPS18,973,0.0114
PLOD1,973,0.0114
POTEJ,973,0.0114
CNTNAP3,972,0.0114
PCDHGA3,972,0.0114
WASHC5,972,0.0114
CHD1,972,0.0114
FBXO38,972,0.0114
MINAR1,971,0.0114
PSG1,971,0.0114
SUCO,970,0.0114
KIF15,970,0.0114
GRIP2,970,0.0114
MCTP2,970,0.0114
ATP8B1,969,0.0114
NRCAM,969,0.0114
PYGB,969,0.0114
PCDHA13,969,0.0114
SLC26A1,968,0.0113
NOM1,968,0.0113
PLEKHG4,968,0.0113
UBR2,967,0.0113
TP53,966,0.0113
TSHZ2,966,0.0113
KCNQ3,966,0.0113
DENND5A,966,0.0113
RIN2,965,0.0113
B4GALNT3,965,0.0113
QARS1,965,0.0113
WDHD1,965,0.0113
ITPKB,965,0.0113
GREB1L,964,0.0113
DAB2IP,964,0.0113
MTR,964,0.0113
CHPF2,964,0.0113
ESPN,964,0.0113
INCENP,964,0.0113
CLEC16A,964,0.0113
INO80,963,0.0113
HEATR6,963,0.0113
LMF1,963,0.0113
CCDC7,963,0.0113
PPFIBP2,963,0.0113
PLA2G4F,963,0.0113
POGZ,963,0.0113
ACTN3,962,0.0113
PIGN,962,0.0113
PRDM9,962,0.0113
ATXN7,962,0.0113
GRIN3A,961,0.0113
MCM4,961,0.0113
SALL4,961,0.0113
PCDH17,961,0.0113
SUSD2,961,0.0113
SLC6A5,961,0.0113
DNA2,960,0.0113
CFAP57,960,0.0113
PCDHB14,960,0.0113
CEP120,960,0.0113
MIS18BP1,960,0.0113
ZFHX4,960,0.0113
SLC34A3,960,0.0113
KIAA0319,960,0.0113
HEATR4,959,0.0112
PPP1R3A,959,0.0112
CDK12,958,0.0112
EPB41L3,958,0.0112
ANO8,957,0.0112
GLG1,957,0.0112
ADCY6,957,0.0112
CSF2RB,957,0.0112
LVRN,957,0.0112
EMILIN2,957,0.0112
CATSPERG,957,0.0112
SLC4A2,956,0.0112
ITPRID1,956,0.0112
SMTN,955,0.0112
SLC9C1,955,0.0112
CLCN6,955,0.0112
CACNB2,955,0.0112
NOL8,954,0.0112
SLC12A6,954,0.0112
ADAD2,954,0.0112
ERN2,953,0.0112
BTBD7,953,0.0112
SEMA6A,953,0.0112
GEN1,951,0.0111
NOP14,949,0.0111
EML4,949,0.0111
TRAPPC10,949,0.0111
ATRN,949,0.0111
CDCA2,948,0.0111
PCDHB5,948,0.0111
SLC12A1,948,0.0111
PARP10,947,0.0111
SIK1,947,0.0111
SEMA5A,947,0.0111
FCHO1,947,0.0111
LIG4,947,0.0111
MYO19,946,0.0111
KIAA0753,946,0.0111
NF2,946,0.0111
JPH2,946,0.0111
CLCN2,946,0.0111
UBE3B,945,0.0111
SORCS1,945,0.0111
TTF2,945,0.0111
AFG2A,945,0.0111
RAD51AP2,945,0.0111
SREBF1,944,0.0111
CFAP251,943,0.0111
BMP1,943,0.0111
BMP2K,942,0.011
KDM2B,942,0.011
CYFIP1,942,0.011
FILIP1,942,0.011
SYMPK,942,0.011
CHRNA4,941,0.011
PCDHB16,941,0.011
MMS22L,941,0.011
C7,940,0.011
MOCOS,940,0.011
ANLN,940,0.011
SAFB2,940,0.011
DNAAF2,939,0.011
ZNF594,939,0.011
SMC4,939,0.011
HLA-B,939,0.011
NOS1,938,0.011
MCF2L2,938,0.011
ITIH6,937,0.011
SCAF8,937,0.011
ANKRD35,936,0.011
IL12RB2,936,0.011
PCDHGA1,936,0.011
ALS2CL,936,0.011
POMT2,936,0.011
ADGRG6,936,0.011
TDRD9,936,0.011
SLITRK5,936,0.011
ESYT1,935,0.011
SH3BP4,934,0.0109
RASA1,934,0.0109
PMFBP1,933,0.0109
JAK2,933,0.0109
PLEKHN1,933,0.0109
MAML2,933,0.0109
PCSK4,932,0.0109
ZCCHC2,932,0.0109
ATRNL1,932,0.0109
PLK4,932,0.0109
SMCR8,932,0.0109
SEC14L5,932,0.0109
PDE11A,930,0.0109
EFL1,930,0.0109
SEC24B,930,0.0109
ARHGEF12,930,0.0109
RPS6KC1,930,0.0109
GAS2L2,930,0.0109
SYNRG,930,0.0109
PCDHGA4,930,0.0109
ZNF808,930,0.0109
IPO4,929,0.0109
ATP12A,929,0.0109
ARHGEF5,929,0.0109
RAD51D,929,0.0109
NLRP9,929,0.0109
PLOD3,928,0.0109
ABCG5,928,0.0109
KL,928,0.0109
SUGP2,927,0.0109
FBXW5,927,0.0109
NSD2,927,0.0109
ARHGAP29,927,0.0109
ZBED4,927,0.0109
NOS2,927,0.0109
MOGS,926,0.0109
ABCB1,926,0.0109
ADAMTS15,926,0.0109
SMARCAL1,925,0.0108
TGM6,925,0.0108
AMBRA1,924,0.0108
ZNF541,924,0.0108
ZBTB40,924,0.0108
GRIN2C,924,0.0108
ENG,924,0.0108
SH3PXD2B,924,0.0108
NFE2L3,924,0.0108
PFKP,924,0.0108
RFWD3,923,0.0108
BTAF1,923,0.0108
MYO1G,923,0.0108
SLC4A11,923,0.0108
HYOU1,923,0.0108
FAM184B,922,0.0108
EPX,921,0.0108
CD101,921,0.0108
ANKLE2,921,0.0108
VWA5B1,921,0.0108
ZNF628,921,0.0108
NUP133,921,0.0108
PNKP,920,0.0108
CDH2,920,0.0108
ATP8A2,920,0.0108
TSPEAR,920,0.0108
MAML3,919,0.0108
PELP1,919,0.0108
BAZ1A,918,0.0108
INSR,918,0.0108
SYNPO2,918,0.0108
PPP1R13B,918,0.0108
TACC3,918,0.0108
RBM33,918,0.0108
ITGA1,917,0.0107
NRK,917,0.0107
RABL6,917,0.0107
CNGA3,917,0.0107
TGM1,916,0.0107
ZKSCAN2,916,0.0107
ADCY4,915,0.0107
TANGO6,915,0.0107
AP5B1,914,0.0107
CHAT,914,0.0107
NEXMIF,914,0.0107
HGFAC,914,0.0107
FKBP15,914,0.0107
DSEL,913,0.0107
ANKS3,913,0.0107
SGO2,913,0.0107
PLA2G4D,913,0.0107
WASHC4,913,0.0107
PSD4,912,0.0107
COQ8A,912,0.0107
PCDHAC1,912,0.0107
BCOR,912,0.0107
DENND2B,912,0.0107
PIWIL2,911,0.0107
SCUBE1,910,0.0107
MANBA,910,0.0107
CLMN,910,0.0107
PSG8,910,0.0107
KDM3A,909,0.0107
ANKZF1,909,0.0107
MAN2A1,909,0.0107
GPRIN1,909,0.0107
LRRC66,909,0.0107
HELB,909,0.0107
SORCS3,908,0.0106
TUT7,908,0.0106
OSBPL5,908,0.0106
PKN3,908,0.0106
ARMC5,908,0.0106
COPA,908,0.0106
RGS22,908,0.0106
CARD6,908,0.0106
PCDHB6,908,0.0106
MAML1,908,0.0106
COL9A2,907,0.0106
KIF5A,907,0.0106
NOMO1,907,0.0106
ABTB2,906,0.0106
ST18,906,0.0106
PLCB1,906,0.0106
USP32,906,0.0106
CADPS,905,0.0106
ADNP,905,0.0106
KDM3B,905,0.0106
SLC38A8,905,0.0106
PCDHGA12,905,0.0106
SEC31A,905,0.0106
ATP13A1,904,0.0106
KLHDC4,904,0.0106
SLC4A1,904,0.0106
SLC14A2,904,0.0106
TTI1,903,0.0106
USPL1,903,0.0106
PCDH18,903,0.0106
LTK,903,0.0106
ZNF644,903,0.0106
WWC1,903,0.0106
APAF1,903,0.0106
CADPS2,902,0.0106
GRID2,902,0.0106
PITPNM2,902,0.0106
BICD2,902,0.0106
INPP5J,902,0.0106
FAM83B,901,0.0106
CCDC136,901,0.0106
VLDLR,901,0.0106
ITIH1,901,0.0106
LRSAM1,900,0.0106
ZMIZ1,900,0.0106
PTPRO,900,0.0106
TSHZ3,900,0.0106
ERMP1,899,0.0105
LATS2,899,0.0105
ARHGEF26,899,0.0105
PPP6R1,898,0.0105
TRAK1,898,0.0105
RALGAPB,898,0.0105
GATA2,898,0.0105
IARS2,897,0.0105
SYDE2,897,0.0105
MCM9,897,0.0105
FAM171A1,897,0.0105
WDR11,896,0.0105
ADAM8,896,0.0105
H1-2,896,0.0105
XPC,896,0.0105
PTEN,895,0.0105
LPIN2,895,0.0105
ZBTB21,894,0.0105
SCAF4,894,0.0105
LRIG2,893,0.0105
PSG7,893,0.0105
ZNF845,893,0.0105
DAGLB,893,0.0105
SPAG5,893,0.0105
BBS9,893,0.0105
FNDC3B,893,0.0105
B4GALNT4,893,0.0105
NAALADL2,892,0.0105
RAPGEF3,892,0.0105
CCDC150,892,0.0105
ANKS6,892,0.0105
ICE2,892,0.0105
MPHOSPH9,891,0.0104
SEC24A,891,0.0104
ADGRF1,891,0.0104
ATF7IP,891,0.0104
NAGLU,890,0.0104
RTN3,890,0.0104
VWA5B2,890,0.0104
CPED1,890,0.0104
POTEI,890,0.0104
SUPT6H,890,0.0104
DSG3,889,0.0104
ZNF341,889,0.0104
ITGA2,889,0.0104
ZNF254,889,0.0104
MARS1,889,0.0104
EPHA2,888,0.0104
ANPEP,888,0.0104
PKN1,888,0.0104
PCDHB15,888,0.0104
CNTN4,887,0.0104
GARRE1,887,0.0104
PIK3CG,887,0.0104
CDT1,887,0.0104
UNC13A,886,0.0104
PCDHGB2,886,0.0104
PCCA,886,0.0104
AASDH,885,0.0104
NBPF12,885,0.0104
ADGRE2,885,0.0104
SEMA4A,885,0.0104
C15orf39,884,0.0104
FRMD4A,884,0.0104
TRAPPC12,884,0.0104
PCDHGB4,883,0.0104
CCAR2,882,0.0103
TBC1D2,882,0.0103
ABCC5,881,0.0103
SLC22A5,881,0.0103
ABCB6,881,0.0103
CDH16,881,0.0103
EIF2AK3,881,0.0103
GRIP1,881,0.0103
ADAMTS5,881,0.0103
SMAD4,881,0.0103
PLEKHM1,881,0.0103
SMC2,881,0.0103
CTNND2,881,0.0103
MINK1,880,0.0103
FAAP100,880,0.0103
CEP104,880,0.0103
ENPEP,880,0.0103
GIGYF2,880,0.0103
IGFALS,880,0.0103
RBM12B,880,0.0103
DIS3L,879,0.0103
SLC12A2,879,0.0103
SMAD6,879,0.0103
DENND2A,879,0.0103
KLHL40,878,0.0103
MAP10,878,0.0103
FTSJ3,878,0.0103
CTAGE1,877,0.0103
MROH6,877,0.0103
ZMYM6,877,0.0103
MTMR3,876,0.0103
PSG6,876,0.0103
EXO1,876,0.0103
LMF2,876,0.0103
HSD17B4,876,0.0103
EPS8L2,876,0.0103
GPLD1,876,0.0103
PLEKHA4,875,0.0103
CSF3R,875,0.0103
MAN1B1,875,0.0103
ADCY3,875,0.0103
ZNF217,875,0.0103
ACSF3,875,0.0103
DSC3,875,0.0103
SUFU,875,0.0103
PIK3R4,875,0.0103
KCNMA1,874,0.0102
CLCN7,874,0.0102
C6orf132,874,0.0102
MMEL1,874,0.0102
CLIP2,874,0.0102
LILRB2,874,0.0102
PLXNC1,874,0.0102
ATP2A3,873,0.0102
CDH5,873,0.0102
IQCE,873,0.0102
ALDH1L1,873,0.0102
ARHGAP20,873,0.0102
LCMT2,873,0.0102
KCNH5,873,0.0102
MZF1,873,0.0102
PLEKHG6,873,0.0102
REV1,873,0.0102
SCAPER,872,0.0102
EXTL3,872,0.0102
ZNF408,872,0.0102
KLHL17,872,0.0102
GARIN5B,872,0.0102
AOC2,872,0.0102
DGKD,872,0.0102
ZNF532,871,0.0102
KCNA5,871,0.0102
INPP5F,871,0.0102
PLA2G6,871,0.0102
PCDH8,871,0.0102
TBCK,871,0.0102
CPD,871,0.0102
XRN1,871,0.0102
CCDC66,870,0.0102
DZIP3,870,0.0102
SSH1,870,0.0102
NWD2,870,0.0102
RBL2,870,0.0102
SEC24D,870,0.0102
SENP6,870,0.0102
GANC,869,0.0102
PTK2B,869,0.0102
HELQ,869,0.0102
PCDH19,869,0.0102
UGT2B11,869,0.0102
ZNF814,869,0.0102
TMF1,868,0.0102
ADGRD1,868,0.0102
LRIG3,868,0.0102
USP10,868,0.0102
FHIP1B,867,0.0102
TGS1,867,0.0102
WDR97,867,0.0102
EEA1,867,0.0102
PYGL,867,0.0102
CCDC80,867,0.0102
CNTROB,867,0.0102
MCM7,866,0.0102
GOLGA8H,866,0.0102
POP1,866,0.0102
AGAP1,866,0.0102
PLCB3,866,0.0102
FAM83C,865,0.0101
MCM2,865,0.0101
PRAMEF11,865,0.0101
BCAN,865,0.0101
POMGNT1,865,0.0101
ZRANB3,864,0.0101
TEK,864,0.0101
LUZP1,864,0.0101
TLR3,864,0.0101
PUM3,864,0.0101
ITGA9,864,0.0101
LOXL2,864,0.0101
PTK7,863,0.0101
TRDN,863,0.0101
KLHDC7A,863,0.0101
SLC7A14,863,0.0101
SPIRE2,862,0.0101
MEAK7,862,0.0101
TOP3A,862,0.0101
NOC4L,862,0.0101
NAT10,862,0.0101
SLFN13,861,0.0101
DHX29,861,0.0101
ITGAL,861,0.0101
GPRIN3,861,0.0101
MMRN2,861,0.0101
VARS2,861,0.0101
BCORL1,860,0.0101
ARHGAP11A,860,0.0101
CLSTN3,860,0.0101
CLSTN1,859,0.0101
SORBS3,859,0.0101
LARS1,859,0.0101
PRDM13,859,0.0101
GRM1,859,0.0101
MYO6,859,0.0101
ZNF521,859,0.0101
ADAMTS8,858,0.0101
SIPA1L1,858,0.0101
CHRD,858,0.0101
MFRP,858,0.0101
SRGAP3,858,0.0101
ACOX3,857,0.01
RIGI,857,0.01
ABCB4,857,0.01
SEC24C,857,0.01
CHRNE,857,0.01
CARD10,857,0.01
CLSTN2,857,0.01
PALD1,857,0.01
SIDT1,857,0.01
NLRP11,856,0.01
MUSK,856,0.01
DDX51,856,0.01
PCDHGA11,856,0.01
ARMC9,855,0.01
EDC4,855,0.01
DRC7,854,0.01
SMG5,854,0.01
DBH,854,0.01
RIMBP3,853,0.01
CARMIL1,853,0.01
IL6ST,853,0.01
CEP126,853,0.01
CAPN5,853,0.01
PDZD8,853,0.01
USP20,853,0.01
ARHGEF1,853,0.01
VWCE,853,0.01
P3H2,852,0.01
CYP2D6,852,0.01
PDIA2,852,0.01
PKP2,852,0.01
COL10A1,852,0.01
SEMA3G,851,0.01
SEL1L3,851,0.01
SLC27A3,851,0.01
PAH,851,0.01
TTC16,851,0.01
SEZ6L,851,0.01
FCRL5,851,0.01
DCST2,850,0.01
FBXW10,850,0.01
RHBDF1,850,0.01
RHOT2,850,0.01
RBMXL3,850,0.01
MACC1,849,0.01
KBTBD13,849,0.01
AMPD1,849,0.01
FIG4,848,0.0099
SLFN11,848,0.0099
CBFA2T3,848,0.0099
PCDHB4,847,0.0099
RBBP8,847,0.0099
MELTF,847,0.0099
TLR9,847,0.0099
NIBAN1,847,0.0099
FNIP2,847,0.0099
ABL2,846,0.0099
STK10,846,0.0099
ABTB3,846,0.0099
NYAP1,846,0.0099
NFATC3,846,0.0099
TTF1,846,0.0099
SEMA3E,846,0.0099
SART3,846,0.0099
MTTP,845,0.0099
TTC17,845,0.0099
AP3D1,845,0.0099
MOV10L1,845,0.0099
CDH4,845,0.0099
UBA7,845,0.0099
INPP5E,845,0.0099
NFATC2,845,0.0099
TBC1D16,844,0.0099
MAP3K15,844,0.0099
TBC1D9B,844,0.0099
TRMT44,844,0.0099
PCDHGA9,843,0.0099
MYORG,843,0.0099
ANKFY1,843,0.0099
POLN,843,0.0099
XKR5,842,0.0099
ZBTB4,842,0.0099
ADAMTS1,842,0.0099
BRPF3,842,0.0099
GAN,842,0.0099
LEPR,842,0.0099
HIPK2,842,0.0099
EML5,842,0.0099
TRPV3,841,0.0099
SLC9A4,841,0.0099
GALC,841,0.0099
SIGLEC11,841,0.0099
PSD,841,0.0099
ATP1A2,841,0.0099
AXIN1,841,0.0099
ST14,840,0.0098
SMPD1,839,0.0098
GRID1,839,0.0098
DNAAF9,838,0.0098
RSPH6A,838,0.0098
LOXL4,838,0.0098
ATP2B4,838,0.0098
ZNRF3,837,0.0098
MYT1,837,0.0098
LGR6,837,0.0098
MMUT,837,0.0098
HPS6,837,0.0098
AFF4,837,0.0098
PRAMEF2,837,0.0098
LMNTD2,836,0.0098
CDH26,836,0.0098
THBS1,836,0.0098
SLC5A2,835,0.0098
DNM2,835,0.0098
PCCB,834,0.0098
ESYT3,834,0.0098
NUTM2G,834,0.0098
FSCN2,834,0.0098
TDRD1,834,0.0098
USP53,834,0.0098
EXOC4,834,0.0098
IQCH,834,0.0098
ANKK1,833,0.0098
PCDH9,833,0.0098
PCDHGB5,832,0.0098
POR,832,0.0098
ELAPOR1,832,0.0098
TMC2,832,0.0098
KLHL25,832,0.0098
AIRE,832,0.0098
ITIH2,832,0.0098
HPS1,831,0.0097
DDX11,831,0.0097
PSD3,830,0.0097
OSMR,830,0.0097
EPB41L2,830,0.0097
ZSWIM5,830,0.0097
BAZ1B,829,0.0097
DNMT3B,829,0.0097
CHD1L,829,0.0097
TUBGCP2,829,0.0097
RNF43,829,0.0097
AXDND1,829,0.0097
OLFML2A,829,0.0097
PCDH10,829,0.0097
TMC5,828,0.0097
LRRCC1,828,0.0097
CDHR3,828,0.0097
SLCO5A1,828,0.0097
HK2,828,0.0097
PPP1R21,827,0.0097
CLCNKB,827,0.0097
PCDHGB7,827,0.0097
ARMCX4,827,0.0097
WDR59,827,0.0097
VWA2,827,0.0097
ERC1,826,0.0097
PRSS12,826,0.0097
ARID4A,826,0.0097
ERAP2,826,0.0097
ARHGAP39,825,0.0097
PHLDB3,825,0.0097
INTU,825,0.0097
KCNH8,825,0.0097
ORC1,825,0.0097
TRPV1,825,0.0097
COMP,825,0.0097
TEX2,825,0.0097
AQR,824,0.0097
DDHD1,824,0.0097
SEMA6D,824,0.0097
AKAP8,824,0.0097
MAD1L1,824,0.0097
TMC8,824,0.0097
HIPK3,824,0.0097
DOCK11,823,0.0096
NFX1,823,0.0096
KRT6B,823,0.0096
SLF2,823,0.0096
SEMA4B,823,0.0096
NEXN,823,0.0096
CHAF1A,822,0.0096
CCDC185,822,0.0096
GOLGA6L2,821,0.0096
STON1,821,0.0096
SLC4A5,821,0.0096
PARP1,821,0.0096
PCDHB2,821,0.0096
ADAMTS4,821,0.0096
ALG1,820,0.0096
STRC,820,0.0096
DCLRE1A,820,0.0096
RBL1,820,0.0096
PWP2,820,0.0096
PLG,819,0.0096
PTPN3,819,0.0096
SEC23IP,819,0.0096
MPO,819,0.0096
PTPRN,818,0.0096
GOLGA6L22,818,0.0096
MYO1D,818,0.0096
SGSM3,818,0.0096
MTSS2,818,0.0096
NFATC4,818,0.0096
PDE6C,817,0.0096
IBTK,817,0.0096
RNF111,817,0.0096
ITGB6,817,0.0096
VWA7,817,0.0096
PCDHGB6,817,0.0096
PROSER1,817,0.0096
PRICKLE2,817,0.0096
USP43,817,0.0096
PAM,816,0.0096
MMS19,816,0.0096
LRRC8E,816,0.0096
EPS8L1,815,0.0096
EGFLAM,815,0.0096
PRRT3,815,0.0096
ECT2L,814,0.0095
TRIM37,814,0.0095
RASAL3,814,0.0095
GPATCH1,814,0.0095
DSC1,813,0.0095
CEP112,813,0.0095
TPP1,813,0.0095
MOCS1,812,0.0095
BMPR2,812,0.0095
ADGRE5,812,0.0095
MMP9,812,0.0095
NCAPG2,812,0.0095
ARFGEF1,811,0.0095
PSG3,811,0.0095
SPECC1L,811,0.0095
FCRL3,811,0.0095
SYNPO2L,811,0.0095
MAP3K5,811,0.0095
FSCB,811,0.0095
PRB2,810,0.0095
GARS1,810,0.0095
FOXD4,810,0.0095
ZNF229,810,0.0095
SIX5,810,0.0095
ZNF366,810,0.0095
FNIP1,810,0.0095
LGR5,810,0.0095
ITIH4,809,0.0095
TRMT9B,809,0.0095
GALNS,809,0.0095
ATP4A,809,0.0095
XAB2,809,0.0095
DISC1,809,0.0095
TNFAIP3,809,0.0095
THBS4,808,0.0095
MAPK15,808,0.0095
SMC5,808,0.0095
TYRP1,807,0.0095
C3orf20,807,0.0095
AHR,807,0.0095
PRAMEF4,807,0.0095
RUBCN,807,0.0095
MED25,807,0.0095
STK31,807,0.0095
TDRD7,807,0.0095
ARID5B,807,0.0095
CCDC39,806,0.0094
IFT88,806,0.0094
ZSCAN20,805,0.0094
ZNF347,805,0.0094
ATMIN,805,0.0094
ARHGAP35,804,0.0094
STXBP2,804,0.0094
PCDHB3,804,0.0094
CATSPERD,804,0.0094
USHBP1,804,0.0094
RIN1,804,0.0094
TBC1D31,804,0.0094
TAS1R1,804,0.0094
TGFBR2,804,0.0094
ADAM28,804,0.0094
ZNF507,804,0.0094
ITIH3,803,0.0094
TBC1D24,803,0.0094
SDHB,803,0.0094
MYRF,802,0.0094
KIF20A,802,0.0094
HMGXB3,802,0.0094
FAM13A,802,0.0094
ITGAV,801,0.0094
CYP27A1,801,0.0094
MLIP,801,0.0094
CDH19,801,0.0094
ZMYM4,801,0.0094
IGDCC3,800,0.0094
CATSPERB,800,0.0094
FNDC3A,800,0.0094
SPAST,799,0.0094
SEMA4F,799,0.0094
CD36,799,0.0094
PCDHGA10,799,0.0094
DROSHA,799,0.0094
ELMO3,799,0.0094
VILL,799,0.0094
PNPT1,799,0.0094
MLLT6,799,0.0094
ADGRE1,799,0.0094
MTMR7,799,0.0094
AMOTL1,798,0.0094
UBR3,798,0.0094
EPB41L4A,798,0.0094
INTS5,798,0.0094
WDR33,798,0.0094
SGSH,798,0.0094
IRF7,797,0.0093
TYR,797,0.0093
STOX1,797,0.0093
PERM1,796,0.0093
ZMYM2,796,0.0093
CCDC87,796,0.0093
CACNA2D3,796,0.0093
CPXM2,795,0.0093
BRF1,795,0.0093
LPIN3,795,0.0093
SRCIN1,795,0.0093
KRT84,795,0.0093
ANO9,795,0.0093
EPHA3,795,0.0093
NPR2,795,0.0093
TTC27,794,0.0093
CSGALNACT1,794,0.0093
ZNF226,794,0.0093
SPPL2C,793,0.0093
ERAP1,793,0.0093
AMOTL2,793,0.0093
USP4,793,0.0093
UROC1,793,0.0093
UBE2O,792,0.0093
DCLRE1C,792,0.0093
GMIP,792,0.0093
ZC3H6,791,0.0093
CDH13,791,0.0093
ZNF574,791,0.0093
DGKG,791,0.0093
SMYD4,791,0.0093
RFX1,791,0.0093
IGKV3-20,791,0.0093
DENND2C,790,0.0093
NEDD4L,790,0.0093
KLB,790,0.0093
CEP68,790,0.0093
TTLL12,790,0.0093
TTLL10,790,0.0093
NECAB2,790,0.0093
PCDH20,790,0.0093
OTUD4,789,0.0092
ATOSA,789,0.0092
LMNB2,789,0.0092
ENPP3,789,0.0092
SCAND3,789,0.0092
ACD,789,0.0092
LMTK3,789,0.0092
EXT2,788,0.0092
KCNG4,788,0.0092
BBS10,788,0.0092
IRF2BPL,788,0.0092
SEMA4D,788,0.0092
ATXN1,788,0.0092
DNMT3A,788,0.0092
PIK3R6,788,0.0092
TUT1,788,0.0092
ZNF827,788,0.0092
GALNT5,788,0.0092
GUCY2F,787,0.0092
ENGASE,787,0.0092
FAM184A,787,0.0092
RPTOR,787,0.0092
BBS2,787,0.0092
TICAM1,787,0.0092
BCAR3,787,0.0092
HCN1,787,0.0092
RBM44,786,0.0092
CLCA2,786,0.0092
USP6NL,786,0.0092
VPS35L,786,0.0092
EYA4,785,0.0092
UNC5C,785,0.0092
SIPA1,785,0.0092
ATP11B,784,0.0092
FGFR4,784,0.0092
SLC18A1,784,0.0092
SBNO1,784,0.0092
ZBTB38,784,0.0092
FSTL4,784,0.0092
LRGUK,783,0.0092
CHRNA2,783,0.0092
KANSL1L,783,0.0092
NELL1,783,0.0092
NEMF,782,0.0092
PKD2L1,782,0.0092
MTHFD1L,782,0.0092
GOLGA6L6,782,0.0092
CNTN1,782,0.0092
AXL,782,0.0092
FBXO10,782,0.0092
NSUN2,781,0.0092
ZNF276,781,0.0092
TERF2IP,781,0.0092
GRIK4,781,0.0092
PIGQ,781,0.0092
KIF22,781,0.0092
WRNIP1,781,0.0092
FKRP,781,0.0092
ATXN2L,781,0.0092
PGGHG,780,0.0091
VWA5A,780,0.0091
UBA6,780,0.0091
MFSD12,780,0.0091
DDX24,780,0.0091
MICALL1,780,0.0091
GPRC6A,780,0.0091
FBLN2,780,0.0091
EHMT2,779,0.0091
VPS16,779,0.0091
ITGA3,779,0.0091
NUTM2F,779,0.0091
CARS2,779,0.0091
FOXN1,779,0.0091
ARID4B,778,0.0091
ZNF268,778,0.0091
SPAG9,778,0.0091
ANKS1A,778,0.0091
MYRIP,778,0.0091
EFHB,778,0.0091
PPP1R12B,778,0.0091
VASN,778,0.0091
KEL,778,0.0091
SLCO4A1,777,0.0091
OLFML2B,777,0.0091
IL12RB1,777,0.0091
USP38,777,0.0091
ITGB3,777,0.0091
PROM2,777,0.0091
XYLT2,777,0.0091
SLITRK6,777,0.0091
LILRA2,776,0.0091
P3H1,776,0.0091
LTF,776,0.0091
USP29,776,0.0091
POLR3B,776,0.0091
HPS4,776,0.0091
TOP2A,776,0.0091
RBM6,776,0.0091
CPT2,776,0.0091
TAF4,776,0.0091
SLC29A4,776,0.0091
SLITRK3,776,0.0091
TLL1,775,0.0091
GLB1,775,0.0091
ZSWIM6,775,0.0091
DLGAP4,775,0.0091
ATP6V0A2,775,0.0091
PSD2,775,0.0091
TBC1D9,775,0.0091
TGM3,774,0.0091
CPT1C,774,0.0091
FAM120B,774,0.0091
SEZ6,774,0.0091
GBA2,774,0.0091
TCF25,773,0.0091
PRAM1,773,0.0091
PRF1,773,0.0091
GTSE1,773,0.0091
NCKAP1L,773,0.0091
TMEM43,773,0.0091
ZNF611,772,0.009
NAALADL1,772,0.009
MAMDC4,772,0.009
ATP2B2,772,0.009
FAM186B,771,0.009
PSG4,771,0.009
CLCA4,771,0.009
ADAM15,771,0.009
CATSPER1,771,0.009
UBE4B,771,0.009
TLR1,770,0.009
EPHB3,770,0.009
PCDHGC5,770,0.009
PCDHGC3,770,0.009
LARS2,770,0.009
ZNF512B,770,0.009
DZIP1L,770,0.009
ZNF616,770,0.009
PEX5,770,0.009
L1TD1,770,0.009
ZNF780B,770,0.009
CACNA1C,770,0.009
FLT3,770,0.009
SPATA31A6,770,0.009
EMILIN3,769,0.009
SULF1,769,0.009
ZHX2,769,0.009
SCIN,769,0.009
LIG3,769,0.009
IGKV1-5,769,0.009
PCSK6,769,0.009
SLFN5,769,0.009
AP4B1,768,0.009
RAB3GAP1,768,0.009
HOOK2,768,0.009
MTRR,768,0.009
FAM47C,767,0.009
BCAM,767,0.009
EEF2K,767,0.009
HIPK1,767,0.009
PRKAG2,767,0.009
CYP2A7,767,0.009
PTCD1,766,0.009
ZNF700,766,0.009
STOX2,766,0.009
PCK2,766,0.009
MNDA,765,0.009
KLHL38,765,0.009
NEFM,765,0.009
MMP25,765,0.009
RASGRF2,765,0.009
THSD1,765,0.009
RGS9,765,0.009
ECEL1,765,0.009
AKAP1,765,0.009
SH3BP2,765,0.009
CTNND1,765,0.009
THBS3,765,0.009
PGR,765,0.009
ACAP3,765,0.009
BICC1,765,0.009
AOC1,765,0.009
E4F1,764,0.009
ULK2,764,0.009
ABCD1,764,0.009
TRAF3IP1,764,0.009
SLC7A2,764,0.009
ALPP,764,0.009
SH3RF2,764,0.009
SULF2,764,0.009
SELP,763,0.0089
HOXB13,763,0.0089
PAMR1,763,0.0089
CNTN3,763,0.0089
DES,763,0.0089
DIS3,763,0.0089
MTHFD1,763,0.0089
ZNF197,763,0.0089
TUBGCP5,763,0.0089
ITGA5,763,0.0089
GART,763,0.0089
RBM15,763,0.0089
MINDY4,762,0.0089
HCFC1,762,0.0089
ZNF28,762,0.0089
NIBAN2,762,0.0089
HJURP,762,0.0089
LSS,762,0.0089
EPHB2,762,0.0089
LRCH4,762,0.0089
MGRN1,762,0.0089
PLCD1,761,0.0089
CLCA1,761,0.0089
SH2B1,761,0.0089
NNT,761,0.0089
DDR1,761,0.0089
FHIP2B,761,0.0089
PADI1,761,0.0089
KCNH1,761,0.0089
SKOR1,761,0.0089
DDIAS,761,0.0089
PRSS36,761,0.0089
ZNF451,760,0.0089
ZNF443,760,0.0089
WFIKKN1,760,0.0089
GRM8,760,0.0089
PRICKLE1,759,0.0089
MORC2,759,0.0089
MECOM,759,0.0089
HERC5,759,0.0089
PML,759,0.0089
AP1G2,758,0.0089
ARHGAP22,758,0.0089
RGPD8,758,0.0089
MVP,758,0.0089
PDXDC1,758,0.0089
NDST2,758,0.0089
LPP,758,0.0089
HERC6,758,0.0089
CCDC178,757,0.0089
HCN3,757,0.0089
ZNF836,757,0.0089
ZHX3,757,0.0089
MCCC1,756,0.0089
SLF1,756,0.0089
PPEF2,756,0.0089
ZSCAN29,756,0.0089
SPATA31A3,756,0.0089
PCDHAC2,756,0.0089
ZMIZ2,756,0.0089
SFMBT2,756,0.0089
SRGAP1,756,0.0089
GANAB,755,0.0089
ARHGEF16,755,0.0089
EXOC3L4,755,0.0089
LCA5,754,0.0088
SIN3A,754,0.0088
DRC1,754,0.0088
AOC3,754,0.0088
TSR1,753,0.0088
HLTF,753,0.0088
WWP2,753,0.0088
ALDH18A1,753,0.0088
WASHC2A,753,0.0088
GCFC2,752,0.0088
PIK3CD,752,0.0088
LOXL3,752,0.0088
CFAP58,752,0.0088
NDOR1,752,0.0088
HGS,752,0.0088
LRWD1,751,0.0088
SLC2A10,751,0.0088
ZNF761,751,0.0088
SMC1B,751,0.0088
LRRC37A2,750,0.0088
MATN2,750,0.0088
CD93,750,0.0088
ADAM7,750,0.0088
AKAP3,750,0.0088
KRI1,750,0.0088
ADAM33,750,0.0088
ALG13,750,0.0088
ZSCAN5B,750,0.0088
CWF19L2,750,0.0088
KCTD19,749,0.0088
IL4R,749,0.0088
BACH2,749,0.0088
DSTYK,749,0.0088
MAP3K10,749,0.0088
ALPL,749,0.0088
RGSL1,749,0.0088
AFAP1L2,749,0.0088
GRM4,749,0.0088
PRDM8,749,0.0088
SLC9A3,749,0.0088
ZNF717,748,0.0088
SLC6A19,748,0.0088
ABCB9,748,0.0088
TCTN2,748,0.0088
CHAMP1,748,0.0088
PPP1R13L,748,0.0088
RTL9,748,0.0088
PLCL1,748,0.0088
TRIM32,748,0.0088
AASS,748,0.0088
LRP3,748,0.0088
CEP72,747,0.0088
ANO6,747,0.0088
TPTE,747,0.0088
FAM83G,747,0.0088
RFX6,747,0.0088
SLC12A8,747,0.0088
SLC39A4,747,0.0088
PMS1,747,0.0088
EXOC3L1,746,0.0087
PTGFRN,746,0.0087
CLCNKA,746,0.0087
SLC26A3,746,0.0087
BLK,745,0.0087
AKNAD1,745,0.0087
EXOSC10,745,0.0087
SLC26A9,745,0.0087
DDX10,745,0.0087
ZNF618,744,0.0087
H1-3,744,0.0087
CFAP91,744,0.0087
SQSTM1,744,0.0087
CIP2A,744,0.0087
NHS,744,0.0087
IFT80,743,0.0087
EPN3,743,0.0087
RAPGEF4,743,0.0087
NCOA7,743,0.0087
KIF18B,743,0.0087
EPHB1,743,0.0087
CAPN9,743,0.0087
NSD3,743,0.0087
OR4A5,743,0.0087
MLYCD,743,0.0087
LRFN2,743,0.0087
ZSCAN32,742,0.0087
SNCAIP,742,0.0087
SMARCC1,742,0.0087
NGLY1,742,0.0087
CEP89,742,0.0087
IGHV1-2,742,0.0087
KIF2B,741,0.0087
GYS1,741,0.0087
PAK6,741,0.0087
SEMA6C,741,0.0087
TEKT5,741,0.0087
FHIP1A,741,0.0087
ACSM2A,741,0.0087
VIL1,741,0.0087
DVL2,741,0.0087
UBQLN3,740,0.0087
DPP7,740,0.0087
NOP2,740,0.0087
SPICE1,740,0.0087
LARP1B,740,0.0087
CRACDL,740,0.0087
BBS12,739,0.0087
DNAI4,739,0.0087
MYLK2,739,0.0087
MAGI1,739,0.0087
AVIL,739,0.0087
ANKRD44,739,0.0087
CEP95,739,0.0087
PLEC,739,0.0087
SPIDR,738,0.0087
CD22,738,0.0087
PHKA2,738,0.0087
SLC27A5,738,0.0087
TCHHL1,738,0.0087
DNAI1,738,0.0087
LILRA1,738,0.0087
MME,738,0.0087
PLCG1,737,0.0086
IL17RD,737,0.0086
ZNF546,737,0.0086
ZNF726,737,0.0086
ZNF750,737,0.0086
PHKA1,736,0.0086
KRT76,736,0.0086
ADARB2,736,0.0086
SLC26A8,736,0.0086
WDR3,736,0.0086
KLC3,736,0.0086
GPR149,736,0.0086
BRDT,736,0.0086
CFAP221,736,0.0086
ASAH1,735,0.0086
NUP88,735,0.0086
CHSY3,735,0.0086
RBM12,734,0.0086
TOP1MT,734,0.0086
MCM8,734,0.0086
HIP1,734,0.0086
SLK,734,0.0086
PNPLA8,734,0.0086
LRRN4,734,0.0086
EPS8,734,0.0086
USP9X,733,0.0086
CFAP69,733,0.0086
IQCA1,733,0.0086
SDCCAG8,733,0.0086
PRKD1,733,0.0086
ZNF438,733,0.0086
ASAP3,733,0.0086
BNC1,732,0.0086
MCM5,732,0.0086
CKAP2L,732,0.0086
NADSYN1,732,0.0086
TGM2,732,0.0086
C8A,732,0.0086
HK1,732,0.0086
CPT1A,732,0.0086
FMNL3,732,0.0086
TRAK2,731,0.0086
ENPP1,731,0.0086
CYP2A6,731,0.0086
LENG8,731,0.0086
FDFT1,731,0.0086
DENND4C,731,0.0086
RALGDS,731,0.0086
VAV2,731,0.0086
ITGA4,731,0.0086
LZTS1,730,0.0086
MTMR9,730,0.0086
ASAP2,730,0.0086
SLCO1B3,730,0.0086
TGM7,730,0.0086
MAP3K11,730,0.0086
CBLB,730,0.0086
GPT,730,0.0086
OFD1,730,0.0086
MLLT10,729,0.0085
MMP17,729,0.0085
BEST1,729,0.0085
ERCC3,729,0.0085
CDH17,729,0.0085
DLGAP3,729,0.0085
DOCK4,729,0.0085
SCUBE3,729,0.0085
TPCN2,729,0.0085
VEPH1,729,0.0085
KIF18A,729,0.0085
KIF11,729,0.0085
INTS4,729,0.0085
RNF40,728,0.0085
OSBP2,728,0.0085
PFKL,728,0.0085
DHCR7,728,0.0085
RPTN,728,0.0085
NRP1,728,0.0085
DENND1C,728,0.0085
FGFRL1,727,0.0085
CCDC146,727,0.0085
HEXA,727,0.0085
RUSC1,727,0.0085
LNX1,727,0.0085
HASPIN,727,0.0085
SCLT1,727,0.0085
CPA1,727,0.0085
GGN,727,0.0085
TEKT4,726,0.0085
GBE1,726,0.0085
LINS1,726,0.0085
TRIM56,726,0.0085
RHOBTB2,726,0.0085
FOXRED2,726,0.0085
SLC12A9,726,0.0085
SCYL1,726,0.0085
NEDD9,725,0.0085
KCNH4,725,0.0085
TBC1D17,725,0.0085
ZNF470,725,0.0085
ACO1,725,0.0085
AMER1,725,0.0085
TFR2,725,0.0085
PROB1,724,0.0085
SHROOM1,724,0.0085
PPP1R15B,724,0.0085
BAHD1,724,0.0085
MASP2,724,0.0085
TMTC1,724,0.0085
FGFR1,724,0.0085
MLXIPL,724,0.0085
ARHGEF19,724,0.0085
GRN,724,0.0085
RHPN1,724,0.0085
DSE,723,0.0085
LATS1,723,0.0085
AGTPBP1,723,0.0085
OGFR,723,0.0085
CRISPLD2,723,0.0085
NUP93,723,0.0085
CCDC15,723,0.0085
SLC26A2,723,0.0085
CEP97,722,0.0085
EIF4ENIF1,722,0.0085
FTCD,722,0.0085
BNIP5,722,0.0085
C2orf78,722,0.0085
QSOX1,722,0.0085
TRMT1,722,0.0085
CCDC73,722,0.0085
FMNL1,722,0.0085
PHF12,721,0.0085
CHPF,721,0.0085
WHAMM,721,0.0085
SEC23B,721,0.0085
NPR1,721,0.0085
COL21A1,721,0.0085
KIAA1671,720,0.0084
ADGRF4,720,0.0084
ETAA1,720,0.0084
IQSEC2,720,0.0084
ZDHHC8,720,0.0084
BICRAL,720,0.0084
EDRF1,719,0.0084
PGAP1,719,0.0084
BRD8,719,0.0084
ANO1,719,0.0084
GRM5,719,0.0084
GRM7,718,0.0084
USP8,718,0.0084
CCDC157,718,0.0084
ELFN2,718,0.0084
CCNF,718,0.0084
TBC1D2B,718,0.0084
CD163,718,0.0084
PNPLA2,718,0.0084
ACSM2B,718,0.0084
HSPA6,717,0.0084
ADAM19,717,0.0084
BPIFB4,717,0.0084
FNBP4,717,0.0084
TAF2,717,0.0084
SCNN1A,717,0.0084
RAF1,717,0.0084
SECISBP2,717,0.0084
TTLL6,716,0.0084
SH2D3C,716,0.0084
POM121L2,716,0.0084
TXNRD2,716,0.0084
SLC34A1,716,0.0084
GGA3,716,0.0084
SLC45A2,716,0.0084
PWWP3A,715,0.0084
COG7,715,0.0084
CARD9,715,0.0084
LARGE2,715,0.0084
SH3RF3,715,0.0084
BANK1,715,0.0084
SECISBP2L,715,0.0084
PABPC3,714,0.0084
FOXK2,714,0.0084
DZIP1,714,0.0084
ACLY,714,0.0084
IGSF22,714,0.0084
AFTPH,714,0.0084
NDUFS1,714,0.0084
TNIK,713,0.0084
ADAM29,713,0.0084
P3H3,713,0.0084
ZMYM1,713,0.0084
NOX5,713,0.0084
HAL,713,0.0084
PADI3,712,0.0083
VHL,712,0.0083
LMOD3,712,0.0083
GAPVD1,712,0.0083
PSG9,712,0.0083
RC3H2,712,0.0083
PIK3AP1,712,0.0083
ZNF445,712,0.0083
MCTP1,712,0.0083
CD248,712,0.0083
PHC1,711,0.0083
AFAP1L1,711,0.0083
LRP10,711,0.0083
LRRC56,711,0.0083
EFHC1,711,0.0083
CYP11B1,711,0.0083
MDGA1,711,0.0083
ZNF500,711,0.0083
DMPK,710,0.0083
TMCO3,710,0.0083
AMH,710,0.0083
SHROOM4,710,0.0083
CR2,710,0.0083
ELFN1,710,0.0083
AJM1,710,0.0083
ABRAXAS1,710,0.0083
ANKEF1,710,0.0083
RASA3,710,0.0083
SCARF1,710,0.0083
MCM3,710,0.0083
RASEF,710,0.0083
PACS1,709,0.0083
GSAP,709,0.0083
SLC6A18,709,0.0083
OSBPL3,709,0.0083
ADAM2,709,0.0083
ZNF43,709,0.0083
SPAG1,708,0.0083
KARS1,708,0.0083
FSTL5,708,0.0083
EXT1,708,0.0083
DYNC2I2,708,0.0083
TOR1AIP1,708,0.0083
HHIPL2,707,0.0083
TPRN,707,0.0083
PEPD,707,0.0083
MAP3K21,707,0.0083
SAXO1,707,0.0083
SUN2,707,0.0083
APBA3,707,0.0083
COG6,706,0.0083
GAB2,706,0.0083
TFRC,706,0.0083
TROAP,706,0.0083
MAP7,706,0.0083
PCK1,706,0.0083
CEP78,705,0.0083
DGKH,705,0.0083
GARNL3,705,0.0083
CDCP1,705,0.0083
FAM90A1,705,0.0083
DRD4,705,0.0083
PPP1R15A,705,0.0083
KIAA0319L,705,0.0083
HADHA,704,0.0083
WDPCP,704,0.0083
AMPD3,704,0.0083
UGT1A4,704,0.0083
OTUD7B,704,0.0083
PADI4,704,0.0083
FAM234A,704,0.0083
GRM2,704,0.0083
SLC27A4,703,0.0082
TAF4B,703,0.0082
TMPRSS7,703,0.0082
ATP6V0A4,703,0.0082
GALNT15,703,0.0082
PCDHGC4,703,0.0082
H1-4,703,0.0082
TXNDC16,702,0.0082
SEMA6B,702,0.0082
ERICH1,702,0.0082
DHX16,702,0.0082
SFSWAP,702,0.0082
CCP110,702,0.0082
EHHADH,702,0.0082
SP140,702,0.0082
MED24,702,0.0082
TMTC2,702,0.0082
PDS5B,702,0.0082
ANKRD36B,702,0.0082
PARN,702,0.0082
ADGRG7,701,0.0082
ZFAND4,701,0.0082
TYRO3,701,0.0082
ATAD2B,701,0.0082
LRIT1,701,0.0082
MSH4,701,0.0082
SLC45A1,701,0.0082
DACT2,701,0.0082
PRMT7,700,0.0082
NAA16,700,0.0082
DLL1,700,0.0082
BRINP2,700,0.0082
CYP4F11,700,0.0082
UBASH3A,700,0.0082
LNPEP,700,0.0082
SRRM1,699,0.0082
ARHGAP27,699,0.0082
ALOXE3,699,0.0082
OR4C46,699,0.0082
BRWD3,699,0.0082
ZBTB39,699,0.0082
ARHGAP17,699,0.0082
SLC7A4,699,0.0082
KCNB1,699,0.0082
SLC9C2,699,0.0082
MMP15,698,0.0082
OTOP1,698,0.0082
CAPN11,698,0.0082
ZNF749,698,0.0082
TGM5,698,0.0082
BBS1,698,0.0082
TLE2,698,0.0082
PHF2,698,0.0082
BRD2,698,0.0082
AK7,698,0.0082
PRSS1,697,0.0082
THBD,697,0.0082
TGFBRAP1,697,0.0082
HDAC5,697,0.0082
ETFDH,697,0.0082
ACAD9,697,0.0082
UPF2,697,0.0082
ASB2,697,0.0082
MC1R,696,0.0082
PHF20L1,696,0.0082
SLTM,696,0.0082
ARHGAP10,696,0.0082
DPP3,696,0.0082
ZNF544,696,0.0082
SLC27A1,696,0.0082
CYP2C19,696,0.0082
ILDR1,696,0.0082
DCST1,696,0.0082
PIK3CA,696,0.0082
ANKRD18A,696,0.0082
DGKZ,696,0.0082
CDKN1B,696,0.0082
DMRT2,695,0.0081
ZC3HAV1,695,0.0081
PLPPR3,695,0.0081
GAREM1,695,0.0081
KIF9,695,0.0081
TATDN2,695,0.0081
PTCD3,695,0.0081
STIL,695,0.0081
SLC34A2,695,0.0081
KRT6C,695,0.0081
ATF7IP2,695,0.0081
MASTL,694,0.0081
APBA1,694,0.0081
MEP1A,694,0.0081
PPP1R12C,694,0.0081
DEAF1,694,0.0081
ZXDC,694,0.0081
ITGB5,694,0.0081
MPEG1,694,0.0081
CATSPERE,694,0.0081
CCDC154,694,0.0081
PCSK7,694,0.0081
NOLC1,694,0.0081
KRT2,694,0.0081
ZNF337,693,0.0081
DDX20,693,0.0081
ZNF560,693,0.0081
IGLL5,693,0.0081
ALDH1L2,693,0.0081
JMY,693,0.0081
RRN3,693,0.0081
C8B,692,0.0081
ATP8A1,692,0.0081
PLAA,692,0.0081
ALDH7A1,692,0.0081
HNRNPU,692,0.0081
PSAPL1,691,0.0081
LPO,691,0.0081
KIF6,691,0.0081
CBS,691,0.0081
SPPL2B,691,0.0081
SELENOO,691,0.0081
UMOD,691,0.0081
KLHL26,690,0.0081
MYO1B,690,0.0081
FBH1,690,0.0081
EPB41L4B,690,0.0081
CWC22,690,0.0081
OSGIN1,690,0.0081
ZNF799,690,0.0081
TMEM260,690,0.0081
POMGNT2,690,0.0081
MIPEP,689,0.0081
ARMC2,689,0.0081
SIM1,689,0.0081
UGT2B10,689,0.0081
ALOX15B,689,0.0081
C1S,689,0.0081
ZNF425,689,0.0081
ALDH4A1,689,0.0081
KPRP,689,0.0081
CAPN13,689,0.0081
FBXL4,688,0.0081
KCNQ5,688,0.0081
MGAT5B,688,0.0081
NUGGC,688,0.0081
BBX,688,0.0081
ZNF429,688,0.0081
PIGR,688,0.0081
THRAP3,688,0.0081
VPS54,688,0.0081
SMG8,688,0.0081
GAB4,687,0.0081
PLCD3,687,0.0081
KIAA1586,687,0.0081
ERN1,687,0.0081
CHSY1,687,0.0081
TULP1,687,0.0081
LARP1,687,0.0081
BRINP3,687,0.0081
TDRD15,687,0.0081
EIF2B5,687,0.0081
CAPN1,686,0.008
EML3,686,0.008
DENND5B,686,0.008
CYP4F12,686,0.008
ZNF467,686,0.008
TWNK,686,0.008
TGFBI,686,0.008
ADAM18,686,0.008
SLC15A1,686,0.008
NCAPG,685,0.008
POLR1B,685,0.008
PCDH1,685,0.008
LRCH3,685,0.008
L1CAM,684,0.008
ADAM30,684,0.008
CYP2A13,684,0.008
TRIM42,684,0.008
CCDC191,684,0.008
DNAJC10,684,0.008
SLCO1B1,684,0.008
NRP2,684,0.008
CAPN2,684,0.008
RNF10,684,0.008
NR3C2,684,0.008
TMEM175,683,0.008
ZC3H7B,683,0.008
DMGDH,683,0.008
CYP1B1,683,0.008
SLC26A6,683,0.008
ARMC3,683,0.008
ZNF132,683,0.008
PRAMEF1,683,0.008
SLC28A1,682,0.008
TARS3,682,0.008
CIZ1,682,0.008
GOLGA8M,682,0.008
NAGPA,682,0.008
ELP2,682,0.008
EDEM3,682,0.008
DLGAP5,682,0.008
LBR,682,0.008
PSG2,682,0.008
GP1BA,682,0.008
NCKIPSD,682,0.008
GYS2,682,0.008
ZFP28,682,0.008
ZNF90,682,0.008
TRPC6,681,0.008
ERMARD,681,0.008
CRAT,681,0.008
CTR9,681,0.008
ANO3,681,0.008
SPATC1,681,0.008
TRMT2A,681,0.008
MKS1,681,0.008
SOWAHB,680,0.008
EIF5B,680,0.008
SPATA31A1,680,0.008
RBBP8NL,680,0.008
C2,680,0.008
LRRC32,680,0.008
UBE4A,680,0.008
IFT74,680,0.008
PDCD6IP,679,0.008
UBE3C,679,0.008
UGT2B28,679,0.008
DNAI3,679,0.008
N4BP3,679,0.008
KRT83,679,0.008
CCDC116,679,0.008
CYP24A1,678,0.0079
RC3H1,678,0.0079
IGHV1-69,678,0.0079
XPO5,678,0.0079
SOX30,678,0.0079
PADI2,677,0.0079
ARHGAP24,677,0.0079
SENP7,677,0.0079
MOV10,677,0.0079
SLC8A1,677,0.0079
FGFR2,677,0.0079
SYT16,677,0.0079
RECK,677,0.0079
NFXL1,676,0.0079
DLGAP1,676,0.0079
ZNF513,676,0.0079
HEPH,676,0.0079
IDE,676,0.0079
FBXO41,676,0.0079
SEMA3F,676,0.0079
ACSM5,676,0.0079
TXLNB,676,0.0079
PGM1,676,0.0079
ZNF665,675,0.0079
RAD54B,675,0.0079
GPAA1,675,0.0079
LARGE1,675,0.0079
THNSL1,675,0.0079
E2F8,675,0.0079
C1orf116,674,0.0079
CNGA1,674,0.0079
ASIC3,674,0.0079
TMCO4,674,0.0079
AIP,674,0.0079
RSBN1L,674,0.0079
SLC19A1,674,0.0079
NELL2,674,0.0079
STXBP5,673,0.0079
TOP3B,673,0.0079
MAP4K2,673,0.0079
AMY2B,673,0.0079
EPS15,673,0.0079
ZNF473,673,0.0079
GTPBP3,672,0.0079
CCSER2,672,0.0079
KRT75,672,0.0079
HABP2,672,0.0079
AOPEP,672,0.0079
MTBP,672,0.0079
SH3RF1,672,0.0079
ZFP36L2,672,0.0079
NEFL,672,0.0079
KRT6A,672,0.0079
NRROS,672,0.0079
TNFRSF11A,672,0.0079
GALNT8,672,0.0079
ZNF280D,671,0.0079
AACS,671,0.0079
OSBPL1A,671,0.0079
JAK1,671,0.0079
MX2,671,0.0079
SGIP1,671,0.0079
KCNH3,671,0.0079
MTHFR,671,0.0079
APP,671,0.0079
DHX58,671,0.0079
SOBP,671,0.0079
LRIT3,671,0.0079
MAPK7,670,0.0079
IRF2BP2,670,0.0079
FSD2,670,0.0079
SIDT2,670,0.0079
PPFIA2,670,0.0079
THOP1,670,0.0079
NFASC,670,0.0079
CCSER1,670,0.0079
WFIKKN2,670,0.0079
IGSF8,669,0.0078
ENPP2,669,0.0078
EML2,669,0.0078
CEP63,669,0.0078
ENTPD4,669,0.0078
LRRC43,669,0.0078
CYP4F3,668,0.0078
SIGLEC12,668,0.0078
GLB1L2,668,0.0078
CEP85L,668,0.0078
NPAS3,668,0.0078
PDE8A,668,0.0078
CTSB,667,0.0078
PLEKHH3,667,0.0078
ZNF528,667,0.0078
PRKD3,667,0.0078
ACOX2,667,0.0078
GAS8,667,0.0078
POLI,666,0.0078
GABBR2,666,0.0078
ABCF3,666,0.0078
PWWP2B,666,0.0078
IFT70B,666,0.0078
MLXIP,666,0.0078
DAB2,666,0.0078
IVL,666,0.0078
WDR24,666,0.0078
EFCAB13,666,0.0078
RBM27,665,0.0078
NRDC,665,0.0078
KRT74,665,0.0078
MUC20,665,0.0078
TMC1,665,0.0078
IFI16,665,0.0078
CCDC9,665,0.0078
ATRIP,665,0.0078
GHR,665,0.0078
UGT1A3,665,0.0078
CPXM1,665,0.0078
CASS4,665,0.0078
POLK,665,0.0078
MYT1L,665,0.0078
CDC73,664,0.0078
OSBPL7,664,0.0078
LRIT2,664,0.0078
SLC52A2,664,0.0078
NOBOX,664,0.0078
MAG,664,0.0078
ZNF813,664,0.0078
ADAM20,663,0.0078
PDE4A,663,0.0078
INPP4B,663,0.0078
RSPH4A,663,0.0078
ZNF263,663,0.0078
ADAMTS6,663,0.0078
DHX35,663,0.0078
ABLIM3,663,0.0078
ATF6,663,0.0078
ARMH4,663,0.0078
ELAPOR2,663,0.0078
MTIF2,663,0.0078
ALOX15,663,0.0078
DAGLA,663,0.0078
RPE65,662,0.0078
COLGALT1,662,0.0078
DHX33,662,0.0078
GNL2,662,0.0078
TRIL,662,0.0078
SPHK2,662,0.0078
MYSM1,662,0.0078
TKTL2,662,0.0078
BMPER,662,0.0078
UTP14C,661,0.0077
AFF2,661,0.0077
ADAM9,661,0.0077
SPON1,661,0.0077
GPC1,661,0.0077
NPRL3,661,0.0077
CERCAM,661,0.0077
EPCAM,661,0.0077
FES,660,0.0077
CEACAM5,660,0.0077
CENPC,660,0.0077
ITGB7,660,0.0077
KRT5,660,0.0077
KIRREL2,660,0.0077
FOXM1,660,0.0077
ZNF526,660,0.0077
GNE,660,0.0077
MFSD8,660,0.0077
MAP3K13,660,0.0077
URGCP,659,0.0077
HHIPL1,659,0.0077
ZBTB11,659,0.0077
BEND3,659,0.0077
ZNF850,659,0.0077
KIFC3,659,0.0077
ROR1,659,0.0077
SKIDA1,659,0.0077
ZP2,658,0.0077
JHY,658,0.0077
LIPC,658,0.0077
IREB2,658,0.0077
ZNF33B,658,0.0077
ALDH5A1,658,0.0077
EPB41L1,658,0.0077
CYP4V2,658,0.0077
TFIP11,658,0.0077
ZNF281,658,0.0077
EPHA4,657,0.0077
USP13,657,0.0077
NEU4,657,0.0077
LZTS2,657,0.0077
KLHL36,657,0.0077
IPO8,657,0.0077
CCDC27,657,0.0077
IQUB,656,0.0077
CMTR2,656,0.0077
CFAP100,656,0.0077
HCN2,656,0.0077
DNAJC16,656,0.0077
FBXL18,656,0.0077
SLC26A11,656,0.0077
TP63,655,0.0077
SPATA7,655,0.0077
PAK4,655,0.0077
ZNF607,655,0.0077
GUF1,655,0.0077
INTS8,655,0.0077
TLR4,655,0.0077
ACAD11,655,0.0077
LGR4,655,0.0077
CEP83,655,0.0077
ZC3H7A,655,0.0077
USP16,655,0.0077
CFAP45,655,0.0077
BUD13,655,0.0077
DNAI2,655,0.0077
SCNN1B,655,0.0077
KIR3DL1,655,0.0077
KIZ,654,0.0077
VPS9D1,654,0.0077
IRAK2,654,0.0077
KCNH7,654,0.0077
SIGLEC10,654,0.0077
GGCX,654,0.0077
HRC,653,0.0077
MIB1,653,0.0077
ZNF596,653,0.0077
CALD1,653,0.0077
SYTL3,652,0.0076
SRRM5,652,0.0076
NSMAF,652,0.0076
NEK8,652,0.0076
TSEN54,652,0.0076
EXOC2,652,0.0076
ASCC2,652,0.0076
MORC1,652,0.0076
GCK,652,0.0076
FANCG,651,0.0076
BCL11B,651,0.0076
OR4C16,651,0.0076
IRX6,651,0.0076
IPO11,651,0.0076
SRP72,651,0.0076
SEMA4C,651,0.0076
TNS4,650,0.0076
GPR156,650,0.0076
PCDHB1,650,0.0076
CDH20,650,0.0076
CFB,650,0.0076
GPRASP1,650,0.0076
UGT1A10,650,0.0076
OVGP1,650,0.0076
KLHL1,650,0.0076
EGLN1,650,0.0076
PADI6,650,0.0076
INO80D,649,0.0076
ABLIM1,649,0.0076
CCDC13,649,0.0076
PHF20,649,0.0076
KLF11,649,0.0076
DDN,649,0.0076
ZKSCAN7,649,0.0076
HIF3A,649,0.0076
FASTKD1,649,0.0076
CYP2C9,648,0.0076
KLHL30,648,0.0076
ADAM21,647,0.0076
PPP4R1,647,0.0076
NBR1,647,0.0076
E2F7,647,0.0076
FCHSD1,647,0.0076
ARHGEF37,647,0.0076
TBXAS1,647,0.0076
ADD3,646,0.0076
TACC1,646,0.0076
WRAP53,646,0.0076
GFM2,646,0.0076
KAZN,646,0.0076
ILVBL,646,0.0076
FURIN,646,0.0076
CNST,645,0.0076
EPS15L1,645,0.0076
RBM28,645,0.0076
CCDC142,645,0.0076
LRRC15,645,0.0076
GRAMD1A,644,0.0075
C9,644,0.0075
COPG1,644,0.0075
CEP85,644,0.0075
MTMR14,643,0.0075
FBXW10B,643,0.0075
CNNM4,643,0.0075
PPP4R4,643,0.0075
TNPO3,643,0.0075
CAPN10,643,0.0075
TYW1B,643,0.0075
SLC13A5,643,0.0075
NOA1,643,0.0075
QSOX2,642,0.0075
BRAF,642,0.0075
EFR3A,642,0.0075
TRO,642,0.0075
CDH12,642,0.0075
SV2C,642,0.0075
ANKLE1,642,0.0075
KCNT2,642,0.0075
IL1RL1,642,0.0075
ZBTB49,642,0.0075
PDIA4,642,0.0075
TAP2,641,0.0075
UFL1,641,0.0075
ABCG2,641,0.0075
DHX36,641,0.0075
TLR10,641,0.0075
KRT77,641,0.0075
SSH3,641,0.0075
ABCD4,641,0.0075
FAM120A,641,0.0075
PANK4,641,0.0075
TMEM63A,640,0.0075
COG8,640,0.0075
STAG1,640,0.0075
SLC29A3,640,0.0075
PPARGC1A,640,0.0075
POLR3E,640,0.0075
ZP1,640,0.0075
NLN,640,0.0075
IFT70A,640,0.0075
TTC12,639,0.0075
WNK3,639,0.0075
ERICH6,639,0.0075
TRPV6,639,0.0075
FAM161B,639,0.0075
NDST1,639,0.0075
ZNF135,639,0.0075
ZNF285,639,0.0075
ZNF85,639,0.0075
PIBF1,639,0.0075
LRP8,639,0.0075
SLC5A9,639,0.0075
RAI14,639,0.0075
UNC5D,638,0.0075
GARIN4,638,0.0075
ZNF543,638,0.0075
SLC1A7,638,0.0075
SPART,638,0.0075
OSBPL6,638,0.0075
ZNF503,638,0.0075
FGD2,638,0.0075
SLC22A1,638,0.0075
PIWIL4,638,0.0075
DNAAF8,638,0.0075
SMC6,637,0.0075
SLC18A3,637,0.0075
TMEM245,637,0.0075
VPS53,637,0.0075
PINK1,637,0.0075
AP2A2,637,0.0075
GAS6,637,0.0075
ZNF74,637,0.0075
ZNF227,637,0.0075
FAM111A,636,0.0075
SMO,636,0.0075
LRIF1,636,0.0075
CEBPA,636,0.0075
CLTC,636,0.0075
COASY,636,0.0075
MYOCD,636,0.0075
ENTREP3,635,0.0074
NAPRT,635,0.0074
KSR2,635,0.0074
SEMA3D,635,0.0074
PDILT,635,0.0074
MAP3K14,635,0.0074
LSG1,635,0.0074
GRIK3,635,0.0074
UGT1A8,634,0.0074
TRPC7,634,0.0074
ANXA6,634,0.0074
BICD1,634,0.0074
NOC3L,634,0.0074
NEK4,634,0.0074
CRTAC1,634,0.0074
ESCO1,634,0.0074
NFKB2,634,0.0074
ALPG,634,0.0074
PRMT9,634,0.0074
HECTD3,634,0.0074
GIMAP8,634,0.0074
CDH11,634,0.0074
INTS11,634,0.0074
IGSF1,634,0.0074
RTN1,634,0.0074
EXTL1,634,0.0074
KRT3,634,0.0074
UNC45B,633,0.0074
ARSI,633,0.0074
DHX32,633,0.0074
AREL1,633,0.0074
VAC14,633,0.0074
FRMD1,633,0.0074
SP4,633,0.0074
CLN3,633,0.0074
STKLD1,633,0.0074
BCHE,633,0.0074
KCNQ4,633,0.0074
ZNF16,633,0.0074
PARD3,633,0.0074
PPP2R3B,633,0.0074
INPP5D,633,0.0074
SCYL2,632,0.0074
DUS3L,632,0.0074
EPB41L5,632,0.0074
BRINP1,632,0.0074
CCDC183,632,0.0074
VCPIP1,632,0.0074
DOLK,632,0.0074
MMP2,631,0.0074
HIRIP3,631,0.0074
FKTN,631,0.0074
MCM6,631,0.0074
CBX2,631,0.0074
VAV3,631,0.0074
F13A1,630,0.0074
DCBLD2,630,0.0074
RNASEL,630,0.0074
TRNT1,630,0.0074
SLC4A4,630,0.0074
ASMTL,629,0.0074
TSNARE1,629,0.0074
SLC4A1AP,629,0.0074
CES5A,629,0.0074
PYROXD2,629,0.0074
FASTKD5,629,0.0074
PIK3R2,629,0.0074
ROCK2,629,0.0074
GUSB,629,0.0074
EPB41,629,0.0074
DVL3,629,0.0074
TGFBR3,629,0.0074
SLC25A13,629,0.0074
SMPD3,629,0.0074
UTP25,629,0.0074
FNDC7,628,0.0074
SELENON,628,0.0074
LY9,628,0.0074
ASB10,628,0.0074
CYP4F2,628,0.0074
SLC19A3,628,0.0074
IDS,628,0.0074
OBI1,628,0.0074
FAM111B,628,0.0074
SLC22A25,628,0.0074
NME8,628,0.0074
POSTN,628,0.0074
FOXP1,628,0.0074
LRRN1,628,0.0074
SLCO2A1,628,0.0074
ZNF225,628,0.0074
CDC42BPA,628,0.0074
NRG2,628,0.0074
KRT82,628,0.0074
WSCD1,627,0.0073
XRCC1,627,0.0073
ADGRG2,627,0.0073
KRT72,627,0.0073
RBM15B,627,0.0073
PROS1,627,0.0073
BRME1,627,0.0073
MFSD10,627,0.0073
FAM161A,627,0.0073
DLL3,627,0.0073
CDKN2A,627,0.0073
SLC35G5,627,0.0073
TRIM41,627,0.0073
ZNF497,626,0.0073
THAP9,626,0.0073
SETMAR,626,0.0073
CHST6,626,0.0073
CFHR5,626,0.0073
CHRND,626,0.0073
EIF3B,626,0.0073
TCN2,626,0.0073
MLPH,626,0.0073
GRIK5,626,0.0073
PNMA8B,626,0.0073
AGBL2,626,0.0073
MIOS,626,0.0073
FBXO40,626,0.0073
RHPN2,626,0.0073
KRT73,626,0.0073
ZNF205,626,0.0073
LETM1,625,0.0073
TTC7B,625,0.0073
TRIM29,625,0.0073
ZNF737,625,0.0073
TRIP10,625,0.0073
IGHV3-7,625,0.0073
PTPRM,625,0.0073
PHGDH,625,0.0073
TSKS,625,0.0073
ADA2,624,0.0073
ACSBG1,624,0.0073
GCC1,624,0.0073
ATP1A3,624,0.0073
DNER,624,0.0073
CDH18,624,0.0073
PSAP,624,0.0073
APLP2,624,0.0073
BBS7,624,0.0073
SRRT,623,0.0073
FYB2,623,0.0073
DRD5,623,0.0073
ATAD3C,623,0.0073
SCFD2,623,0.0073
FGA,623,0.0073
TKFC,623,0.0073
SLC24A2,623,0.0073
ODAD3,623,0.0073
AFG2B,623,0.0073
FAM151A,623,0.0073
VPS50,623,0.0073
USH1G,623,0.0073
ARHGEF2,622,0.0073
EPHA7,622,0.0073
BCO1,622,0.0073
FBLN1,622,0.0073
NAALAD2,622,0.0073
MSR1,622,0.0073
KRT1,622,0.0073
LRFN4,621,0.0073
HDAC10,621,0.0073
GFM1,621,0.0073
GLB1L3,621,0.0073
RIPK1,621,0.0073
NLRP10,621,0.0073
PUS7L,621,0.0073
CFI,620,0.0073
MUC12,620,0.0073
TBX18,620,0.0073
AFAP1,620,0.0073
GOLIM4,620,0.0073
TSC22D2,620,0.0073
RGL2,620,0.0073
SEPTIN9,620,0.0073
DMRT3,620,0.0073
CCDC170,620,0.0073
SART1,620,0.0073
ITPKC,619,0.0073
MX1,619,0.0073
PIGT,619,0.0073
DHX30,619,0.0073
PBXIP1,619,0.0073
SHCBP1L,619,0.0073
UGT1A9,619,0.0073
DTX2,619,0.0073
NEK9,619,0.0073
SLC39A12,619,0.0073
KRT86,619,0.0073
FKBP10,619,0.0073
ANKRD6,619,0.0073
PTPRU,619,0.0073
RFX5,619,0.0073
CFHR4,619,0.0073
STRA6,619,0.0073
GATA6,618,0.0072
PIGZ,618,0.0072
SPAG16,618,0.0072
NUP107,618,0.0072
OSBPL10,618,0.0072
GPRIN2,618,0.0072
RBSN,618,0.0072
ASPH,618,0.0072
KIAA0408,617,0.0072
MSH5,617,0.0072
TRHDE,617,0.0072
PPAN,617,0.0072
OR4C15,617,0.0072
CHGB,617,0.0072
GTF3C2,617,0.0072
GTPBP4,617,0.0072
BOC,617,0.0072
FASTKD2,617,0.0072
MAP4K3,617,0.0072
ESF1,617,0.0072
PPIP5K2,617,0.0072
CCDC110,617,0.0072
GARIN3,617,0.0072
KATNB1,617,0.0072
PPP1R10,616,0.0072
SP110,616,0.0072
KHNYN,616,0.0072
CYP2W1,616,0.0072
ZNF648,616,0.0072
CRACR2A,616,0.0072
CSRNP1,616,0.0072
USP17L1,616,0.0072
RNF207,616,0.0072
CYP4A22,615,0.0072
CBARP,615,0.0072
F11,615,0.0072
FBXL6,615,0.0072
PIK3R5,615,0.0072
MFSD6L,615,0.0072
XPO6,615,0.0072
ZNF705G,615,0.0072
RTP5,615,0.0072
SAMHD1,615,0.0072
MARCHF10,615,0.0072
SLC44A2,615,0.0072
TLE6,615,0.0072
LIMD1,615,0.0072
TGM4,615,0.0072
ARSB,614,0.0072
SNTB1,614,0.0072
ANXA11,614,0.0072
METTL25,614,0.0072
RBAK,614,0.0072
GALNT6,614,0.0072
IGKV3-11,614,0.0072
PLIN1,613,0.0072
PNISR,613,0.0072
MSLN,613,0.0072
GPD2,613,0.0072
SLC15A2,613,0.0072
RAB11FIP3,613,0.0072
RNF168,613,0.0072
CCDC8,613,0.0072
CYP2B6,612,0.0072
ANAPC2,612,0.0072
PRDM1,612,0.0072
GLB1L,612,0.0072
ADAM17,612,0.0072
GPR78,612,0.0072
GPAM,612,0.0072
ZP4,612,0.0072
CPT1B,612,0.0072
SLC6A7,612,0.0072
LRP12,612,0.0072
MED23,612,0.0072
KRT71,611,0.0072
PHOX2B,611,0.0072
ACO2,611,0.0072
EDEM1,611,0.0072
ARHGAP12,611,0.0072
NTRK3,611,0.0072
SIAE,611,0.0072
PRDM5,611,0.0072
ANKIB1,611,0.0072
CR1L,611,0.0072
WAPL,611,0.0072
MINDY2,610,0.0072
USP45,610,0.0072
LRRC8A,610,0.0072
ZNF324,610,0.0072
SLCO6A1,610,0.0072
ZNF585B,610,0.0072
NVL,610,0.0072
DPP4,610,0.0072
DPY19L2,610,0.0072
WNT10A,610,0.0072
ZMYND15,610,0.0072
AP1B1,610,0.0072
IGHV1-18,609,0.0071
ZNF595,609,0.0071
KNG1,609,0.0071
SLC6A16,609,0.0071
PPP6R3,609,0.0071
STRIP2,609,0.0071
NASP,609,0.0071
SOX6,609,0.0071
NDST4,609,0.0071
CD44,609,0.0071
GALNT14,609,0.0071
CC2D2B,608,0.0071
ZYX,608,0.0071
ELN,608,0.0071
DEPDC1,608,0.0071
SLC22A16,608,0.0071
GSDME,608,0.0071
MDH2,608,0.0071
ZNF30,608,0.0071
ITGB8,607,0.0071
MCCC2,607,0.0071
APBA2,607,0.0071
ASPSCR1,607,0.0071
ZNF442,607,0.0071
TMEM201,607,0.0071
MS4A14,607,0.0071
TLR2,607,0.0071
AP4M1,607,0.0071
KCNC3,607,0.0071
SEMG2,607,0.0071
FAP,607,0.0071
EGLN2,606,0.0071
ZZZ3,606,0.0071
PRSS55,606,0.0071
CDK4,606,0.0071
TRIM67,606,0.0071
SYCP2L,606,0.0071
WDR93,606,0.0071
ZKSCAN5,606,0.0071
TTK,606,0.0071
LHCGR,605,0.0071
ERC2,605,0.0071
DNAAF3,605,0.0071
FIGNL1,605,0.0071
HIPK4,605,0.0071
METTL13,605,0.0071
AMER2,605,0.0071
CTCFL,605,0.0071
PMPCA,604,0.0071
UBAP2L,604,0.0071
CEP57,604,0.0071
ACSS3,604,0.0071
SPEM2,604,0.0071
COG2,604,0.0071
FGD3,604,0.0071
MKKS,604,0.0071
TTC14,604,0.0071
CYP11B2,604,0.0071
FIRRM,604,0.0071
NSUN7,604,0.0071
LGALS3BP,603,0.0071
ICAM5,603,0.0071
TRPC4AP,603,0.0071
CYP4A11,603,0.0071
ZNF324B,603,0.0071
VPS51,603,0.0071
PKLR,603,0.0071
HNRNPUL2,603,0.0071
FERMT1,603,0.0071
IGHV3-23,603,0.0071
RPH3A,603,0.0071
EARS2,602,0.0071
TNKS2,602,0.0071
SEMA3C,602,0.0071
LGI3,602,0.0071
SLC5A11,602,0.0071
MED26,602,0.0071
GNPAT,602,0.0071
ADCY1,602,0.0071
NOP53,601,0.007
NCSTN,601,0.007
UGT2A2,601,0.007
ZNF264,601,0.007
ZNF681,601,0.007
SNX14,601,0.007
MPHOSPH8,601,0.007
HSPA4L,601,0.007
PODN,601,0.007
GAS2L3,601,0.007
BBS4,601,0.007
GOLGA8J,601,0.007
HAUS5,601,0.007
AGGF1,600,0.007
SLCO4C1,600,0.007
KRIT1,600,0.007
RETSAT,600,0.007
STAT2,600,0.007
ENPP7,600,0.007
NPIPB5,600,0.007
ZNF160,600,0.007
WDR91,600,0.007
ZBTB24,600,0.007
ZNF835,600,0.007
DCAF5,600,0.007
BMP6,600,0.007
ALPI,600,0.007
KIRREL3,599,0.007
FBXO11,599,0.007
TMEM127,599,0.007
FAM83E,599,0.007
ZNF578,599,0.007
ADAM32,599,0.007
SLC22A10,599,0.007
THEMIS,599,0.007
SVOPL,599,0.007
NOP9,599,0.007
FANCE,599,0.007
TRPV2,599,0.007
LRRC45,599,0.007
PSG5,598,0.007
INTS7,598,0.007
KRT78,598,0.007
ATXN7L1,598,0.007
MAP3K20,598,0.007
B3GNT4,598,0.007
ZNF440,598,0.007
SHKBP1,597,0.007
SANBR,597,0.007
ALOX12B,597,0.007
NOX3,597,0.007
TARS1,597,0.007
RGS11,597,0.007
SOGA3,597,0.007
PRRT4,597,0.007
DOK2,597,0.007
ZNF418,597,0.007
ZNF334,597,0.007
SCARA3,597,0.007
GPR162,597,0.007
SLC44A4,597,0.007
ATG9A,596,0.007
PRR14,596,0.007
FANCB,596,0.007
ZNF486,596,0.007
ZNF551,596,0.007
ZNF844,596,0.007
DCBLD1,596,0.007
HARS1,596,0.007
ATIC,596,0.007
PCSK1,596,0.007
CIT,596,0.007
GOLGA1,595,0.007
ELL,595,0.007
DDR2,595,0.007
CD276,595,0.007
ACSBG2,595,0.007
PLIN5,595,0.007
CCDC85A,595,0.007
XPOT,595,0.007
MTMR11,595,0.007
EFTUD2,595,0.007
PRKN,595,0.007
GPC5,594,0.007
ATP9A,594,0.007
UNC5A,594,0.007
SLC16A3,594,0.007
TTLL2,594,0.007
ALOX5,594,0.007
GRK4,594,0.007
ATXN1L,594,0.007
N4BP1,594,0.007
CCNB3,594,0.007
ZC3H12C,594,0.007
ZNF7,594,0.007
SRMS,593,0.007
METTL22,593,0.007
SNTG2,593,0.007
CNNM1,593,0.007
PHTF1,593,0.007
SLC8A3,593,0.007
TPSG1,593,0.007
SUSD1,593,0.007
KIRREL1,593,0.007
SLC10A2,593,0.007
ZW10,593,0.007
RUFY1,592,0.0069
SAFB,592,0.0069
RASSF7,592,0.0069
ARHGEF33,592,0.0069
NBPF3,592,0.0069
TAP1,592,0.0069
KCNB2,592,0.0069
PIK3CB,592,0.0069
PPP1R12A,592,0.0069
MCAM,592,0.0069
LZTS3,592,0.0069
TAGAP,592,0.0069
TAF3,591,0.0069
TUB,591,0.0069
PTGS1,591,0.0069
MEIOC,591,0.0069
IL21R,591,0.0069
D2HGDH,591,0.0069
LILRA4,591,0.0069
VRTN,591,0.0069
CLHC1,591,0.0069
SLC2A7,591,0.0069
OR4A16,591,0.0069
UTP4,591,0.0069
SLC9A5,591,0.0069
ZNF676,591,0.0069
RAG2,590,0.0069
UGT2B4,590,0.0069
RARS2,590,0.0069
ZNF224,590,0.0069
CCDC138,590,0.0069
MPL,590,0.0069
LRRFIP2,590,0.0069
AIFM3,590,0.0069
DLAT,590,0.0069
CHST3,590,0.0069
FANCF,589,0.0069
SLC6A20,589,0.0069
SNAP91,589,0.0069
IL7R,589,0.0069
WDR75,589,0.0069
PRDM4,589,0.0069
DQX1,589,0.0069
SH2B3,589,0.0069
ZNF777,588,0.0069
CYP2F1,588,0.0069
ZNF69,588,0.0069
KANK3,588,0.0069
RUFY4,588,0.0069
GFPT2,588,0.0069
AFM,588,0.0069
RASA2,588,0.0069
EME2,588,0.0069
AAAS,588,0.0069
CTAGE9,588,0.0069
CLEC4F,588,0.0069
P2RX7,588,0.0069
RBM26,588,0.0069
IFT81,587,0.0069
PTX4,587,0.0069
ZNF783,587,0.0069
LRRC14B,587,0.0069
TNFRSF6B,587,0.0069
PARP15,587,0.0069
CCDC81,587,0.0069
PAPOLB,587,0.0069
P2RY11,587,0.0069
GBP1,587,0.0069
SWT1,587,0.0069
TMCC2,587,0.0069
PGBD2,586,0.0069
WDR4,586,0.0069
TUBGCP3,586,0.0069
FZD10,586,0.0069
PLCD4,586,0.0069
CFAP52,586,0.0069
TMEM259,586,0.0069
CWH43,586,0.0069
LRRC24,586,0.0069
RABGAP1,586,0.0069
ITPRIP,586,0.0069
POLG2,586,0.0069
IL10RA,585,0.0069
MAMDC2,585,0.0069
SH2D4A,585,0.0069
PIF1,585,0.0069
GLYCTK,585,0.0069
AFG3L2,585,0.0069
LRRC27,585,0.0069
ASPG,585,0.0069
ASAP1,585,0.0069
NCAPH,585,0.0069
TBC1D14,585,0.0069
GPR155,585,0.0069
UGT1A7,585,0.0069
BRD1,585,0.0069
PPP1R37,585,0.0069
HID1,585,0.0069
LRRN2,585,0.0069
CDH22,585,0.0069
ADRA1D,585,0.0069
SPNS2,585,0.0069
VSIG10L,584,0.0068
ZNF585A,584,0.0068
CDKL5,584,0.0068
CT47B1,584,0.0068
TRIM28,584,0.0068
SIK2,584,0.0068
ZNF419,584,0.0068
RARS1,584,0.0068
LPL,584,0.0068
SLC9A9,584,0.0068
WDCP,584,0.0068
SLC5A5,584,0.0068
SYDE1,584,0.0068
MITF,584,0.0068
ZNF57,583,0.0068
OAS2,583,0.0068
PGBD1,583,0.0068
PLEKHM3,583,0.0068
CNGA4,583,0.0068
ZNF571,583,0.0068
ADCY2,583,0.0068
SUPV3L1,583,0.0068
SDAD1,583,0.0068
BICDL2,583,0.0068
TSPYL6,582,0.0068
OTOP2,582,0.0068
TYW1,582,0.0068
HAUS3,582,0.0068
H1-6,582,0.0068
SLC22A9,582,0.0068
TARS2,582,0.0068
UGT2B7,582,0.0068
FBXO34,582,0.0068
SUSD5,582,0.0068
ZNF816,582,0.0068
ZSCAN2,582,0.0068
IKBKB,582,0.0068
ZNF76,582,0.0068
PPP4R3B,582,0.0068
SLC6A13,582,0.0068
LRRIQ3,582,0.0068
PTH2R,582,0.0068
CLIP4,582,0.0068
SCEL,582,0.0068
UGT2A3,581,0.0068
ABHD16B,581,0.0068
SLC1A1,581,0.0068
REPS1,581,0.0068
WWC3,581,0.0068
NUP85,581,0.0068
GRIK2,581,0.0068
PTGIS,581,0.0068
DENND1B,581,0.0068
MKRN3,580,0.0068
FIGN,580,0.0068
ORC3,580,0.0068
TLR6,580,0.0068
KRT81,580,0.0068
SLC24A4,580,0.0068
ZBTB10,580,0.0068
AR,580,0.0068
AGMO,580,0.0068
MATR3,580,0.0068
GCDH,580,0.0068
TMEM63C,579,0.0068
SH3BP1,579,0.0068
CHRNA10,579,0.0068
ANKRD55,579,0.0068
BFSP1,579,0.0068
APBB1,579,0.0068
SLC22A12,579,0.0068
EEFSEC,579,0.0068
MTSS1,579,0.0068
RASIP1,579,0.0068
UGT1A1,579,0.0068
NUDT19,579,0.0068
AKAP17A,578,0.0068
ZNF484,578,0.0068
NEIL3,578,0.0068
DARS1,578,0.0068
KRT79,578,0.0068
FOXC1,578,0.0068
GPC3,578,0.0068
ATF4,578,0.0068
KIF3C,577,0.0068
SHC4,577,0.0068
DTX3L,577,0.0068
ZFP62,577,0.0068
ACOT11,577,0.0068
DPEP1,577,0.0068
SLC27A2,577,0.0068
RPN2,577,0.0068
MARK3,576,0.0068
NUAK2,576,0.0068
UBXN6,576,0.0068
SLC28A2,576,0.0068
PRR35,576,0.0068
ZNF77,576,0.0068
USP9Y,576,0.0068
CATSPER2,576,0.0068
SLC5A10,576,0.0068
SLFN14,576,0.0068
MLKL,576,0.0068
APEH,576,0.0068
TMC7,576,0.0068
DPYSL4,576,0.0068
TBX2,576,0.0068
CDH7,576,0.0068
PRAMEF10,575,0.0067
ISLR2,575,0.0067
ZSWIM2,575,0.0067
MARS2,575,0.0067
SLC8B1,575,0.0067
BACH1,575,0.0067
UGT1A5,575,0.0067
MUS81,575,0.0067
GALNT3,575,0.0067
STRN,575,0.0067
AKAP8L,575,0.0067
TPCN1,575,0.0067
GGA2,575,0.0067
CYP7B1,575,0.0067
NCAM2,575,0.0067
ZDHHC11,574,0.0067
FANCL,574,0.0067
ST6GALNAC1,574,0.0067
CCNL2,574,0.0067
C2CD2,574,0.0067
IQCB1,574,0.0067
NPAS2,574,0.0067
PDE8B,574,0.0067
ZBED6,574,0.0067
CDHR4,574,0.0067
ADAT1,574,0.0067
RPL3L,574,0.0067
GUCY1A1,574,0.0067
VGF,574,0.0067
ZNF446,574,0.0067
HPSE2,574,0.0067
GGT5,573,0.0067
SELE,573,0.0067
DDHD2,573,0.0067
SLC22A2,573,0.0067
KRT32,573,0.0067
EPB42,573,0.0067
SLCO1C1,573,0.0067
GOLGA5,573,0.0067
GBP7,573,0.0067
LNX2,573,0.0067
FOXH1,573,0.0067
FYB1,573,0.0067
ZNF267,573,0.0067
RNF169,572,0.0067
DGCR2,572,0.0067
FUT11,572,0.0067
ZNF333,572,0.0067
VEZT,572,0.0067
ICAM1,572,0.0067
ABAT,572,0.0067
ZNF215,572,0.0067
LRFN3,572,0.0067
DAXX,572,0.0067
SLC26A5,572,0.0067
SLC22A11,572,0.0067
ACVRL1,572,0.0067
RNF157,572,0.0067
ZNF790,571,0.0067
ENTPD8,571,0.0067
C17orf80,571,0.0067
ZNF432,571,0.0067
HTR3A,571,0.0067
PNKD,571,0.0067
APPL2,571,0.0067
UIMC1,571,0.0067
TBC1D10B,571,0.0067
OPN4,571,0.0067
ALDH1B1,571,0.0067
SARS2,571,0.0067
FAM20C,571,0.0067
RTN2,571,0.0067
KY,571,0.0067
RABEP2,571,0.0067
CFAP99,571,0.0067
CEP131,571,0.0067
POLH,571,0.0067
CYP1A2,571,0.0067
NEK11,570,0.0067
VPS33B,570,0.0067
PARP12,570,0.0067
CCDC186,570,0.0067
ZBTB7C,570,0.0067
CACTIN,570,0.0067
PEX13,570,0.0067
COPB1,570,0.0067
PPP1R16A,570,0.0067
SLC22A13,570,0.0067
RNF20,570,0.0067
MTMR2,570,0.0067
BTNL9,570,0.0067
CCDC17,570,0.0067
HACL1,570,0.0067
BTN2A1,570,0.0067
AGXT,569,0.0067
VPS41,569,0.0067
DPP10,569,0.0067
ZNF606,569,0.0067
IPO5,569,0.0067
CACNA2D2,569,0.0067
GNPTG,569,0.0067
CAPN14,569,0.0067
KRT4,569,0.0067
DYTN,569,0.0067
NPNT,569,0.0067
SIGLEC5,569,0.0067
PPP6R2,569,0.0067
SLC5A4,569,0.0067
MORN1,569,0.0067
FER,569,0.0067
FRMD6,568,0.0067
SERINC2,568,0.0067
RXFP2,568,0.0067
ZNF517,568,0.0067
BEST3,568,0.0067
CD2AP,568,0.0067
CCAR1,568,0.0067
GJA8,568,0.0067
SHC2,568,0.0067
CD180,568,0.0067
KDM5C,568,0.0067
BAIAP2L2,568,0.0067
ACOT2,568,0.0067
SPATA18,568,0.0067
SLC11A1,567,0.0066
ZNF780A,567,0.0066
ECT2,567,0.0066
TEX10,567,0.0066
DGKK,567,0.0066
STRN4,567,0.0066
TP73,567,0.0066
MFSD9,567,0.0066
ARID3A,567,0.0066
XRN2,567,0.0066
CAPN7,567,0.0066
PSTPIP1,567,0.0066
IMMT,567,0.0066
ZNF549,567,0.0066
ZNF654,566,0.0066
CC2D1B,566,0.0066
DDC,566,0.0066
TGFBR1,566,0.0066
ZNF48,566,0.0066
KCNA10,566,0.0066
MOXD1,566,0.0066
TMEM184A,566,0.0066
HDGFL2,566,0.0066
SRRM4,566,0.0066
PTPN11,566,0.0066
HRG,566,0.0066
ATP6V1B1,566,0.0066
KRT9,565,0.0066
USH1C,565,0.0066
KPNA7,565,0.0066
KLHL29,565,0.0066
PRAMEF12,565,0.0066
KDM4A,565,0.0066
MARCHF7,565,0.0066
CHST12,565,0.0066
IGLV3-25,565,0.0066
IGLV2-14,565,0.0066
GBP6,565,0.0066
DDX28,565,0.0066
CHRNB2,565,0.0066
ZCCHC8,565,0.0066
FZD4,565,0.0066
CASC3,564,0.0066
TCTN3,564,0.0066
LARP4B,564,0.0066
ST6GAL2,564,0.0066
ARNT2,564,0.0066
SLCO1A2,564,0.0066
PNN,564,0.0066
DNAJC21,564,0.0066
CYP4F8,564,0.0066
DNAJA3,564,0.0066
SLC22A14,564,0.0066
GOLGA8S,564,0.0066
SHPK,564,0.0066
COL8A2,564,0.0066
ARHGEF38,564,0.0066
KRT85,564,0.0066
MAPK8IP1,563,0.0066
DPY19L4,563,0.0066
LONRF1,563,0.0066
IL22RA1,563,0.0066
ZNF587,563,0.0066
IPO9,563,0.0066
PIP5K1C,563,0.0066
SLC2A1,563,0.0066
KLHL35,563,0.0066
CDH9,563,0.0066
SP100,563,0.0066
DPP6,563,0.0066
EIF2AK1,563,0.0066
ISM2,562,0.0066
ZNF175,562,0.0066
PAK5,562,0.0066
TBC1D12,562,0.0066
BMPR1B,562,0.0066
NTN3,562,0.0066
ARHGAP28,562,0.0066
SPMIP4,562,0.0066
GASK1B,561,0.0066
EFS,561,0.0066
ZNF235,561,0.0066
FIBCD1,561,0.0066
COL8A1,561,0.0066
STRN3,561,0.0066
SBSN,561,0.0066
SPNS3,560,0.0066
NOL11,560,0.0066
MMP20,560,0.0066
RPS6KB2,560,0.0066
ZNF792,560,0.0066
PDHX,560,0.0066
BTN3A3,559,0.0066
RRP1B,559,0.0066
GGT1,559,0.0066
OS9,559,0.0066
ARHGAP40,559,0.0066
SND1,559,0.0066
DMRTA1,559,0.0066
FOXRED1,559,0.0066
ASB16,559,0.0066
KIR3DL2,559,0.0066
GPATCH3,559,0.0066
RRP8,559,0.0066
PROSER2,559,0.0066
FLAD1,559,0.0066
KRT38,559,0.0066
NFE2L1,559,0.0066
NARS2,558,0.0065
BIN1,558,0.0065
STIM2,558,0.0065
PHACTR4,558,0.0065
KDM7A,558,0.0065
ZNF468,558,0.0065
RASGRP3,558,0.0065
FLRT2,558,0.0065
DHX8,558,0.0065
ZSCAN5C,558,0.0065
ADGRA1,558,0.0065
SUOX,558,0.0065
ATP2B3,558,0.0065
SEC23A,558,0.0065
ENO3,558,0.0065
ENTR1,557,0.0065
SLC26A7,557,0.0065
ACTR5,557,0.0065
ANO4,557,0.0065
HNF1B,557,0.0065
COLEC12,557,0.0065
GALNT11,557,0.0065
MTMR10,557,0.0065
SERPINF1,557,0.0065
IRX4,557,0.0065
NPAS4,557,0.0065
RNPEP,556,0.0065
FBXW8,556,0.0065
NR2E3,556,0.0065
SHQ1,556,0.0065
CCDC63,556,0.0065
SPRED1,556,0.0065
SUGP1,556,0.0065
TMEM104,556,0.0065
EPS8L3,555,0.0065
SLC39A6,555,0.0065
FAM20A,555,0.0065
DNTTIP2,555,0.0065
NOX4,555,0.0065
UGT2B15,555,0.0065
COQ8B,555,0.0065
SUPT5H,555,0.0065
TRPC4,555,0.0065
ADGRL4,555,0.0065
ZNF559,555,0.0065
SYCP1,554,0.0065
TRIM71,554,0.0065
SYBU,554,0.0065
FAM171B,554,0.0065
LILRA6,554,0.0065
SLC9A2,554,0.0065
MAP9,554,0.0065
NHSL2,554,0.0065
IGHV4-39,554,0.0065
HSPA1L,553,0.0065
SCNN1G,553,0.0065
ZBTB48,553,0.0065
ANGEL1,553,0.0065
AMIGO3,553,0.0065
APCDD1L,553,0.0065
KRT33A,553,0.0065
MFSD6,553,0.0065
EP400,553,0.0065
SLC27A6,553,0.0065
PSG11,553,0.0065
PAXIP1,553,0.0065
SPARCL1,553,0.0065
IGSF21,552,0.0065
DTNB,552,0.0065
PDE5A,552,0.0065
SLC7A7,552,0.0065
PJA2,552,0.0065
SCART1,552,0.0065
XRCC2,552,0.0065
KIAA1958,552,0.0065
DDX56,552,0.0065
CYP1A1,552,0.0065
C2CD2L,551,0.0065
TMEM168,551,0.0065
ACSS1,551,0.0065
CHDH,551,0.0065
RSL1D1,551,0.0065
ZNF782,551,0.0065
ARSG,551,0.0065
RXFP1,551,0.0065
KRTAP10-4,551,0.0065
JPH1,551,0.0065
DDX41,551,0.0065
HSPA12B,551,0.0065
NCL,551,0.0065
NEDD1,551,0.0065
CHML,550,0.0064
KRTAP10-6,550,0.0064
PLEKHG7,550,0.0064
ZNF214,550,0.0064
IDH1,550,0.0064
GLE1,550,0.0064
GPR135,550,0.0064
MVD,550,0.0064
GZF1,550,0.0064
SAMD4A,550,0.0064
COG3,550,0.0064
PFKM,550,0.0064
MEP1B,550,0.0064
NUP62,550,0.0064
ENTPD2,550,0.0064
SLITRK1,550,0.0064
NKX2-5,549,0.0064
TBX5,549,0.0064
GBP4,549,0.0064
GLDN,549,0.0064
HSPH1,549,0.0064
MARCO,549,0.0064
CRTC2,549,0.0064
TNFRSF8,549,0.0064
UBXN11,549,0.0064
YARS1,549,0.0064
MIER2,549,0.0064
GTF2F1,549,0.0064
EPN1,549,0.0064
PLA2G3,549,0.0064
MAB21L4,549,0.0064
CAT,549,0.0064
SLC6A1,549,0.0064
HIRA,549,0.0064
VCAM1,548,0.0064
MMP27,548,0.0064
STRIP1,548,0.0064
AAK1,548,0.0064
KRT16,548,0.0064
CYP4F22,548,0.0064
TPSAB1,548,0.0064
RSC1A1,548,0.0064
CHRNB1,548,0.0064
TJAP1,548,0.0064
ANTXRL,548,0.0064
MMP14,548,0.0064
VAV1,548,0.0064
OR4X2,547,0.0064
HMGCS2,547,0.0064
ATG7,547,0.0064
ZDHHC5,547,0.0064
RBM23,547,0.0064
SLC4A10,547,0.0064
GALNT18,547,0.0064
NXPE1,547,0.0064
ECM2,547,0.0064
DNM1,547,0.0064
PRC1,547,0.0064
MYOC,547,0.0064
C19orf44,547,0.0064
PALMD,547,0.0064
GOLGA8K,547,0.0064
ZBTB47,547,0.0064
EFCAB12,547,0.0064
GRIA1,547,0.0064
RFX2,546,0.0064
SLC22A24,546,0.0064
PDE1C,546,0.0064
TBRG4,546,0.0064
ZNF710,546,0.0064
HEXB,546,0.0064
ACSS2,546,0.0064
RHO,546,0.0064
GRK1,546,0.0064
TEDC1,546,0.0064
PPFIA3,546,0.0064
ABTB1,545,0.0064
CETP,545,0.0064
IRAK3,545,0.0064
MTREX,545,0.0064
TBK1,545,0.0064
RUBCNL,545,0.0064
ANO10,545,0.0064
USP37,545,0.0064
GPR108,545,0.0064
IKBKE,545,0.0064
HOOK1,545,0.0064
F12,545,0.0064
CPNE3,544,0.0064
ROGDI,544,0.0064
FAM222B,544,0.0064
C12orf40,544,0.0064
COLGALT2,544,0.0064
FGGY,544,0.0064
MAP7D3,544,0.0064
EXOC3,544,0.0064
TNIP1,544,0.0064
ZSCAN18,544,0.0064
ADSS1,544,0.0064
GLIS2,544,0.0064
DIPK1B,544,0.0064
KRT34,544,0.0064
SPATA2,544,0.0064
PRODH,543,0.0064
GALNT4,543,0.0064
USP44,543,0.0064
CYP26C1,543,0.0064
TRIM45,543,0.0064
KIF2C,543,0.0064
TAF6L,543,0.0064
CRTC3,543,0.0064
NTSR1,543,0.0064
NGEF,543,0.0064
TMEM108,543,0.0064
SUPT20H,543,0.0064
TPX2,543,0.0064
COLQ,543,0.0064
ZNF221,543,0.0064
CDC45,543,0.0064
PLAT,543,0.0064
PLK3,543,0.0064
EFEMP2,542,0.0064
RPUSD2,542,0.0064
SH2D3A,542,0.0064
ZNF865,542,0.0064
TTYH3,542,0.0064
SEMA3B,542,0.0064
LOX,542,0.0064
FLVCR1,542,0.0064
UNC93A,542,0.0064
SV2A,542,0.0064
PDE9A,542,0.0064
CHRNG,542,0.0064
SEL1L2,542,0.0064
NRG1,542,0.0064
SPDL1,541,0.0063
GPR153,541,0.0063
ADAM23,541,0.0063
GTF2A1L,541,0.0063
ACOT12,541,0.0063
PDGFRL,541,0.0063
SLC35G4,541,0.0063
L3MBTL3,541,0.0063
TEKTL1,541,0.0063
RPS6KA4,541,0.0063
FAM234B,541,0.0063
INSYN2A,540,0.0063
ABCF1,540,0.0063
FCRL4,540,0.0063
FOXP4,540,0.0063
PIK3C3,540,0.0063
RPS6KL1,540,0.0063
ESR2,540,0.0063
LBP,540,0.0063
APPL1,540,0.0063
ZNF492,540,0.0063
TRIM50,540,0.0063
ZNF169,540,0.0063
CCPG1,540,0.0063
DCAF1,540,0.0063
MYBL2,540,0.0063
SLC39A5,540,0.0063
GADL1,540,0.0063
KMT5B,540,0.0063
SV2B,540,0.0063
SUMF1,539,0.0063
MARK4,539,0.0063
AIPL1,539,0.0063
CASP10,539,0.0063
ZHX1,539,0.0063
PTPRK,539,0.0063
SLC2A9,539,0.0063
SMYD1,539,0.0063
CES3,539,0.0063
MTMR8,539,0.0063
ALOX12,539,0.0063
PUM2,539,0.0063
KRT35,539,0.0063
GCNT3,539,0.0063
SFMBT1,538,0.0063
PRKD2,538,0.0063
CTNNAL1,538,0.0063
RBFOX1,538,0.0063
TUBA3E,538,0.0063
GIT2,538,0.0063
GGA1,538,0.0063
ITK,538,0.0063
OR2T27,538,0.0063
ECM1,538,0.0063
CDH10,538,0.0063
LARP4,538,0.0063
GAL3ST4,538,0.0063
SIX4,538,0.0063
PHF14,537,0.0063
CROT,537,0.0063
RHOBTB1,537,0.0063
PRKAG3,537,0.0063
MON1B,537,0.0063
DDX18,537,0.0063
SCG2,537,0.0063
GRAMD1C,537,0.0063
CTRC,537,0.0063
ZNF653,537,0.0063
EPHX2,537,0.0063
TUBB8B,537,0.0063
CORO1B,536,0.0063
BPIFB3,536,0.0063
DRC3,536,0.0063
USP25,536,0.0063
B4GALNT1,536,0.0063
STAT6,536,0.0063
ARHGAP4,536,0.0063
SNTA1,536,0.0063
PLCZ1,536,0.0063
ZWILCH,536,0.0063
CNBD2,536,0.0063
HIF1A,536,0.0063
TNFRSF10A,536,0.0063
CCDC102A,536,0.0063
MEX3B,536,0.0063
CHADL,536,0.0063
TMEM214,536,0.0063
SP1,536,0.0063
PRSS53,536,0.0063
TSGA10IP,536,0.0063
PLA2G4C,536,0.0063
TSGA10,536,0.0063
SSC4D,536,0.0063
CSE1L,535,0.0063
TDP1,535,0.0063
PACS2,535,0.0063
ACAP1,535,0.0063
MSTO1,535,0.0063
PEX10,535,0.0063
KLHL41,535,0.0063
ZC3H11A,535,0.0063
SAMD15,535,0.0063
TF,535,0.0063
TNFRSF21,535,0.0063
ZNRF4,535,0.0063
DCLK2,535,0.0063
POC5,535,0.0063
WDR46,535,0.0063
NDUFV1,535,0.0063
GAREM2,535,0.0063
ZNF417,535,0.0063
PHEX,535,0.0063
CENPT,534,0.0063
MARVELD2,534,0.0063
ZNF846,534,0.0063
CPNE1,534,0.0063
BCL11A,534,0.0063
ZNF496,534,0.0063
LARP7,534,0.0063
NKD2,534,0.0063
DCP1B,534,0.0063
PDS5A,534,0.0063
HUNK,534,0.0063
USO1,534,0.0063
RAPSN,533,0.0062
PRRT2,533,0.0062
WIPF1,533,0.0062
ZNF257,533,0.0062
ZAP70,533,0.0062
DARS2,533,0.0062
OC90,533,0.0062
SLC47A1,533,0.0062
MORC3,533,0.0062
BRSK2,533,0.0062
XYLB,533,0.0062
UGT1A6,533,0.0062
ZNF45,532,0.0062
KBTBD11,532,0.0062
PTPN12,532,0.0062
LGI4,532,0.0062
CIAO3,532,0.0062
CFAP53,532,0.0062
ADCK2,532,0.0062
IL1RL2,532,0.0062
PLD4,532,0.0062
FDXACB1,531,0.0062
PLIN3,531,0.0062
PTH1R,531,0.0062
BRD7,531,0.0062
MRPS30,531,0.0062
INTS9,531,0.0062
GPSM2,531,0.0062
LRRC36,531,0.0062
RPAP3,531,0.0062
TUBB1,531,0.0062
ZSCAN5A,531,0.0062
CYP2C8,531,0.0062
ECD,531,0.0062
LRFN1,531,0.0062
EXOC6B,531,0.0062
ZNF14,531,0.0062
CALCOCO1,531,0.0062
A1BG,530,0.0062
POTEM,530,0.0062
MAP2K2,530,0.0062
ECE1,530,0.0062
IL27RA,530,0.0062
FMO3,530,0.0062
SEMA3A,530,0.0062
FMNL2,530,0.0062
KRT17,530,0.0062
TTYH2,530,0.0062
CHIA,530,0.0062
HGF,530,0.0062
DCT,529,0.0062
SPTY2D1,529,0.0062
CNNM3,529,0.0062
FSIP1,529,0.0062
RABEP1,529,0.0062
PARP3,529,0.0062
SLFNL1,529,0.0062
KRT37,529,0.0062
LONP2,529,0.0062
ACSL5,529,0.0062
GJA10,529,0.0062
NCKAP1,529,0.0062
SLC17A8,529,0.0062
EZR,529,0.0062
KIR2DL3,529,0.0062
WIPF3,529,0.0062
ROCK1,529,0.0062
SEPTIN12,529,0.0062
CCDC60,529,0.0062
TTC31,529,0.0062
CCDC96,529,0.0062
ZNF93,528,0.0062
IL23R,528,0.0062
FOXK1,528,0.0062
GDF5,528,0.0062
PHYKPL,528,0.0062
UNC93B1,528,0.0062
RASAL1,528,0.0062
MCOLN1,528,0.0062
POM121L12,528,0.0062
LRRC41,528,0.0062
ACCSL,528,0.0062
CCBE1,528,0.0062
CCT8L2,527,0.0062
IRGQ,527,0.0062
ZNF626,527,0.0062
ADGRG3,527,0.0062
EML1,527,0.0062
ACSM1,527,0.0062
KLC4,527,0.0062
MMP28,527,0.0062
TINAG,527,0.0062
GRK7,527,0.0062
RELB,527,0.0062
USP2,527,0.0062
ASNSD1,527,0.0062
RAP1GAP2,527,0.0062
PRAME,527,0.0062
APOA4,527,0.0062
TRPC3,527,0.0062
MAVS,527,0.0062
GALNT10,527,0.0062
SAGE1,527,0.0062
TBC1D8B,526,0.0062
ZYG11A,526,0.0062
BPTF,526,0.0062
SERPING1,526,0.0062
KRT7,526,0.0062
KDM1B,526,0.0062
PKN2,526,0.0062
OIT3,526,0.0062
ADD2,526,0.0062
SRPRA,526,0.0062
LINGO4,526,0.0062
RPUSD1,526,0.0062
GRB7,526,0.0062
GBP3,526,0.0062
ADGRE3,526,0.0062
ACSL1,525,0.0062
CCDC148,525,0.0062
SEMA7A,525,0.0062
ZNF284,525,0.0062
PAXBP1,525,0.0062
HERC3,525,0.0062
CD19,525,0.0062
PNPLA3,525,0.0062
OR11H12,525,0.0062
KDM4E,525,0.0062
RSBN1,525,0.0062
GDPD5,525,0.0062
MED17,525,0.0062
VRK2,525,0.0062
KRT24,525,0.0062
HBS1L,525,0.0062
PCDH11X,525,0.0062
PTPN4,525,0.0062
MPP4,525,0.0062
CIMIP2A,524,0.0061
PARP8,524,0.0061
IGHV3-33,524,0.0061
ZNF860,524,0.0061
PARPBP,524,0.0061
ANKRD52,524,0.0061
L3MBTL2,524,0.0061
ZNF573,524,0.0061
ANKRD13D,524,0.0061
AMT,524,0.0061
WDR76,524,0.0061
NUFIP2,524,0.0061
SLC2A6,524,0.0061
KAT2B,524,0.0061
TULP2,524,0.0061
IL2RB,524,0.0061
FAM53A,524,0.0061
CYP27B1,524,0.0061
RABGGTA,524,0.0061
KIFC1,523,0.0061
ASL,523,0.0061
PKMYT1,523,0.0061
GIPR,523,0.0061
ZNF555,523,0.0061
KRT13,523,0.0061
SPATA6L,523,0.0061
GTF2IRD2,523,0.0061
AGXT2,523,0.0061
GPR75,523,0.0061
PAN3,523,0.0061
ZNF234,523,0.0061
FOXC2,523,0.0061
DUSP16,523,0.0061
TRIM5,523,0.0061
BTN2A2,523,0.0061
SLC39A10,523,0.0061
INTS10,522,0.0061
IPO7,522,0.0061
DBF4B,522,0.0061
ADAM11,522,0.0061
RASGRP4,522,0.0061
ZNF599,522,0.0061
VANGL1,522,0.0061
ZBTB41,522,0.0061
LRPAP1,522,0.0061
ZC3H11C,522,0.0061
TESK2,522,0.0061
CDC14A,521,0.0061
GBA1,521,0.0061
OR52M1,521,0.0061
DDX42,521,0.0061
SLC7A13,521,0.0061
WDR1,521,0.0061
LAD1,521,0.0061
PMEL,521,0.0061
NPIPB15,521,0.0061
RTKN2,521,0.0061
TRIM24,521,0.0061
TAX1BP1,521,0.0061
PUM1,521,0.0061
EXD2,521,0.0061
ARMC6,521,0.0061
CCDC71,521,0.0061
ACADS,520,0.0061
CCIN,520,0.0061
ZNF732,520,0.0061
C1orf94,520,0.0061
PLOD2,520,0.0061
MBOAT7,520,0.0061
TMEM200C,520,0.0061
MTPAP,520,0.0061
GFAP,520,0.0061
SLC28A3,520,0.0061
GRIA4,520,0.0061
BCL6,520,0.0061
PGM2,520,0.0061
ARHGAP9,520,0.0061
TSEN2,520,0.0061
FARS2,519,0.0061
TAF6,519,0.0061
CYP7A1,519,0.0061
KLHL6,519,0.0061
SIM2,519,0.0061
WDR43,519,0.0061
DYRK1B,519,0.0061
RNF6,519,0.0061
EXOC1,519,0.0061
FOXO3,519,0.0061
HLA-DRB1,519,0.0061
EYA1,519,0.0061
THEMIS2,519,0.0061
NLRP6,519,0.0061
CCNT1,519,0.0061
C5orf34,519,0.0061
NCAM1,519,0.0061
TUBA8,519,0.0061
TRIM47,519,0.0061
HDC,519,0.0061
OPTN,518,0.0061
NR1I2,518,0.0061
ZNF251,518,0.0061
AMPH,518,0.0061
SLC4A8,518,0.0061
MPHOSPH10,518,0.0061
FEM1A,518,0.0061
ZFR,518,0.0061
GSDMC,517,0.0061
PRPF6,517,0.0061
ZNF398,517,0.0061
SHCBP1,517,0.0061
PRPH2,517,0.0061
ZNF519,517,0.0061
CCDC62,517,0.0061
FCHSD2,517,0.0061
ME1,517,0.0061
SPMAP2,517,0.0061
PIK3R1,517,0.0061
RNF19A,517,0.0061
ZNF233,517,0.0061
CLOCK,517,0.0061
MED15,517,0.0061
ZNF317,517,0.0061
AVPR1B,516,0.006
GNS,516,0.006
NOB1,516,0.006
UGT2A1,516,0.006
FAM178B,516,0.006
F13B,516,0.006
GATB,516,0.006
SCARA5,516,0.006
SSTR5,516,0.006
TCTE1,516,0.006
CTIF,516,0.006
CHST5,516,0.006
DDX55,515,0.006
PDLIM5,515,0.006
CPA6,515,0.006
CRNN,515,0.006
RBM14,515,0.006
ARHGAP44,515,0.006
ZNF219,515,0.006
KLHL31,515,0.006
MIGA2,515,0.006
RFT1,515,0.006
SGCE,515,0.006
ANGPT4,515,0.006
PTPRA,515,0.006
RNF214,515,0.006
GPR37,515,0.006
RIPK3,515,0.006
FARSB,515,0.006
SOX7,515,0.006
MAPK8IP2,515,0.006
PRPF4B,515,0.006
ICAM3,515,0.006
CASK,515,0.006
TAOK3,515,0.006
KIF5B,515,0.006
CTNNA2,515,0.006
IGHV4-34,515,0.006
NXPE4,515,0.006
DNAJC14,515,0.006
MAPK6,515,0.006
C6orf118,514,0.006
CDYL2,514,0.006
ELOA,514,0.006
FHIP2A,514,0.006
DPYS,514,0.006
LILRB5,514,0.006
SCLY,514,0.006
CLPTM1L,514,0.006
ZNF479,514,0.006
MMP13,514,0.006
CNDP1,514,0.006
FSCN3,514,0.006
SLC5A8,513,0.006
PRSS56,513,0.006
POLL,513,0.006
CLUAP1,513,0.006
BRD3,513,0.006
ALKBH8,513,0.006
SLC6A17,513,0.006
HSF1,513,0.006
GTF2IRD1,513,0.006
RASGRP2,513,0.006
LIMA1,513,0.006
ABHD15,513,0.006
ANKRD53,513,0.006
FBXO7,513,0.006
MAPK4,512,0.006
SLC5A6,512,0.006
ZNF280A,512,0.006
OGDH,512,0.006
EEF2,512,0.006
SLC22A3,512,0.006
ZIC5,512,0.006
APCDD1,512,0.006
KBTBD12,512,0.006
GRIN1,512,0.006
SMARCE1,512,0.006
SLC9A1,512,0.006
MUC21,512,0.006
CAND1,512,0.006
GLA,512,0.006
ZNF775,512,0.006
KLHL21,512,0.006
RAVER2,512,0.006
PCIF1,512,0.006
NOL9,512,0.006
IGLV3-21,511,0.006
FAM47A,511,0.006
FMO5,511,0.006
ZNF556,511,0.006
TRIM51,511,0.006
RPS6KA5,511,0.006
PIGW,511,0.006
FBXO30,511,0.006
POC1B,511,0.006
ESCO2,511,0.006
C2CD5,511,0.006
MMP1,511,0.006
SLC52A3,511,0.006
ANKDD1A,511,0.006
KLKB1,511,0.006
SERAC1,511,0.006
RNF103,511,0.006
ZNF668,511,0.006
IFI44,511,0.006
ZNF613,510,0.006
USP1,510,0.006
GTF3C3,510,0.006
PINX1,510,0.006
NHLRC2,510,0.006
RASSF10,510,0.006
ZNF256,510,0.006
TREH,510,0.006
GTF3C4,510,0.006
SP140L,510,0.006
PGM5,510,0.006
S1PR4,510,0.006
FUT4,510,0.006
ACTN4,510,0.006
SOAT2,510,0.006
SLC13A2,510,0.006
CDH8,510,0.006
PTPRR,510,0.006
UTP18,510,0.006
ROM1,510,0.006
EME1,510,0.006
NCOA5,510,0.006
GDF6,510,0.006
KRTAP10-7,510,0.006
CDC42EP1,510,0.006
POLE2,509,0.006
ZNF510,509,0.006
ZNF100,509,0.006
ESS2,509,0.006
IFI44L,509,0.006
HEATR3,509,0.006
CASQ2,509,0.006
RBPJL,509,0.006
TEKT3,509,0.006
ZSWIM3,509,0.006
DDX43,509,0.006
RNF112,509,0.006
CDC25B,509,0.006
NDRG1,509,0.006
RETREG1,509,0.006
WSCD2,509,0.006
CHRNA1,509,0.006
CCDC175,509,0.006
ATF6B,509,0.006
SSTR4,509,0.006
B3GALNT2,509,0.006
RCBTB2,509,0.006
RRP1,509,0.006
GDF10,508,0.006
ABCB10,508,0.006
DCAF4,508,0.006
COPB2,508,0.006
PIWIL1,508,0.006
CARD8,508,0.006
MMP10,508,0.006
LGSN,508,0.006
ZNF189,508,0.006
TREX1,508,0.006
NOP56,508,0.006
TRIM51G,507,0.0059
WRAP73,507,0.0059
CSF1,507,0.0059
TKT,507,0.0059
SLC16A5,507,0.0059
CNDP2,507,0.0059
PLTP,507,0.0059
TRIM25,507,0.0059
ZNF672,507,0.0059
SLC7A8,507,0.0059
PKDCC,507,0.0059
SGCA,506,0.0059
SDR42E1,506,0.0059
ARRDC1,506,0.0059
GBP2,506,0.0059
DNTT,506,0.0059
HACE1,506,0.0059
KRTAP16-1,506,0.0059
ASIC4,506,0.0059
EOGT,506,0.0059
ARNT,506,0.0059
CHERP,505,0.0059
ADGRG5,505,0.0059
UTP6,505,0.0059
CFAP157,505,0.0059
TRIM55,505,0.0059
TMPRSS2,505,0.0059
RTKN,505,0.0059
ZNF66,505,0.0059
HSP90AA1,505,0.0059
RASGRP1,505,0.0059
TRIM35,505,0.0059
IFNGR1,504,0.0059
OXER1,504,0.0059
ZBTB5,504,0.0059
GOLGA6B,504,0.0059
RFTN1,504,0.0059
CEACAM20,504,0.0059
EPN2,504,0.0059
ANKRD62,504,0.0059
LINGO2,504,0.0059
CTSC,504,0.0059
WDR25,504,0.0059
LCP2,504,0.0059
TRIM46,504,0.0059
CCDC93,504,0.0059
NDC1,504,0.0059
MAK,504,0.0059
RELT,504,0.0059
TUBAL3,504,0.0059
PLCL2,504,0.0059
POLM,504,0.0059
SLC22A18,504,0.0059
SHB,504,0.0059
KRT10,503,0.0059
ZNF311,503,0.0059
ALG2,503,0.0059
TRIM16,503,0.0059
CARF,503,0.0059
HSPA4,503,0.0059
ZNF728,503,0.0059
MYRFL,503,0.0059
GSDMD,503,0.0059
KRT80,503,0.0059
KIF4A,503,0.0059
RGS14,502,0.0059
TBCE,502,0.0059
LCA5L,502,0.0059
NARS1,502,0.0059
ITPRIPL1,502,0.0059
ELANE,502,0.0059
ZNF765,502,0.0059
NFKBIZ,502,0.0059
GP5,502,0.0059
BTNL8,502,0.0059
FAM83D,502,0.0059
MAP6,502,0.0059
FLVCR2,502,0.0059
GBP5,502,0.0059
RAB44,502,0.0059
IL9R,502,0.0059
CES2,502,0.0059
SORT1,502,0.0059
ZNF678,501,0.0059
GALNT16,501,0.0059
ZNF343,501,0.0059
RCBTB1,501,0.0059
IRX1,501,0.0059
PES1,501,0.0059
FZD6,501,0.0059
CTTNBP2NL,501,0.0059
DTX4,501,0.0059
HELLS,501,0.0059
CREB3L1,501,0.0059
KRT40,501,0.0059
ZNF677,501,0.0059
PMPCB,501,0.0059
TRABD2A,501,0.0059
ZNF155,501,0.0059
FAM91A1,501,0.0059
SOX9,500,0.0059
SEMA4G,500,0.0059
TRIM49B,500,0.0059
EXOC6,500,0.0059
ATL3,500,0.0059
CFAP206,500,0.0059
HHIP,500,0.0059
ALDH3B2,500,0.0059
RIC8A,500,0.0059
VNN1,500,0.0059
ZNF540,500,0.0059
TAB2,500,0.0059
NSUN6,500,0.0059
CAPN8,500,0.0059
LRRIQ4,500,0.0059
DET1,499,0.0058
TRIP6,499,0.0058
ACADM,499,0.0058
FBXO43,499,0.0058
SNX32,499,0.0058
HHAT,499,0.0058
DDB1,499,0.0058
SLC10A1,499,0.0058
SLC6A3,499,0.0058
GJD4,499,0.0058
PLVAP,499,0.0058
SATB2,499,0.0058
NAF1,499,0.0058
FOXD4L1,499,0.0058
SERPINA5,499,0.0058
FCRL6,498,0.0058
ZBBX,498,0.0058
PTK6,498,0.0058
AGBL3,498,0.0058
TBX20,498,0.0058
CEACAM16,498,0.0058
NFE2L2,498,0.0058
CATSPER4,498,0.0058
CCKBR,498,0.0058
SLC25A12,498,0.0058
IWS1,498,0.0058
LRRN3,498,0.0058
SERPINH1,498,0.0058
AOAH,498,0.0058
EEF2KMT,498,0.0058
TYMP,498,0.0058
MNT,498,0.0058
INTS15,497,0.0058
ACTL7A,497,0.0058
ADAMTSL2,497,0.0058
RIOK1,497,0.0058
UVRAG,497,0.0058
TBKBP1,497,0.0058
ACCS,497,0.0058
AMHR2,497,0.0058
NDST3,497,0.0058
PDLIM3,497,0.0058
SLC13A1,497,0.0058
IFNAR1,497,0.0058
GTF3C5,497,0.0058
JRK,497,0.0058
MROH9,497,0.0058
GRM3,497,0.0058
ACOX1,496,0.0058
FAM98A,496,0.0058
SARM1,496,0.0058
KRT36,496,0.0058
TINF2,496,0.0058
TCHP,496,0.0058
CRTAP,496,0.0058
ASTE1,496,0.0058
IL17RE,496,0.0058
AADACL4,496,0.0058
RBM47,495,0.0058
CTNS,495,0.0058
TTC13,495,0.0058
ZC3H14,495,0.0058
TNNT2,495,0.0058
KRT14,495,0.0058
HIC2,495,0.0058
TRIP4,495,0.0058
SLC43A1,495,0.0058
ZNF394,495,0.0058
IGHV3-21,495,0.0058
ADRA2B,495,0.0058
IGHV2-5,495,0.0058
ALDH3A1,495,0.0058
ISYNA1,494,0.0058
CERK,494,0.0058
SF3B2,494,0.0058
BCKDHA,494,0.0058
NR1D1,494,0.0058
MELK,494,0.0058
ZNF675,494,0.0058
GSR,494,0.0058
TRIM65,494,0.0058
GPR39,494,0.0058
UPF3A,494,0.0058
REXO5,494,0.0058
HNRNPUL1,494,0.0058
SERPINA1,494,0.0058
POTEC,494,0.0058
MALT1,494,0.0058
CNKSR3,494,0.0058
CUZD1,494,0.0058
SLC15A3,494,0.0058
ZNF837,494,0.0058
TESK1,494,0.0058
RBMXL2,494,0.0058
ZNF624,494,0.0058
DPEP2,494,0.0058
FAM86B2,494,0.0058
NEIL2,494,0.0058
KCNC4,493,0.0058
SERPINB3,493,0.0058
TCERG1L,493,0.0058
RNH1,493,0.0058
SERPINB4,493,0.0058
CSTF2T,493,0.0058
ZNF614,493,0.0058
PIGS,493,0.0058
RPS6KA2,493,0.0058
EIF2B4,493,0.0058
NUAK1,493,0.0058
SEC63,493,0.0058
CREB3L3,493,0.0058
ZBTB46,493,0.0058
SEPTIN10,493,0.0058
TRIM68,493,0.0058
SOWAHA,493,0.0058
TRMT61B,493,0.0058
LONRF2,493,0.0058
OGFOD2,493,0.0058
SLC44A5,493,0.0058
ATG16L2,493,0.0058
IPO13,493,0.0058
TRIM10,493,0.0058
LRRC49,492,0.0058
KRT33B,492,0.0058
PIGB,492,0.0058
SPATA21,492,0.0058
HOXA10,492,0.0058
SEMG1,492,0.0058
SYT15,492,0.0058
HTR6,492,0.0058
IGFN1,492,0.0058
SPTLC2,492,0.0058
MFSD13A,492,0.0058
NRG3,492,0.0058
NUTM2B,492,0.0058
KCND3,491,0.0058
SERINC4,491,0.0058
VWA1,491,0.0058
COL25A1,491,0.0058
SLC5A1,491,0.0058
TTLL11,491,0.0058
ASB15,491,0.0058
ATL2,491,0.0058
NT5E,491,0.0058
PLBD2,491,0.0058
PCYOX1,491,0.0058
CTSD,491,0.0058
DGAT1,491,0.0058
URI1,491,0.0058
DDX52,491,0.0058
PAOX,490,0.0057
MFN1,490,0.0057
PTPRE,490,0.0057
OASL,490,0.0057
ZNF554,490,0.0057
DNPEP,490,0.0057
MROH1,490,0.0057
SLC13A3,490,0.0057
VPS33A,490,0.0057
RBCK1,490,0.0057
PODXL,490,0.0057
SEPSECS,490,0.0057
SLC20A2,489,0.0057
ALAS1,489,0.0057
DIXDC1,489,0.0057
ACTN1,489,0.0057
TBX6,489,0.0057
UBQLNL,489,0.0057
TLE1,489,0.0057
SYN3,489,0.0057
IQCC,489,0.0057
UHRF1,489,0.0057
RXFP3,489,0.0057
FAM47B,489,0.0057
FXR2,489,0.0057
NUTM2A,489,0.0057
SLC5A7,489,0.0057
SASS6,489,0.0057
TAF15,489,0.0057
FGL1,489,0.0057
GPC6,489,0.0057
ZFYVE1,488,0.0057
AGAP5,488,0.0057
ADSL,488,0.0057
FOLH1,488,0.0057
C12orf56,488,0.0057
TTI2,488,0.0057
BCO2,488,0.0057
DNASE1,488,0.0057
TIGD6,488,0.0057
CYP2C18,488,0.0057
MAN1C1,488,0.0057
PUS1,488,0.0057
FCRL2,488,0.0057
SERPINA4,488,0.0057
ZNF304,488,0.0057
AMOT,488,0.0057
HCLS1,488,0.0057
PPP1R18,488,0.0057
TTLL7,488,0.0057
CCDC102B,488,0.0057
SLC22A23,488,0.0057
CDK18,488,0.0057
SOX13,487,0.0057
FASTKD3,487,0.0057
ILK,487,0.0057
ZNF708,487,0.0057
SLCO3A1,487,0.0057
KLC2,487,0.0057
OR2T2,486,0.0057
PSMD2,486,0.0057
BTBD16,486,0.0057
NCAPH2,486,0.0057
CFAP97,486,0.0057
HSPA12A,486,0.0057
FAM86B1,486,0.0057
ZNF98,486,0.0057
FKBP9,486,0.0057
STAT5A,486,0.0057
SLC36A2,486,0.0057
RPN1,486,0.0057
SPATA16,486,0.0057
SLC44A3,486,0.0057
HEATR9,486,0.0057
SIRPB1,486,0.0057
ZNF770,486,0.0057
SAXO4,486,0.0057
KRT15,486,0.0057
FAM124A,486,0.0057
ALDOB,486,0.0057
ALG3,486,0.0057
CHIT1,486,0.0057
GHRHR,486,0.0057
PDE2A,486,0.0057
LTB4R2,486,0.0057
PIAS3,485,0.0057
EIF4G2,485,0.0057
SERPINA9,485,0.0057
APOBEC3D,485,0.0057
IFNAR2,485,0.0057
FRRS1,485,0.0057
SP3,485,0.0057
LCTL,485,0.0057
ZNF274,485,0.0057
CORO2A,485,0.0057
SPPL2A,485,0.0057
ARHGAP18,485,0.0057
WDR47,485,0.0057
PHF21B,485,0.0057
CYP26B1,485,0.0057
PRKCD,485,0.0057
PODXL2,485,0.0057
WAC,485,0.0057
CHRNA9,484,0.0057
DGCR8,484,0.0057
P2RY2,484,0.0057
ENOSF1,484,0.0057
EDAR,484,0.0057
PDLIM2,484,0.0057
CTTN,484,0.0057
CKAP4,484,0.0057
UGT3A1,484,0.0057
FAAH2,484,0.0057
ASNS,484,0.0057
RGL4,484,0.0057
DLL4,484,0.0057
HHATL,484,0.0057
GGT7,484,0.0057
LMAN1,484,0.0057
PGLYRP2,484,0.0057
B4GALT7,484,0.0057
CLCC1,484,0.0057
PRIMPOL,484,0.0057
OAS1,484,0.0057
SMARCAD1,484,0.0057
THUMPD3,484,0.0057
SERPIND1,484,0.0057
MMP19,483,0.0057
ZBTB45,483,0.0057
FZD9,483,0.0057
PTPN5,483,0.0057
HTR3E,483,0.0057
SLC46A2,483,0.0057
HNRNPM,483,0.0057
GAL3ST3,483,0.0057
CCDC65,483,0.0057
SIGLEC8,483,0.0057
FBXO46,483,0.0057
LRRC71,483,0.0057
RANBP9,483,0.0057
PALS1,483,0.0057
GRWD1,483,0.0057
TDRD5,483,0.0057
CLN8,483,0.0057
COL23A1,483,0.0057
IRGC,483,0.0057
PUS7,482,0.0057
ERICH6B,482,0.0057
FUT10,482,0.0057
CNOT3,482,0.0057
RANGAP1,482,0.0057
AFP,482,0.0057
SPATA2L,482,0.0057
NOL10,482,0.0057
SLFN12,482,0.0057
SKIL,482,0.0057
NEK1,482,0.0057
GSTCD,482,0.0057
CILK1,482,0.0057
FRMD7,482,0.0057
OR4C13,482,0.0057
CAPRIN1,482,0.0057
KRT31,481,0.0056
BIRC2,481,0.0056
ERF,481,0.0056
BRD9,481,0.0056
GRB14,481,0.0056
KIFAP3,481,0.0056
ZBED1,481,0.0056
EVX1,481,0.0056
FRS3,481,0.0056
RDX,481,0.0056
PYROXD1,481,0.0056
TRIM69,481,0.0056
TMPRSS13,481,0.0056
SIL1,481,0.0056
ZNF629,480,0.0056
ZNF697,480,0.0056
GLRB,480,0.0056
SPDYE3,480,0.0056
GAB1,480,0.0056
ZMYM5,480,0.0056
OR4A47,480,0.0056
MOCS3,480,0.0056
MTHFSD,480,0.0056
PRR22,480,0.0056
CRACR2B,480,0.0056
NHLRC1,480,0.0056
XKR6,480,0.0056
TIGD5,480,0.0056
OXCT2,480,0.0056
NPR3,480,0.0056
VNN2,480,0.0056
NPEPL1,480,0.0056
PPP2R1B,480,0.0056
NUDCD1,480,0.0056
COX10,480,0.0056
MYZAP,479,0.0056
SEC14L1,479,0.0056
CYP2U1,479,0.0056
DPH1,479,0.0056
XPO4,479,0.0056
ZNF200,479,0.0056
SRFBP1,479,0.0056
NARF,479,0.0056
CASD1,479,0.0056
GLMN,479,0.0056
GPI,479,0.0056
BMAL2,479,0.0056
CPN2,479,0.0056
NUMB,479,0.0056
METTL25B,479,0.0056
GK2,479,0.0056
XKR7,479,0.0056
ACSM4,479,0.0056
MMP8,478,0.0056
ZNF880,478,0.0056
PASD1,478,0.0056
KATNAL2,478,0.0056
WWP1,478,0.0056
HSP90B1,478,0.0056
CNOT10,478,0.0056
AGT,478,0.0056
PTPN18,478,0.0056
FICD,478,0.0056
FAM114A1,478,0.0056
MIEF2,478,0.0056
ALG10B,478,0.0056
VPS52,478,0.0056
PDIA5,478,0.0056
EHD2,478,0.0056
SERPINA3,478,0.0056
SLC30A5,478,0.0056
HAPLN3,478,0.0056
DONSON,478,0.0056
LIMK1,477,0.0056
NAA25,477,0.0056
KCNA7,477,0.0056
PPP1R3F,477,0.0056
LRRC4,477,0.0056
POTEH,477,0.0056
GOLGA6C,477,0.0056
TMEM232,477,0.0056
NR4A1,477,0.0056
PKP1,477,0.0056
LMBRD1,477,0.0056
SSX2IP,477,0.0056
BAIAP2L1,477,0.0056
XPNPEP3,477,0.0056
MICU3,477,0.0056
BPIFB6,477,0.0056
SLC25A46,477,0.0056
RAP1GAP,477,0.0056
DDX59,477,0.0056
HEXD,477,0.0056
IL4I1,476,0.0056
CCT6B,476,0.0056
FUCA1,476,0.0056
ME3,476,0.0056
CDCA7L,476,0.0056
HADHB,476,0.0056
PM20D1,476,0.0056
TTC24,476,0.0056
RHBG,476,0.0056
PRDM7,476,0.0056
PPM1J,476,0.0056
USP49,476,0.0056
SPIRE1,476,0.0056
PARS2,476,0.0056
YARS2,476,0.0056
GATA5,476,0.0056
LRRC40,476,0.0056
BCKDHB,475,0.0056
GPR83,475,0.0056
ZNF213,475,0.0056
CYP8B1,475,0.0056
FAH,475,0.0056
ABHD1,475,0.0056
PAN2,475,0.0056
SLC1A2,475,0.0056
NEPRO,475,0.0056
UQCRC1,475,0.0056
SLC19A2,475,0.0056
ZCCHC4,475,0.0056
MFSD3,475,0.0056
RSAD1,475,0.0056
MMP11,475,0.0056
PLA2G7,475,0.0056
CEP70,475,0.0056
PLIN2,475,0.0056
PRMT3,475,0.0056
ZNF441,475,0.0056
MTA1,475,0.0056
RUNDC1,475,0.0056
SAXO5,475,0.0056
CANT1,474,0.0056
PLEKHO2,474,0.0056
EEPD1,474,0.0056
RPA1,474,0.0056
ZNF671,474,0.0056
NCF2,474,0.0056
SNAPC2,474,0.0056
SELENBP1,474,0.0056
MARK1,474,0.0056
CCT2,474,0.0056
FMO2,474,0.0056
EHD4,474,0.0056
PRR5,474,0.0056
ALDH3B1,474,0.0056
LMOD2,474,0.0056
ILDR2,474,0.0056
SNX8,474,0.0056
HLX,473,0.0055
LRFN5,473,0.0055
FUT6,473,0.0055
IL18RAP,473,0.0055
ACSM3,473,0.0055
ITPRIPL2,473,0.0055
ZNF561,473,0.0055
SPDYE5,473,0.0055
ZP3,473,0.0055
NUFIP1,473,0.0055
RMI1,473,0.0055
THAP4,473,0.0055
TCAF2,473,0.0055
DDX50,473,0.0055
TRIML1,473,0.0055
OTOL1,473,0.0055
DYRK3,473,0.0055
POLGARF,473,0.0055
FARSA,472,0.0055
COIL,472,0.0055
ADCK5,472,0.0055
MBOAT1,472,0.0055
SLC16A8,472,0.0055
TGFB3,472,0.0055
MFSD2B,472,0.0055
MTO1,472,0.0055
MCOLN2,472,0.0055
OGA,472,0.0055
NR3C1,472,0.0055
FBXO42,472,0.0055
KDM2A,472,0.0055
MTA3,471,0.0055
TRIM33,471,0.0055
CLEC14A,471,0.0055
SAG,471,0.0055
ADGRG1,471,0.0055
CYP19A1,471,0.0055
SPAG8,471,0.0055
ENTPD7,471,0.0055
PPWD1,471,0.0055
CAMKK2,471,0.0055
SLC7A10,471,0.0055
KCNK4,471,0.0055
GPC2,471,0.0055
CALHM1,471,0.0055
LIMK2,471,0.0055
F2,471,0.0055
TTC38,470,0.0055
MMACHC,470,0.0055
IRF8,470,0.0055
RUNX2,470,0.0055
MAP3K3,470,0.0055
LAG3,470,0.0055
DMWD,470,0.0055
CEP295NL,470,0.0055
DNAAF4,470,0.0055
CCDC38,470,0.0055
TSSK1B,470,0.0055
HNRNPDL,470,0.0055
CDH6,470,0.0055
HSPA9,470,0.0055
NMBR,470,0.0055
HOXB3,470,0.0055
AMACR,470,0.0055
NECTIN1,470,0.0055
FUT3,470,0.0055
TTC22,470,0.0055
ACP4,470,0.0055
EXOC8,469,0.0055
ZACN,469,0.0055
NSUN5,469,0.0055
CAMK2B,469,0.0055
ZNF471,469,0.0055
CDKN2AIP,469,0.0055
TYSND1,469,0.0055
PPIG,469,0.0055
TMEM161A,469,0.0055
AVL9,469,0.0055
PCYOX1L,469,0.0055
MTG2,469,0.0055
ATOSB,469,0.0055
ZNF283,469,0.0055
ZBTB17,469,0.0055
ZNF117,469,0.0055
GLCCI1,469,0.0055
FBLN5,469,0.0055
PPP1R9A,469,0.0055
ABHD12,469,0.0055
DGKE,469,0.0055
IPP,469,0.0055
KBTBD7,468,0.0055
ZNF474,468,0.0055
MTMR6,468,0.0055
SLC6A15,468,0.0055
ZUP1,468,0.0055
PATL1,468,0.0055
SLC9B2,468,0.0055
SLAIN2,468,0.0055
MEPCE,468,0.0055
MRGPRX3,468,0.0055
CYP11A1,468,0.0055
CMIP,468,0.0055
ZNF773,468,0.0055
P2RX2,468,0.0055
TOM1L2,468,0.0055
BSG,468,0.0055
MEX3D,468,0.0055
INSM2,467,0.0055
FZD1,467,0.0055
ZNF426,467,0.0055
TSTD2,467,0.0055
RSPH10B,467,0.0055
NDUFAF7,467,0.0055
SLC2A8,467,0.0055
USP5,467,0.0055
TAPBP,467,0.0055
TBC1D22A,467,0.0055
ZSCAN22,467,0.0055
BRPF1,467,0.0055
RGL1,466,0.0055
ZBP1,466,0.0055
ZNF282,466,0.0055
SURF6,466,0.0055
SLC7A9,466,0.0055
FOXJ3,466,0.0055
TEKT2,466,0.0055
THOC2,466,0.0055
XKR4,466,0.0055
CTNNB1,466,0.0055
MYBPH,466,0.0055
GIT1,466,0.0055
LDHAL6B,466,0.0055
KIAA0513,466,0.0055
SETD6,466,0.0055
SUCLG2,466,0.0055
N4BP2L2,466,0.0055
ACTR8,465,0.0055
THUMPD2,465,0.0055
IL6R,465,0.0055
FAM200C,465,0.0055
MANEA,465,0.0055
CYP26A1,465,0.0055
ZNF37A,465,0.0055
PHACTR3,465,0.0055
CBLC,465,0.0055
CYP2J2,465,0.0055
SYT3,465,0.0055
RCSD1,465,0.0055
SLC22A8,465,0.0055
DALRD3,465,0.0055
PRKCQ,465,0.0055
AP1G1,465,0.0055
PIGV,465,0.0055
SCP2,465,0.0055
ALG8,465,0.0055
GABRD,465,0.0055
SNX33,465,0.0055
UNC5CL,465,0.0055
MGAT4B,465,0.0055
HSP90AB1,465,0.0055
MMP3,465,0.0055
DDX1,464,0.0054
ZNF92,464,0.0054
FAAH,464,0.0054
DBR1,464,0.0054
RANBP10,464,0.0054
KIFBP,464,0.0054
CYP3A4,464,0.0054
APOBEC3F,464,0.0054
HOXA3,464,0.0054
ZSCAN1,464,0.0054
PREP,464,0.0054
TCF7L1,464,0.0054
ALB,464,0.0054
TMEM143,464,0.0054
IFRD2,464,0.0054
EYA2,464,0.0054
TEX55,464,0.0054
LMAN1L,464,0.0054
PRDM6,464,0.0054
SHLD2,464,0.0054
SYT6,464,0.0054
MAGEE1,463,0.0054
COCH,463,0.0054
ABR,463,0.0054
GJC2,463,0.0054
PRLR,463,0.0054
MATN1,463,0.0054
MCMDC2,463,0.0054
STAT4,463,0.0054
ZNF716,463,0.0054
HOXB2,463,0.0054
RFC1,463,0.0054
TRIM7,463,0.0054
ADRA1A,463,0.0054
EPHX1,463,0.0054
FAM83F,463,0.0054
NMUR1,463,0.0054
MEPE,463,0.0054
TMEM79,463,0.0054
WLS,463,0.0054
PROC,463,0.0054
ACTL9,462,0.0054
ZNF699,462,0.0054
GNL3,462,0.0054
PLD3,462,0.0054
OR4N2,462,0.0054
IL17RB,462,0.0054
TXNDC5,462,0.0054
UGT3A2,462,0.0054
LIPA,462,0.0054
PUS3,462,0.0054
POLR1G,462,0.0054
ASIC5,462,0.0054
OR4X1,462,0.0054
DOK1,462,0.0054
CRPPA,462,0.0054
NDE1,461,0.0054
GPR20,461,0.0054
HSD17B2,461,0.0054
TNFRSF13B,461,0.0054
CDC7,461,0.0054
GPR152,461,0.0054
TCP11L2,461,0.0054
RTN4R,461,0.0054
ZNF212,461,0.0054
ZIM3,461,0.0054
SIRPA,461,0.0054
POGLUT2,461,0.0054
UAP1L1,461,0.0054
NCLN,460,0.0054
OR51Q1,460,0.0054
APOL1,460,0.0054
DRP2,460,0.0054
NXPE2,460,0.0054
ZBTB22,460,0.0054
TRMT1L,460,0.0054
ZNF800,460,0.0054
SMTNL1,460,0.0054
CD6,460,0.0054
CCNT2,460,0.0054
SF3B3,460,0.0054
TRIM21,460,0.0054
KRTAP10-9,460,0.0054
SLC43A2,460,0.0054
TRAF7,460,0.0054
TMEM62,460,0.0054
AATF,460,0.0054
COL26A1,460,0.0054
IGHV3-11,460,0.0054
VTN,459,0.0054
NTN4,459,0.0054
KRT39,459,0.0054
ZFP90,459,0.0054
CRTC1,459,0.0054
CPA3,459,0.0054
CLN6,459,0.0054
ZFP37,459,0.0054
TRIM3,459,0.0054
PTBP1,459,0.0054
DMP1,459,0.0054
JAKMIP1,459,0.0054
ASB3,459,0.0054
POLR1C,459,0.0054
TRAFD1,459,0.0054
IL3RA,459,0.0054
VIPR1,459,0.0054
PDLIM7,459,0.0054
CSAD,459,0.0054
STAT5B,459,0.0054
SIRT1,459,0.0054
ALG11,459,0.0054
ASS1,459,0.0054
NOXA1,459,0.0054
DBT,459,0.0054
GABRR3,459,0.0054
NMD3,459,0.0054
C1orf87,459,0.0054
SUSD4,459,0.0054
CAGE1,458,0.0054
NET1,458,0.0054
GRHL3,458,0.0054
TRMT5,458,0.0054
FBXO39,458,0.0054
SMOX,458,0.0054
LRRD1,458,0.0054
PALM,458,0.0054
IBA57,458,0.0054
APBB3,458,0.0054
DDX21,458,0.0054
ZNF667,458,0.0054
SNTG1,458,0.0054
PAX7,458,0.0054
MTMR12,458,0.0054
ACP7,458,0.0054
SKOR2,458,0.0054
GALNT7,457,0.0054
SEL1L,457,0.0054
LIPI,457,0.0054
GCM2,457,0.0054
NAGS,457,0.0054
MAP4K1,457,0.0054
JADE1,457,0.0054
LRRC47,457,0.0054
PRKCG,457,0.0054
ARL13B,457,0.0054
KRT26,457,0.0054
DTL,457,0.0054
DCDC2,457,0.0054
CHST15,457,0.0054
LRRC31,457,0.0054
MATK,457,0.0054
GCAT,457,0.0054
STK32B,457,0.0054
FOXP2,457,0.0054
TCN1,457,0.0054
ARID5A,457,0.0054
CASQ1,457,0.0054
PGS1,456,0.0053
C11orf16,456,0.0053
ALG12,456,0.0053
C3AR1,456,0.0053
CBX4,456,0.0053
SCRN2,456,0.0053
ZNF329,456,0.0053
OR4M1,456,0.0053
ARRDC2,456,0.0053
TBC1D23,456,0.0053
SMAD3,456,0.0053
PLA2G4A,456,0.0053
RBM34,456,0.0053
CES4A,456,0.0053
ZBED5,456,0.0053
THNSL2,456,0.0053
PRKAR1A,456,0.0053
H1-1,456,0.0053
TRIB3,455,0.0053
SLC22A6,455,0.0053
VPS45,455,0.0053
RUSF1,455,0.0053
HARS2,455,0.0053
DNAAF11,455,0.0053
SLC37A2,455,0.0053
ITFG1,455,0.0053
CYP3A7,455,0.0053
SPTLC1,455,0.0053
FAM222A,455,0.0053
CABP4,455,0.0053
TIGD7,455,0.0053
TXNRD1,454,0.0053
ZNF679,454,0.0053
GABRR2,454,0.0053
ZNF83,454,0.0053
PRKCH,454,0.0053
F2RL3,454,0.0053
DMTF1,454,0.0053
SOX5,454,0.0053
CPEB3,454,0.0053
HSF4,454,0.0053
CNBD1,454,0.0053
SLC2A13,454,0.0053
HAP1,454,0.0053
ARFGAP2,454,0.0053
FOXJ2,454,0.0053
WASF3,454,0.0053
CDK5RAP3,454,0.0053
LIPG,454,0.0053
CEP76,454,0.0053
DHODH,454,0.0053
OSBPL8,454,0.0053
SLC24A3,454,0.0053
RHCG,453,0.0053
FTO,453,0.0053
CDC6,453,0.0053
DEUP1,453,0.0053
ENTPD3,453,0.0053
TCF7L2,453,0.0053
SERPINA12,453,0.0053
SOX8,453,0.0053
ALDH8A1,453,0.0053
TBX15,453,0.0053
SSUH2,453,0.0053
PAPSS1,453,0.0053
FBXW9,453,0.0053
CCDC82,453,0.0053
MAZ,453,0.0053
TAF5,453,0.0053
AMN,453,0.0053
TPTE2,453,0.0053
THOC5,453,0.0053
SENP5,453,0.0053
ETV4,452,0.0053
TRMU,452,0.0053
RIOX2,452,0.0053
FPGS,452,0.0053
GHDC,452,0.0053
APLP1,452,0.0053
HTR3C,452,0.0053
TBCCD1,452,0.0053
ZNF202,452,0.0053
SLC45A3,452,0.0053
MESP2,452,0.0053
ZNF730,452,0.0053
MPP3,452,0.0053
DCLRE1B,452,0.0053
DPY19L3,451,0.0053
CHUK,451,0.0053
GLI4,451,0.0053
VSIG10,451,0.0053
SH2D5,451,0.0053
RNPEPL1,451,0.0053
IGKV3-15,451,0.0053
ZNF177,451,0.0053
PROZ,451,0.0053
ZNF300,451,0.0053
LMNB1,451,0.0053
ACTRT2,451,0.0053
FAM83A,451,0.0053
SERPINI1,450,0.0053
OR2T12,450,0.0053
IGHV5-51,450,0.0053
YBX3,450,0.0053
TOX3,450,0.0053
PNPLA5,450,0.0053
FRMD3,450,0.0053
GDPD4,450,0.0053
ARHGEF25,450,0.0053
CYP17A1,450,0.0053
TCTN1,450,0.0053
RFX4,450,0.0053
FAM200B,450,0.0053
ENPP6,450,0.0053
DELE1,450,0.0053
HYAL1,450,0.0053
CERS4,450,0.0053
MDH1B,450,0.0053
B3GNT6,450,0.0053
HHLA1,450,0.0053
ZNF273,449,0.0053
SLC24A5,449,0.0053
CMTR1,449,0.0053
CLGN,449,0.0053
GDF2,449,0.0053
ATG4D,449,0.0053
ZDHHC11B,449,0.0053
BTBD18,449,0.0053
CCT3,449,0.0053
DHRS4L2,449,0.0053
FSD1,449,0.0053
SPON2,449,0.0053
HJV,449,0.0053
KIAA2013,449,0.0053
SLC15A5,449,0.0053
DCAF11,449,0.0053
TENT5B,449,0.0053
KRT28,449,0.0053
SRL,449,0.0053
CHI3L1,449,0.0053
ATP2A2,449,0.0053
SIGIRR,449,0.0053
ZSCAN21,449,0.0053
VAT1L,448,0.0053
CLNK,448,0.0053
ZNHIT2,448,0.0053
A4GALT,448,0.0053
OR2M5,448,0.0053
ARSK,448,0.0053
AKT1,448,0.0053
ZNF181,448,0.0053
NKD1,448,0.0053
ZNF805,448,0.0053
SLC6A12,448,0.0053
FAM217A,448,0.0053
ANAPC5,448,0.0053
C11orf24,448,0.0053
NTN5,448,0.0053
TRIM17,448,0.0053
SLC35B2,448,0.0053
ENTHD1,448,0.0053
PICALM,448,0.0053
HLA-DRB5,448,0.0053
ZNF774,448,0.0053
FMO4,448,0.0053
FOXB2,448,0.0053
OR51B6,447,0.0052
BTN3A1,447,0.0052
H1-5,447,0.0052
WEE2,447,0.0052
LETM2,447,0.0052
GRHL1,447,0.0052
ERV3-1,447,0.0052
WDR18,447,0.0052
NUB1,447,0.0052
HTRA3,447,0.0052
RAD18,447,0.0052
SLC52A1,447,0.0052
ATL1,447,0.0052
SYT12,447,0.0052
WIPF2,447,0.0052
NPAS1,447,0.0052
SMOC2,447,0.0052
B3GNT8,446,0.0052
SGSM2,446,0.0052
CCDC61,446,0.0052
CBY2,446,0.0052
RPS6KA1,446,0.0052
OR1F1,446,0.0052
ATG14,446,0.0052
CLPTM1,446,0.0052
EGR2,446,0.0052
SOHLH1,446,0.0052
CYP2S1,446,0.0052
ACSL3,446,0.0052
DPH2,446,0.0052
PSEN2,446,0.0052
SLC37A1,446,0.0052
FBXO24,446,0.0052
P4HA3,446,0.0052
CDC20B,446,0.0052
NAPSA,446,0.0052
SLC36A3,446,0.0052
ENO4,446,0.0052
MED14,445,0.0052
ZBTB20,445,0.0052
CFD,445,0.0052
KRT27,445,0.0052
NDNF,445,0.0052
ZNF569,445,0.0052
ARFGAP3,445,0.0052
NOTUM,445,0.0052
MAN1A1,445,0.0052
KCNA1,445,0.0052
CAMKK1,445,0.0052
BMP3,445,0.0052
DDX49,445,0.0052
UNK,445,0.0052
POLA2,445,0.0052
RINL,445,0.0052
MIIP,445,0.0052
ZNF8,445,0.0052
RMC1,445,0.0052
PROKR2,445,0.0052
NUCB1,444,0.0052
TRAF2,444,0.0052
TNFRSF10B,444,0.0052
SLC22A4,444,0.0052
ACTBL2,444,0.0052
ACTL7B,444,0.0052
NSRP1,444,0.0052
HPR,444,0.0052
IRX2,444,0.0052
STAM,444,0.0052
TMEM209,444,0.0052
CCN4,444,0.0052
LRRC8C,444,0.0052
OSBPL11,444,0.0052
PTGIR,444,0.0052
HSD3B1,444,0.0052
ATP1A1,444,0.0052
DUS1L,443,0.0052
DCAF15,443,0.0052
FIGNL2,443,0.0052
PLBD1,443,0.0052
SLC2A12,443,0.0052
P4HB,443,0.0052
SLC22A7,443,0.0052
CCM2L,443,0.0052
PEX26,443,0.0052
ENTREP2,443,0.0052
NXPE3,443,0.0052
C2orf42,443,0.0052
ZNF431,443,0.0052
TRIM8,443,0.0052
CYLD,443,0.0052
ESR1,443,0.0052
PWWP2A,443,0.0052
CTSA,443,0.0052
CCDC174,443,0.0052
TEDC2,443,0.0052
NSMF,442,0.0052
GALNTL5,442,0.0052
DDX4,442,0.0052
CHST8,442,0.0052
IGFLR1,442,0.0052
FEZ2,442,0.0052
AGPAT5,442,0.0052
ORC4,442,0.0052
BPIFB2,442,0.0052
ZSCAN25,442,0.0052
GAD2,442,0.0052
SGPL1,442,0.0052
SNAPC3,442,0.0052
PHYH,442,0.0052
GPBP1L1,442,0.0052
NAA15,442,0.0052
HCAR3,442,0.0052
KIF1A,442,0.0052
ACSF2,442,0.0052
PMM2,442,0.0052
EFCAB7,442,0.0052
ELF1,441,0.0052
ECSIT,441,0.0052
NLGN2,441,0.0052
NLE1,441,0.0052
FAM114A2,441,0.0052
OLFM4,441,0.0052
MNS1,441,0.0052
TRIM22,441,0.0052
TIMM44,441,0.0052
DIAPH2,441,0.0052
ALDH3A2,441,0.0052
IRX5,441,0.0052
CDC5L,441,0.0052
GOLGA6L10,441,0.0052
CA9,441,0.0052
DAPK3,441,0.0052
TOE1,441,0.0052
ANAPC4,441,0.0052
SMPDL3B,441,0.0052
KMT5C,441,0.0052
SLC44A1,440,0.0052
OR4S1,440,0.0052
FCHO2,440,0.0052
PYHIN1,440,0.0052
DBF4,440,0.0052
DNM1L,440,0.0052
ASTL,440,0.0052
SDC3,440,0.0052
PUS10,440,0.0052
PLXDC1,440,0.0052
KBTBD3,440,0.0052
KYNU,440,0.0052
ZKSCAN8,440,0.0052
ENTPD6,440,0.0052
RIOX1,440,0.0052
ZXDA,440,0.0052
GATAD2B,440,0.0052
ARHGAP26,440,0.0052
P2RX5,439,0.0051
CA5A,439,0.0051
PACSIN3,439,0.0051
KLF4,439,0.0051
SLC6A4,439,0.0051
SERPINB2,439,0.0051
CHRNB4,439,0.0051
BEST2,439,0.0051
FGD1,439,0.0051
ZFYVE19,439,0.0051
TBL2,439,0.0051
GALK2,439,0.0051
SLC22A15,439,0.0051
GASK1A,439,0.0051
GRHL2,439,0.0051
GPCPD1,439,0.0051
CCT5,439,0.0051
GPRC5C,438,0.0051
NEK3,438,0.0051
SLC5A12,438,0.0051
DCP1A,438,0.0051
PHKG1,438,0.0051
OR52K2,438,0.0051
PTOV1,438,0.0051
CNNM2,438,0.0051
KLHL14,438,0.0051
ZC3H12A,438,0.0051
KIF25,438,0.0051
ZNF696,438,0.0051
POU4F2,438,0.0051
PRLHR,438,0.0051
LAP3,438,0.0051
ADAMDEC1,438,0.0051
DPEP3,438,0.0051
DNAJC1,438,0.0051
TCF4,438,0.0051
SIGLEC9,438,0.0051
SCARB2,438,0.0051
ANKRD33,438,0.0051
SLC1A5,438,0.0051
MTDH,438,0.0051
ABCD2,438,0.0051
PAPOLG,438,0.0051
PGK2,438,0.0051
OR2T33,438,0.0051
CLPX,438,0.0051
AMFR,437,0.0051
ERI2,437,0.0051
PFKFB3,437,0.0051
CAVIN2,437,0.0051
TTLL9,437,0.0051
CPNE2,437,0.0051
PGBD4,437,0.0051
AMBN,437,0.0051
HTR2B,437,0.0051
MKNK2,437,0.0051
FOXA1,437,0.0051
TOM1,437,0.0051
PNLIPRP1,437,0.0051
RNF180,436,0.0051
GLP2R,436,0.0051
ALX4,436,0.0051
USP26,436,0.0051
REC8,436,0.0051
OCRL,436,0.0051
GRSF1,436,0.0051
NR1D2,436,0.0051
CCKAR,436,0.0051
ZNF853,436,0.0051
SIRT3,436,0.0051
OR13A1,436,0.0051
ACRBP,436,0.0051
ENOX1,436,0.0051
ALG6,436,0.0051
ZNF354B,436,0.0051
GABRR1,436,0.0051
RGMA,436,0.0051
PARG,436,0.0051
TULP3,436,0.0051
ARHGAP19,436,0.0051
OR5H1,435,0.0051
ZNF735,435,0.0051
UBASH3B,435,0.0051
OR4C6,435,0.0051
ZNF12,435,0.0051
EBF4,435,0.0051
TRIM15,435,0.0051
KNOP1,435,0.0051
BIRC3,435,0.0051
SOCS5,435,0.0051
RANBP3,435,0.0051
FOXN4,435,0.0051
TNFRSF10D,435,0.0051
PRORP,435,0.0051
ZNF354A,435,0.0051
FUS,435,0.0051
CORO6,435,0.0051
ZNF79,435,0.0051
CCDC77,435,0.0051
SP5,434,0.0051
TNFRSF1A,434,0.0051
C16orf46,434,0.0051
SLC43A3,434,0.0051
B3GLCT,434,0.0051
UPB1,434,0.0051
OR2W3,434,0.0051
YTHDC1,434,0.0051
PPM1E,434,0.0051
RDH12,434,0.0051
NCOA4,434,0.0051
MCOLN3,434,0.0051
MRM3,434,0.0051
SLC20A1,434,0.0051
DGKA,434,0.0051
MMP21,434,0.0051
NEIL1,434,0.0051
TM7SF3,434,0.0051
KRT8,433,0.0051
ATP2C1,433,0.0051
SGO1,433,0.0051
MATN3,433,0.0051
ASB4,433,0.0051
ZNF133,433,0.0051
CREB3L2,433,0.0051
LRRC14,433,0.0051
MFGE8,433,0.0051
ZNF491,433,0.0051
EPC2,433,0.0051
PLA1A,433,0.0051
SLC15A4,433,0.0051
MMP24,433,0.0051
TAF1B,433,0.0051
SLC17A5,433,0.0051
IGLV1-44,433,0.0051
MTFMT,433,0.0051
VPS37A,433,0.0051
IFNLR1,433,0.0051
COQ6,433,0.0051
UCKL1,433,0.0051
PRRC1,433,0.0051
SLC17A4,433,0.0051
SCTR,433,0.0051
KCNS1,433,0.0051
PANX1,433,0.0051
OR4K1,432,0.0051
RIOK2,432,0.0051
CDC42EP4,432,0.0051
STPG2,432,0.0051
SHC3,432,0.0051
LMOD1,432,0.0051
SYTL1,432,0.0051
PPOX,432,0.0051
ZNF420,432,0.0051
TINAGL1,432,0.0051
OR4K2,432,0.0051
PNLIPRP3,432,0.0051
KASH5,432,0.0051
SURF1,432,0.0051
RDH13,432,0.0051
RPAP2,432,0.0051
STXBP1,432,0.0051
RAD9A,432,0.0051
RETREG2,431,0.0051
CDH24,431,0.0051
PISD,431,0.0051
TM9SF1,431,0.0051
APBB1IP,431,0.0051
OPRM1,431,0.0051
ZCCHC7,431,0.0051
G2E3,431,0.0051
NTN1,431,0.0051
OPN1SW,431,0.0051
PAX8,431,0.0051
SDHD,431,0.0051
CDK15,431,0.0051
SUCLA2,431,0.0051
IL1R2,431,0.0051
KCNJ5,431,0.0051
SSTR3,431,0.0051
NR1H2,431,0.0051
RAB11FIP4,431,0.0051
L2HGDH,431,0.0051
TALDO1,431,0.0051
DUS2,431,0.0051
CYP2E1,431,0.0051
C4BPA,430,0.005
ATP2B1,430,0.005
SNX27,430,0.005
LOXL1,430,0.005
ISLR,430,0.005
PLXDC2,430,0.005
STARD3,430,0.005
STX11,430,0.005
IL13RA1,430,0.005
ADH1B,430,0.005
FRMD8,430,0.005
ZNF354C,430,0.005
TTC29,430,0.005
AKAP10,430,0.005
PKD2L2,430,0.005
SAMD3,430,0.005
CALCR,430,0.005
LINGO1,430,0.005
HYAL4,430,0.005
GAL3ST2,430,0.005
SLC2A4,430,0.005
HS3ST3B1,429,0.005
ZNF572,429,0.005
OR10G7,429,0.005
TIMM50,429,0.005
EDEM2,429,0.005
C14orf39,429,0.005
ELL2,429,0.005
LPCAT1,429,0.005
PDE4D,429,0.005
LINGO3,429,0.005
MTF1,429,0.005
TNFAIP2,429,0.005
BPIFC,429,0.005
USP21,429,0.005
ZFP69B,429,0.005
KCNJ12,429,0.005
IRAK4,429,0.005
BAG4,429,0.005
CEACAM1,429,0.005
KCND2,429,0.005
CACNB1,429,0.005
AKR1C3,429,0.005
ATE1,429,0.005
USP15,429,0.005
ZNF564,429,0.005
PLS1,429,0.005
IP6K3,429,0.005
SPATA6,429,0.005
CDK10,429,0.005
ACAT1,429,0.005
GPATCH2,429,0.005
F10,429,0.005
TRIM48,428,0.005
DHX9,428,0.005
SLC6A2,428,0.005
RALBP1,428,0.005
ZNF662,428,0.005
MPP7,428,0.005
BPIFB1,428,0.005
OGFOD1,428,0.005
OR10H5,428,0.005
POLD2,428,0.005
GPR37L1,428,0.005
MTNR1B,428,0.005
NUP58,428,0.005
ALCAM,428,0.005
KRT23,428,0.005
NECTIN2,428,0.005
OR6K2,428,0.005
LGI1,428,0.005
DMRT1,427,0.005
RETREG3,427,0.005
SLC25A41,427,0.005
DMKN,427,0.005
GSS,427,0.005
EXOSC9,427,0.005
ZNF785,427,0.005
SMAD9,427,0.005
OR5H15,427,0.005
IL20RA,427,0.005
SYT10,427,0.005
HDHD5,427,0.005
XPO7,427,0.005
OAT,427,0.005
SOAT1,427,0.005
ESAM,427,0.005
TRMO,427,0.005
EVX2,427,0.005
PGM3,427,0.005
SLC18A2,427,0.005
ENPP5,427,0.005
TPSD1,427,0.005
VIPR2,427,0.005
ZFP1,427,0.005
AK8,426,0.005
PNLIP,426,0.005
RCL1,426,0.005
CPPED1,426,0.005
GIN1,426,0.005
SRP68,426,0.005
TIGD3,426,0.005
MARCHF6,426,0.005
IL5RA,426,0.005
CASP9,426,0.005
KRT12,426,0.005
HOMEZ,426,0.005
ADA,426,0.005
NELFA,426,0.005
DPH7,426,0.005
TMEM121B,426,0.005
SYTL5,426,0.005
ART1,426,0.005
BTBD6,426,0.005
BCL6B,425,0.005
HTRA1,425,0.005
TIGD4,425,0.005
YJU2B,425,0.005
PCOLCE,425,0.005
KLHL22,425,0.005
BRF2,425,0.005
TMEM200A,425,0.005
STAC2,425,0.005
C1RL,425,0.005
ME2,425,0.005
OR4B1,425,0.005
ENDOD1,425,0.005
NEU2,425,0.005
CDC14C,425,0.005
OR10G9,425,0.005
HOGA1,425,0.005
CYP4Z1,425,0.005
SNX1,425,0.005
KRTAP10-1,424,0.005
OR4N4,424,0.005
KIAA1328,424,0.005
CYP2R1,424,0.005
CTSE,424,0.005
KCTD3,424,0.005
HDAC6,424,0.005
KIF5C,424,0.005
SLC7A11,424,0.005
SYVN1,424,0.005
HS3ST3A1,424,0.005
ZNF527,424,0.005
OR9G1,424,0.005
OR51M1,424,0.005
FAM169A,424,0.005
ZNF852,424,0.005
SLC18B1,424,0.005
NMUR2,424,0.005
ALDH2,424,0.005
SMG9,424,0.005
TMPRSS4,424,0.005
HSD17B1,424,0.005
TBC1D10C,424,0.005
JMJD8,424,0.005
NHERF1,424,0.005
ZNF358,424,0.005
GRB10,424,0.005
OR51I1,424,0.005
ABCG4,424,0.005
SPATS2,424,0.005
SOCS6,424,0.005
UBOX5,424,0.005
CRBN,424,0.005
ZNF195,424,0.005
PEX14,424,0.005
GDF9,424,0.005
VANGL2,424,0.005
NEURL1,423,0.005
ARHGAP15,423,0.005
OR4C11,423,0.005
PUSL1,423,0.005
KAT2A,423,0.005
SLC2A3,423,0.005
BOP1,423,0.005
MGAT1,423,0.005
KCNN1,423,0.005
AIMP2,423,0.005
ANGPTL2,423,0.005
DENND6B,423,0.005
EIF4B,423,0.005
CRY2,423,0.005
DEPTOR,423,0.005
RRP9,423,0.005
ITGBL1,423,0.005
ATXN10,423,0.005
TPSB2,423,0.005
RNF25,423,0.005
GCGR,422,0.0049
OR5P2,422,0.0049
ASAH2,422,0.0049
MRPS5,422,0.0049
ZNF404,422,0.0049
SMC3,422,0.0049
WDR73,422,0.0049
CPNE5,422,0.0049
CIMAP2,422,0.0049
PSMD1,422,0.0049
WDR41,422,0.0049
PRPH,422,0.0049
TAF5L,422,0.0049
KLHL18,422,0.0049
FCER2,422,0.0049
PDHA2,422,0.0049
FZD3,422,0.0049
ZNF480,422,0.0049
KCNN3,422,0.0049
IGHV3-15,422,0.0049
ADHFE1,422,0.0049
SELPLG,421,0.0049
KCNA4,421,0.0049
FUT7,421,0.0049
RELA,421,0.0049
DDX47,421,0.0049
SLC1A4,421,0.0049
USP7,421,0.0049
EWSR1,421,0.0049
SAMD4B,421,0.0049
INPP5K,421,0.0049
AHCY,421,0.0049
LRCH1,421,0.0049
CPN1,421,0.0049
ZFP30,421,0.0049
RMDN3,421,0.0049
SPATS2L,420,0.0049
ZDHHC13,420,0.0049
GCNT2,420,0.0049
CFAP210,420,0.0049
GAMT,420,0.0049
KCNJ11,420,0.0049
M1AP,420,0.0049
OLFML3,420,0.0049
CLN5,420,0.0049
MVK,420,0.0049
AVPR1A,420,0.0049
PROKR1,420,0.0049
HPSE,420,0.0049
IGLV2-23,420,0.0049
TKTL1,420,0.0049
STAT3,419,0.0049
HPX,419,0.0049
POU4F3,419,0.0049
TMEM82,419,0.0049
TENT4A,419,0.0049
TAB1,419,0.0049
DAAM1,419,0.0049
GUCY1A2,419,0.0049
ZNF529,419,0.0049
ZNF395,419,0.0049
GRAMD4,419,0.0049
MRPL38,419,0.0049
NDUFA9,419,0.0049
BTBD2,419,0.0049
TGFB2,419,0.0049
HMGCR,419,0.0049
ZC3H12D,419,0.0049
ZNF577,419,0.0049
ANKRD33B,419,0.0049
METTL17,418,0.0049
SIGLEC6,418,0.0049
ZSCAN30,418,0.0049
AVEN,418,0.0049
P3H4,418,0.0049
AARSD1,418,0.0049
XKR9,418,0.0049
CTSF,418,0.0049
USP48,418,0.0049
ST7L,418,0.0049
CRLF1,418,0.0049
CDKL3,418,0.0049
AP3B2,418,0.0049
NOMO3,418,0.0049
ZNF682,418,0.0049
SLC2A2,418,0.0049
IFT57,418,0.0049
GALT,418,0.0049
FCRL1,418,0.0049
CDC16,418,0.0049
MYH14,418,0.0049
CCR5,418,0.0049
EPOR,418,0.0049
CYP3A43,418,0.0049
TRMT11,418,0.0049
OR51G1,417,0.0049
TRAF5,417,0.0049
TNIP2,417,0.0049
RHD,417,0.0049
ASTN1,417,0.0049
TRIM58,417,0.0049
TRAF3IP3,417,0.0049
OR2T3,417,0.0049
BMP4,417,0.0049
YTHDF1,417,0.0049
TEKT1,417,0.0049
NKX3-2,417,0.0049
SIRPG,417,0.0049
FLRT3,417,0.0049
SHE,417,0.0049
ZNF502,417,0.0049
IFIT1B,417,0.0049
CEP41,417,0.0049
ANGPTL6,417,0.0049
HTR5A,417,0.0049
KPNA2,417,0.0049
TMEM145,417,0.0049
KRT19,417,0.0049
MINPP1,417,0.0049
PANX2,417,0.0049
TESPA1,417,0.0049
OR5M9,417,0.0049
KRTAP10-11,416,0.0049
GATM,416,0.0049
EPM2AIP1,416,0.0049
CPA5,416,0.0049
SPN,416,0.0049
USP17L10,416,0.0049
MRGPRX1,416,0.0049
BTNL3,416,0.0049
SERPINB13,416,0.0049
RPUSD4,416,0.0049
SLC46A1,416,0.0049
SH2D7,416,0.0049
CWF19L1,416,0.0049
FBXO33,416,0.0049
DLD,416,0.0049
PDE12,416,0.0049
SLC2A5,416,0.0049
PDE4B,416,0.0049
APOBEC3B,415,0.0049
DCPS,415,0.0049
EHD3,415,0.0049
OR10A6,415,0.0049
SERPINB10,415,0.0049
C8orf74,415,0.0049
GAPDHS,415,0.0049
ZNF430,415,0.0049
LHX3,415,0.0049
TIPARP,415,0.0049
HCK,415,0.0049
PI4KB,415,0.0049
FMO1,415,0.0049
ARHGAP6,415,0.0049
TMPRSS3,415,0.0049
KCNJ14,415,0.0049
LIMS2,415,0.0049
ANKRD1,415,0.0049
TXNIP,415,0.0049
SLC25A47,415,0.0049
HAGH,415,0.0049
SLC16A7,415,0.0049
ZNF610,415,0.0049
RLBP1,415,0.0049
ZNF134,414,0.0049
SERPINA10,414,0.0049
TMTC3,414,0.0049
OR2T8,414,0.0049
NCDN,414,0.0049
PP2D1,414,0.0049
DDI1,414,0.0049
ZER1,414,0.0049
IGSF5,414,0.0049
HYCC1,414,0.0049
DTX1,414,0.0049
UGT2B17,414,0.0049
ACP2,414,0.0049
CSNK2A3,414,0.0049
ARMH3,414,0.0049
BRSK1,414,0.0049
ARHGAP42,414,0.0049
ZNF19,414,0.0049
KBTBD8,414,0.0049
FZD7,414,0.0049
CSDE1,414,0.0049
ACAD8,414,0.0049
ZNF223,414,0.0049
PLEKHO1,414,0.0049
RSPH14,414,0.0049
GDPGP1,414,0.0049
FOXO1,413,0.0048
PRSS35,413,0.0048
SETD3,413,0.0048
HTR3B,413,0.0048
RFTN2,413,0.0048
HROB,413,0.0048
SEC14L3,413,0.0048
TAOK1,413,0.0048
ZNF143,413,0.0048
NCBP3,413,0.0048
RNF44,413,0.0048
AGA,413,0.0048
ANKRD34B,413,0.0048
CLK1,413,0.0048
ULK3,413,0.0048
OR51E2,413,0.0048
ERCC8,413,0.0048
PSMD5,413,0.0048
DEPDC1B,413,0.0048
RPGR,413,0.0048
ZPLD1,413,0.0048
KLHL9,413,0.0048
SOX17,413,0.0048
ZNF461,413,0.0048
ENKD1,413,0.0048
MXRA8,413,0.0048
SLC23A3,413,0.0048
PDCD4,412,0.0048
KCTD8,412,0.0048
CHRNA6,412,0.0048
CGAS,412,0.0048
SHMT1,412,0.0048
LRRTM1,412,0.0048
FFAR3,412,0.0048
ASZ1,412,0.0048
GALNT2,412,0.0048
ACHE,412,0.0048
TAAR6,412,0.0048
USP39,412,0.0048
GALNT17,412,0.0048
KLF10,412,0.0048
TMPRSS5,412,0.0048
ANTXR1,412,0.0048
BCL2L13,412,0.0048
ZNF692,412,0.0048
CABLES2,412,0.0048
CPVL,412,0.0048
DIPK1C,412,0.0048
SLC23A1,412,0.0048
TAS2R30,412,0.0048
TSSC4,412,0.0048
NUP50,412,0.0048
GRTP1,412,0.0048
PSIP1,412,0.0048
BYSL,412,0.0048
HCAR2,411,0.0048
LIAT1,411,0.0048
PEX19,411,0.0048
PXK,411,0.0048
FAF1,411,0.0048
ACADSB,411,0.0048
KCNG2,411,0.0048
PRAMEF27,411,0.0048
SYN2,411,0.0048
DHRS2,411,0.0048
DEF6,411,0.0048
IDH3B,411,0.0048
SPTLC3,411,0.0048
GNB1L,411,0.0048
ERMAP,411,0.0048
CLINT1,411,0.0048
POLR3C,411,0.0048
HMBS,411,0.0048
ZFP2,411,0.0048
CFAP410,411,0.0048
GTF2IRD2B,411,0.0048
BIN2,411,0.0048
ZNF597,411,0.0048
PHF1,411,0.0048
GRK5,411,0.0048
PRCP,411,0.0048
ARSJ,411,0.0048
C8orf58,411,0.0048
SLC9A8,411,0.0048
GABRP,411,0.0048
UBAC1,411,0.0048
TNFRSF19,411,0.0048
MOK,411,0.0048
HYAL2,411,0.0048
FAM227B,411,0.0048
STRADA,411,0.0048
OCLN,411,0.0048
TBC1D10A,411,0.0048
MSRA,410,0.0048
KCTD18,410,0.0048
MTG1,410,0.0048
SSBP4,410,0.0048
NEUROD1,410,0.0048
CD5,410,0.0048
SMTNL2,410,0.0048
TMEM237,410,0.0048
ACY1,410,0.0048
SLC36A4,410,0.0048
TCP11,410,0.0048
SPNS1,410,0.0048
AMDHD1,410,0.0048
KCNS3,410,0.0048
SNX21,410,0.0048
PIK3R3,410,0.0048
ZNF248,409,0.0048
ZNF568,409,0.0048
FBXL5,409,0.0048
PRAMEF6,409,0.0048
CCT4,409,0.0048
ZKSCAN4,409,0.0048
ABRA,409,0.0048
GABBR1,409,0.0048
QRSL1,409,0.0048
RFPL2,409,0.0048
KLHL23,409,0.0048
MRGPRE,409,0.0048
TXK,409,0.0048
TMCC3,409,0.0048
ZNF709,409,0.0048
NR4A2,409,0.0048
PEAK3,409,0.0048
PTGDR,409,0.0048
PRR30,409,0.0048
SHARPIN,409,0.0048
SERPINB8,409,0.0048
ODAD4,409,0.0048
NFIC,409,0.0048
WDR70,409,0.0048
TIGD2,409,0.0048
TRIM34,409,0.0048
ARID3C,409,0.0048
HMGXB4,409,0.0048
PEX16,409,0.0048
UBA1,408,0.0048
SERINC3,408,0.0048
CSGALNACT2,408,0.0048
MICU2,408,0.0048
NOMO2,408,0.0048
AZIN2,408,0.0048
APOA5,408,0.0048
TOX,408,0.0048
SLC29A2,408,0.0048
GALK1,408,0.0048
ZNF776,408,0.0048
MEX3C,408,0.0048
TNNI3,408,0.0048
KRT25,408,0.0048
STK33,408,0.0048
SNX9,408,0.0048
QPCT,408,0.0048
GABRA6,408,0.0048
LMBR1L,408,0.0048
CTSW,408,0.0048
IGLV4-60,408,0.0048
CABLES1,408,0.0048
LEO1,407,0.0048
DLST,407,0.0048
TFG,407,0.0048
ABLIM2,407,0.0048
MFSD4B,407,0.0048
ZNF230,407,0.0048
SHOC2,407,0.0048
PATZ1,407,0.0048
SLC30A6,407,0.0048
LANCL2,407,0.0048
METTL15,407,0.0048
DCAF17,407,0.0048
DHCR24,407,0.0048
RNF139,407,0.0048
OLFML1,407,0.0048
AKR7A2,407,0.0048
TMEM87B,407,0.0048
NPEPPS,407,0.0048
CNKSR2,407,0.0048
CHRNA3,407,0.0048
PRCC,407,0.0048
GMPPB,407,0.0048
AGER,406,0.0048
VRK3,406,0.0048
CA4,406,0.0048
BRAP,406,0.0048
OCSTAMP,406,0.0048
TMEM231,406,0.0048
SPRED2,406,0.0048
TBX21,406,0.0048
CHAF1B,406,0.0048
LFNG,406,0.0048
AIFM2,406,0.0048
CYP39A1,406,0.0048
GC,406,0.0048
FERMT2,406,0.0048
ZNF287,406,0.0048
MYBL1,406,0.0048
SATL1,406,0.0048
ZBTB16,406,0.0048
SULT1A1,406,0.0048
GJA3,406,0.0048
IHO1,406,0.0048
MBD1,406,0.0048
SH2B2,406,0.0048
OMA1,405,0.0047
FOXN2,405,0.0047
FERMT3,405,0.0047
IGHV4-31,405,0.0047
ATG4C,405,0.0047
ESRP1,405,0.0047
OR1I1,405,0.0047
OR8H3,405,0.0047
CHST14,405,0.0047
NR2C1,405,0.0047
TMCO6,405,0.0047
PHKG2,405,0.0047
SNIP1,405,0.0047
AGO4,405,0.0047
GRIA2,405,0.0047
OR5H14,405,0.0047
POGLUT3,405,0.0047
SP7,405,0.0047
MIEF1,405,0.0047
ZNF680,404,0.0047
LRRC8B,404,0.0047
SP2,404,0.0047
ANGEL2,404,0.0047
FRK,404,0.0047
SLC38A6,404,0.0047
UHRF2,404,0.0047
OR2G6,404,0.0047
ERVFRD-1,404,0.0047
EFEMP1,404,0.0047
FHOD3,404,0.0047
STAM2,404,0.0047
FUT2,404,0.0047
NAGA,404,0.0047
ATP6V0A1,404,0.0047
POLDIP3,404,0.0047
GPRC5A,404,0.0047
RNASEH2A,404,0.0047
CENPU,404,0.0047
IGKV5-2,404,0.0047
PDIA3,404,0.0047
HGD,404,0.0047
ZC2HC1C,404,0.0047
BAIAP2,403,0.0047
CLDN23,403,0.0047
PNMA8A,403,0.0047
LANCL1,403,0.0047
GPR176,403,0.0047
FGB,403,0.0047
ZNF488,403,0.0047
GJB2,403,0.0047
KLF17,403,0.0047
FAM149B1,403,0.0047
SGSM1,403,0.0047
C14orf93,403,0.0047
CHRM3,403,0.0047
SLC25A22,403,0.0047
TSPAN32,403,0.0047
GMPS,403,0.0047
FBLN7,403,0.0047
TRIM72,403,0.0047
PSKH2,403,0.0047
OR5M8,403,0.0047
GPR161,403,0.0047
ZSCAN12,402,0.0047
OR52E6,402,0.0047
CRISPLD1,402,0.0047
CNPPD1,402,0.0047
CYB5R3,402,0.0047
KIF3B,402,0.0047
C9orf72,402,0.0047
FBXL7,402,0.0047
DHPS,402,0.0047
VIPAS39,402,0.0047
ETV3L,402,0.0047
REXO4,402,0.0047
NALF1,402,0.0047
SLC40A1,402,0.0047
ZNF154,402,0.0047
U2SURP,402,0.0047
PAFAH2,402,0.0047
ELP4,402,0.0047
TECRL,402,0.0047
OR2M2,402,0.0047
PPM1H,402,0.0047
LRRC8D,402,0.0047
CCDC125,402,0.0047
OR13C5,402,0.0047
NIM1K,402,0.0047
LMAN2,401,0.0047
SHD,401,0.0047
CHST4,401,0.0047
TAS2R43,401,0.0047
GTDC1,401,0.0047
BFSP2,401,0.0047
ZNF695,401,0.0047
IFIT1,401,0.0047
CD2BP2,401,0.0047
TSPYL4,401,0.0047
GSDMA,401,0.0047
SERPINA11,401,0.0047
PPP1R9B,401,0.0047
SLC35G3,401,0.0047
THAP12,401,0.0047
VDR,400,0.0047
PXYLP1,400,0.0047
SERPINA6,400,0.0047
GHSR,400,0.0047
TRPC1,400,0.0047
XPNPEP2,400,0.0047
PI16,400,0.0047
OR2T34,400,0.0047
DUSP8,400,0.0047
ZNF582,400,0.0047
STAG2,400,0.0047
PCED1A,400,0.0047
AMIGO2,400,0.0047
BSPRY,400,0.0047
TMEM102,400,0.0047
GABRB2,400,0.0047
WASHC1,400,0.0047
STXBP4,400,0.0047
FZD5,400,0.0047
MGAT5,400,0.0047
PRSS16,400,0.0047
ZNF416,400,0.0047
TAAR5,400,0.0047
ACP5,400,0.0047
NECTIN4,400,0.0047
MARVELD3,400,0.0047
ZNF483,400,0.0047
HS6ST3,400,0.0047
INSL6,400,0.0047
SUPT16H,400,0.0047
GOLGA6A,400,0.0047
C8orf48,400,0.0047
HUS1B,400,0.0047
CD1B,400,0.0047
OR10G8,399,0.0047
SLC1A3,399,0.0047
TTC23,399,0.0047
ERI1,399,0.0047
NBPF19,399,0.0047
GALNTL6,399,0.0047
TGFB1I1,399,0.0047
PLK1,399,0.0047
OR5K3,399,0.0047
SNX17,399,0.0047
ELMO1,399,0.0047
MORC4,399,0.0047
CASP1,399,0.0047
ANKRD13A,399,0.0047
SGCB,399,0.0047
SLC16A12,399,0.0047
AEN,399,0.0047
SNX31,399,0.0047
PPM1B,399,0.0047
ONECUT2,399,0.0047
RNF148,399,0.0047
NPBWR1,398,0.0047
TRIM49,398,0.0047
NPIPA5,398,0.0047
FBXO47,398,0.0047
C16orf89,398,0.0047
MECR,398,0.0047
EFR3B,398,0.0047
OGG1,398,0.0047
IFIT5,398,0.0047
TMEM63B,398,0.0047
CYP51A1,398,0.0047
TXLNA,398,0.0047
TPBG,398,0.0047
TRIM38,398,0.0047
PPIL2,398,0.0047
ZBTB32,398,0.0047
OR10G2,398,0.0047
FNBP1,398,0.0047
NUDT12,398,0.0047
SUCLG1,398,0.0047
SLC30A10,398,0.0047
CALR3,398,0.0047
GPR50,398,0.0047
PDP2,397,0.0047
PTGR3,397,0.0047
PRSS50,397,0.0047
LEFTY2,397,0.0047
SERPINC1,397,0.0047
ZFP91,397,0.0047
NHERF2,397,0.0047
NCF4,397,0.0047
FOXG1,397,0.0047
FZD8,397,0.0047
ONECUT1,397,0.0047
OR10G4,397,0.0047
CHRNA7,397,0.0047
OR51A4,397,0.0047
AJAP1,397,0.0047
SOWAHC,397,0.0047
KRT20,397,0.0047
RMDN2,397,0.0047
ANGPTL3,397,0.0047
APLF,397,0.0047
SPATC1L,397,0.0047
TAPBPL,397,0.0047
IKZF4,397,0.0047
TACR2,397,0.0047
ZC3HC1,397,0.0047
SLC7A5,397,0.0047
B3GNT7,397,0.0047
SLC2A4RG,397,0.0047
HAUS8,397,0.0047
IDO1,397,0.0047
SPHK1,397,0.0047
SEC14L4,397,0.0047
LMBRD2,397,0.0047
KRTAP10-5,397,0.0047
CLK2,397,0.0047
OR52E8,397,0.0047
TLE4,396,0.0046
KCNJ2,396,0.0046
PIGM,396,0.0046
PCED1B,396,0.0046
MASP1,396,0.0046
PPP1R36,396,0.0046
TCF12,396,0.0046
GRK2,396,0.0046
TSPYL1,396,0.0046
ANGPTL4,396,0.0046
SLC8A2,396,0.0046
CXXC1,396,0.0046
SYNE4,396,0.0046
CSRNP3,396,0.0046
SNX18,396,0.0046
CCM2,396,0.0046
COP1,396,0.0046
MBD4,396,0.0046
NEK2,396,0.0046
BTN1A1,396,0.0046
SDHC,396,0.0046
ALDH6A1,396,0.0046
ATOH8,396,0.0046
LCP1,396,0.0046
EOMES,396,0.0046
GDAP1,396,0.0046
SNAI3,396,0.0046
SOX4,395,0.0046
SPAG6,395,0.0046
POLR2M,395,0.0046
APOL2,395,0.0046
SLC25A23,395,0.0046
SERPINB7,395,0.0046
ADAD1,395,0.0046
PLAU,395,0.0046
WDR35,395,0.0046
FSCN1,395,0.0046
B3GNTL1,395,0.0046
RSPH10B2,395,0.0046
MUC7,395,0.0046
PPM1D,395,0.0046
PRSS21,395,0.0046
PGD,395,0.0046
INSYN2B,395,0.0046
MYCN,395,0.0046
ABCD3,394,0.0046
TNK1,394,0.0046
PEX12,394,0.0046
FMOD,394,0.0046
TRAF3,394,0.0046
ADRB3,394,0.0046
HS3ST6,394,0.0046
CWC27,394,0.0046
DYRK2,394,0.0046
OR6S1,394,0.0046
TMPPE,394,0.0046
SLC29A1,394,0.0046
EIF2A,394,0.0046
ADPGK,394,0.0046
ZNF319,394,0.0046
QTRT1,394,0.0046
SLC25A24,394,0.0046
LTA4H,394,0.0046
TSEN34,394,0.0046
ZNF622,394,0.0046
CAVIN4,394,0.0046
OR1M1,394,0.0046
TC2N,394,0.0046
SDE2,394,0.0046
OR6Y1,394,0.0046
BTBD9,394,0.0046
DECR2,393,0.0046
GRK6,393,0.0046
HS1BP3,393,0.0046
IFIT2,393,0.0046
RACGAP1,393,0.0046
FUBP3,393,0.0046
GABRG1,393,0.0046
MSS51,393,0.0046
STYK1,393,0.0046
DLK1,393,0.0046
ICA1,393,0.0046
OR51G2,393,0.0046
APMAP,393,0.0046
SMPD2,393,0.0046
TNFRSF1B,393,0.0046
GPR137B,393,0.0046
OR51I2,393,0.0046
MTERF1,393,0.0046
GJB4,393,0.0046
MEIS3,393,0.0046
MFSD1,393,0.0046
EDNRB,393,0.0046
TOM1L1,393,0.0046
GFRA2,393,0.0046
CPNE9,393,0.0046
TACR3,393,0.0046
CREB5,392,0.0046
CYLC2,392,0.0046
IRX3,392,0.0046
RORC,392,0.0046
FBXW12,392,0.0046
ZNF490,392,0.0046
SNRK,392,0.0046
GABRQ,392,0.0046
C9orf43,392,0.0046
OR4L1,392,0.0046
WDSUB1,392,0.0046
OR52B2,392,0.0046
BMP5,392,0.0046
MIPOL1,392,0.0046
CDK20,392,0.0046
GOLGA6L4,392,0.0046
CASP2,392,0.0046
ZMYND10,392,0.0046
C18orf63,392,0.0046
ZNF350,392,0.0046
TXNRD3,392,0.0046
OR4K5,392,0.0046
ZNF563,391,0.0046
CUL4A,391,0.0046
ZNF239,391,0.0046
EIF2AK2,391,0.0046
BUB3,391,0.0046
ALG10,391,0.0046
MFSD14B,391,0.0046
ACOT4,391,0.0046
C12orf42,391,0.0046
APOE,391,0.0046
SMARCB1,391,0.0046
RO60,391,0.0046
OR8H2,391,0.0046
PPT1,391,0.0046
ZNG1A,391,0.0046
ZFP69,391,0.0046
LCAT,391,0.0046
OR6C4,391,0.0046
GPR35,391,0.0046
AP5M1,391,0.0046
CELA3B,391,0.0046
GNAT1,391,0.0046
LENG1,391,0.0046
FBXO15,391,0.0046
NPFFR1,390,0.0046
OXSM,390,0.0046
ERLEC1,390,0.0046
TRIT1,390,0.0046
ELK3,390,0.0046
GBGT1,390,0.0046
ARPC1B,390,0.0046
CRELD1,390,0.0046
HCAR1,390,0.0046
RGMB,390,0.0046
DCSTAMP,390,0.0046
RHOBTB3,390,0.0046
RCOR2,390,0.0046
OR4K17,390,0.0046
SCFD1,390,0.0046
NETO2,390,0.0046
CD209,390,0.0046
TBC1D5,390,0.0046
SQOR,390,0.0046
PPP2R5D,390,0.0046
STAU2,390,0.0046
AKR7A3,390,0.0046
SBK2,390,0.0046
PHF24,390,0.0046
RNF217,390,0.0046
LPCAT4,389,0.0046
SUPT20HL2,389,0.0046
WDR86,389,0.0046
GABRB3,389,0.0046
IHH,389,0.0046
ETV6,389,0.0046
SULT1A2,389,0.0046
SFTPB,389,0.0046
GRIA3,389,0.0046
OR3A1,389,0.0046
FAM227A,389,0.0046
NOSTRIN,389,0.0046
CHGA,389,0.0046
CCNO,389,0.0046
SAMM50,389,0.0046
GFI1,389,0.0046
CXCR1,389,0.0046
CCER1,389,0.0046
RBFA,389,0.0046
ZNF70,389,0.0046
ZNF320,389,0.0046
NDUFA10,389,0.0046
RAP1GDS1,389,0.0046
DHDH,388,0.0045
MANEAL,388,0.0045
RAB11FIP2,388,0.0045
PACSIN2,388,0.0045
IGLV1-40,388,0.0045
ANGPTL1,388,0.0045
OR2AG2,388,0.0045
JPH4,388,0.0045
DNAJC11,388,0.0045
NAT16,388,0.0045
FOXJ1,388,0.0045
LGI2,388,0.0045
UCP3,388,0.0045
VSX2,388,0.0045
NRBP2,388,0.0045
COQ9,388,0.0045
UTS2R,388,0.0045
JMJD7,388,0.0045
ANTXR2,388,0.0045
EXOC5,388,0.0045
CCT8,388,0.0045
CATSPER3,388,0.0045
AGFG2,388,0.0045
SAMD7,387,0.0045
OSBPL9,387,0.0045
KTI12,387,0.0045
NECTIN3,387,0.0045
SESTD1,387,0.0045
NOL4,387,0.0045
KDF1,387,0.0045
PRSS54,387,0.0045
KCNAB3,387,0.0045
TBX10,387,0.0045
DCAF4L2,387,0.0045
RXYLT1,387,0.0045
BACE2,387,0.0045
FAM124B,387,0.0045
GSDMB,387,0.0045
AHSG,387,0.0045
MAP3K7,387,0.0045
RTN4IP1,387,0.0045
NUMBL,387,0.0045
MRGPRX4,387,0.0045
CDC25C,387,0.0045
UMPS,387,0.0045
PTER,387,0.0045
ATOH1,387,0.0045
MEGF9,387,0.0045
STING1,386,0.0045
TAAR9,386,0.0045
PRDM10,386,0.0045
HEPACAM2,386,0.0045
TIMD4,386,0.0045
FAM13C,386,0.0045
TM7SF2,386,0.0045
MYNN,386,0.0045
GDAP2,386,0.0045
TFB2M,386,0.0045
NDUFAF1,386,0.0045
GRIPAP1,386,0.0045
CELA3A,386,0.0045
GPR151,386,0.0045
STAP2,386,0.0045
MPI,386,0.0045
MOGAT2,386,0.0045
IGLV5-45,386,0.0045
ZNF20,386,0.0045
ZNF141,386,0.0045
VPS35,386,0.0045
ZNF550,386,0.0045
ZNF296,386,0.0045
OR5D16,385,0.0045
SLC33A1,385,0.0045
QRFPR,385,0.0045
LACTB,385,0.0045
ZNF727,385,0.0045
NT5DC1,385,0.0045
HP,385,0.0045
KBTBD4,385,0.0045
PFKFB4,385,0.0045
CCDC181,385,0.0045
SYT13,385,0.0045
GJB3,385,0.0045
SMC1A,385,0.0045
CANX,385,0.0045
MUC13,385,0.0045
POMK,385,0.0045
QPCTL,385,0.0045
ALLC,385,0.0045
FOXE3,385,0.0045
CPA2,385,0.0045
ANGPT1,385,0.0045
ST3GAL5,385,0.0045
DTNBP1,385,0.0045
C8orf34,385,0.0045
GPR32,385,0.0045
ORAI1,385,0.0045
ORC2,385,0.0045
ZNF655,385,0.0045
LAMP1,385,0.0045
ATP6V0D2,385,0.0045
MCHR1,385,0.0045
TBCC,385,0.0045
CPOX,384,0.0045
ELF2,384,0.0045
P2RX6,384,0.0045
MB21D2,384,0.0045
OR10X1,384,0.0045
KRTAP10-3,384,0.0045
OR2Z1,384,0.0045
L3HYPDH,384,0.0045
AP1M2,384,0.0045
BEND4,384,0.0045
BCAS3,384,0.0045
PLCXD1,384,0.0045
EPHX3,384,0.0045
ZNF184,384,0.0045
TGOLN2,384,0.0045
SERGEF,384,0.0045
EHD1,384,0.0045
WDR88,384,0.0045
EIF3F,384,0.0045
GALE,384,0.0045
XPR1,384,0.0045
P4HA2,384,0.0045
LRRTM4,384,0.0045
IGLV4-69,384,0.0045
ZMYM3,384,0.0045
FA2H,384,0.0045
ISM1,384,0.0045
HTRA2,384,0.0045
PRKACG,384,0.0045
KLHL32,384,0.0045
KCNC2,384,0.0045
GRK3,384,0.0045
PAX3,384,0.0045
DUSP10,384,0.0045
JAM3,384,0.0045
OR4N5,384,0.0045
ARID3B,384,0.0045
GPAT3,383,0.0045
ANKRD13B,383,0.0045
GFI1B,383,0.0045
TBXA2R,383,0.0045
APLNR,383,0.0045
PRAMEF17,383,0.0045
OR51D1,383,0.0045
GPR182,383,0.0045
SLC5A3,383,0.0045
SLC38A9,383,0.0045
PSEN1,383,0.0045
OR52E2,383,0.0045
BDKRB1,383,0.0045
ZNF763,383,0.0045
MAGEC3,383,0.0045
ECI1,383,0.0045
HNRNPCL1,383,0.0045
CBLIF,383,0.0045
DHDDS,383,0.0045
GATAD2A,383,0.0045
RDH5,383,0.0045
CXCR2,383,0.0045
GJA9,382,0.0045
NDC80,382,0.0045
FN3KRP,382,0.0045
SLC17A6,382,0.0045
NGFR,382,0.0045
SLC16A9,382,0.0045
ZNF707,382,0.0045
RUNX1T1,382,0.0045
RNF135,382,0.0045
ENTPD1,382,0.0045
TRIM62,382,0.0045
ZBTB9,382,0.0045
TRIM60,382,0.0045
RNF220,382,0.0045
STT3B,382,0.0045
CDKAL1,382,0.0045
CACNA2D1,382,0.0045
ZNF286A,382,0.0045
RIOK3,382,0.0045
DHRS4,382,0.0045
OPHN1,382,0.0045
PRPF31,382,0.0045
RANBP3L,382,0.0045
BAAT,382,0.0045
HAO1,382,0.0045
RIBC2,382,0.0045
RILP,381,0.0045
SIGLEC7,381,0.0045
G6PC1,381,0.0045
TRIM64B,381,0.0045
JAKMIP2,381,0.0045
RMND1,381,0.0045
ARG1,381,0.0045
PLA2G15,381,0.0045
PSAT1,381,0.0045
HOXD12,381,0.0045
POU5F1B,381,0.0045
LRRC34,381,0.0045
DUOXA2,381,0.0045
SDHAF2,381,0.0045
MRI1,381,0.0045
MC4R,381,0.0045
TMEM25,381,0.0045
ZNF766,381,0.0045
TP53I13,381,0.0045
SLC41A3,381,0.0045
WNT1,381,0.0045
ZNF18,381,0.0045
SLC38A7,381,0.0045
MRPL37,380,0.0045
CCT6A,380,0.0045
MYG1,380,0.0045
RMND5B,380,0.0045
WSB1,380,0.0045
OR52I1,380,0.0045
CD1A,380,0.0045
GFRAL,380,0.0045
SHMT2,380,0.0045
RTN4RL1,380,0.0045
SERPINF2,380,0.0045
DNMT3L,380,0.0045
SESN2,380,0.0045
CHRM5,380,0.0045
LDLRAP1,380,0.0045
HTRA4,380,0.0045
SEPTIN8,380,0.0045
QRICH1,380,0.0045
LRTM1,380,0.0045
AFG1L,380,0.0045
GLCE,379,0.0044
SRGAP2,379,0.0044
OR5L2,379,0.0044
MYBPHL,379,0.0044
SUMF2,379,0.0044
TBX19,379,0.0044
SORD,379,0.0044
ARHGEF3,379,0.0044
OR5M3,379,0.0044
PDK4,379,0.0044
TEC,379,0.0044
IGLV1-51,379,0.0044
AMY2A,379,0.0044
FUZ,379,0.0044
XXYLT1,379,0.0044
ZNF878,379,0.0044
CBX8,379,0.0044
KYAT1,379,0.0044
LEFTY1,379,0.0044
LMX1B,379,0.0044
CHM,379,0.0044
PPM1F,379,0.0044
TSFM,379,0.0044
KPTN,379,0.0044
C5AR2,379,0.0044
OR51F1,379,0.0044
HTR1D,379,0.0044
ETV7,379,0.0044
ADRA1B,379,0.0044
NTSR2,379,0.0044
TTYH1,379,0.0044
IL18R1,379,0.0044
MPZ,379,0.0044
METTL4,379,0.0044
TMEM26,378,0.0044
CEP57L1,378,0.0044
SNX2,378,0.0044
BFAR,378,0.0044
CPA4,378,0.0044
TESMIN,378,0.0044
KLHL3,378,0.0044
CEP55,378,0.0044
RFX3,378,0.0044
KANSL3,378,0.0044
UFSP2,378,0.0044
RAD21,378,0.0044
ABHD8,378,0.0044
ZIC4,378,0.0044
FOXI1,378,0.0044
FCN1,378,0.0044
FRS2,378,0.0044
ZNF567,378,0.0044
OR4K15,378,0.0044
LRRC4B,378,0.0044
GAD1,378,0.0044
MATCAP1,378,0.0044
OR5AS1,378,0.0044
MANSC1,378,0.0044
PROX1,378,0.0044
ZNF627,378,0.0044
AKR1C1,378,0.0044
OR4M2,378,0.0044
PRPF38B,378,0.0044
HSPA14,378,0.0044
ARX,378,0.0044
ZNF136,377,0.0044
ELP3,377,0.0044
MMAA,377,0.0044
MAMLD1,377,0.0044
CRHR2,377,0.0044
TMEM255B,377,0.0044
ZNF823,377,0.0044
CYB5R4,377,0.0044
SGCG,377,0.0044
NTRK2,377,0.0044
FAM171A2,377,0.0044
NIF3L1,377,0.0044
ZNF326,377,0.0044
GYG1,377,0.0044
PGC,377,0.0044
SLC36A1,377,0.0044
GPER1,377,0.0044
PRKG2,377,0.0044
MGAT2,377,0.0044
LYAR,377,0.0044
EVA1C,377,0.0044
CYB5R2,377,0.0044
CCZ1,376,0.0044
EPC1,376,0.0044
LRRC42,376,0.0044
NLGN4X,376,0.0044
PEX2,376,0.0044
EBF2,376,0.0044
GNB3,376,0.0044
TUBA3D,376,0.0044
ITPK1,376,0.0044
HSDL1,376,0.0044
TNFRSF25,376,0.0044
ARFGAP1,376,0.0044
PRAMEF14,376,0.0044
PLEKHD1,376,0.0044
PABPN1L,376,0.0044
OR6A2,376,0.0044
CCDC83,376,0.0044
IKZF2,376,0.0044
ZNF683,375,0.0044
GPR150,375,0.0044
FETUB,375,0.0044
OR51S1,375,0.0044
ASRGL1,375,0.0044
NMRAL1,375,0.0044
APOBEC3G,375,0.0044
KBTBD6,375,0.0044
CYP4X1,375,0.0044
PIAS4,375,0.0044
SETD4,375,0.0044
DTWD2,375,0.0044
GFY,375,0.0044
KCNJ16,375,0.0044
NUBP1,375,0.0044
CD4,375,0.0044
MRPS2,375,0.0044
THOC6,375,0.0044
OPRK1,375,0.0044
P2RX4,374,0.0044
AMBP,374,0.0044
CLU,374,0.0044
TRAF1,374,0.0044
RPH3AL,374,0.0044
KHDC4,374,0.0044
SYT17,374,0.0044
GNL1,374,0.0044
SEC14L6,374,0.0044
MTX1,374,0.0044
ITGB1,374,0.0044
SLC16A1,374,0.0044
GALR2,374,0.0044
IDH2,374,0.0044
SLC35A5,374,0.0044
WNT2B,374,0.0044
SLC46A3,374,0.0044
FCRLB,374,0.0044
FAM200A,374,0.0044
TRIML2,374,0.0044
KCNK18,374,0.0044
SPOCK2,374,0.0044
DNAJC2,374,0.0044
LMCD1,374,0.0044
IDO2,374,0.0044
MMP12,374,0.0044
POLD3,374,0.0044
GMPPA,374,0.0044
NR1H3,374,0.0044
TEAD4,374,0.0044
ZNF232,374,0.0044
TRIM54,374,0.0044
IL1RAP,374,0.0044
ODC1,373,0.0044
PATL2,373,0.0044
MLNR,373,0.0044
ZNF345,373,0.0044
ZNF397,373,0.0044
CHRNB3,373,0.0044
XRCC5,373,0.0044
STAMBP,373,0.0044
SLC41A1,373,0.0044
S100PBP,373,0.0044
DHRS13,373,0.0044
HSPD1,373,0.0044
CPSF2,373,0.0044
ZNHIT6,373,0.0044
PIAS2,373,0.0044
GLRA3,373,0.0044
TBR1,373,0.0044
CDC27,373,0.0044
NPIPB6,373,0.0044
LIPN,373,0.0044
HDX,373,0.0044
RRS1,373,0.0044
RNF150,373,0.0044
BEND2,373,0.0044
VSIG8,373,0.0044
OR5D14,373,0.0044
SRPK1,373,0.0044
CPB1,372,0.0044
IGHV1-24,372,0.0044
OR51B5,372,0.0044
NR5A1,372,0.0044
CSPG5,372,0.0044
TRDMT1,372,0.0044
FAM81B,372,0.0044
CHST2,372,0.0044
PRSS38,372,0.0044
GABRA1,372,0.0044
ZNF253,372,0.0044
TRUB2,372,0.0044
DDX23,372,0.0044
S1PR3,372,0.0044
SUGCT,372,0.0044
CPQ,372,0.0044
TAT,372,0.0044
CEP43,372,0.0044
FCN2,372,0.0044
CYLC1,372,0.0044
FOXD4L5,372,0.0044
CYP3A5,372,0.0044
SH3BP5,372,0.0044
BORA,372,0.0044
CKM,372,0.0044
IFIT3,372,0.0044
ETV1,372,0.0044
OR10P1,372,0.0044
LRG1,372,0.0044
HSD3B7,372,0.0044
FOXS1,371,0.0043
USP30,371,0.0043
OR6C2,371,0.0043
RAB3IL1,371,0.0043
SLC17A1,371,0.0043
OR5K4,371,0.0043
SENP2,371,0.0043
PHC2,371,0.0043
DAPK2,371,0.0043
SIRT6,371,0.0043
BLNK,371,0.0043
C2CD4C,371,0.0043
AGPAT2,371,0.0043
CNGA2,371,0.0043
EFCAB14,371,0.0043
STEAP2,371,0.0043
AUP1,371,0.0043
PTCHD1,371,0.0043
ERAL1,371,0.0043
OR52J3,371,0.0043
EIF2D,371,0.0043
BCAT2,371,0.0043
PDP1,371,0.0043
OR10H1,371,0.0043
YJEFN3,371,0.0043
CRX,371,0.0043
SLC9B1,370,0.0043
STK4,370,0.0043
TRMT12,370,0.0043
INTS13,370,0.0043
IQCD,370,0.0043
COX15,370,0.0043
TERB1,370,0.0043
BCKDK,370,0.0043
UAP1,370,0.0043
P4HTM,370,0.0043
LIAS,370,0.0043
TMPRSS11B,370,0.0043
CEBPE,370,0.0043
SYNC,370,0.0043
ZNF652,370,0.0043
TEX44,370,0.0043
OR2T11,370,0.0043
ZIK1,370,0.0043
MAGEE2,370,0.0043
GCNT4,370,0.0043
DOC2A,370,0.0043
CASP5,370,0.0043
SAAL1,370,0.0043
OR5AK2,370,0.0043
LIN54,370,0.0043
MINDY1,370,0.0043
PTPN9,370,0.0043
CHI3L2,370,0.0043
DDO,369,0.0043
OR5F1,369,0.0043
NAE1,369,0.0043
OR5T1,369,0.0043
DNAJB2,369,0.0043
UBAP1,369,0.0043
NUP42,369,0.0043
KCNJ10,369,0.0043
WNT10B,369,0.0043
NAT2,369,0.0043
FBXO31,369,0.0043
TAF1C,369,0.0043
ITFG2,369,0.0043
WDR20,369,0.0043
TOR4A,369,0.0043
SCML4,369,0.0043
IGLV1-47,369,0.0043
ADAP1,369,0.0043
OR2T35,369,0.0043
KDM5D,369,0.0043
OR8H1,369,0.0043
TSR3,369,0.0043
KCNK13,369,0.0043
GNL3L,369,0.0043
SLC6A11,369,0.0043
HRH1,369,0.0043
HEMGN,369,0.0043
SPSB3,369,0.0043
LHX4,369,0.0043
GABRG2,368,0.0043
ZNF883,368,0.0043
PIPOX,368,0.0043
OR8U3,368,0.0043
HOOK3,368,0.0043
MRPL28,368,0.0043
CAP2,368,0.0043
PRMT6,368,0.0043
CDC14B,368,0.0043
TAS2R31,368,0.0043
GLP1R,368,0.0043
OR5M10,368,0.0043
ZNF10,368,0.0043
OR52K1,368,0.0043
RBMXL1,368,0.0043
OR6C3,368,0.0043
POLR3D,368,0.0043
R3HCC1,368,0.0043
CATIP,367,0.0043
CD33,367,0.0043
TOR3A,367,0.0043
TRIM63,367,0.0043
GFRA1,367,0.0043
SLC25A39,367,0.0043
ST6GALNAC2,367,0.0043
PYGO1,367,0.0043
CLBA1,367,0.0043
SLC10A5,367,0.0043
GPANK1,367,0.0043
OR5D13,367,0.0043
MAPKAPK3,367,0.0043
VSX1,367,0.0043
NPSR1,367,0.0043
CX3CL1,367,0.0043
RABEPK,367,0.0043
TRMT13,367,0.0043
SCO2,367,0.0043
KRTAP4-6,367,0.0043
FOXL1,367,0.0043
GFOD2,367,0.0043
ANXA13,367,0.0043
PGBD5,367,0.0043
C20orf96,366,0.0043
FBP2,366,0.0043
GJA5,366,0.0043
OR52N4,366,0.0043
RHCE,366,0.0043
OR2L2,366,0.0043
RTL10,366,0.0043
GNA14,366,0.0043
SPRTN,366,0.0043
SLC1A6,366,0.0043
SQLE,366,0.0043
SMURF2,366,0.0043
OPTC,366,0.0043
GPD1,366,0.0043
FAM167A,366,0.0043
LGMN,366,0.0043
NIPAL3,366,0.0043
HSPB1,366,0.0043
ATP5F1A,366,0.0043
SLC35C1,366,0.0043
SCRN3,366,0.0043
ACP6,366,0.0043
ZPR1,366,0.0043
OR5AR1,366,0.0043
CORO1A,366,0.0043
MPPE1,366,0.0043
FPR1,366,0.0043
KHDRBS2,365,0.0043
VIM,365,0.0043
TNFRSF4,365,0.0043
GALNT13,365,0.0043
OR4C3,365,0.0043
RIC3,365,0.0043
CRY1,365,0.0043
ASB6,365,0.0043
MTRF1L,365,0.0043
PDX1,365,0.0043
ANKMY2,365,0.0043
TMPRSS11F,365,0.0043
DDX25,365,0.0043
SRSF4,365,0.0043
GAL3ST1,365,0.0043
ILF3,365,0.0043
ACTMAP,365,0.0043
POC1A,365,0.0043
CCDC166,365,0.0043
MKRN2,365,0.0043
MICB,364,0.0043
CWC25,364,0.0043
NXF1,364,0.0043
PRKCE,364,0.0043
PLK5,364,0.0043
SPAM1,364,0.0043
FAM53B,364,0.0043
NR5A2,364,0.0043
GFPT1,364,0.0043
ABI3,364,0.0043
LRRC4C,364,0.0043
CLK3,364,0.0043
SRPK3,364,0.0043
GTPBP1,364,0.0043
TEKTIP1,364,0.0043
KLF15,364,0.0043
IQCG,364,0.0043
C1QTNF12,364,0.0043
APOL5,364,0.0043
SOX10,364,0.0043
YES1,364,0.0043
EGR1,364,0.0043
GCNA,364,0.0043
GORASP1,364,0.0043
OR10Z1,364,0.0043
RFC4,364,0.0043
NPY4R,364,0.0043
RGR,364,0.0043
GPD1L,364,0.0043
ZNF689,363,0.0043
KDM8,363,0.0043
PGLYRP4,363,0.0043
ZNF791,363,0.0043
SLC17A9,363,0.0043
RPF1,363,0.0043
HYAL3,363,0.0043
ALKBH1,363,0.0043
RADX,363,0.0043
TMEM129,363,0.0043
CD1E,363,0.0043
GMEB2,363,0.0043
STK40,363,0.0043
SLC6A8,363,0.0043
CCDC113,363,0.0043
TRMT6,363,0.0043
C5orf22,363,0.0043
SMOC1,363,0.0043
GPR157,363,0.0043
TMPRSS11A,363,0.0043
SLC16A14,363,0.0043
RHBDD3,363,0.0043
LTV1,363,0.0043
PLD5,363,0.0043
FEZF1,363,0.0043
HCRTR1,363,0.0043
INTS6,363,0.0043
MRS2,363,0.0043
IGHV1-3,363,0.0043
IGF2BP3,362,0.0042
BHMT,362,0.0042
GOT1L1,362,0.0042
HTR1A,362,0.0042
DCAF6,362,0.0042
ZFYVE27,362,0.0042
HAS3,362,0.0042
ASB14,362,0.0042
OR10Q1,362,0.0042
SLC16A6,362,0.0042
SLC35A4,362,0.0042
ECI2,362,0.0042
TCP11L1,362,0.0042
RXFP4,362,0.0042
PSMB11,362,0.0042
VAX2,362,0.0042
SMYD3,362,0.0042
CNN2,362,0.0042
CSF2RA,362,0.0042
FRMD5,362,0.0042
CALHM3,362,0.0042
COQ2,362,0.0042
FBXL8,362,0.0042
GPBAR1,362,0.0042
NFKBIB,362,0.0042
SENP1,361,0.0042
FASTK,361,0.0042
POU2F3,361,0.0042
HAVCR1,361,0.0042
RNF26,361,0.0042
DNASE1L3,361,0.0042
SLC35F5,361,0.0042
SLC39A7,361,0.0042
TM9SF4,361,0.0042
CACNB3,361,0.0042
PRR19,361,0.0042
TSPYL2,361,0.0042
FAM170A,361,0.0042
MEF2D,361,0.0042
VRK1,361,0.0042
FFAR2,361,0.0042
DBNL,361,0.0042
MNX1,361,0.0042
ACVR1,360,0.0042
TMEM151A,360,0.0042
ADAM10,360,0.0042
ACAA2,360,0.0042
LRR1,360,0.0042
GIPC1,360,0.0042
AGK,360,0.0042
DYNC2LI1,360,0.0042
GPRC5B,360,0.0042
HCRTR2,360,0.0042
KCNK6,360,0.0042
STAC3,360,0.0042
BTRC,360,0.0042
TENT2,360,0.0042
GPR45,360,0.0042
SACM1L,360,0.0042
PCOLCE2,360,0.0042
C1QTNF8,360,0.0042
PYCR1,360,0.0042
RHBDL3,360,0.0042
PRKCZ,360,0.0042
OR13C2,360,0.0042
RNF167,360,0.0042
NPTX2,360,0.0042
TFAP2E,360,0.0042
WDR37,360,0.0042
PDIA6,360,0.0042
BIRC7,360,0.0042
SHTN1,360,0.0042
ZNF2,360,0.0042
PREB,360,0.0042
NAGK,360,0.0042
CASP8,359,0.0042
SLC7A6,359,0.0042
BIVM,359,0.0042
TCP1,359,0.0042
ZKSCAN3,359,0.0042
XRCC3,359,0.0042
TRAIP,359,0.0042
KCNA2,359,0.0042
ARSF,359,0.0042
GABRB1,359,0.0042
DENND2D,359,0.0042
CAAP1,359,0.0042
GLYR1,359,0.0042
MOGAT3,359,0.0042
ACVR2B,359,0.0042
PANX3,359,0.0042
B3GNT9,359,0.0042
AQP9,359,0.0042
OSBP,359,0.0042
SHC1,359,0.0042
GDF3,359,0.0042
MYLIP,359,0.0042
CALHM2,359,0.0042
WNT9B,359,0.0042
BMP2,359,0.0042
MARK2,359,0.0042
OR6C68,359,0.0042
ERVV-2,359,0.0042
TRIM64C,359,0.0042
ZXDB,359,0.0042
DMRTB1,359,0.0042
GPT2,359,0.0042
TTC5,358,0.0042
GALM,358,0.0042
PTGS2,358,0.0042
SIRT2,358,0.0042
ZSWIM1,358,0.0042
TMPRSS11E,358,0.0042
CREB3L4,358,0.0042
ACAP2,358,0.0042
EVI2B,358,0.0042
NACC1,358,0.0042
NT5C1A,358,0.0042
TMEM87A,358,0.0042
CABS1,358,0.0042
SLC35D3,358,0.0042
LARP6,358,0.0042
OR2M7,358,0.0042
ZNF562,358,0.0042
DYNC1LI1,358,0.0042
LYPD3,358,0.0042
HPDL,358,0.0042
B3GAT3,358,0.0042
MKLN1,357,0.0042
CDC20,357,0.0042
HMX1,357,0.0042
AAGAB,357,0.0042
TAAR8,357,0.0042
TUBD1,357,0.0042
SKA3,357,0.0042
STN1,357,0.0042
CA12,357,0.0042
NCBP1,357,0.0042
TPM1,357,0.0042
OR5L1,357,0.0042
CKMT2,357,0.0042
OR10H2,357,0.0042
OR4D9,357,0.0042
OR52B4,357,0.0042
GTF3A,357,0.0042
OR5M1,357,0.0042
ZNF277,357,0.0042
CAVIN1,357,0.0042
CTNNBL1,357,0.0042
PLEKHA8,357,0.0042
HEYL,357,0.0042
TUBB8,357,0.0042
LRRC30,357,0.0042
STAU1,357,0.0042
NFS1,357,0.0042
OR2L8,357,0.0042
DHX40,357,0.0042
WDTC1,356,0.0042
SYT9,356,0.0042
GLT6D1,356,0.0042
SF3A2,356,0.0042
OR51T1,356,0.0042
POTEG,356,0.0042
AKAP4,356,0.0042
AGBL4,356,0.0042
EZHIP,356,0.0042
NPIPB2,356,0.0042
CD300LG,356,0.0042
FBLIM1,356,0.0042
FUT1,356,0.0042
TUFM,356,0.0042
CHRNA5,356,0.0042
HOXD3,356,0.0042
AADACL3,356,0.0042
SIRT7,356,0.0042
MKX,356,0.0042
OR5C1,356,0.0042
ANGPTL5,356,0.0042
PRDM14,356,0.0042
SPEM1,356,0.0042
NIT1,356,0.0042
AQP7,356,0.0042
FUBP1,356,0.0042
SLC25A29,356,0.0042
CSHL1,356,0.0042
SLC35G6,356,0.0042
PPM1M,356,0.0042
CIMAP1D,356,0.0042
MRGPRF,356,0.0042
ZNF768,355,0.0042
CYP20A1,355,0.0042
GALR1,355,0.0042
SLC37A3,355,0.0042
FAM220A,355,0.0042
MRPS31,355,0.0042
HOXD8,355,0.0042
SERPINB9,355,0.0042
RASSF9,355,0.0042
HS6ST1,355,0.0042
G6PC3,355,0.0042
PPP3CC,355,0.0042
CTCF,355,0.0042
ERVW-1,355,0.0042
MYADML2,355,0.0042
KLHDC1,355,0.0042
ZNF382,355,0.0042
ZNF547,355,0.0042
BARHL2,355,0.0042
SMARCD2,355,0.0042
PARL,355,0.0042
ZNF385D,355,0.0042
MTERF3,355,0.0042
DNAJB1,355,0.0042
GTF2H4,354,0.0041
ZNF703,354,0.0041
RASGEF1C,354,0.0041
ACY3,354,0.0041
PARVB,354,0.0041
NAT8,354,0.0041
SLC39A3,354,0.0041
OR10A7,354,0.0041
TUBA3C,354,0.0041
SLC38A2,354,0.0041
LRRTM3,354,0.0041
CMPK2,354,0.0041
OR2T6,354,0.0041
SBK3,354,0.0041
PIAS1,354,0.0041
G6PC2,354,0.0041
S1PR5,354,0.0041
GTPBP6,354,0.0041
ZNF784,354,0.0041
RRP7A,354,0.0041
MRPS22,354,0.0041
SERPINB6,354,0.0041
OR52D1,354,0.0041
ZMPSTE24,354,0.0041
NAV2,354,0.0041
TOMM70,354,0.0041
REN,354,0.0041
ZSCAN4,354,0.0041
NUDT17,354,0.0041
IFT56,354,0.0041
GXYLT2,354,0.0041
CHST9,354,0.0041
OR5K1,354,0.0041
ZNF165,354,0.0041
CHAD,354,0.0041
SHBG,354,0.0041
ZNF570,354,0.0041
LIPK,354,0.0041
HAPLN4,353,0.0041
SDSL,353,0.0041
TUBE1,353,0.0041
JSRP1,353,0.0041
KRTAP10-10,353,0.0041
NDUFAF5,353,0.0041
KREMEN2,353,0.0041
ENDOU,353,0.0041
SFRP4,353,0.0041
TPH1,353,0.0041
SLC14A1,353,0.0041
TRIM14,353,0.0041
ASB18,353,0.0041
POMC,353,0.0041
TRIM31,353,0.0041
TSSK2,353,0.0041
PLEKHF1,353,0.0041
PBX4,353,0.0041
OR52E4,353,0.0041
NANS,353,0.0041
NPBWR2,353,0.0041
PHLDA1,353,0.0041
GOLM1,353,0.0041
TTC39C,353,0.0041
GK,353,0.0041
PPA2,353,0.0041
ERO1B,353,0.0041
ANOS1,353,0.0041
OSBPL2,353,0.0041
ALG1L2,353,0.0041
SULT2B1,353,0.0041
GLIPR1L2,353,0.0041
MCL1,353,0.0041
FJX1,353,0.0041
SPINT1,353,0.0041
IGLV3-19,352,0.0041
IGHV3-30,352,0.0041
BDH1,352,0.0041
PCGF2,352,0.0041
GABRA4,352,0.0041
CYB5RL,352,0.0041
MYEOV,352,0.0041
PLEKHA1,352,0.0041
LRTM2,352,0.0041
FAM221B,352,0.0041
FUCA2,352,0.0041
CCDC97,352,0.0041
SGPP1,352,0.0041
ERCC6L,352,0.0041
CERS1,352,0.0041
LAMP3,352,0.0041
ABHD16A,352,0.0041
CSRNP2,352,0.0041
SCPEP1,352,0.0041
SLC38A4,352,0.0041
OR5AC2,352,0.0041
GPA33,352,0.0041
OR5I1,352,0.0041
RPS6KA6,351,0.0041
EIF2B3,351,0.0041
ZRANB1,351,0.0041
RNF38,351,0.0041
OR10A3,351,0.0041
ZNF436,351,0.0041
TMEM39B,351,0.0041
FOXD2,351,0.0041
OR10T2,351,0.0041
WBP11,351,0.0041
TEX9,351,0.0041
SLC16A13,351,0.0041
NTNG2,351,0.0041
VSIG2,351,0.0041
TPST2,351,0.0041
CCDC86,351,0.0041
SATB1,351,0.0041
SLC16A4,351,0.0041
RYK,351,0.0041
CHKB,351,0.0041
RNASEH2B,351,0.0041
MYLK4,351,0.0041
GET4,351,0.0041
SNX13,351,0.0041
UTP3,351,0.0041
NDUFS2,351,0.0041
TFAP2D,351,0.0041
CLUL1,351,0.0041
VCP,351,0.0041
FBXL17,351,0.0041
CCNB1,350,0.0041
OR1J1,350,0.0041
CHID1,350,0.0041
STT3A,350,0.0041
ACTL8,350,0.0041
ATP6V1A,350,0.0041
OR1K1,350,0.0041
CD1D,350,0.0041
COQ4,350,0.0041
KRTAP4-9,350,0.0041
SMPDL3A,350,0.0041
ENO1,350,0.0041
ARCN1,350,0.0041
HENMT1,350,0.0041
WDR38,350,0.0041
BBOF1,350,0.0041
P2RY6,350,0.0041
ZNF25,350,0.0041
PPP1R16B,350,0.0041
SERPINE1,350,0.0041
ZNF514,350,0.0041
KLHL4,349,0.0041
ZBTB7B,349,0.0041
CCDC137,349,0.0041
ACSM6,349,0.0041
VEGFA,349,0.0041
PEX7,349,0.0041
SOX11,349,0.0041
SLC30A9,349,0.0041
ART5,349,0.0041
OR2D2,349,0.0041
OR8I2,349,0.0041
FCRLA,349,0.0041
RNF133,349,0.0041
RFPL3,349,0.0041
CHN2,349,0.0041
CEACAM8,349,0.0041
TUSC3,349,0.0041
FN3K,349,0.0041
TNFRSF11B,349,0.0041
GPR148,349,0.0041
DCAF13,349,0.0041
MYC,349,0.0041
SNX5,349,0.0041
GMPR,349,0.0041
KCNK5,349,0.0041
GPR87,349,0.0041
MYOD1,349,0.0041
RAET1G,349,0.0041
STK32C,349,0.0041
PDE1B,349,0.0041
PPP4R2,349,0.0041
ZNF793,349,0.0041
GLYAT,349,0.0041
HINFP,349,0.0041
WIPI2,348,0.0041
PTGER2,348,0.0041
EDIL3,348,0.0041
TNPO1,348,0.0041
GGNBP2,348,0.0041
ZNF879,348,0.0041
AKR1C4,348,0.0041
ATP6V1C2,348,0.0041
ENPP4,348,0.0041
PHACTR1,348,0.0041
BAG1,348,0.0041
GK3,348,0.0041
FOXD4L3,348,0.0041
DHRS9,348,0.0041
MTRF1,348,0.0041
DNASE1L2,348,0.0041
MAS1L,348,0.0041
CCDC89,348,0.0041
GTF2H1,348,0.0041
PWP1,348,0.0041
ACTR1B,348,0.0041
GMCL1,348,0.0041
NEU1,348,0.0041
RNF215,348,0.0041
OR8K3,348,0.0041
SOCS4,348,0.0041
RASSF4,348,0.0041
BDKRB2,348,0.0041
INSM1,348,0.0041
STAC,348,0.0041
MCAT,348,0.0041
LAIR1,348,0.0041
RPS6KA3,348,0.0041
PTX3,348,0.0041
CHST13,347,0.0041
NUS1,347,0.0041
ACADL,347,0.0041
SH2D2A,347,0.0041
ST8SIA6,347,0.0041
OR2AG1,347,0.0041
BSDC1,347,0.0041
RDH8,347,0.0041
RSPH1,347,0.0041
STAMBPL1,347,0.0041
CMA1,347,0.0041
HSPA2,347,0.0041
MAMSTR,347,0.0041
GPR132,347,0.0041
H1-8,347,0.0041
CLDN9,347,0.0041
ZDHHC14,347,0.0041
OR2A14,347,0.0041
SYK,347,0.0041
FXR1,347,0.0041
CBLL1,347,0.0041
PDSS1,347,0.0041
ADRM1,347,0.0041
CCDC92,347,0.0041
C1QTNF2,347,0.0041
GPBP1,347,0.0041
PLK2,347,0.0041
STK35,347,0.0041
RNMT,347,0.0041
PKM,347,0.0041
TACR1,347,0.0041
STXBP3,347,0.0041
OR5P3,347,0.0041
TM6SF2,347,0.0041
MGAT3,347,0.0041
LRRC17,347,0.0041
HTR7,347,0.0041
SAMD14,347,0.0041
FOXI3,347,0.0041
MAT1A,347,0.0041
IGHV3-13,346,0.0041
CSRP3,346,0.0041
MLLT1,346,0.0041
PPP1R3B,346,0.0041
DAP3,346,0.0041
ASH2L,346,0.0041
OR51B4,346,0.0041
LMBR1,346,0.0041
TM2D3,346,0.0041
SEPTIN14,346,0.0041
GFUS,346,0.0041
CALR,346,0.0041
INTS14,346,0.0041
SLC41A2,346,0.0041
IMP4,346,0.0041
PIP5KL1,346,0.0041
CLCN4,346,0.0041
ATP6V1H,346,0.0041
KEAP1,346,0.0041
NRIP2,346,0.0041
ALDH1A2,346,0.0041
NPDC1,346,0.0041
OR8U1,345,0.004
GLMP,345,0.004
FGL2,345,0.004
RAD52,345,0.004
RNPC3,345,0.004
ABHD12B,345,0.004
CHRDL2,345,0.004
CTH,345,0.004
SGPP2,345,0.004
OR5J2,345,0.004
OR9I1,345,0.004
C12orf50,345,0.004
IRF2BP1,345,0.004
TDRKH,345,0.004
CCDC3,345,0.004
TFCP2L1,345,0.004
PPP1R3G,345,0.004
TDO2,345,0.004
BCS1L,345,0.004
POLR1E,345,0.004
SPATA17,345,0.004
RBM5,345,0.004
JADE3,345,0.004
CEACAM6,345,0.004
ZFTA,345,0.004
MRPS27,345,0.004
ZKSCAN1,345,0.004
AKR1E2,345,0.004
HCFC2,345,0.004
IGHV6-1,345,0.004
ZNF789,344,0.004
ACAA1,344,0.004
RASGRF1,344,0.004
DAW1,344,0.004
GPATCH2L,344,0.004
FAM193B,344,0.004
IL11RA,344,0.004
GPRASP2,344,0.004
FUT8,344,0.004
ITLN2,344,0.004
OR9A4,344,0.004
PGM2L1,344,0.004
OR10A4,344,0.004
SLC10A6,344,0.004
GORAB,344,0.004
KLHL34,344,0.004
MAPK13,344,0.004
TLR7,344,0.004
GPR84,344,0.004
ZNF485,344,0.004
CUL2,344,0.004
PDSS2,344,0.004
AMDHD2,344,0.004
CCT7,343,0.004
SAV1,343,0.004
ARHGAP1,343,0.004
IRF3,343,0.004
DNAJB6,343,0.004
FOXF1,343,0.004
GIMAP4,343,0.004
DPYSL5,343,0.004
TMUB2,343,0.004
ENDOV,343,0.004
AZU1,343,0.004
PCSK2,343,0.004
PPP2R5B,343,0.004
OR2AP1,343,0.004
EID3,343,0.004
SLC25A45,343,0.004
WASF2,343,0.004
OR6B3,343,0.004
CPEB4,343,0.004
GCLC,343,0.004
ERRFI1,343,0.004
UBA2,343,0.004
CUEDC1,343,0.004
TMEM171,343,0.004
OR2Y1,343,0.004
KLF1,343,0.004
OR2M3,343,0.004
OR52R1,343,0.004
MTA2,343,0.004
PRUNE1,343,0.004
SYT4,343,0.004
FAM187B,343,0.004
GCNT1,343,0.004
UEVLD,343,0.004
DACT3,343,0.004
MRPL3,343,0.004
PRPF3,343,0.004
ANKUB1,342,0.004
ATG16L1,342,0.004
PRICKLE3,342,0.004
TSC22D4,342,0.004
SMARCA5,342,0.004
ZNF454,342,0.004
TTC19,342,0.004
GABPB2,342,0.004
GPNMB,342,0.004
FAM98B,342,0.004
MARCHF4,342,0.004
ENAH,342,0.004
OR51B2,342,0.004
DEPDC7,342,0.004
CLCN5,342,0.004
OR10H4,342,0.004
KCNA3,342,0.004
NETO1,342,0.004
ALKBH4,342,0.004
KRTAP5-1,342,0.004
OR2C1,341,0.004
AGPS,341,0.004
TSKU,341,0.004
CASP4,341,0.004
CFAP119,341,0.004
PRKCA,341,0.004
KISS1R,341,0.004
ACTRT3,341,0.004
PM20D2,341,0.004
ANXA9,341,0.004
METTL2A,341,0.004
CDR2L,341,0.004
SENP3,341,0.004
DYNC1I2,341,0.004
GPN1,341,0.004
HIBCH,341,0.004
OR51E1,341,0.004
IGKV1-9,341,0.004
CCR3,341,0.004
NAA35,341,0.004
MADCAM1,341,0.004
CYTH4,341,0.004
ADCYAP1R1,341,0.004
CAMK1G,341,0.004
OR4F15,341,0.004
ZNF649,341,0.004
BHLHE40,341,0.004
WNT9A,341,0.004
TOX4,340,0.004
GLUD1,340,0.004
MAPK12,340,0.004
SPINDOC,340,0.004
FAM117B,340,0.004
ZNF174,340,0.004
INHA,340,0.004
SUPT7L,340,0.004
POFUT2,340,0.004
GPR31,340,0.004
DUSP5,340,0.004
NECAB3,340,0.004
PIGU,340,0.004
OR5B17,340,0.004
PSMD3,340,0.004
CACNA1F,340,0.004
R3HDM4,340,0.004
PLPP6,340,0.004
OR2L5,340,0.004
PAIP1,340,0.004
RNF13,340,0.004
AADACL2,340,0.004
FOXA3,340,0.004
RDH14,340,0.004
RTP1,340,0.004
ZBTB7A,340,0.004
FCAR,340,0.004
CCDC51,340,0.004
PTDSS2,340,0.004
DBX1,339,0.004
DNAJB12,339,0.004
OR10G3,339,0.004
DNAJA4,339,0.004
CORO2B,339,0.004
ABCF2,339,0.004
FOXF2,339,0.004
ANKRD16,339,0.004
OR2L3,339,0.004
SFPQ,339,0.004
AJUBA,339,0.004
PRAMEF19,339,0.004
ZFPL1,339,0.004
MSL2,339,0.004
UGT8,339,0.004
NPTXR,339,0.004
ACKR1,339,0.004
YIF1A,339,0.004
NOX1,339,0.004
WBP1,339,0.004
OR4F6,339,0.004
CPNE6,339,0.004
OR56B4,339,0.004
CERS3,339,0.004
FAM217B,339,0.004
FGG,339,0.004
ANKRD65,339,0.004
LGALS9,339,0.004
OR5B12,339,0.004
NUBP2,339,0.004
KRTAP10-12,339,0.004
GDF15,339,0.004
ACKR2,339,0.004
TMEM117,339,0.004
HMCES,339,0.004
E2F2,339,0.004
KCNN4,339,0.004
CDR2,339,0.004
NPHS2,339,0.004
SLU7,339,0.004
PENK,338,0.004
OR2F2,338,0.004
SLC23A2,338,0.004
BSND,338,0.004
NUSAP1,338,0.004
NMT2,338,0.004
CAMK1,338,0.004
ARMT1,338,0.004
ECH1,338,0.004
MRPS9,338,0.004
IGKV1-16,338,0.004
KLHL8,338,0.004
CAP1,338,0.004
CD14,338,0.004
FECH,338,0.004
ZNF101,338,0.004
UCP2,338,0.004
HNRNPCL2,338,0.004
OR4S2,338,0.004
ANGPTL7,338,0.004
CMKLR1,338,0.004
CCN3,338,0.004
ACTA2,338,0.004
NKAPL,338,0.004
C9orf50,337,0.004
RGP1,337,0.004
SLC39A8,337,0.004
POGK,337,0.004
ZNF891,337,0.004
ZNF35,337,0.004
CCNB2,337,0.004
GXYLT1,337,0.004
CLCN3,337,0.004
YIPF2,337,0.004
RPL4,337,0.004
IKZF3,337,0.004
CENPB,337,0.004
LRP11,337,0.004
GIPC3,337,0.004
OR8K1,337,0.004
MINDY3,337,0.004
RTL5,337,0.004
KCNK15,337,0.004
ST3GAL3,337,0.004
ADH1A,337,0.004
MGAT4A,337,0.004
PTPN6,337,0.004
SLC35E4,337,0.004
FAM53C,336,0.0039
SLC30A8,336,0.0039
KHK,336,0.0039
DBX2,336,0.0039
SNX30,336,0.0039
ARMC8,336,0.0039
ACP3,336,0.0039
FAM8A1,336,0.0039
LPAR5,336,0.0039
CTAGE6,336,0.0039
RTCB,336,0.0039
KCNK17,336,0.0039
LONRF3,336,0.0039
SLC39A13,336,0.0039
ZCWPW2,336,0.0039
VENTX,336,0.0039
AAR2,336,0.0039
MR1,336,0.0039
TES,336,0.0039
FAM181B,336,0.0039
TERF2,336,0.0039
TAAR1,336,0.0039
ZBTB25,336,0.0039
CER1,336,0.0039
OR4C12,336,0.0039
GPR15,336,0.0039
FITM1,336,0.0039
OR1N1,336,0.0039
WIPI1,336,0.0039
SNX4,336,0.0039
TACSTD2,336,0.0039
EEIG1,335,0.0039
PRKAR1B,335,0.0039
CD1C,335,0.0039
DNAJC22,335,0.0039
MAEL,335,0.0039
LIPH,335,0.0039
SCARB1,335,0.0039
ABCG1,335,0.0039
MLC1,335,0.0039
PAQR4,335,0.0039
RDH16,335,0.0039
FLOT2,335,0.0039
SCCPDH,335,0.0039
OR2G2,335,0.0039
KLHL28,335,0.0039
TMEM130,335,0.0039
CD5L,335,0.0039
AZGP1,335,0.0039
NDRG4,335,0.0039
CD46,335,0.0039
SPAG4,335,0.0039
ZNF460,335,0.0039
STIP1,335,0.0039
ATP6V1B2,335,0.0039
ATF5,335,0.0039
CCDC34,335,0.0039
SWAP70,335,0.0039
HAO2,335,0.0039
RALGPS2,335,0.0039
KLRG2,334,0.0039
OR8K5,334,0.0039
NT5DC3,334,0.0039
GNA15,334,0.0039
DDRGK1,334,0.0039
LRRC1,334,0.0039
RAX,334,0.0039
FAM172A,334,0.0039
ICA1L,334,0.0039
ETNPPL,334,0.0039
PRKAA2,334,0.0039
MFSD5,334,0.0039
ADPRS,334,0.0039
TAS2R19,334,0.0039
PAG1,334,0.0039
PGAM2,334,0.0039
BHLHE41,334,0.0039
APOL6,334,0.0039
ARHGEF6,334,0.0039
MYADM,334,0.0039
ELMO2,334,0.0039
SMAP1,334,0.0039
HMOX1,334,0.0039
LMAN2L,334,0.0039
HLA-G,334,0.0039
CARHSP1,334,0.0039
PRSS23,333,0.0039
DDX17,333,0.0039
DNAJC17,333,0.0039
RNF113B,333,0.0039
ACR,333,0.0039
ARRDC4,333,0.0039
PHF23,333,0.0039
ANKH,333,0.0039
HSPBAP1,333,0.0039
CBX6,333,0.0039
PHF10,333,0.0039
SCO1,333,0.0039
VPS37C,333,0.0039
JAML,333,0.0039
UQCRC2,333,0.0039
PDCD7,333,0.0039
AUH,333,0.0039
TFAP2B,333,0.0039
SEPHS2,333,0.0039
GLS2,333,0.0039
IL34,333,0.0039
OXTR,333,0.0039
SF3A1,332,0.0039
ELL3,332,0.0039
GATA4,332,0.0039
RBM25,332,0.0039
CEACAM18,332,0.0039
MAP3K2,332,0.0039
OR7A17,332,0.0039
RBM4B,332,0.0039
EGFL7,332,0.0039
FRRS1L,332,0.0039
MICU1,332,0.0039
RCCD1,332,0.0039
C5AR1,332,0.0039
WNT16,332,0.0039
STEAP4,332,0.0039
IL13RA2,332,0.0039
OR8J3,332,0.0039
HSF5,332,0.0039
GZMM,332,0.0039
SCRN1,332,0.0039
CCDC69,332,0.0039
HNRNPA1L2,332,0.0039
OR2AE1,332,0.0039
NGDN,332,0.0039
UBQLN4,332,0.0039
RABGEF1,332,0.0039
SUZ12,332,0.0039
PDE7B,332,0.0039
AGFG1,332,0.0039
MFSD11,332,0.0039
CD207,332,0.0039
TMPRSS12,332,0.0039
YTHDF2,332,0.0039
OR5M11,332,0.0039
ZBTB1,332,0.0039
ARHGEF35,332,0.0039
OR10C1,332,0.0039
OR5AN1,332,0.0039
C10orf120,331,0.0039
MC3R,331,0.0039
MLLT3,331,0.0039
TPH2,331,0.0039
GTF2E1,331,0.0039
CD34,331,0.0039
SPRY1,331,0.0039
ASIC1,331,0.0039
ECHDC2,331,0.0039
ELMOD3,331,0.0039
NPLOC4,331,0.0039
LGALS9C,331,0.0039
BCAT1,331,0.0039
NADK,331,0.0039
MAN1A2,331,0.0039
ZNF124,331,0.0039
CPNE8,331,0.0039
SLC35D1,331,0.0039
B3GALT6,331,0.0039
C1orf141,331,0.0039
OR56B1,331,0.0039
IFNL3,331,0.0039
ZNF718,331,0.0039
OR2A2,331,0.0039
MSX1,331,0.0039
FAM117A,331,0.0039
GAS7,331,0.0039
FOXD3,331,0.0039
C2CD4A,331,0.0039
TEX14,331,0.0039
TERF1,331,0.0039
FZD2,330,0.0039
OR4D10,330,0.0039
SNAPC1,330,0.0039
OR6C70,330,0.0039
MALSU1,330,0.0039
LPCAT2,330,0.0039
ADRA2A,330,0.0039
RPP40,330,0.0039
COQ3,330,0.0039
MTNR1A,330,0.0039
ZNF584,330,0.0039
SLX4IP,330,0.0039
SLC11A2,330,0.0039
NOP58,330,0.0039
ADH4,330,0.0039
MYPOP,330,0.0039
ACOXL,330,0.0039
DGUOK,330,0.0039
MAB21L3,330,0.0039
IER5,330,0.0039
BMP8B,330,0.0039
CLIC6,330,0.0039
RGPD2,330,0.0039
TOR2A,330,0.0039
ENTPD5,330,0.0039
FAR2,330,0.0039
SFTPD,330,0.0039
STAT1,330,0.0039
BMP7,330,0.0039
OR5W2,330,0.0039
AK3,330,0.0039
PDZK1,330,0.0039
SDR39U1,330,0.0039
KATNA1,330,0.0039
OLFM2,330,0.0039
DXO,330,0.0039
KLHDC8A,329,0.0039
MRPL44,329,0.0039
TTLL1,329,0.0039
OR10H3,329,0.0039
ZNF586,329,0.0039
FBXO25,329,0.0039
ST8SIA5,329,0.0039
SERINC5,329,0.0039
OR6C6,329,0.0039
CFHR3,329,0.0039
TAS2R7,329,0.0039
A3GALT2,329,0.0039
OR2C3,329,0.0039
EIF2S3B,329,0.0039
ACKR3,329,0.0039
TAPT1,329,0.0039
POFUT1,329,0.0039
ORC5,329,0.0039
RDH11,329,0.0039
ACBD3,329,0.0039
FEM1C,329,0.0039
OR1L4,329,0.0039
PDCD2L,329,0.0039
DCDC2B,329,0.0039
LRRC26,329,0.0039
WDR83,329,0.0039
CCDC47,329,0.0039
RBM42,329,0.0039
PDGFD,329,0.0039
CENATAC,329,0.0039
BLZF1,329,0.0039
ALDH1A3,329,0.0039
CTBS,329,0.0039
OR52L1,329,0.0039
WARS2,329,0.0039
OR5K2,329,0.0039
HABP4,329,0.0039
PGAP3,329,0.0039
RHAG,329,0.0039
SLC7A1,328,0.0038
PON3,328,0.0038
PTGES2,328,0.0038
CREBRF,328,0.0038
YAP1,328,0.0038
DCAF8L1,328,0.0038
RXRG,328,0.0038
CLEC11A,328,0.0038
PRPS1L1,328,0.0038
REM1,328,0.0038
RRH,328,0.0038
MGAT4C,328,0.0038
IL1R1,328,0.0038
METTL2B,328,0.0038
KCNS2,328,0.0038
SNAP29,328,0.0038
PLAGL2,328,0.0038
LRRC70,328,0.0038
TRAPPC14,328,0.0038
TIGD1,328,0.0038
IGHV3-48,328,0.0038
H3-4,328,0.0038
TPRA1,328,0.0038
AQP12A,328,0.0038
TCF7,328,0.0038
OR52A5,328,0.0038
STX5,328,0.0038
WARS1,328,0.0038
PELI3,328,0.0038
ZDHHC4,328,0.0038
PRPF39,328,0.0038
MRM1,328,0.0038
MGME1,328,0.0038
CENPI,328,0.0038
KIAA0930,328,0.0038
P2RX1,328,0.0038
CIPC,328,0.0038
ART3,327,0.0038
RSAD2,327,0.0038
OR52N1,327,0.0038
MEX3A,327,0.0038
GPR107,327,0.0038
OR4D6,327,0.0038
GPR6,327,0.0038
PALS2,327,0.0038
PGLYRP3,327,0.0038
IKZF1,327,0.0038
LIPM,327,0.0038
B3GNT3,327,0.0038
MTM1,327,0.0038
AURKB,327,0.0038
SFTPA2,327,0.0038
OR52B6,327,0.0038
CDADC1,327,0.0038
DCTN4,327,0.0038
ZNF670,327,0.0038
LAX1,327,0.0038
AADAC,327,0.0038
CLYBL,327,0.0038
RUFY2,327,0.0038
VEGFC,327,0.0038
MRPL2,327,0.0038
MRNIP,327,0.0038
NYX,327,0.0038
OR2B11,327,0.0038
OGFOD3,327,0.0038
SERHL2,327,0.0038
B4GALT1,327,0.0038
VPS37B,327,0.0038
ZNF114,327,0.0038
CECR2,327,0.0038
KDM4D,327,0.0038
UTP15,327,0.0038
HEPACAM,327,0.0038
ETV5,327,0.0038
BRICD5,327,0.0038
PCYT1A,326,0.0038
CHRM2,326,0.0038
FKBP4,326,0.0038
FNDC11,326,0.0038
TMEM30B,326,0.0038
EXOSC3,326,0.0038
OTUD1,326,0.0038
OR1A1,326,0.0038
GTF2I,326,0.0038
ST6GALNAC5,326,0.0038
GNB5,326,0.0038
HAX1,326,0.0038
PTGER1,326,0.0038
NAB1,326,0.0038
PRR16,326,0.0038
ZBTB42,326,0.0038
CD320,326,0.0038
CLEC3A,326,0.0038
PTPN7,326,0.0038
LRRC19,326,0.0038
GLT8D2,326,0.0038
POGLUT1,326,0.0038
GJA1,326,0.0038
EFHC2,326,0.0038
DMTN,326,0.0038
NKX2-6,326,0.0038
PEX11B,326,0.0038
SPDEF,326,0.0038
SLC7A6OS,326,0.0038
ZFP3,326,0.0038
CPO,326,0.0038
WDR12,326,0.0038
GOT2,326,0.0038
ZNF589,325,0.0038
C12orf4,325,0.0038
UNG,325,0.0038
OR1L3,325,0.0038
PTCD2,325,0.0038
RCN3,325,0.0038
SLC66A2,325,0.0038
GDPD3,325,0.0038
AFMID,325,0.0038
GOSR2,325,0.0038
TMEM198,325,0.0038
LPXN,325,0.0038
DNAJB13,325,0.0038
SULT6B1,325,0.0038
PPM1N,325,0.0038
MKRN1,325,0.0038
C10orf88,325,0.0038
OR10V1,325,0.0038
DCP2,325,0.0038
VN1R2,325,0.0038
MTFR2,325,0.0038
PLAGL1,325,0.0038
C11orf42,325,0.0038
CENPN,324,0.0038
FAS,324,0.0038
MTERF2,324,0.0038
OR10A5,324,0.0038
SPMIP7,324,0.0038
DMRTA2,324,0.0038
IPPK,324,0.0038
OR6C1,324,0.0038
HHLA2,324,0.0038
SELENOV,324,0.0038
PSPC1,324,0.0038
GJB1,324,0.0038
MRGPRD,324,0.0038
CCDC24,324,0.0038
OR52N5,324,0.0038
ABHD4,324,0.0038
KLHL10,324,0.0038
DAO,324,0.0038
TANGO2,324,0.0038
CALCOCO2,324,0.0038
GGTLC1,324,0.0038
HSD11B2,324,0.0038
CITED2,324,0.0038
WNT5B,324,0.0038
NFATC2IP,324,0.0038
OR7A10,324,0.0038
MAS1,324,0.0038
MC5R,324,0.0038
OR2H1,324,0.0038
MRPL4,323,0.0038
C1QTNF4,323,0.0038
C2CD4B,323,0.0038
GLYATL1,323,0.0038
NBPF15,323,0.0038
KNSTRN,323,0.0038
UBE3D,323,0.0038
PKNOX2,323,0.0038
SH3KBP1,323,0.0038
PRMT5,323,0.0038
OR4D11,323,0.0038
SHH,323,0.0038
NDRG2,323,0.0038
TSPYL5,323,0.0038
ZSCAN31,323,0.0038
MOGAT1,323,0.0038
OR6T1,323,0.0038
GOLGA8O,323,0.0038
AK5,323,0.0038
ABRAXAS2,323,0.0038
CYC1,323,0.0038
GOLM2,323,0.0038
SCG3,323,0.0038
WDR55,323,0.0038
WDR48,323,0.0038
METTL16,323,0.0038
TEAD1,323,0.0038
ETV2,323,0.0038
IRF4,323,0.0038
STK32A,323,0.0038
TBC1D20,323,0.0038
HS3ST4,323,0.0038
HSPBP1,322,0.0038
MAGEA3,322,0.0038
DDX5,322,0.0038
KYAT3,322,0.0038
PPARA,322,0.0038
BMP10,322,0.0038
DNAJB7,322,0.0038
OR10K2,322,0.0038
SUN5,322,0.0038
SLC16A10,322,0.0038
MRPL39,322,0.0038
OR13J1,322,0.0038
UBXN4,322,0.0038
PIGK,322,0.0038
ZDHHC6,322,0.0038
GPX4,322,0.0038
ZNF621,322,0.0038
GNAT2,322,0.0038
TRIM49C,322,0.0038
PDLIM4,322,0.0038
LETMD1,322,0.0038
MYL3,322,0.0038
SLC6A6,322,0.0038
MOB3A,322,0.0038
DIPK2A,322,0.0038
ELK4,322,0.0038
OR51A7,322,0.0038
ACOT1,322,0.0038
CCZ1B,322,0.0038
MBOAT4,322,0.0038
BTBD1,321,0.0038
EXOSC2,321,0.0038
LSP1,321,0.0038
TAS2R46,321,0.0038
LPAR3,321,0.0038
FOXQ1,321,0.0038
PI4K2B,321,0.0038
NSMCE3,321,0.0038
CD55,321,0.0038
TK2,321,0.0038
IFRD1,321,0.0038
CCRL2,321,0.0038
SLC25A34,321,0.0038
B4GAT1,321,0.0038
GOLGA6D,321,0.0038
SLC39A2,321,0.0038
RTCA,321,0.0038
LRRC37A,321,0.0038
EXOG,321,0.0038
MTHFD2L,321,0.0038
IFT52,321,0.0038
TECTB,321,0.0038
NAAA,321,0.0038
SH3GL1,321,0.0038
OR11L1,321,0.0038
SIRPB2,321,0.0038
CREBZF,321,0.0038
OR8B2,321,0.0038
ZIC1,321,0.0038
HOXA13,321,0.0038
PJVK,321,0.0038
SHISA2,321,0.0038
LDLRAD3,321,0.0038
OR5B2,320,0.0038
CD2,320,0.0038
RSPO4,320,0.0038
SS18,320,0.0038
CCDC22,320,0.0038
GPR63,320,0.0038
NDN,320,0.0038
OR1E2,320,0.0038
CLEC4M,320,0.0038
ARK2N,320,0.0038
SCARF2,320,0.0038
RNF149,320,0.0038
KRT18,320,0.0038
HOXD10,320,0.0038
GEM,320,0.0038
BBOX1,320,0.0038
B3GAT2,320,0.0038
RNF32,320,0.0038
GPALPP1,320,0.0038
PRELP,320,0.0038
PTGDR2,320,0.0038
NOS1AP,320,0.0038
MID2,320,0.0038
BAG5,320,0.0038
KLHL11,320,0.0038
G6PD,320,0.0038
CYB5D2,320,0.0038
TDP2,320,0.0038
CRLF3,319,0.0037
TMEM70,319,0.0037
CDC23,319,0.0037
ARMC12,319,0.0037
TLK1,319,0.0037
SYN1,319,0.0037
DENND6A,319,0.0037
OR5B3,319,0.0037
WDFY2,319,0.0037
GGTLC2,319,0.0037
TAS2R8,319,0.0037
SLC35F6,319,0.0037
OR11H6,319,0.0037
ASB5,319,0.0037
FAM131C,319,0.0037
OSGEP,319,0.0037
GHITM,319,0.0037
TAS2R16,319,0.0037
CRISP1,319,0.0037
MRPS35,319,0.0037
CCDC91,319,0.0037
TEX13C,319,0.0037
ACMSD,319,0.0037
WFDC1,319,0.0037
FLI1,319,0.0037
WDR54,319,0.0037
FAM187A,319,0.0037
PNMA2,319,0.0037
OR8B3,319,0.0037
LNPK,319,0.0037
ACOT8,319,0.0037
SPRY4,319,0.0037
TAS2R10,319,0.0037
C4B,318,0.0037
ANKRD34C,318,0.0037
ZFP42,318,0.0037
TAS2R9,318,0.0037
OPRL1,318,0.0037
BACE1,318,0.0037
CCN1,318,0.0037
GPR68,318,0.0037
ERICH5,318,0.0037
EDC3,318,0.0037
TM9SF2,318,0.0037
RTP2,318,0.0037
SLAMF8,318,0.0037
PPIL4,318,0.0037
ST6GALNAC4,318,0.0037
DCANP1,318,0.0037
GRHPR,318,0.0037
CACUL1,318,0.0037
PEX3,318,0.0037
OTOA,318,0.0037
EVPLL,318,0.0037
AKR1A1,318,0.0037
RRM1,318,0.0037
TAAR2,318,0.0037
OR7D4,318,0.0037
FCGRT,318,0.0037
BROX,318,0.0037
PARVG,318,0.0037
ARSH,318,0.0037
CSNK1A1L,318,0.0037
P2RX3,318,0.0037
TOR1AIP2,317,0.0037
OR1B1,317,0.0037
GPR143,317,0.0037
HMGCL,317,0.0037
FAM20B,317,0.0037
OR10A2,317,0.0037
INMT,317,0.0037
NEUROD4,317,0.0037
KANSL2,317,0.0037
TRABD,317,0.0037
SPOCK1,317,0.0037
TUFT1,317,0.0037
HOXD1,317,0.0037
B4GALT2,317,0.0037
THAP7,317,0.0037
ALDH1A1,317,0.0037
TUBGCP4,317,0.0037
TMPRSS11D,317,0.0037
GPR137C,317,0.0037
ZDHHC2,317,0.0037
TNFRSF18,317,0.0037
FGR,317,0.0037
ZNF620,317,0.0037
FBXO5,317,0.0037
AIFM1,317,0.0037
UBQLN1,317,0.0037
SF1,317,0.0037
PDE7A,317,0.0037
COPE,317,0.0037
STOML1,317,0.0037
UNCX,317,0.0037
OR2S2,317,0.0037
LRRC3,317,0.0037
SLC39A14,317,0.0037
VTA1,317,0.0037
OR9Q1,317,0.0037
PAPOLA,317,0.0037
ANKRD20A1,316,0.0037
RAD51,316,0.0037
PELO,316,0.0037
PLAUR,316,0.0037
MYL2,316,0.0037
PSMD8,316,0.0037
CHN1,316,0.0037
EGFL8,316,0.0037
STBD1,316,0.0037
FAM98C,316,0.0037
ECHS1,316,0.0037
MSL1,316,0.0037
LAMP2,316,0.0037
GOLGA8T,316,0.0037
CHMP7,316,0.0037
CEMP1,316,0.0037
ZSCAN9,316,0.0037
SLC35E2B,316,0.0037
STARD7,316,0.0037
KPNA5,316,0.0037
SLC30A2,316,0.0037
PIP4K2C,316,0.0037
GDA,316,0.0037
ZMYND11,316,0.0037
SELENOP,316,0.0037
APOA1,316,0.0037
ATAT1,316,0.0037
IGHV4-59,316,0.0037
PPP4R3A,316,0.0037
WDR74,316,0.0037
HPN,316,0.0037
IGF2BP2,316,0.0037
LUZP2,315,0.0037
LRRC28,315,0.0037
A4GNT,315,0.0037
BORCS6,315,0.0037
LRRC18,315,0.0037
TCFL5,315,0.0037
WNT7A,315,0.0037
KLHL24,315,0.0037
GTPBP2,315,0.0037
ZGPAT,315,0.0037
LMLN,315,0.0037
SMYD5,315,0.0037
MOS,315,0.0037
EYA3,315,0.0037
B4GALT3,315,0.0037
MFSD4A,315,0.0037
IFFO2,315,0.0037
CHRM4,315,0.0037
UBA5,315,0.0037
LRRC10,315,0.0037
OR52W1,315,0.0037
MDM4,315,0.0037
CDC37L1,315,0.0037
TRIM77,315,0.0037
KMO,315,0.0037
CDK14,315,0.0037
SLC35G2,315,0.0037
SPATA31D3,315,0.0037
GRXCR1,315,0.0037
SCAMP3,315,0.0037
RNLS,315,0.0037
GTPBP10,315,0.0037
PKNOX1,315,0.0037
SLC25A48,315,0.0037
NPY5R,314,0.0037
IPMK,314,0.0037
ADPRH,314,0.0037
FBXO22,314,0.0037
ICOSLG,314,0.0037
MIER3,314,0.0037
AP2A1,314,0.0037
ATG4B,314,0.0037
ZDHHC16,314,0.0037
POLR1F,314,0.0037
FOXR1,314,0.0037
TTC4,314,0.0037
TRIM11,314,0.0037
TFEB,314,0.0037
SYT2,314,0.0037
ARL6IP6,314,0.0037
HSD3B2,314,0.0037
HSPA13,314,0.0037
P2RY14,314,0.0037
SFRP5,314,0.0037
RBMS3,314,0.0037
ANKRD61,314,0.0037
CAMK4,314,0.0037
RNF225,314,0.0037
IFI35,314,0.0037
SLC25A35,313,0.0037
VASP,313,0.0037
PDK1,313,0.0037
CACNB4,313,0.0037
OR4D5,313,0.0037
ZNF830,313,0.0037
HEY2,313,0.0037
ASPHD1,313,0.0037
GPR146,313,0.0037
KRTAP10-2,313,0.0037
RNFT1,313,0.0037
SURF2,313,0.0037
OR52A1,313,0.0037
SIAH3,313,0.0037
SRSF6,313,0.0037
STAR,313,0.0037
SLC30A4,313,0.0037
S1PR2,313,0.0037
WNT11,313,0.0037
SIRT5,313,0.0037
SPMAP2L,313,0.0037
AKR1C2,313,0.0037
ZNF148,313,0.0037
NFKBIA,313,0.0037
ITGA7,313,0.0037
KRTAP10-8,313,0.0037
HAPLN1,313,0.0037
TMEM131L,313,0.0037
OR6P1,312,0.0037
BPNT2,312,0.0037
HOMER3,312,0.0037
MRGPRX2,312,0.0037
NNMT,312,0.0037
AKR1B10,312,0.0037
TEX26,312,0.0037
BBS5,312,0.0037
MTERF4,312,0.0037
PIP5K1B,312,0.0037
STX3,312,0.0037
BST1,312,0.0037
FAHD1,312,0.0037
SERTAD4,312,0.0037
SH3BP5L,312,0.0037
SPZ1,312,0.0037
RIPK2,312,0.0037
WDFY1,312,0.0037
ZDHHC7,312,0.0037
EBF1,312,0.0037
RNF126,312,0.0037
CEP44,312,0.0037
ABT1,312,0.0037
TRIM59,312,0.0037
PRR23B,312,0.0037
WNT5A,312,0.0037
PLEK2,312,0.0037
OTC,312,0.0037
PELI2,312,0.0037
CEACAM21,311,0.0036
FCMR,311,0.0036
GCM1,311,0.0036
ODF2L,311,0.0036
RBM48,311,0.0036
FNBP1L,311,0.0036
HECA,311,0.0036
CAPG,311,0.0036
LURAP1L,311,0.0036
VCX2,311,0.0036
ZNF579,311,0.0036
ZNF131,311,0.0036
ACVR1C,311,0.0036
STPG1,311,0.0036
THAP5,311,0.0036
SS18L1,311,0.0036
CRELD2,311,0.0036
SDS,311,0.0036
ZDHHC17,311,0.0036
MACROD2,311,0.0036
CERKL,311,0.0036
LIPF,311,0.0036
USP3,311,0.0036
OR6N1,311,0.0036
ACTL10,311,0.0036
RAB40B,311,0.0036
ZFP82,311,0.0036
NIPAL4,311,0.0036
CA6,311,0.0036
MEIS2,311,0.0036
FBXO6,311,0.0036
PSMB8,311,0.0036
SSRP1,311,0.0036
WWTR1,310,0.0036
TLR8,310,0.0036
SDR9C7,310,0.0036
TAF8,310,0.0036
AKT2,310,0.0036
MC2R,310,0.0036
NAPEPLD,310,0.0036
DNAJB8,310,0.0036
BMP8A,310,0.0036
IGLV2-8,310,0.0036
ADRA2C,310,0.0036
RFC3,310,0.0036
RASSF5,310,0.0036
ARHGEF39,310,0.0036
SLC10A4,310,0.0036
NDUFAF6,310,0.0036
RASGEF1B,310,0.0036
MFNG,310,0.0036
OR56A4,310,0.0036
STOML3,310,0.0036
KCTD20,310,0.0036
SLC38A3,310,0.0036
COQ7,310,0.0036
TMEM120A,310,0.0036
NR4A3,310,0.0036
RNFT2,310,0.0036
NEMP1,310,0.0036
POLR2B,310,0.0036
DLG3,310,0.0036
OXNAD1,310,0.0036
STPG3,310,0.0036
TAF1A,309,0.0036
OR9Q2,309,0.0036
ZNF630,309,0.0036
HOXA4,309,0.0036
DFFA,309,0.0036
IFNGR2,309,0.0036
UPK3A,309,0.0036
HOXC10,309,0.0036
OR8D4,309,0.0036
ATCAY,309,0.0036
SNX15,309,0.0036
SYTL4,309,0.0036
BMAL1,309,0.0036
CELA2B,309,0.0036
ZNF3,309,0.0036
NXN,309,0.0036
USB1,309,0.0036
PRKCI,309,0.0036
OR8J1,309,0.0036
RHBDD2,309,0.0036
TMCC1,309,0.0036
FBP1,309,0.0036
TMEM161B,309,0.0036
USP19,309,0.0036
C1GALT1C1L,309,0.0036
RAET1L,309,0.0036
OR7G1,309,0.0036
HBP1,309,0.0036
OR1C1,309,0.0036
F2RL1,309,0.0036
F2RL2,309,0.0036
RNF212,309,0.0036
HOXC11,309,0.0036
PYGO2,309,0.0036
ARMH1,309,0.0036
E2F3,308,0.0036
OR5H2,308,0.0036
INA,308,0.0036
IGKV1-17,308,0.0036
ASB13,308,0.0036
ZBTB37,308,0.0036
HSF2BP,308,0.0036
CDC25A,308,0.0036
KAZALD1,308,0.0036
CSKMT,308,0.0036
HOXD13,308,0.0036
KLF14,308,0.0036
VSTM4,308,0.0036
CPB2,308,0.0036
NHLRC3,308,0.0036
SLC51A,308,0.0036
NME7,308,0.0036
H3C1,308,0.0036
SIGLEC14,308,0.0036
FKBP5,308,0.0036
GPRC5D,308,0.0036
DMAP1,308,0.0036
UBTFL1,308,0.0036
OR1D5,308,0.0036
FHL2,308,0.0036
GARIN5A,308,0.0036
PACC1,308,0.0036
PIP4K2A,308,0.0036
HRAS,308,0.0036
CD68,308,0.0036
UPK1A,307,0.0036
DEDD2,307,0.0036
PRR5L,307,0.0036
CCDC42,307,0.0036
DDB2,307,0.0036
QTRT2,307,0.0036
PPP5C,307,0.0036
BVES,307,0.0036
MUL1,307,0.0036
OR2A25,307,0.0036
LEMD2,307,0.0036
GDF7,307,0.0036
CLMP,307,0.0036
ADORA2A,307,0.0036
TWF2,307,0.0036
TMEM38B,307,0.0036
CERT1,307,0.0036
NKX6-2,307,0.0036
SGK2,307,0.0036
TEX13A,307,0.0036
DPAGT1,307,0.0036
OR51A2,307,0.0036
GTPBP8,307,0.0036
TST,307,0.0036
GOLGA6L1,307,0.0036
AQP4,307,0.0036
DDX53,307,0.0036
GPR180,307,0.0036
OR4K13,307,0.0036
OR5D18,307,0.0036
OXCT1,307,0.0036
RNF151,307,0.0036
KCTD7,307,0.0036
PWWP3B,307,0.0036
TBRG1,307,0.0036
AMZ2,306,0.0036
APEX1,306,0.0036
CSTPP1,306,0.0036
AGTR1,306,0.0036
PAAF1,306,0.0036
SDCBP2,306,0.0036
OR6Q1,306,0.0036
P4HA1,306,0.0036
DOHH,306,0.0036
SLC32A1,306,0.0036
ZNF140,306,0.0036
TCAIM,306,0.0036
LORICRIN,306,0.0036
ABHD11,306,0.0036
CRTAM,306,0.0036
NR6A1,306,0.0036
EFCAB3,306,0.0036
SLC35G1,306,0.0036
IGSF11,306,0.0036
H4C2,306,0.0036
TBX22,306,0.0036
PFKFB1,306,0.0036
DCAF8,306,0.0036
ETV3,306,0.0036
LSM11,306,0.0036
OR10K1,306,0.0036
ACE2,306,0.0036
KIN,306,0.0036
MTF2,306,0.0036
C16orf78,306,0.0036
PYCR3,306,0.0036
FGF5,306,0.0036
ZAR1,306,0.0036
ZNF383,306,0.0036
WNT3A,306,0.0036
SFXN2,306,0.0036
IGLV3-10,306,0.0036
IGLV2-11,306,0.0036
PPP3CA,306,0.0036
TMEM151B,305,0.0036
TMEM177,305,0.0036
AGMAT,305,0.0036
WEE1,305,0.0036
RAI2,305,0.0036
NAB2,305,0.0036
EPYC,305,0.0036
PPP2R1A,305,0.0036
USP17L4,305,0.0036
C8orf76,305,0.0036
HTR4,305,0.0036
REEP4,305,0.0036
RHBDD1,305,0.0036
DENND11,305,0.0036
HADH,305,0.0036
GALR3,305,0.0036
RFXANK,305,0.0036
KRTAP4-11,305,0.0036
GORASP2,305,0.0036
OR2D3,305,0.0036
IGKV1-8,305,0.0036
HERPUD1,305,0.0036
VIT,305,0.0036
ZNF331,305,0.0036
PDYN,305,0.0036
DYNC1LI2,305,0.0036
JRKL,305,0.0036
RASSF8,305,0.0036
PAX9,305,0.0036
IFNA16,305,0.0036
SLC49A4,305,0.0036
ADH1C,305,0.0036
SYT14,305,0.0036
FFAR4,304,0.0036
DERPC,304,0.0036
UHMK1,304,0.0036
SPOUT1,304,0.0036
DNASE2,304,0.0036
RHOT1,304,0.0036
RFPL1,304,0.0036
AAMP,304,0.0036
HMOX2,304,0.0036
SPATA32,304,0.0036
G3BP1,304,0.0036
IL10RB,304,0.0036
ULBP2,304,0.0036
SUN3,304,0.0036
MEIOB,304,0.0036
HECTD2,304,0.0036
HNRNPR,303,0.0036
OR2L13,303,0.0036
CYSLTR2,303,0.0036
UROD,303,0.0036
RORA,303,0.0036
AP3M2,303,0.0036
NSUN4,303,0.0036
TNFSF9,303,0.0036
TNNT1,303,0.0036
TBX4,303,0.0036
HYI,303,0.0036
NPHP1,303,0.0036
SIN3B,303,0.0036
CMKLR2,303,0.0036
NPTX1,303,0.0036
BIN3,303,0.0036
RMDN1,303,0.0036
OCEL1,303,0.0036
CFHR1,303,0.0036
ACAT2,303,0.0036
SERINC1,303,0.0036
HFE,303,0.0036
CYBA,303,0.0036
LILRA5,303,0.0036
APOH,302,0.0035
ADORA2B,302,0.0035
NHEJ1,302,0.0035
OR2A5,302,0.0035
ADRB1,302,0.0035
PER3,302,0.0035
PARD6G,302,0.0035
OR10W1,302,0.0035
DFFB,302,0.0035
OR8D1,302,0.0035
OR5A1,302,0.0035
SLC25A15,302,0.0035
DECR1,302,0.0035
C1QTNF6,302,0.0035
SYT5,302,0.0035
MTARC1,302,0.0035
ADRB2,302,0.0035
ZWINT,302,0.0035
GH1,302,0.0035
TXNDC15,302,0.0035
MACO1,302,0.0035
TMEM186,302,0.0035
SPATA22,302,0.0035
TRMT10A,302,0.0035
SULT1C2,302,0.0035
EMC10,302,0.0035
COQ5,302,0.0035
IL2RA,302,0.0035
OGFRL1,302,0.0035
KERA,302,0.0035
SLC25A19,301,0.0035
FAM170B,301,0.0035
SLC17A2,301,0.0035
ABHD5,301,0.0035
BHMT2,301,0.0035
CUL3,301,0.0035
MEOX1,301,0.0035
CRYL1,301,0.0035
ANKRD60,301,0.0035
FFAR1,301,0.0035
KLK12,301,0.0035
FOXE1,301,0.0035
DCAF12,301,0.0035
GLT1D1,301,0.0035
LGALS9B,301,0.0035
RNF175,301,0.0035
ZFP14,301,0.0035
SEC14L2,301,0.0035
ANKRD13C,301,0.0035
KLK3,301,0.0035
HOXA2,301,0.0035
NIPA2,301,0.0035
BCCIP,301,0.0035
SCD5,300,0.0035
ITM2C,300,0.0035
KCNA6,300,0.0035
RNASEH1,300,0.0035
PDCD2,300,0.0035
PHAX,300,0.0035
SERPINB1,300,0.0035
TOR1A,300,0.0035
CERS6,300,0.0035
LRATD2,300,0.0035
RELL2,300,0.0035
NOCT,300,0.0035
NUDT6,300,0.0035
DNAJC28,300,0.0035
ALX1,300,0.0035
ZNF724,300,0.0035
RFNG,300,0.0035
OR13F1,300,0.0035
LCK,300,0.0035
NUBPL,300,0.0035
HSF2,300,0.0035
THAP8,300,0.0035
GABRE,300,0.0035
AHCYL2,300,0.0035
DPM1,300,0.0035
OMD,300,0.0035
SFXN5,299,0.0035
GPR25,299,0.0035
GIMAP2,299,0.0035
MMAB,299,0.0035
YIPF3,299,0.0035
MAP3K8,299,0.0035
IRAK1,299,0.0035
RBMS2,299,0.0035
HAAO,299,0.0035
ZNF736,299,0.0035
ZNF365,299,0.0035
UST,299,0.0035
TMEM144,299,0.0035
NT5C2,299,0.0035
GPR18,299,0.0035
DHH,299,0.0035
RNF223,299,0.0035
TREML2,299,0.0035
TBC1D7,299,0.0035
IGLL1,299,0.0035
NTNG1,299,0.0035
TMEM39A,299,0.0035
UPP1,298,0.0035
OR4D2,298,0.0035
C4A,298,0.0035
RGS6,298,0.0035
PEX5L,298,0.0035
SLC17A7,298,0.0035
GRINA,298,0.0035
FGF23,298,0.0035
HARBI1,298,0.0035
ZNF566,298,0.0035
VCX,298,0.0035
NUP98,298,0.0035
PTDSS1,298,0.0035
IFNA17,298,0.0035
FAM118A,298,0.0035
TCAF1,298,0.0035
OXGR1,298,0.0035
NIFK,298,0.0035
KATNAL1,298,0.0035
PICK1,298,0.0035
PLS3,298,0.0035
PYCR2,298,0.0035
INPP5A,298,0.0035
OR13C9,298,0.0035
DCLK1,298,0.0035
WDR5B,298,0.0035
CCN6,298,0.0035
PPP1R3D,298,0.0035
OR51L1,298,0.0035
MRPL46,298,0.0035
ESRRA,298,0.0035
GP6,298,0.0035
LGALS4,298,0.0035
SELL,298,0.0035
TMEM200B,298,0.0035
SRD5A2,298,0.0035
VN1R4,298,0.0035
KLHL12,297,0.0035
FCGR2A,297,0.0035
EDN3,297,0.0035
WTIP,297,0.0035
KBTBD2,297,0.0035
BARX2,297,0.0035
FAM110B,297,0.0035
KLHL42,297,0.0035
PLSCR4,297,0.0035
THOC1,297,0.0035
GLRX3,297,0.0035
OR2V2,297,0.0035
RITA1,297,0.0035
TFB1M,297,0.0035
ZBTB8B,297,0.0035
ODR4,297,0.0035
NUDCD3,297,0.0035
NUP43,297,0.0035
FBXL12,297,0.0035
BTBD17,297,0.0035
ITLN1,297,0.0035
DMRTC2,297,0.0035
PTGER3,297,0.0035
LYPLAL1,297,0.0035
FBXO2,297,0.0035
ACTR10,297,0.0035
OTUD3,297,0.0035
SP6,297,0.0035
EN1,297,0.0035
FAR1,297,0.0035
WIF1,297,0.0035
THUMPD1,297,0.0035
ZNF843,297,0.0035
IRF9,297,0.0035
MFAP3L,297,0.0035
ATP4B,297,0.0035
KCNC1,297,0.0035
SPSB2,297,0.0035
TAS2R13,297,0.0035
CIART,297,0.0035
MRC1,297,0.0035
NSUN3,296,0.0035
BCLAF3,296,0.0035
SLC30A7,296,0.0035
FBXW7,296,0.0035
ANXA2,296,0.0035
HRH3,296,0.0035
POMT1,296,0.0035
GMCL2,296,0.0035
EBLN2,296,0.0035
ANXA3,296,0.0035
LIPT1,296,0.0035
PDCD1LG2,296,0.0035
NAP1L4,296,0.0035
PAQR7,296,0.0035
IGHM,296,0.0035
ARG2,296,0.0035
SMYD2,296,0.0035
OR5AP2,296,0.0035
TMEM119,296,0.0035
MFAP3,296,0.0035
SLC30A3,296,0.0035
NMI,296,0.0035
TRIM26,296,0.0035
WNT7B,296,0.0035
SLC25A18,296,0.0035
SLC25A10,296,0.0035
TRIM75,296,0.0035
SNX20,296,0.0035
STK17A,296,0.0035
ACOD1,296,0.0035
MYOZ2,296,0.0035
NEUROG1,296,0.0035
METTL27,296,0.0035
ANKS4B,296,0.0035
FTMT,296,0.0035
PSMB4,295,0.0035
AKR1D1,295,0.0035
AGO2,295,0.0035
PSKH1,295,0.0035
SERPINE3,295,0.0035
ACTC1,295,0.0035
FNTB,295,0.0035
TBPL2,295,0.0035
GNMT,295,0.0035
TFEC,295,0.0035
CHKA,295,0.0035
CDS1,295,0.0035
CIMAP1C,295,0.0035
PECR,295,0.0035
ANXA1,295,0.0035
C6orf15,295,0.0035
ASPA,295,0.0035
FAM43A,295,0.0035
USP51,295,0.0035
PCYT2,295,0.0035
TAS2R20,295,0.0035
DNAJC3,294,0.0034
LRRC23,294,0.0034
RPL3,294,0.0034
CYTIP,294,0.0034
SEC13,294,0.0034
CREB3,294,0.0034
SSTR1,294,0.0034
EXOSC7,294,0.0034
ALX3,294,0.0034
ST6GALNAC6,294,0.0034
NELFE,294,0.0034
AKAP5,294,0.0034
GLS,294,0.0034
DNM3,294,0.0034
SLC25A37,294,0.0034
TAMM41,294,0.0034
TRAM1L1,294,0.0034
CCNDBP1,294,0.0034
INKA2,294,0.0034
GRXCR2,294,0.0034
OR5A2,294,0.0034
EMB,294,0.0034
DGAT2,294,0.0034
MEOX2,294,0.0034
VASH1,294,0.0034
CCNP,294,0.0034
PARP6,294,0.0034
LYSMD4,294,0.0034
CLIP3,294,0.0034
SRRD,294,0.0034
NCR2,294,0.0034
RSRC1,294,0.0034
ZNF558,294,0.0034
TUBB6,294,0.0034
PRKAR2A,293,0.0034
ZNF316,293,0.0034
RTL3,293,0.0034
KLK15,293,0.0034
TRAF4,293,0.0034
UCP1,293,0.0034
EIF5,293,0.0034
HOXA9,293,0.0034
SAPCD2,293,0.0034
GCH1,293,0.0034
LHX9,293,0.0034
MS4A1,293,0.0034
SERPINB5,293,0.0034
HMX3,293,0.0034
TBC1D3B,293,0.0034
OR4P4,293,0.0034
GLTPD2,293,0.0034
HAT1,293,0.0034
OR4K14,293,0.0034
OPN3,293,0.0034
DCN,293,0.0034
HTR1B,293,0.0034
PSMF1,293,0.0034
CHST10,293,0.0034
SDR16C5,293,0.0034
PTGER4,293,0.0034
MAP2K5,293,0.0034
CACNG5,293,0.0034
MAF,293,0.0034
STK3,293,0.0034
WASF1,293,0.0034
DLG4,293,0.0034
HRH4,293,0.0034
GSTA2,293,0.0034
IRAK1BP1,293,0.0034
SLITRK2,293,0.0034
FAM110C,293,0.0034
LMX1A,293,0.0034
CTSV,293,0.0034
PCBP4,292,0.0034
TSPAN4,292,0.0034
GIMAP5,292,0.0034
C1orf198,292,0.0034
SAMSN1,292,0.0034
FOXI2,292,0.0034
FCN3,292,0.0034
HSD17B14,292,0.0034
OSTM1,292,0.0034
ZNF512,292,0.0034
PPID,292,0.0034
FNDC8,292,0.0034
DTNA,292,0.0034
MEDAG,292,0.0034
H1-7,292,0.0034
CIDEC,292,0.0034
SFXN3,292,0.0034
OVCA2,292,0.0034
QNG1,292,0.0034
RASSF2,292,0.0034
DKK3,292,0.0034
BRIX1,292,0.0034
ZNF506,292,0.0034
SDC1,292,0.0034
CELA2A,292,0.0034
SLC25A20,292,0.0034
TGDS,292,0.0034
TMEM135,292,0.0034
KLHDC9,292,0.0034
FBXO44,292,0.0034
CIR1,292,0.0034
CERS5,292,0.0034
GDI2,292,0.0034
DHRS7,292,0.0034
DUSP2,292,0.0034
RAB26,292,0.0034
SFXN1,292,0.0034
VSIG4,292,0.0034
IFNA14,292,0.0034
DHRS7B,292,0.0034
HTR2A,291,0.0034
RIPK4,291,0.0034
FAHD2A,291,0.0034
CAVIN3,291,0.0034
KRTAP4-12,291,0.0034
UPP2,291,0.0034
FSD1L,291,0.0034
METRNL,291,0.0034
ZNF583,291,0.0034
SLC25A32,291,0.0034
MSANTD1,291,0.0034
UGP2,291,0.0034
CELF6,291,0.0034
RAX2,291,0.0034
SEPTIN1,291,0.0034
ZSWIM9,291,0.0034
ZNF260,291,0.0034
ATPSCKMT,291,0.0034
GNRHR,291,0.0034
APOBEC4,291,0.0034
BCL2L14,291,0.0034
OPRD1,291,0.0034
ERO1A,291,0.0034
HEMK1,291,0.0034
ABHD3,291,0.0034
VAT1,291,0.0034
NPY2R,291,0.0034
ZIC2,291,0.0034
SHISA9,291,0.0034
ELAC1,291,0.0034
IVNS1ABP,291,0.0034
GATA3,291,0.0034
TMEM64,291,0.0034
ZPBP2,291,0.0034
NAXE,291,0.0034
GJB5,291,0.0034
MIOX,291,0.0034
ASGR1,291,0.0034
IL12B,291,0.0034
SCN1B,290,0.0034
C1GALT1,290,0.0034
ORAI3,290,0.0034
ART4,290,0.0034
GLRA1,290,0.0034
RPL7L1,290,0.0034
TEFM,290,0.0034
LSM14A,290,0.0034
CTSH,290,0.0034
SPRED3,290,0.0034
ZPBP,290,0.0034
WNT2,290,0.0034
PFKFB2,290,0.0034
OR6B2,290,0.0034
UBA3,290,0.0034
INO80B,290,0.0034
TPRG1,290,0.0034
KCTD16,290,0.0034
CPNE4,290,0.0034
DHRS1,290,0.0034
AGO1,290,0.0034
NQO1,289,0.0034
XAF1,289,0.0034
NDFIP2,289,0.0034
MSTN,289,0.0034
ANKRD10,289,0.0034
FDPS,289,0.0034
ETS2,289,0.0034
LRRC52,289,0.0034
TNFSF11,289,0.0034
HP1BP3,289,0.0034
AP5S1,289,0.0034
PPCS,289,0.0034
PNPO,289,0.0034
TBC1D19,289,0.0034
CLRN1,289,0.0034
KLHL7,289,0.0034
OAZ1,289,0.0034
C6orf89,289,0.0034
STAP1,289,0.0034
ETFB,289,0.0034
CCNL1,289,0.0034
CD27,289,0.0034
HDGFL1,289,0.0034
LRRC53,289,0.0034
ORC6,289,0.0034
HYKK,289,0.0034
KCTD14,289,0.0034
CLK4,289,0.0034
IL17C,289,0.0034
GUCY1B1,289,0.0034
MBOAT2,289,0.0034
HERPUD2,289,0.0034
SLC25A38,289,0.0034
TRPM3,289,0.0034
HNRNPLL,289,0.0034
GZMB,289,0.0034
UBAP1L,289,0.0034
MCUB,289,0.0034
AQP6,289,0.0034
SCN4B,289,0.0034
TMEM176B,289,0.0034
PGK1,288,0.0034
DUOXA1,288,0.0034
OR2A12,288,0.0034
PRKAA1,288,0.0034
ST3GAL2,288,0.0034
MLST8,288,0.0034
TMEM74B,288,0.0034
IGLON5,288,0.0034
TMEM71,288,0.0034
DNAJC30,288,0.0034
AP3M1,288,0.0034
ZC3H12B,288,0.0034
HEXIM2,288,0.0034
C1QTNF9,288,0.0034
TMOD4,288,0.0034
CD72,288,0.0034
GRAMD2B,288,0.0034
SYT11,288,0.0034
CCNK,288,0.0034
PLEK,288,0.0034
SSTR2,288,0.0034
HSD17B13,288,0.0034
GLT8D1,288,0.0034
ACTA1,288,0.0034
HNRNPL,288,0.0034
RNASEH2C,288,0.0034
SOX18,288,0.0034
UGDH,288,0.0034
LRRTM2,288,0.0034
SMAD7,288,0.0034
NEUROG3,288,0.0034
ZNF639,287,0.0034
GH2,287,0.0034
ZNF280C,287,0.0034
PBX2,287,0.0034
DERA,287,0.0034
STUB1,287,0.0034
DRD3,287,0.0034
OR2F1,287,0.0034
RBM10,287,0.0034
CEACAM4,287,0.0034
OR2AT4,287,0.0034
PTCRA,287,0.0034
ZNF829,287,0.0034
SPESP1,287,0.0034
CNOT6,287,0.0034
PIP5K1A,287,0.0034
SRPX2,287,0.0034
PAK1IP1,287,0.0034
C1QTNF1,287,0.0034
DEGS2,287,0.0034
IRF6,287,0.0034
PRSS48,287,0.0034
CLDN14,287,0.0034
TP53TG5,287,0.0034
CNR2,287,0.0034
PSMD12,287,0.0034
TTPA,287,0.0034
NUDT7,287,0.0034
POU5F2,287,0.0034
CTAGE4,287,0.0034
TAS2R14,287,0.0034
SERTAD2,287,0.0034
CPE,287,0.0034
SUSD6,287,0.0034
GPR141,287,0.0034
PLPP7,287,0.0034
LRRC2,287,0.0034
FKBP6,287,0.0034
PPM1K,287,0.0034
GPR21,287,0.0034
PEX11G,286,0.0034
CIMIP4,286,0.0034
B3GNT2,286,0.0034
ABHD17A,286,0.0034
TMX3,286,0.0034
TANK,286,0.0034
ENO2,286,0.0034
PAQR6,286,0.0034
C1orf56,286,0.0034
GIMAP6,286,0.0034
CPTP,286,0.0034
NAT1,286,0.0034
PARP16,286,0.0034
TBC1D21,286,0.0034
GPN2,286,0.0034
MRPS34,286,0.0034
TUBA1C,286,0.0034
ERVV-1,286,0.0034
INHBE,286,0.0034
RPP38,286,0.0034
CST1,286,0.0034
RNF130,286,0.0034
LUC7L,286,0.0034
PNP,286,0.0034
NGRN,286,0.0034
KCNJ15,286,0.0034
MBIP,286,0.0034
ITPKA,286,0.0034
CNMD,286,0.0034
ZNF705A,286,0.0034
YOD1,286,0.0034
IGF2BP1,286,0.0034
DUSP4,286,0.0034
IGLV7-46,286,0.0034
DMAC2,286,0.0034
VGLL3,286,0.0034
CHCHD6,286,0.0034
PRDM12,285,0.0033
IGLV6-57,285,0.0033
FBXO16,285,0.0033
CRYBB1,285,0.0033
NUF2,285,0.0033
RCOR1,285,0.0033
STX18,285,0.0033
MAGEF1,285,0.0033
CNP,285,0.0033
ANAPC7,285,0.0033
IP6K1,285,0.0033
FAM110A,285,0.0033
F2R,285,0.0033
TRMT10C,285,0.0033
VCPKMT,285,0.0033
ADAP2,285,0.0033
PPP2R3C,285,0.0033
PSMD13,285,0.0033
LDLRAD2,285,0.0033
EIF3L,285,0.0033
FRZB,285,0.0033
ZNF552,285,0.0033
GBX1,285,0.0033
CNOT11,285,0.0033
DUSP6,285,0.0033
UBTF,285,0.0033
HOXB1,285,0.0033
ETNK2,285,0.0033
ISG20L2,284,0.0033
OR8B8,284,0.0033
SLC35C2,284,0.0033
TENT5A,284,0.0033
HOXD9,284,0.0033
CIDEA,284,0.0033
TREML1,284,0.0033
HOXD11,284,0.0033
OR2K2,284,0.0033
ZNF524,284,0.0033
RSPH9,284,0.0033
ANKDD1B,284,0.0033
MRPS18B,284,0.0033
FAM131A,284,0.0033
KCND1,284,0.0033
BMX,284,0.0033
PPIL6,284,0.0033
FANK1,284,0.0033
MAGEA6,284,0.0033
DUSP12,284,0.0033
LTBR,284,0.0033
CCDC59,284,0.0033
SPATA4,284,0.0033
RRAS,284,0.0033
STK39,284,0.0033
MOAP1,284,0.0033
AIMP1,284,0.0033
GJA4,284,0.0033
CLPB,283,0.0033
SH3GLB2,283,0.0033
ZNF501,283,0.0033
LAMP5,283,0.0033
BCL3,283,0.0033
CYBB,283,0.0033
KCNK1,283,0.0033
HSH2D,283,0.0033
RPP30,283,0.0033
LHPP,283,0.0033
JMJD6,283,0.0033
MAPK3,283,0.0033
SPP1,283,0.0033
SOHLH2,283,0.0033
XRCC6,283,0.0033
SARAF,283,0.0033
RUVBL2,283,0.0033
OR56A5,283,0.0033
TMEM229A,283,0.0033
NALF2,283,0.0033
ULBP1,283,0.0033
FCGR3A,283,0.0033
ASPDH,283,0.0033
ANKRD23,283,0.0033
OR13C4,283,0.0033
TTC23L,283,0.0033
ST6GAL1,283,0.0033
INTS12,283,0.0033
DDX3X,283,0.0033
MTAP,283,0.0033
MVB12A,283,0.0033
MMP7,282,0.0033
CTRL,282,0.0033
SUCNR1,282,0.0033
KLHDC8B,282,0.0033
SGMS2,282,0.0033
TMEM120B,282,0.0033
FHL3,282,0.0033
INPP4A,282,0.0033
OR7A5,282,0.0033
GPR61,282,0.0033
UBQLN2,282,0.0033
ETFA,282,0.0033
CRHR1,282,0.0033
ARRB1,282,0.0033
CDK17,282,0.0033
IER5L,282,0.0033
KCNK7,282,0.0033
IZUMO4,282,0.0033
KRR1,282,0.0033
CFAP161,282,0.0033
UBL7,282,0.0033
OR1Q1,282,0.0033
WNT4,282,0.0033
TRIM13,282,0.0033
HSDL2,282,0.0033
IFNA7,282,0.0033
E2F4,282,0.0033
HOXC12,282,0.0033
CDC37,282,0.0033
RIMKLA,282,0.0033
NDUFV2,282,0.0033
FAM120C,282,0.0033
TRIM23,282,0.0033
ALDOC,281,0.0033
MT-ND5,281,0.0033
ERG,281,0.0033
NCCRP1,281,0.0033
ACER2,281,0.0033
PGAP4,281,0.0033
TRMT61A,281,0.0033
OR8G1,281,0.0033
BHLHE22,281,0.0033
KLF5,281,0.0033
VASH2,281,0.0033
NDUFB10,281,0.0033
INPP5B,281,0.0033
IQCK,281,0.0033
OR14C36,281,0.0033
NUDT13,281,0.0033
GLUD2,281,0.0033
TOB2,281,0.0033
TCAP,281,0.0033
FPR2,281,0.0033
MAGEB6,281,0.0033
PPP1R3C,281,0.0033
QDPR,281,0.0033
TEX264,281,0.0033
LIPJ,281,0.0033
LPAR6,281,0.0033
ZNF391,281,0.0033
UTP14A,281,0.0033
PTGR2,281,0.0033
NFE2,281,0.0033
THPO,281,0.0033
ISX,281,0.0033
SNW1,281,0.0033
YIPF1,281,0.0033
KLHDC2,281,0.0033
CLEC1B,280,0.0033
FGF3,280,0.0033
ANGPT2,280,0.0033
EGFL6,280,0.0033
PRMT2,280,0.0033
FHL5,280,0.0033
ZNF691,280,0.0033
ADARB1,280,0.0033
ZNF713,280,0.0033
FLACC1,280,0.0033
TMX2,280,0.0033
EXOC7,280,0.0033
PIH1D1,280,0.0033
PRR23E,280,0.0033
NKX2-3,280,0.0033
IGHV1-46,280,0.0033
MBP,280,0.0033
P2RY13,280,0.0033
WASL,280,0.0033
OR6M1,280,0.0033
RCC1,280,0.0033
AQP5,280,0.0033
EIPR1,280,0.0033
OIP5,280,0.0033
ORM2,280,0.0033
IMPDH2,280,0.0033
OR6V1,280,0.0033
OSGEPL1,280,0.0033
STK25,279,0.0033
DDX19B,279,0.0033
NGF,279,0.0033
NME4,279,0.0033
ATRAID,279,0.0033
CPLANE2,279,0.0033
ARSD,279,0.0033
DRD2,279,0.0033
SLC16A2,279,0.0033
TRH,279,0.0033
ID1,279,0.0033
VN1R1,279,0.0033
CTRB1,279,0.0033
SIGLEC15,279,0.0033
LGALS8,279,0.0033
SAE1,279,0.0033
OR1G1,279,0.0033
BEST4,279,0.0033
RRP15,279,0.0033
ACER1,279,0.0033
HPF1,279,0.0033
OR7C2,279,0.0033
HOXD4,279,0.0033
STPG4,279,0.0033
SPOPL,279,0.0033
GIMAP1,279,0.0033
GLYATL2,279,0.0033
RNGTT,279,0.0033
SRPX,278,0.0033
EBI3,278,0.0033
LRRC39,278,0.0033
TIMMDC1,278,0.0033
EZH1,278,0.0033
CLEC17A,278,0.0033
SLC30A1,278,0.0033
IFNA10,278,0.0033
ALG9,278,0.0033
MTHFD2,278,0.0033
MSANTD2,278,0.0033
SH3YL1,278,0.0033
OR7E24,278,0.0033
INO80E,278,0.0033
LRRC25,278,0.0033
IMPACT,278,0.0033
HTATSF1,278,0.0033
DCAF8L2,278,0.0033
DIABLO,278,0.0033
TADA3,278,0.0033
ZYG11B,278,0.0033
SSX1,278,0.0033
SFTPA1,278,0.0033
ZNF684,278,0.0033
PHF19,278,0.0033
TSSK3,278,0.0033
RAD51B,278,0.0033
LRP2BP,278,0.0033
IL33,278,0.0033
PLRG1,278,0.0033
ZBTB2,278,0.0033
CDRT15L2,278,0.0033
SARS1,278,0.0033
CCNE1,277,0.0032
SNUPN,277,0.0032
WAS,277,0.0032
CEACAM7,277,0.0032
LIN9,277,0.0032
SLC49A3,277,0.0032
SULT1B1,277,0.0032
CD200R1,277,0.0032
CSH2,277,0.0032
HMX2,277,0.0032
EEF1AKMT4,277,0.0032
CD82,277,0.0032
OR7G2,277,0.0032
SLC38A1,277,0.0032
GOPC,277,0.0032
STX16,277,0.0032
CPSF3,277,0.0032
ANXA10,277,0.0032
SLC25A31,277,0.0032
TMEM74,277,0.0032
SPMIP6,277,0.0032
PNMA1,277,0.0032
HS3ST1,277,0.0032
BARHL1,277,0.0032
TMEM184B,277,0.0032
METTL3,277,0.0032
P2RY12,277,0.0032
KICS2,277,0.0032
OR6C75,277,0.0032
TP53I3,276,0.0032
GATD3,276,0.0032
PTPN2,276,0.0032
YDJC,276,0.0032
PRSS22,276,0.0032
OR6N2,276,0.0032
PPP2R2B,276,0.0032
METTL24,276,0.0032
SYCE1,276,0.0032
CHPT1,276,0.0032
LRRC61,276,0.0032
LSM14B,276,0.0032
SBSPON,276,0.0032
PSMD6,276,0.0032
TDG,276,0.0032
CNOT4,276,0.0032
ZBTB8A,276,0.0032
MMADHC,276,0.0032
TMEM156,276,0.0032
LYVE1,276,0.0032
BTN3A2,276,0.0032
CHL1,276,0.0032
EQTN,276,0.0032
PHYHD1,276,0.0032
DKKL1,276,0.0032
STEAP1,276,0.0032
HSD17B3,276,0.0032
ELF4,276,0.0032
CCN2,276,0.0032
MCRS1,276,0.0032
TMEM45B,276,0.0032
RPIA,276,0.0032
CLEC4G,276,0.0032
GSTA1,276,0.0032
SPO11,276,0.0032
TIA1,276,0.0032
CAMKMT,275,0.0032
MAP2K1,275,0.0032
MCUR1,275,0.0032
PLPP2,275,0.0032
MCHR2,275,0.0032
CCR9,275,0.0032
RSRP1,275,0.0032
COLEC11,275,0.0032
OR13G1,275,0.0032
ARMC10,275,0.0032
RBM46,275,0.0032
NIPAL2,275,0.0032
OR2G3,275,0.0032
SERPINI2,275,0.0032
RIMS3,275,0.0032
LRRC75B,275,0.0032
ZMYND12,275,0.0032
NAA80,275,0.0032
TMEM150B,275,0.0032
MRPL1,275,0.0032
FAHD2B,274,0.0032
HIBADH,274,0.0032
HUS1,274,0.0032
MID1,274,0.0032
RGS20,274,0.0032
SLC35F2,274,0.0032
HDAC11,274,0.0032
ST6GALNAC3,274,0.0032
AIM2,274,0.0032
NMRK2,274,0.0032
ST3GAL1,274,0.0032
DLX5,274,0.0032
CBR1,274,0.0032
FADS3,274,0.0032
UBE2Q2,274,0.0032
CFAP36,274,0.0032
BTK,274,0.0032
GDF1,274,0.0032
HSD17B7,274,0.0032
TPK1,274,0.0032
PSMG2,274,0.0032
MSX2,273,0.0032
TFPT,273,0.0032
USP14,273,0.0032
TAS2R3,273,0.0032
FBXO3,273,0.0032
CCDC54,273,0.0032
VPS72,273,0.0032
OR8D2,273,0.0032
DACH2,273,0.0032
WDR53,273,0.0032
ECHDC3,273,0.0032
UNC119,273,0.0032
TDRD10,273,0.0032
REM2,273,0.0032
HAND1,273,0.0032
BNIPL,273,0.0032
PSRC1,273,0.0032
TTC8,273,0.0032
LPAR2,273,0.0032
TBC1D22B,273,0.0032
CHP2,273,0.0032
CIMAP1A,273,0.0032
EIF3H,273,0.0032
CABP2,273,0.0032
GMNC,273,0.0032
SCYL3,273,0.0032
MYOZ1,273,0.0032
ICAM2,273,0.0032
CADM3,273,0.0032
PLAG1,273,0.0032
THG1L,273,0.0032
WDR31,273,0.0032
NMT1,273,0.0032
PLSCR5,273,0.0032
NUDC,272,0.0032
SNTB2,272,0.0032
PIGL,272,0.0032
FAXDC2,272,0.0032
BNIP2,272,0.0032
MYF5,272,0.0032
KLK10,272,0.0032
OR2B6,272,0.0032
ISOC1,272,0.0032
RCE1,272,0.0032
SGK3,272,0.0032
SLITRK4,272,0.0032
TXNDC11,272,0.0032
LDHC,272,0.0032
INSYN1,272,0.0032
KLK5,272,0.0032
CCR4,272,0.0032
SLC35E3,272,0.0032
CFDP1,272,0.0032
MATN4,272,0.0032
CTSO,272,0.0032
GALNT1,272,0.0032
TMEM268,272,0.0032
DRAXIN,272,0.0032
WBP2NL,272,0.0032
CD38,272,0.0032
PRTN3,272,0.0032
C22orf31,272,0.0032
LDHAL6A,272,0.0032
IFNA21,272,0.0032
DNAAF10,272,0.0032
AKAP7,272,0.0032
OR13C8,272,0.0032
FIP1L1,272,0.0032
HEY1,272,0.0032
CCR2,272,0.0032
VCX3B,272,0.0032
IFT43,272,0.0032
RCC1L,271,0.0032
VSTM2B,271,0.0032
OR12D2,271,0.0032
OLAH,271,0.0032
NFIA,271,0.0032
TRUB1,271,0.0032
CGRRF1,271,0.0032
HDHD3,271,0.0032
GPR139,271,0.0032
INHBC,271,0.0032
OR6B1,271,0.0032
OR8B4,271,0.0032
OR5B21,271,0.0032
NIPAL1,271,0.0032
ELOVL4,271,0.0032
MRPS7,271,0.0032
ASB1,271,0.0032
CCDC159,271,0.0032
LRCH2,271,0.0032
CORO1C,271,0.0032
MARCKS,271,0.0032
SMAP2,271,0.0032
PRR11,271,0.0032
DRD1,271,0.0032
TMED6,271,0.0032
FEZF2,271,0.0032
ERCC1,271,0.0032
KCNF1,271,0.0032
FAM221A,271,0.0032
GOT1,271,0.0032
PNMT,271,0.0032
GMPR2,271,0.0032
VEGFB,271,0.0032
STRBP,271,0.0032
LHX1,271,0.0032
RXRA,271,0.0032
NTMT2,270,0.0032
TAS2R39,270,0.0032
ST13,270,0.0032
OR1L8,270,0.0032
METTL18,270,0.0032
CAPZA3,270,0.0032
ADH6,270,0.0032
DLK2,270,0.0032
RAD23A,270,0.0032
CRYZ,270,0.0032
ZC3H10,270,0.0032
AK2,270,0.0032
GFRA3,270,0.0032
EIF2B2,270,0.0032
SLC25A52,270,0.0032
RNF14,270,0.0032
FBXO17,270,0.0032
DNASE2B,270,0.0032
INHBB,270,0.0032
PPHLN1,270,0.0032
PEBP4,270,0.0032
GPR52,270,0.0032
HOXA7,270,0.0032
MACROD1,270,0.0032
NCEH1,270,0.0032
PRR23C,270,0.0032
RALGPS1,270,0.0032
CCDC70,269,0.0032
RCN1,269,0.0032
ASPHD2,269,0.0032
NR0B2,269,0.0032
LTB4R,269,0.0032
TSPAN12,269,0.0032
SPP2,269,0.0032
METAP1D,269,0.0032
ZNF80,269,0.0032
CENPO,269,0.0032
CCDC68,269,0.0032
SLC6A14,269,0.0032
CAPN6,269,0.0032
ALKBH3,269,0.0032
GPR19,269,0.0032
OR1J4,269,0.0032
NKX2-2,269,0.0032
CHST1,269,0.0032
OR6C76,269,0.0032
RGS7,269,0.0032
OR7D2,269,0.0032
HYLS1,269,0.0032
NFIL3,269,0.0032
PHAF1,269,0.0032
CDKL1,269,0.0032
F9,269,0.0032
RNASET2,269,0.0032
TRAF6,269,0.0032
CHRFAM7A,269,0.0032
NR2C2,269,0.0032
ATF7,269,0.0032
NPRL2,269,0.0032
ZNF525,269,0.0032
TUBG2,269,0.0032
ABHD6,269,0.0032
ZNF704,269,0.0032
XPA,268,0.0031
PAQR8,268,0.0031
PLEKHB1,268,0.0031
TMEM30A,268,0.0031
XCR1,268,0.0031
HAPLN2,268,0.0031
ASPN,268,0.0031
CA14,268,0.0031
IL20RB,268,0.0031
C21orf58,268,0.0031
OR2V1,268,0.0031
SPRYD3,268,0.0031
REPS2,268,0.0031
METTL1,268,0.0031
C2orf69,268,0.0031
IZUMO1,268,0.0031
PRSS33,268,0.0031
CX3CR1,268,0.0031
ATPAF2,268,0.0031
KCNJ13,268,0.0031
DNAJC4,268,0.0031
CFHR2,268,0.0031
CBR3,268,0.0031
C3orf38,268,0.0031
ENC1,268,0.0031
CYFIP2,268,0.0031
PDF,268,0.0031
SRSF8,268,0.0031
DCAKD,268,0.0031
RASGEF1A,268,0.0031
TMEM270,267,0.0031
PRSS27,267,0.0031
TNIP3,267,0.0031
OSM,267,0.0031
STX2,267,0.0031
DPPA2,267,0.0031
E2F1,267,0.0031
HERC4,267,0.0031
OR8B12,267,0.0031
ADORA3,267,0.0031
DHRSX,267,0.0031
SYCE1L,267,0.0031
TRPC5,267,0.0031
NODAL,267,0.0031
GIPC2,267,0.0031
A1CF,267,0.0031
CLEC1A,267,0.0031
MTX3,267,0.0031
KCTD12,267,0.0031
OR2T10,267,0.0031
THRB,267,0.0031
OR2M4,267,0.0031
BEND5,267,0.0031
CNR1,267,0.0031
KLHL20,267,0.0031
SLC25A21,267,0.0031
APOF,267,0.0031
CTPS1,267,0.0031
TMEM183A,267,0.0031
LY6G6F,267,0.0031
SLC35E1,267,0.0031
TBL1XR1,267,0.0031
IGKV1-12,267,0.0031
TSGA13,267,0.0031
CDC40,267,0.0031
SPACA1,267,0.0031
BECN1,267,0.0031
NUCB2,267,0.0031
CD300A,267,0.0031
STYXL1,267,0.0031
IL1RAPL1,267,0.0031
CIMIP2B,266,0.0031
NADK2,266,0.0031
PDLIM1,266,0.0031
TMX1,266,0.0031
NDUFS3,266,0.0031
C6orf58,266,0.0031
FOLR1,266,0.0031
DCAF10,266,0.0031
ALAD,266,0.0031
TMEM86B,266,0.0031
KLK13,266,0.0031
OR10J5,266,0.0031
NUDT22,266,0.0031
OXSR1,266,0.0031
CRYBB3,266,0.0031
SH3GL2,266,0.0031
R3HDML,266,0.0031
TMEM44,266,0.0031
TMIGD1,266,0.0031
MRPL16,266,0.0031
BUD23,266,0.0031
TLNRD1,266,0.0031
METTL21C,266,0.0031
CD300LF,266,0.0031
SLAMF1,266,0.0031
CASP14,266,0.0031
TAS2R5,266,0.0031
CCR8,266,0.0031
DBN1,266,0.0031
SCAI,266,0.0031
BABAM1,266,0.0031
KRTAP4-7,266,0.0031
RRM2B,265,0.0031
CERS2,265,0.0031
AZI2,265,0.0031
FBL,265,0.0031
LPCAT3,265,0.0031
TAB3,265,0.0031
TCF19,265,0.0031
AQP1,265,0.0031
PAF1,265,0.0031
CST4,265,0.0031
GPR3,265,0.0031
GSTA5,265,0.0031
RILPL1,265,0.0031
EBNA1BP2,265,0.0031
GNB4,265,0.0031
SPATA46,265,0.0031
ABHD14A,265,0.0031
MRPL9,265,0.0031
ARL6IP4,265,0.0031
SIRT4,265,0.0031
CLP1,265,0.0031
RNPS1,265,0.0031
NUDT18,265,0.0031
TAL1,265,0.0031
UQCC1,265,0.0031
C2orf73,265,0.0031
GINS2,265,0.0031
RFC2,264,0.0031
GRAP2,264,0.0031
SYNCRIP,264,0.0031
ANKRD34A,264,0.0031
OR56A3,264,0.0031
DPF3,264,0.0031
FGF22,264,0.0031
RCC2,264,0.0031
CST2,264,0.0031
ESRP2,264,0.0031
RRAD,264,0.0031
MRGPRG,264,0.0031
KLF12,264,0.0031
MRPL19,264,0.0031
NCR3LG1,264,0.0031
CMSS1,264,0.0031
BTBD3,264,0.0031
TAS2R4,264,0.0031
RTBDN,264,0.0031
SUPT3H,264,0.0031
MYCL,264,0.0031
OR14A16,264,0.0031
ATF2,264,0.0031
IYD,264,0.0031
GK5,264,0.0031
SPATA31D4,264,0.0031
C8orf33,264,0.0031
ZDHHC12,264,0.0031
SKAP1,264,0.0031
ABHD10,264,0.0031
MAGED1,264,0.0031
ELAVL2,264,0.0031
PARVA,264,0.0031
GPR55,264,0.0031
SLC25A2,263,0.0031
COLEC10,263,0.0031
RGS9BP,263,0.0031
SPSB4,263,0.0031
TMEM40,263,0.0031
GSX2,263,0.0031
ALKBH7,263,0.0031
CALHM6,263,0.0031
FEM1B,263,0.0031
SLC66A1,263,0.0031
LRRC55,263,0.0031
HLA-F,263,0.0031
TMOD2,263,0.0031
SLC35D2,263,0.0031
TADA1,263,0.0031
ODAM,263,0.0031
FAXC,263,0.0031
BPIFA3,263,0.0031
PAK2,263,0.0031
AGO3,263,0.0031
RASD1,263,0.0031
OR2B3,263,0.0031
WDR89,263,0.0031
FEZ1,263,0.0031
CXXC5,263,0.0031
TEX52,263,0.0031
XKR3,263,0.0031
RBKS,263,0.0031
BPHL,263,0.0031
TMEM223,263,0.0031
PABPC4L,262,0.0031
OTULINL,262,0.0031
DCAF12L2,262,0.0031
TRHR,262,0.0031
CCNH,262,0.0031
HELT,262,0.0031
PLCXD3,262,0.0031
CLDN6,262,0.0031
MAP2K3,262,0.0031
OMG,262,0.0031
RAB27A,262,0.0031
CHEK1,262,0.0031
TMEM53,262,0.0031
CYB5R1,262,0.0031
OR1E1,262,0.0031
UBC,262,0.0031
IBSP,262,0.0031
OR14J1,262,0.0031
KLC1,262,0.0031
FNTA,262,0.0031
HAVCR2,262,0.0031
TAMALIN,262,0.0031
GRAMD2A,262,0.0031
ANXA5,262,0.0031
CPM,262,0.0031
DRAM2,262,0.0031
DOK4,262,0.0031
PRR23A,262,0.0031
CCDC103,262,0.0031
CTRB2,262,0.0031
IGKV1D-8,262,0.0031
C4orf17,262,0.0031
SLC25A26,262,0.0031
RNF8,262,0.0031
ANKRD29,262,0.0031
GGH,262,0.0031
KCNK16,262,0.0031
RNF186,262,0.0031
CSN2,262,0.0031
KLK7,262,0.0031
MAPKAP1,261,0.0031
CHRM1,261,0.0031
LDAH,261,0.0031
GSTM5,261,0.0031
FOLR3,261,0.0031
NEUROG2,261,0.0031
LRRC75A,261,0.0031
TMEM169,261,0.0031
TRMT10B,261,0.0031
SCN2B,261,0.0031
CTSL,261,0.0031
CACNG1,261,0.0031
H2AC7,261,0.0031
CCN5,261,0.0031
OR6C74,261,0.0031
GDE1,261,0.0031
C17orf75,261,0.0031
C1orf174,261,0.0031
FBXO21,261,0.0031
OPA3,261,0.0031
LAS1L,261,0.0031
ATP1B2,261,0.0031
FMR1,261,0.0031
C11orf54,261,0.0031
CXADR,261,0.0031
FGFBP3,261,0.0031
MSANTD4,261,0.0031
VPS4A,261,0.0031
DEK,261,0.0031
CELF4,261,0.0031
NKX3-1,261,0.0031
NRL,261,0.0031
TARBP2,261,0.0031
TAS2R38,261,0.0031
RAB37,261,0.0031
HOXA11,260,0.003
TOR1B,260,0.003
CA1,260,0.003
TM6SF1,260,0.003
DRGX,260,0.003
KCTD15,260,0.003
TMEM179B,260,0.003
PGLS,260,0.003
EFNB3,260,0.003
AMIGO1,260,0.003
EDA,260,0.003
PEF1,260,0.003
ELP5,260,0.003
XKR8,260,0.003
PNRC1,260,0.003
IDI2,260,0.003
TMEM247,260,0.003
ZNF821,260,0.003
PON2,260,0.003
FIZ1,260,0.003
MGMT,260,0.003
P2RY8,260,0.003
OR6C65,260,0.003
CXCR5,260,0.003
LEF1,260,0.003
PAPSS2,260,0.003
ACKR4,260,0.003
TNFRSF14,260,0.003
PHETA1,260,0.003
CNTFR,260,0.003
NTAN1,260,0.003
MMP16,260,0.003
GZMH,260,0.003
CTSZ,260,0.003
MESD,260,0.003
TMEM19,260,0.003
FCGR1A,260,0.003
CFAP298,260,0.003
MOB3C,260,0.003
GJC3,260,0.003
RUNX3,259,0.003
OLIG3,259,0.003
ADH5,259,0.003
PCID2,259,0.003
GJB6,259,0.003
MT-ATP6,259,0.003
GNAT3,259,0.003
NKX2-4,259,0.003
NSFL1C,259,0.003
SHOX,259,0.003
IGHV3-49,259,0.003
PHF7,259,0.003
DIMT1,259,0.003
ERP27,259,0.003
DSN1,259,0.003
REC114,259,0.003
TRIM44,259,0.003
PGGT1B,259,0.003
NUP54,259,0.003
MCIDAS,259,0.003
GARIN6,259,0.003
PARM1,259,0.003
PRKCB,259,0.003
GDAP1L1,259,0.003
PNO1,259,0.003
BGN,259,0.003
TCEA3,258,0.003
ZSCAN16,258,0.003
RNF115,258,0.003
ERGIC2,258,0.003
OR11A1,258,0.003
CENPL,258,0.003
TMEM59L,258,0.003
RNF145,258,0.003
ZNF396,258,0.003
PTGR1,258,0.003
STARD10,258,0.003
TAS2R41,258,0.003
IGHV3-74,258,0.003
SYNGR4,258,0.003
RWDD2B,258,0.003
TMOD1,258,0.003
CTDSPL2,258,0.003
PROP1,258,0.003
TNPO2,258,0.003
BLMH,258,0.003
VSIR,258,0.003
ESRRG,258,0.003
YIF1B,258,0.003
FBXO4,258,0.003
EXO5,258,0.003
NKX1-2,258,0.003
EMD,258,0.003
CHST11,258,0.003
SRPRB,258,0.003
RLN1,257,0.003
MPZL2,257,0.003
HOXA6,257,0.003
MEF2C,257,0.003
CMTM5,257,0.003
WBP2,257,0.003
MTARC2,257,0.003
POF1B,257,0.003
PTAFR,257,0.003
YBX2,257,0.003
SLC25A1,257,0.003
LACC1,257,0.003
BEAN1,257,0.003
MRPL15,257,0.003
DOK5,257,0.003
C22orf42,257,0.003
MESP1,257,0.003
NEURL2,257,0.003
RPL10L,257,0.003
KRTAP4-8,257,0.003
UROS,257,0.003
HSPB8,257,0.003
KRTAP5-10,257,0.003
SCAMP4,257,0.003
YTHDF3,257,0.003
SMARCD3,257,0.003
PCGF6,256,0.003
KCNG1,256,0.003
NOXRED1,256,0.003
INPP1,256,0.003
B3GALT2,256,0.003
STX19,256,0.003
HOXC5,256,0.003
CNPY4,256,0.003
FAM47E,256,0.003
TREM2,256,0.003
SLAMF9,256,0.003
FOS,256,0.003
ARSL,256,0.003
SH3GL3,256,0.003
STX10,256,0.003
PPARD,256,0.003
IFNA4,256,0.003
LRAT,256,0.003
ARHGAP11B,256,0.003
OPA1,256,0.003
TMBIM1,256,0.003
DLX2,256,0.003
TXLNG,256,0.003
C16orf86,256,0.003
HAUS4,256,0.003
GPR160,256,0.003
B3GAT1,256,0.003
CIAO1,256,0.003
VEZF1,256,0.003
TENT5C,256,0.003
FGF20,256,0.003
RHBDL2,255,0.003
AANAT,255,0.003
PLPBP,255,0.003
ISL2,255,0.003
HOXB5,255,0.003
BCDIN3D,255,0.003
FEN1,255,0.003
FGFBP2,255,0.003
B3GNT5,255,0.003
IGKV1-6,255,0.003
SPARC,255,0.003
IL15RA,255,0.003
GLIPR1,255,0.003
CD226,255,0.003
ZNF660,255,0.003
PAX5,255,0.003
TMOD3,255,0.003
NUDT9,255,0.003
MAB21L1,255,0.003
ANKRD40,255,0.003
TIMP4,255,0.003
WNT6,255,0.003
CFAP418,255,0.003
MAFA,255,0.003
SERPINE2,255,0.003
ZDHHC24,255,0.003
POLR3F,255,0.003
CSH1,254,0.003
LRRC3C,254,0.003
LHX2,254,0.003
NSMCE4A,254,0.003
CCDC85C,254,0.003
FOXD1,254,0.003
MTFR1,254,0.003
FASLG,254,0.003
HACD3,254,0.003
PITX1,254,0.003
KLK9,254,0.003
CCR1,254,0.003
IZUMO1R,254,0.003
ST8SIA1,254,0.003
TAS2R1,254,0.003
NMNAT3,254,0.003
FYTTD1,254,0.003
TFDP1,254,0.003
ERVMER34-1,254,0.003
AKR1B1,254,0.003
CALHM5,254,0.003
LCMT1,254,0.003
SYPL2,254,0.003
AUNIP,254,0.003
MRPL10,254,0.003
DSCC1,254,0.003
HTR1E,254,0.003
HSPA1A,254,0.003
APH1B,253,0.003
SLX9,253,0.003
NFKBIL1,253,0.003
OR7G3,253,0.003
CLRN3,253,0.003
IMPA2,253,0.003
QPRT,253,0.003
CBY3,253,0.003
PAQR5,253,0.003
ADIPOQ,253,0.003
ZDHHC19,253,0.003
RSPO1,253,0.003
B3GALT4,253,0.003
RSPRY1,253,0.003
BOK,253,0.003
SIX3,253,0.003
TSPAN11,253,0.003
C7orf57,253,0.003
ZC2HC1A,253,0.003
CTAGE15,253,0.003
C1QC,252,0.003
RALY,252,0.003
ACTRT1,252,0.003
PDK2,252,0.003
BABAM2,252,0.003
SPACA3,252,0.003
MDFIC,252,0.003
RARA,252,0.003
CAB39L,252,0.003
PCMTD2,252,0.003
WBP4,252,0.003
OR7C1,252,0.003
GPR183,252,0.003
DNALI1,252,0.003
DKK1,252,0.003
OR1D2,252,0.003
CD7,252,0.003
DLX3,252,0.003
GPX1,252,0.003
OR6X1,252,0.003
OR6F1,252,0.003
ZFP36,252,0.003
NTF4,252,0.003
KRTAP24-1,252,0.003
CRYGA,252,0.003
TMEM126A,252,0.003
KRTAP4-16,252,0.003
AKT1S1,252,0.003
GPR65,252,0.003
PDHB,252,0.003
GLUL,252,0.003
NLGN3,252,0.003
CCDC188,252,0.003
SFXN4,252,0.003
ZNF410,252,0.003
HOXC13,252,0.003
CYP46A1,252,0.003
SNRNP70,252,0.003
MMP26,252,0.003
CXCR4,251,0.0029
ARGFX,251,0.0029
GATD1,251,0.0029
TSPAN16,251,0.0029
FGF21,251,0.0029
BASP1,251,0.0029
GATA1,251,0.0029
BPIFA1,251,0.0029
ELF3,251,0.0029
HS3ST5,251,0.0029
MT-CYB,251,0.0029
GABRG3,251,0.0029
C8G,251,0.0029
TNFSF10,251,0.0029
IL11,251,0.0029
NCK2,251,0.0029
NPL,251,0.0029
ITPA,251,0.0029
EAPP,251,0.0029
PAICS,251,0.0029
WDR44,251,0.0029
ELP6,251,0.0029
TATDN1,251,0.0029
IL22RA2,251,0.0029
ARC,250,0.0029
HPGD,250,0.0029
BTBD10,250,0.0029
SEC22A,250,0.0029
TBL1Y,250,0.0029
TMEM199,250,0.0029
FAM216A,250,0.0029
PIM3,250,0.0029
UPK1B,250,0.0029
USP18,250,0.0029
NDRG3,250,0.0029
MS4A10,250,0.0029
RBMS1,250,0.0029
TAS2R42,250,0.0029
MBTD1,250,0.0029
FPR3,250,0.0029
DDX19A,250,0.0029
PIGA,250,0.0029
UBXN2B,250,0.0029
TRABD2B,250,0.0029
KCNK3,250,0.0029
DTWD1,250,0.0029
FGFBP1,250,0.0029
PON1,250,0.0029
ZBED2,249,0.0029
GUCA1A,249,0.0029
ZNF688,249,0.0029
IDH3A,249,0.0029
CCDC107,249,0.0029
KHDRBS1,249,0.0029
ZNF362,249,0.0029
BLVRA,249,0.0029
TMEM276,249,0.0029
RFPL4AL1,249,0.0029
LDLRAD4,249,0.0029
SLC25A16,249,0.0029
TAS2R40,249,0.0029
BAMBI,249,0.0029
B3GALT5,249,0.0029
STK38,249,0.0029
TFDP2,249,0.0029
PDCD1,249,0.0029
MYF6,249,0.0029
OR2B2,249,0.0029
HSD17B12,249,0.0029
CGB7,249,0.0029
SVOP,249,0.0029
PIR,249,0.0029
VGLL2,249,0.0029
TNFSF12,249,0.0029
ST8SIA2,249,0.0029
SBK1,249,0.0029
NXNL1,249,0.0029
TLCD1,249,0.0029
TPST1,248,0.0029
OR2W1,248,0.0029
COMT,248,0.0029
FOSL1,248,0.0029
GFER,248,0.0029
ZSCAN23,248,0.0029
REEP6,248,0.0029
MRO,248,0.0029
RBM4,248,0.0029
CCS,248,0.0029
PARD6B,248,0.0029
CNTF,248,0.0029
GKAP1,248,0.0029
GPKOW,248,0.0029
TLCD3A,248,0.0029
TDRP,248,0.0029
ERP29,248,0.0029
ATP5PB,248,0.0029
SIX2,248,0.0029
VPS26C,248,0.0029
TNFRSF17,248,0.0029
CENPP,248,0.0029
METRN,247,0.0029
LRRC59,247,0.0029
CSNK1D,247,0.0029
NECAP1,247,0.0029
MYOZ3,247,0.0029
GNA12,247,0.0029
CNN1,247,0.0029
GIMAP7,247,0.0029
CSNK1G1,247,0.0029
TBC1D13,247,0.0029
GPR137,247,0.0029
TUSC1,247,0.0029
HSPA5,247,0.0029
PRSS58,247,0.0029
DRG2,247,0.0029
SULT1E1,247,0.0029
IER2,247,0.0029
FRG2B,247,0.0029
RNF34,247,0.0029
CDK5RAP1,247,0.0029
TRADD,247,0.0029
SMCO2,247,0.0029
RPL13,247,0.0029
SLC39A1,247,0.0029
TMED8,247,0.0029
LRRN4CL,247,0.0029
PMM1,247,0.0029
RFC5,247,0.0029
GPN3,246,0.0029
OR5V1,246,0.0029
UBP1,246,0.0029
CALB2,246,0.0029
CD151,246,0.0029
ABHD2,246,0.0029
ZDHHC18,246,0.0029
CEACAM3,246,0.0029
ARHGAP8,246,0.0029
SRD5A3,246,0.0029
TYW5,246,0.0029
GINS1,246,0.0029
SRSF11,246,0.0029
DND1,246,0.0029
TACO1,246,0.0029
ARHGDIG,246,0.0029
CNKSR1,246,0.0029
SIX1,246,0.0029
PBX3,246,0.0029
TPGS2,246,0.0029
PDCL3,246,0.0029
SCGN,246,0.0029
PILRA,246,0.0029
BPIFA2,246,0.0029
ASB17,246,0.0029
CCNI,246,0.0029
SYNGR1,246,0.0029
UBXN1,246,0.0029
TMEFF1,246,0.0029
PABPC4,246,0.0029
POU2AF2,246,0.0029
CLDN25,246,0.0029
GAS1,246,0.0029
ZNF787,246,0.0029
TNFRSF9,246,0.0029
KRTAP9-1,246,0.0029
POTED,245,0.0029
CDC42EP3,245,0.0029
CD37,245,0.0029
GTF2E2,245,0.0029
OR2A7,245,0.0029
IGLV3-9,245,0.0029
LYSMD3,245,0.0029
CDK3,245,0.0029
NT5C3B,245,0.0029
ERMN,245,0.0029
LRATD1,245,0.0029
MEIOSIN,245,0.0029
CCDC6,245,0.0029
THTPA,245,0.0029
MS4A12,245,0.0029
TMCO5A,245,0.0029
HLA-DQA2,245,0.0029
CA10,245,0.0029
ELOVL2,245,0.0029
MBLAC2,245,0.0029
GPR33,245,0.0029
P2RY4,245,0.0029
SPDYC,245,0.0029
ULBP3,244,0.0029
GPR101,244,0.0029
IGHV3-53,244,0.0029
MRTO4,244,0.0029
FSTL1,244,0.0029
PBLD,244,0.0029
PAQR3,244,0.0029
SLC25A17,244,0.0029
C12orf57,244,0.0029
CTSK,244,0.0029
C14orf28,244,0.0029
FZR1,244,0.0029
C3orf70,244,0.0029
SLC25A33,244,0.0029
CLEC4D,244,0.0029
HSD17B6,244,0.0029
DENND10,244,0.0029
PPIAL4G,244,0.0029
PPFIBP1,244,0.0029
RENBP,244,0.0029
CASTOR1,244,0.0029
ZBTB43,244,0.0029
OAF,244,0.0029
TMEM59,244,0.0029
N6AMT1,244,0.0029
OR4D1,244,0.0029
B4GALT4,244,0.0029
MYD88,244,0.0029
RBM43,244,0.0029
SETD7,244,0.0029
KHDC3L,243,0.0028
GLYATL3,243,0.0028
MYL4,243,0.0028
UBXN10,243,0.0028
ZNF444,243,0.0028
SLC25A42,243,0.0028
KLK2,243,0.0028
TRIM43,243,0.0028
KIF2A,243,0.0028
RLN2,243,0.0028
INHBA,243,0.0028
ACTL6B,243,0.0028
ASCL4,243,0.0028
RPF2,243,0.0028
ARMCX2,243,0.0028
STX8,243,0.0028
LHX5,243,0.0028
RSU1,243,0.0028
SPACA9,243,0.0028
CISH,243,0.0028
B9D1,243,0.0028
FOSL2,243,0.0028
ARHGAP36,243,0.0028
IGKV2-30,243,0.0028
NMNAT1,243,0.0028
ROPN1B,243,0.0028
FAM210A,243,0.0028
PIMREG,243,0.0028
MBD3,243,0.0028
TLE3,243,0.0028
FAM118B,243,0.0028
VAPB,243,0.0028
LAT2,243,0.0028
KLK1,242,0.0028
DTX3,242,0.0028
SLC35F1,242,0.0028
C4orf19,242,0.0028
HAUS1,242,0.0028
SMAD1,242,0.0028
IL1RAPL2,242,0.0028
MAEA,242,0.0028
CYP4B1,242,0.0028
HACD1,242,0.0028
SHOX2,242,0.0028
PCBP3,242,0.0028
TRARG1,242,0.0028
TMEM72,242,0.0028
MAX,242,0.0028
RXRB,242,0.0028
AS3MT,242,0.0028
DNAJC7,242,0.0028
IK,242,0.0028
EEIG2,242,0.0028
TWF1,242,0.0028
PTGFR,242,0.0028
HAUS7,242,0.0028
PRAMEF20,242,0.0028
NECAP2,242,0.0028
KIAA1191,242,0.0028
CHODL,242,0.0028
DNAJC27,242,0.0028
NXPH3,242,0.0028
KCNE1,242,0.0028
OR1A2,241,0.0028
TLX2,241,0.0028
TNFAIP1,241,0.0028
TIGIT,241,0.0028
OR9A2,241,0.0028
LRRC74B,241,0.0028
TFPI2,241,0.0028
AQP2,241,0.0028
C2orf49,241,0.0028
ENKUR,241,0.0028
XRCC4,241,0.0028
DIPK2B,241,0.0028
RAB36,241,0.0028
SESN3,241,0.0028
KLLN,241,0.0028
NACC2,241,0.0028
FOLR2,241,0.0028
SNRNP40,241,0.0028
STK16,241,0.0028
GSTA3,241,0.0028
TSPAN15,241,0.0028
PTRH1,241,0.0028
RNF146,241,0.0028
PRSS8,241,0.0028
C6orf141,241,0.0028
OTP,241,0.0028
FOSB,241,0.0028
PPP1R35,241,0.0028
SLAMF7,241,0.0028
CLDN17,241,0.0028
DNAJC18,241,0.0028
FCER1A,240,0.0028
ATP5F1B,240,0.0028
TAS2R60,240,0.0028
EMCN,240,0.0028
GAS2,240,0.0028
ARRDC3,240,0.0028
EEF1A2,240,0.0028
OR2A4,240,0.0028
TAS2R50,240,0.0028
RD3,240,0.0028
FLOT1,240,0.0028
TMT1B,240,0.0028
ROPN1L,240,0.0028
DHRS3,240,0.0028
CAPSL,240,0.0028
ONECUT3,240,0.0028
MRM2,240,0.0028
TFDP3,240,0.0028
CMBL,240,0.0028
TMEM202,240,0.0028
TEAD3,240,0.0028
GMDS,240,0.0028
CLRN2,240,0.0028
PAFAH1B1,240,0.0028
ELMOD1,240,0.0028
CRHBP,240,0.0028
CTU1,239,0.0028
NFAM1,239,0.0028
ABCB7,239,0.0028
DPPA4,239,0.0028
RSRC2,239,0.0028
CBLL2,239,0.0028
CDK9,239,0.0028
KLF3,239,0.0028
SC5D,239,0.0028
NRN1L,239,0.0028
CCNA2,239,0.0028
TOLLIP,239,0.0028
MAGEB2,239,0.0028
NR0B1,239,0.0028
ARFIP1,239,0.0028
BATF2,239,0.0028
USE1,239,0.0028
MOSPD2,239,0.0028
C1orf131,239,0.0028
C9orf152,239,0.0028
IFNL2,239,0.0028
SRA1,239,0.0028
AEBP2,239,0.0028
CD8A,239,0.0028
TASP1,239,0.0028
STOML2,239,0.0028
CRYM,239,0.0028
ESX1,239,0.0028
YJU2,239,0.0028
GFOD1,239,0.0028
CRISP2,239,0.0028
PTF1A,239,0.0028
KCNG3,239,0.0028
TMEM185B,239,0.0028
CHORDC1,239,0.0028
CSNK1G2,239,0.0028
KRTCAP3,239,0.0028
EXTL2,239,0.0028
NIPA1,239,0.0028
GM2A,239,0.0028
ERGIC3,239,0.0028
RFFL,239,0.0028
CASP7,238,0.0028
EBLN1,238,0.0028
PRDX3,238,0.0028
ICAM4,238,0.0028
RP2,238,0.0028
ARPIN,238,0.0028
PACSIN1,238,0.0028
TMEM38A,238,0.0028
VCX3A,238,0.0028
PILRB,238,0.0028
PBK,238,0.0028
C6orf120,238,0.0028
DUS4L,238,0.0028
PI4K2A,238,0.0028
C11orf65,238,0.0028
AQP8,238,0.0028
WDR45B,238,0.0028
C7orf25,238,0.0028
RLIM,238,0.0028
TMEM51,238,0.0028
SP9,238,0.0028
RRP36,238,0.0028
APEX2,238,0.0028
GULP1,238,0.0028
CCNI2,238,0.0028
MAGEA4,238,0.0028
MAK16,238,0.0028
OTX1,237,0.0028
HOXB9,237,0.0028
STK19,237,0.0028
IGFBP7,237,0.0028
ANTKMT,237,0.0028
SEPTIN11,237,0.0028
EXOSC6,237,0.0028
CD86,237,0.0028
TYW3,237,0.0028
ZNF121,237,0.0028
TTC33,237,0.0028
DNMT1,237,0.0028
SULT1C4,237,0.0028
SLC25A40,237,0.0028
MAU2,237,0.0028
KDSR,237,0.0028
CCNG2,237,0.0028
PIGC,237,0.0028
CARM1,237,0.0028
DEGS1,237,0.0028
PELI1,237,0.0028
ST3GAL4,237,0.0028
RFPL4A,237,0.0028
VMO1,237,0.0028
ATP6V1E2,237,0.0028
NAPA,237,0.0028
C6orf47,237,0.0028
TUBB3,237,0.0028
PMEPA1,237,0.0028
CALCRL,237,0.0028
FAM50B,237,0.0028
CNTD1,237,0.0028
KRTAP5-5,237,0.0028
TIPIN,236,0.0028
GPIHBP1,236,0.0028
NIT2,236,0.0028
TMEM192,236,0.0028
THAP3,236,0.0028
RAB6C,236,0.0028
NSMCE1,236,0.0028
SHISA5,236,0.0028
NKX2-8,236,0.0028
FAM3D,236,0.0028
VSTM1,236,0.0028
TP53RK,236,0.0028
TBC1D28,236,0.0028
NUP37,236,0.0028
TCEA2,236,0.0028
CRYZL1,236,0.0028
DUSP29,236,0.0028
GLRA2,236,0.0028
CGREF1,236,0.0028
GBX2,236,0.0028
NFIB,236,0.0028
ALG14,236,0.0028
PAWR,236,0.0028
NOL12,236,0.0028
TTPAL,236,0.0028
OR52N2,236,0.0028
LYN,236,0.0028
ARRB2,236,0.0028
TRIB1,236,0.0028
TRIM40,236,0.0028
OR12D3,236,0.0028
NXF3,236,0.0028
CDCA4,236,0.0028
SPDYE4,236,0.0028
GINM1,236,0.0028
MORN3,235,0.0028
B4GALT6,235,0.0028
KRTAP5-3,235,0.0028
PARP11,235,0.0028
CAMLG,235,0.0028
PDGFB,235,0.0028
IGLV8-61,235,0.0028
SPG21,235,0.0028
ZNG1B,235,0.0028
TFE3,235,0.0028
PSTPIP2,235,0.0028
ZNF330,235,0.0028
PGAM5,235,0.0028
HMG20A,235,0.0028
LITAF,235,0.0028
SLA2,235,0.0028
DCUN1D2,235,0.0028
ITGA6,235,0.0028
DCXR,235,0.0028
MARCHF9,235,0.0028
CFAP299,235,0.0028
PTAR1,235,0.0028
TFAP2C,235,0.0028
MAP2K7,234,0.0027
AURKC,234,0.0027
MRPS18A,234,0.0027
HOXC4,234,0.0027
MRPL47,234,0.0027
ALG5,234,0.0027
KCTD21,234,0.0027
PEX11A,234,0.0027
FOXP3,234,0.0027
C7orf50,234,0.0027
H2AC4,234,0.0027
AASDHPPT,234,0.0027
MS4A15,234,0.0027
MXD3,234,0.0027
MPZL3,234,0.0027
SECTM1,234,0.0027
CLDN16,234,0.0027
COPG2,234,0.0027
PDHA1,234,0.0027
EXOSC5,234,0.0027
NAA30,234,0.0027
SLC35B1,234,0.0027
IGKV1-27,234,0.0027
EHF,234,0.0027
HOXC9,234,0.0027
GPC4,234,0.0027
CCDC106,233,0.0027
MAD2L1BP,233,0.0027
ALAS2,233,0.0027
CFLAR,233,0.0027
MS4A2,233,0.0027
STRADB,233,0.0027
STC2,233,0.0027
LIPT2,233,0.0027
RFPL4B,233,0.0027
MDFI,233,0.0027
IL18BP,233,0.0027
HDAC1,233,0.0027
CCDC127,233,0.0027
SKAP2,233,0.0027
SYNDIG1,233,0.0027
AURKA,233,0.0027
GPRASP3,233,0.0027
LDHB,233,0.0027
RIMOC1,233,0.0027
RTN4RL2,233,0.0027
IGLV4-3,233,0.0027
CARNMT1,233,0.0027
AZIN1,232,0.0027
DACH1,232,0.0027
FKBP14,232,0.0027
CNPY3,232,0.0027
MYL10,232,0.0027
CRYGC,232,0.0027
PRG3,232,0.0027
ADSS2,232,0.0027
FRA10AC1,232,0.0027
LYPD4,232,0.0027
NR2F6,232,0.0027
HLA-DOA,232,0.0027
MRPS15,232,0.0027
TMEM115,232,0.0027
FOXL2,232,0.0027
OAZ3,232,0.0027
CA2,232,0.0027
NCF1,232,0.0027
CSNK1E,232,0.0027
NDUFS8,232,0.0027
PLSCR3,232,0.0027
FCGR2B,232,0.0027
ZFYVE21,232,0.0027
BRMS1,232,0.0027
RAET1E,232,0.0027
RBM11,232,0.0027
NAA11,232,0.0027
JUN,231,0.0027
CCDC198,231,0.0027
ZNF575,231,0.0027
SLAMF6,231,0.0027
TEX47,231,0.0027
CUL5,231,0.0027
RNF208,231,0.0027
EEF1G,231,0.0027
LAPTM5,231,0.0027
NRBF2,231,0.0027
HPGDS,231,0.0027
PAGR1,231,0.0027
TMEM241,231,0.0027
GEMIN6,231,0.0027
NEMP2,231,0.0027
ALKBH2,231,0.0027
MAPKBP1,231,0.0027
TNFRSF10C,231,0.0027
MPLKIP,231,0.0027
NEURL1B,231,0.0027
EPDR1,231,0.0027
PURG,231,0.0027
XIAP,231,0.0027
SLC35B4,231,0.0027
PRRC2C,231,0.0027
TLDC2,231,0.0027
C1orf35,231,0.0027
SRR,231,0.0027
OMP,231,0.0027
F11R,231,0.0027
IGHV2-26,231,0.0027
PGAM1,231,0.0027
GZMK,230,0.0027
SPRY2,230,0.0027
CEACAM19,230,0.0027
NANOG,230,0.0027
CD81,230,0.0027
XPO1,230,0.0027
PRAMEF18,230,0.0027
GADD45GIP1,230,0.0027
CRYAB,230,0.0027
NIPSNAP3A,230,0.0027
DCTN2,230,0.0027
DTYMK,230,0.0027
CA13,230,0.0027
ZNF157,230,0.0027
FAF2,230,0.0027
PRAMEF5,230,0.0027
TLCD5,230,0.0027
VWC2,230,0.0027
NCK1,230,0.0027
SPATA25,230,0.0027
RING1,230,0.0027
TRAM2,230,0.0027
PSMD9,230,0.0027
IKZF5,230,0.0027
LCN1,230,0.0027
PDGFC,230,0.0027
ADK,230,0.0027
ISG15,230,0.0027
CLDN18,229,0.0027
TMX4,229,0.0027
RNF144B,229,0.0027
NSL1,229,0.0027
HLA-DPB1,229,0.0027
DCAF4L1,229,0.0027
ARV1,229,0.0027
ZFP41,229,0.0027
CCNE2,229,0.0027
GPR89A,229,0.0027
ST3GAL6,229,0.0027
C1QTNF7,229,0.0027
GTF2H3,229,0.0027
NOG,229,0.0027
XIRP2,229,0.0027
GDPD2,229,0.0027
OR1J2,229,0.0027
HAS2,229,0.0027
CIMIP2C,229,0.0027
LIME1,229,0.0027
UBIAD1,229,0.0027
DKK2,229,0.0027
SPR,229,0.0027
TMEM204,229,0.0027
ETHE1,229,0.0027
IGFBP6,229,0.0027
FBXO27,229,0.0027
IGKV2-24,229,0.0027
OR10AD1,229,0.0027
TSPAN18,229,0.0027
TNFAIP6,229,0.0027
CLEC12B,229,0.0027
C1QL4,229,0.0027
DPF2,229,0.0027
RASL12,229,0.0027
APOBEC3C,228,0.0027
F3,228,0.0027
KHDRBS3,228,0.0027
SCML2,228,0.0027
TFCP2,228,0.0027
PPAT,228,0.0027
PHETA2,228,0.0027
CDS2,228,0.0027
CCDC90B,228,0.0027
PABPC1,228,0.0027
TM4SF20,228,0.0027
LDB1,228,0.0027
KIR2DL4,228,0.0027
ODF1,228,0.0027
ADPRM,228,0.0027
TAF1D,228,0.0027
IFI30,228,0.0027
LRRC58,228,0.0027
SCAMP2,228,0.0027
EPHX4,228,0.0027
HOXA5,228,0.0027
MSANTD7,228,0.0027
TUBB4A,228,0.0027
UBE2S,228,0.0027
EMG1,228,0.0027
P2RY1,228,0.0027
FNDC9,228,0.0027
TMEM109,228,0.0027
HSD17B8,228,0.0027
CADM4,228,0.0027
CDIN1,228,0.0027
AVPR2,228,0.0027
CACNG4,227,0.0027
KRT222,227,0.0027
GPR4,227,0.0027
GPHN,227,0.0027
CAMKV,227,0.0027
WSB2,227,0.0027
PHF11,227,0.0027
RDM1,227,0.0027
MARCHF2,227,0.0027
TPPP,227,0.0027
SFRP1,227,0.0027
CYBRD1,227,0.0027
CDRT15,227,0.0027
DAZL,227,0.0027
CCDC134,227,0.0027
EIF3D,227,0.0027
LIN37,227,0.0027
ZNF81,227,0.0027
TFAP4,227,0.0027
PRR27,227,0.0027
VAX1,227,0.0027
IGSF6,227,0.0027
IGHV4-61,227,0.0027
TMEM174,227,0.0027
MRRF,227,0.0027
IGBP1C,227,0.0027
DDIT4,227,0.0027
TIRAP,227,0.0027
FAM78A,227,0.0027
CACNG6,227,0.0027
CBLN3,227,0.0027
USP17L15,227,0.0027
CCDC124,227,0.0027
TIMM22,226,0.0026
HS2ST1,226,0.0026
SLC25A4,226,0.0026
TMEM139,226,0.0026
ITM2B,226,0.0026
PSMB10,226,0.0026
APPBP2,226,0.0026
TIMM29,226,0.0026
VSTM2L,226,0.0026
TOP1,226,0.0026
CD74,226,0.0026
TMEM52,226,0.0026
PPM1G,226,0.0026
ATXN3,226,0.0026
CCDC117,226,0.0026
NEGR1,226,0.0026
WDR77,226,0.0026
ASMT,226,0.0026
C12orf43,226,0.0026
CTSG,226,0.0026
SHISA3,226,0.0026
PRRX2,226,0.0026
SLC25A30,226,0.0026
SOX2,226,0.0026
CAV3,226,0.0026
SHISA7,226,0.0026
STX6,226,0.0026
RAB17,226,0.0026
RAD1,226,0.0026
LRRC46,226,0.0026
ILKAP,226,0.0026
CLVS1,226,0.0026
CLDN8,226,0.0026
APBB2,226,0.0026
SLC25A27,226,0.0026
MAGEC2,226,0.0026
KCNK2,226,0.0026
CDX1,226,0.0026
ZBTB6,225,0.0026
CCR7,225,0.0026
FAM185A,225,0.0026
EN2,225,0.0026
RFXAP,225,0.0026
HORMAD1,225,0.0026
TRIB2,225,0.0026
KCTD13,225,0.0026
DNAJB14,225,0.0026
MEF2B,225,0.0026
CDX2,225,0.0026
IZUMO3,225,0.0026
TBCB,225,0.0026
CELA1,225,0.0026
VPS4B,225,0.0026
PIANP,225,0.0026
HORMAD2,225,0.0026
IL1A,225,0.0026
SPATS1,225,0.0026
POU1F1,225,0.0026
NOVA1,225,0.0026
CYB561,225,0.0026
RIT1,225,0.0026
NT5C,225,0.0026
BLVRB,225,0.0026
ZNF511,225,0.0026
CKB,225,0.0026
POU5F1,225,0.0026
IMPA1,225,0.0026
ZFAND1,225,0.0026
ZNF414,225,0.0026
KAT7,225,0.0026
IL17F,225,0.0026
MIS18A,225,0.0026
SETD9,225,0.0026
DNAJB9,224,0.0026
TMEM165,224,0.0026
NIPSNAP3B,224,0.0026
FAM153A,224,0.0026
RNASE10,224,0.0026
HES4,224,0.0026
MOSPD3,224,0.0026
PPEF1,224,0.0026
ZDHHC21,224,0.0026
SMCO3,224,0.0026
FAM81A,224,0.0026
HAUS2,224,0.0026
MFAP5,224,0.0026
GABRA5,224,0.0026
RANGRF,224,0.0026
C5orf15,224,0.0026
LIX1,224,0.0026
CADM1,224,0.0026
MAIP1,224,0.0026
IGLV7-43,224,0.0026
RSPO2,224,0.0026
PPIB,224,0.0026
PHYHIPL,224,0.0026
TMEM248,224,0.0026
GPS2,224,0.0026
ACTG1,224,0.0026
SF3B1,224,0.0026
NME9,224,0.0026
NBPF6,224,0.0026
MS4A6A,224,0.0026
NKX6-3,223,0.0026
C1orf216,223,0.0026
GPAT4,223,0.0026
WFDC3,223,0.0026
OLA1,223,0.0026
ST8SIA3,223,0.0026
NAP1L3,223,0.0026
FHIT,223,0.0026
TNFSF14,223,0.0026
ACVR1B,223,0.0026
MAT2B,223,0.0026
CUTC,223,0.0026
POP4,223,0.0026
AQP11,223,0.0026
CLEC12A,223,0.0026
RALYL,223,0.0026
NUP35,223,0.0026
TMEM126B,223,0.0026
COMMD10,223,0.0026
ETFBKMT,223,0.0026
FKBPL,223,0.0026
SEC22C,223,0.0026
FOXB1,223,0.0026
TEDDM1,223,0.0026
CRIP2,223,0.0026
IFNA5,223,0.0026
CFAP300,223,0.0026
SRD5A1,223,0.0026
NDUFS7,223,0.0026
TRPT1,223,0.0026
USP22,222,0.0026
DPT,222,0.0026
GATAD1,222,0.0026
KCNRG,222,0.0026
DNAJC25,222,0.0026
UBR7,222,0.0026
MYOG,222,0.0026
EVI2A,222,0.0026
LDHA,222,0.0026
CMTM2,222,0.0026
FBXL16,222,0.0026
GZMA,222,0.0026
GOLPH3L,222,0.0026
DUSP1,222,0.0026
METAP1,222,0.0026
ADAL,222,0.0026
CRYGB,222,0.0026
DUSP28,222,0.0026
RELL1,222,0.0026
TMT1A,222,0.0026
SKP2,222,0.0026
UBTD1,222,0.0026
DLX4,222,0.0026
DNAJB11,222,0.0026
SMUG1,221,0.0026
PPP4R3C,221,0.0026
LHFPL5,221,0.0026
NQO2,221,0.0026
LPIN1,221,0.0026
ZCCHC3,221,0.0026
CLIC3,221,0.0026
ZBTB33,221,0.0026
METAP2,221,0.0026
TMEM125,221,0.0026
C12orf71,221,0.0026
CCR10,221,0.0026
TMEM134,221,0.0026
STX4,221,0.0026
POLR2E,221,0.0026
KLRC3,221,0.0026
CDC123,221,0.0026
KRTAP1-5,221,0.0026
OGT,221,0.0026
ZBTB12,221,0.0026
PLSCR1,221,0.0026
NAIF1,221,0.0026
SPINT2,221,0.0026
EFHD1,221,0.0026
TPBGL,221,0.0026
ACBD6,221,0.0026
INCA1,221,0.0026
LACTB2,221,0.0026
MKRN2OS,221,0.0026
HSPA1B,221,0.0026
SERPINA7,221,0.0026
IFNL1,221,0.0026
DNAJC9,221,0.0026
SRSF5,221,0.0026
ZAR1L,221,0.0026
TREM1,221,0.0026
MSL3,220,0.0026
ATAD1,220,0.0026
MRPL24,220,0.0026
RNF121,220,0.0026
CPSF6,220,0.0026
NUTM2D,220,0.0026
SRP54,220,0.0026
SNRNP35,220,0.0026
C1orf226,220,0.0026
RNF128,220,0.0026
DOK6,220,0.0026
PLPP3,220,0.0026
IZUMO2,220,0.0026
CFAP95,220,0.0026
ZFAND2B,220,0.0026
RNF222,220,0.0026
CD84,220,0.0026
GABRA2,220,0.0026
IP6K2,220,0.0026
HACD4,220,0.0026
SRC,220,0.0026
ZMAT3,220,0.0026
TRAPPC13,220,0.0026
TPPP2,220,0.0026
LRRC72,220,0.0026
KPNA1,220,0.0026
PSPH,220,0.0026
PSMB7,220,0.0026
NPPA,220,0.0026
ZNF275,220,0.0026
ARMCX5,220,0.0026
TIMM21,219,0.0026
MRPL12,219,0.0026
SPRY3,219,0.0026
RESP18,219,0.0026
CD80,219,0.0026
API5,219,0.0026
SOX1,219,0.0026
PPP1R7,219,0.0026
C2CD4D,219,0.0026
YBX1,219,0.0026
LYZL2,219,0.0026
LIM2,219,0.0026
C1QTNF5,219,0.0026
PPP2R2D,219,0.0026
SLA,219,0.0026
KRTAP26-1,219,0.0026
CIAPIN1,219,0.0026
PROCR,219,0.0026
NECAB1,219,0.0026
GREM1,219,0.0026
APOBEC3A,219,0.0026
TRIP13,219,0.0026
KCNJ8,219,0.0026
RUNDC3A,219,0.0026
BMP15,219,0.0026
PAX2,219,0.0026
HOXB7,219,0.0026
EXOSC8,219,0.0026
PGA5,219,0.0026
MPIG6B,219,0.0026
KCNIP3,219,0.0026
HEXIM1,219,0.0026
EXOSC4,219,0.0026
KRTAP9-8,219,0.0026
NRSN2,218,0.0026
BZW2,218,0.0026
GPR27,218,0.0026
HTR2C,218,0.0026
GSG1L,218,0.0026
RASA4B,218,0.0026
C1QA,218,0.0026
TADA2B,218,0.0026
ZC3H15,218,0.0026
YRDC,218,0.0026
FBXW2,218,0.0026
CHMP4C,218,0.0026
SIVA1,218,0.0026
H2AC15,218,0.0026
TRAM1,218,0.0026
PIH1D2,218,0.0026
RAB38,218,0.0026
SYNDIG1L,218,0.0026
KRTAP9-3,218,0.0026
CLDN4,218,0.0026
SLC25A6,218,0.0026
RAD23B,218,0.0026
TM9SF3,218,0.0026
RBP4,218,0.0026
HLA-DOB,218,0.0026
IGFBPL1,218,0.0026
SRF,218,0.0026
PPME1,218,0.0026
TPI1,218,0.0026
KAT8,218,0.0026
KPNA6,218,0.0026
PUF60,218,0.0026
IFT46,218,0.0026
RASSF3,218,0.0026
SIX6,218,0.0026
PTPN1,218,0.0026
CHAC2,218,0.0026
PDK3,218,0.0026
HELZ2,218,0.0026
CXCL16,217,0.0025
GPR62,217,0.0025
GSTP1,217,0.0025
CAPNS2,217,0.0025
ZNF75D,217,0.0025
NFIX,217,0.0025
GOLGA8B,217,0.0025
ERGIC1,217,0.0025
LIX1L,217,0.0025
MGARP,217,0.0025
CENPK,217,0.0025
DKK4,217,0.0025
POLB,217,0.0025
TMEM81,217,0.0025
HDHD2,217,0.0025
ARAF,217,0.0025
OR14I1,217,0.0025
RTF2,217,0.0025
SIRPD,217,0.0025
EIF3M,217,0.0025
FRG1,217,0.0025
TMED1,217,0.0025
ORM1,217,0.0025
SELENOS,217,0.0025
KRTAP29-1,217,0.0025
NUDT8,217,0.0025
PIP4K2B,217,0.0025
PSMG1,217,0.0025
IQCF1,217,0.0025
SMAD2,217,0.0025
HRCT1,216,0.0025
EAF2,216,0.0025
NAP1L1,216,0.0025
TMEM123,216,0.0025
SDCBP,216,0.0025
PIGF,216,0.0025
DMC1,216,0.0025
GSX1,216,0.0025
FAM9A,216,0.0025
TTR,216,0.0025
TEX101,216,0.0025
NOL7,216,0.0025
RNF152,216,0.0025
IGF2,216,0.0025
SNX16,216,0.0025
OSR2,216,0.0025
SHISAL1,216,0.0025
TMEFF2,216,0.0025
NUDT14,216,0.0025
ERFE,216,0.0025
DRICH1,216,0.0025
CRYBA2,216,0.0025
HM13,216,0.0025
SNX6,216,0.0025
TMEM219,216,0.0025
SELENOI,216,0.0025
ZDHHC20,216,0.0025
NRBP1,216,0.0025
OSER1,216,0.0025
CH25H,216,0.0025
KRTAP4-5,216,0.0025
SPMIP9,216,0.0025
NR2F1,216,0.0025
CDC42EP2,216,0.0025
HNMT,215,0.0025
STX17,215,0.0025
SPRN,215,0.0025
FGF6,215,0.0025
FAM120AOS,215,0.0025
PCTP,215,0.0025
POPDC3,215,0.0025
MLF2,215,0.0025
CNTNAP3B,215,0.0025
THAP10,215,0.0025
AURKAIP1,215,0.0025
PRG2,215,0.0025
CXorf58,215,0.0025
SPIB,215,0.0025
PPIC,215,0.0025
NPIPA1,215,0.0025
TMEM54,215,0.0025
GRPR,215,0.0025
POU3F3,215,0.0025
DIPK1A,215,0.0025
PRSS37,215,0.0025
PAQR9,215,0.0025
UTP11,215,0.0025
RAB19,215,0.0025
CGB2,215,0.0025
SULT2A1,214,0.0025
KCNAB1,214,0.0025
EPSTI1,214,0.0025
LURAP1,214,0.0025
ZFX,214,0.0025
MTIF3,214,0.0025
PRNP,214,0.0025
CLDN22,214,0.0025
MAFB,214,0.0025
ZRANB2,214,0.0025
KRTAP13-2,214,0.0025
EMC2,214,0.0025
DERL3,214,0.0025
EIF2B1,214,0.0025
TTL,214,0.0025
NAP1L2,214,0.0025
OTUB2,214,0.0025
EMP2,214,0.0025
CTDSP1,214,0.0025
OPRPN,214,0.0025
ELMOD2,214,0.0025
CRP,214,0.0025
LRRC69,214,0.0025
C1QBP,214,0.0025
GPAT2,214,0.0025
DEFA4,214,0.0025
RLIG1,213,0.0025
ARMC7,213,0.0025
CST5,213,0.0025
METTL21A,213,0.0025
TMEM45A,213,0.0025
TARM1,213,0.0025
FBXL2,213,0.0025
CIB1,213,0.0025
IL2RG,213,0.0025
BPGM,213,0.0025
COL18A1,213,0.0025
MAOA,213,0.0025
IL37,213,0.0025
UCK1,213,0.0025
SSB,213,0.0025
SUSD3,213,0.0025
MBTPS2,213,0.0025
IMP3,213,0.0025
CCER2,213,0.0025
PSMB5,213,0.0025
DIO3,213,0.0025
RNF144A,213,0.0025
NFU1,213,0.0025
TMED3,213,0.0025
RPL5,213,0.0025
CEBPB,213,0.0025
MYCT1,213,0.0025
TSG101,213,0.0025
AGPAT4,213,0.0025
DDX39A,213,0.0025
SEPTIN5,213,0.0025
DNAJB4,213,0.0025
CELF3,213,0.0025
CIDEB,212,0.0025
VPS36,212,0.0025
ALKBH5,212,0.0025
PTPRCAP,212,0.0025
WNT8B,212,0.0025
HEBP1,212,0.0025
GUCA1B,212,0.0025
NDUFA13,212,0.0025
KLRC2,212,0.0025
OGN,212,0.0025
ISG20,212,0.0025
HTR1F,212,0.0025
GJC1,212,0.0025
MZT2B,212,0.0025
PHOSPHO1,212,0.0025
TMEM221,212,0.0025
MED27,212,0.0025
DEPP1,212,0.0025
ERLIN2,212,0.0025
GPR171,212,0.0025
ARL14,212,0.0025
SCN3B,212,0.0025
YY1,212,0.0025
C19orf67,212,0.0025
UBE2J1,212,0.0025
KCNK9,212,0.0025
MARCHF3,212,0.0025
CNOT2,212,0.0025
LUZP4,212,0.0025
LDLRAD1,212,0.0025
RNF125,212,0.0025
HOXB4,212,0.0025
ZNF888,212,0.0025
MARCHF11,212,0.0025
SLC35A1,211,0.0025
ZFP64,211,0.0025
CCR6,211,0.0025
MANSC4,211,0.0025
PXMP2,211,0.0025
DIO1,211,0.0025
MFAP1,211,0.0025
RHNO1,211,0.0025
IGLV3-16,211,0.0025
IGFBP4,211,0.0025
NR1I3,211,0.0025
HMBOX1,211,0.0025
SNRNP48,211,0.0025
RHOF,211,0.0025
RPL6,211,0.0025
ARL11,211,0.0025
RBM38,211,0.0025
MRPL58,211,0.0025
LANCL3,211,0.0025
CASP6,211,0.0025
NSG1,211,0.0025
LSAMP,211,0.0025
IFNE,211,0.0025
TATDN3,211,0.0025
SLC7A3,211,0.0025
MRPL23,211,0.0025
AICDA,211,0.0025
THOC3,211,0.0025
ARHGEF11,211,0.0025
GLIPR1L1,211,0.0025
BCAP29,211,0.0025
RIMKLB,211,0.0025
ATP6AP1,211,0.0025
CLDND1,211,0.0025
RARG,211,0.0025
PSMD7,211,0.0025
CAPNS1,211,0.0025
ATP5PO,211,0.0025
TOB1,211,0.0025
NXPH1,211,0.0025
OR2H2,211,0.0025
TSPAN17,211,0.0025
CALHM4,210,0.0025
RTF1,210,0.0025
CREG2,210,0.0025
TLCD2,210,0.0025
TMEM89,210,0.0025
PLD6,210,0.0025
CIB3,210,0.0025
ESD,210,0.0025
RPL7A,210,0.0025
TMEM61,210,0.0025
IGFBP1,210,0.0025
SDC4,210,0.0025
KRTAP27-1,210,0.0025
NAPG,210,0.0025
IFITM5,210,0.0025
PDXK,210,0.0025
MAPK9,210,0.0025
RPLP0,210,0.0025
LAPTM4A,210,0.0025
HES1,210,0.0025
ANKRD39,210,0.0025
IGKV3D-11,210,0.0025
MDH1,210,0.0025
MBL2,210,0.0025
ERLIN1,210,0.0025
ISL1,210,0.0025
NPTN,210,0.0025
GPR22,210,0.0025
SCNM1,209,0.0024
BOLL,209,0.0024
RPL13A,209,0.0024
EED,209,0.0024
VTCN1,209,0.0024
FBXO32,209,0.0024
B3GALNT1,209,0.0024
SLC10A3,209,0.0024
SOD1,209,0.0024
G3BP2,209,0.0024
NSDHL,209,0.0024
UTF1,209,0.0024
CFAP73,209,0.0024
LPAR1,209,0.0024
OTUD6B,209,0.0024
RGS19,209,0.0024
CCDC184,209,0.0024
SYF2,209,0.0024
CCNY,209,0.0024
RASD2,209,0.0024
PAK1,209,0.0024
OLR1,209,0.0024
PLPPR1,209,0.0024
SFR1,209,0.0024
ELOVL5,209,0.0024
NUDT1,209,0.0024
C3orf62,209,0.0024
MAPKAPK5,209,0.0024
SGTA,209,0.0024
B9D2,209,0.0024
TMEM106B,209,0.0024
SMURF1,209,0.0024
APOBEC2,209,0.0024
PLPP1,209,0.0024
SMARCD1,209,0.0024
TCP10L,209,0.0024
MSMO1,209,0.0024
TLX3,209,0.0024
HMG20B,209,0.0024
PMP22,208,0.0024
CDCA8,208,0.0024
NPVF,208,0.0024
CLEC18A,208,0.0024
PTBP2,208,0.0024
NDEL1,208,0.0024
CACNG7,208,0.0024
HLA-DPA1,208,0.0024
DUSP11,208,0.0024
LRRC20,208,0.0024
GJB7,208,0.0024
HLA-E,208,0.0024
JUND,208,0.0024
PI15,208,0.0024
ZNF605,208,0.0024
PRRG2,208,0.0024
SHISAL2A,208,0.0024
POMZP3,208,0.0024
RASA4,208,0.0024
ASB8,208,0.0024
TMEM41B,208,0.0024
TNFSF15,208,0.0024
NKAIN4,208,0.0024
FAIM2,208,0.0024
COX11,208,0.0024
ZC3HAV1L,208,0.0024
ENDOG,208,0.0024
IL27,208,0.0024
CLEC18C,208,0.0024
OBP2A,208,0.0024
CRADD,208,0.0024
LHB,208,0.0024
FLT3LG,208,0.0024
TTC1,208,0.0024
ARFIP2,208,0.0024
VPS37D,208,0.0024
JAGN1,207,0.0024
KRTAP9-2,207,0.0024
LYPD5,207,0.0024
CD48,207,0.0024
ADCYAP1,207,0.0024
ISOC2,207,0.0024
SEC61A2,207,0.0024
VPS26B,207,0.0024
HOXB6,207,0.0024
OVOL2,207,0.0024
MAGED2,207,0.0024
IL36RN,207,0.0024
NT5M,207,0.0024
SYNGR3,207,0.0024
LRRC73,207,0.0024
CDK19,207,0.0024
GYPC,207,0.0024
RAB32,207,0.0024
MACROH2A2,207,0.0024
ATPAF1,207,0.0024
GSTO1,207,0.0024
LGALS3,207,0.0024
RGN,207,0.0024
ADORA1,207,0.0024
ANKRA2,207,0.0024
PLGRKT,207,0.0024
SERBP1,207,0.0024
RAB3D,207,0.0024
VTI1B,207,0.0024
CLDN19,206,0.0024
RND2,206,0.0024
COQ10A,206,0.0024
POU4F1,206,0.0024
CYTH1,206,0.0024
PLPP5,206,0.0024
KLHL2,206,0.0024
GSTM4,206,0.0024
MYL5,206,0.0024
GAP43,206,0.0024
DPH5,206,0.0024
APCS,206,0.0024
FKBP7,206,0.0024
SMAD5,206,0.0024
RIMBP3B,206,0.0024
APRT,206,0.0024
IGKV1D-43,206,0.0024
THEM4,206,0.0024
SGMS1,206,0.0024
MYMK,206,0.0024
GNAO1,206,0.0024
C19orf38,206,0.0024
UPF3B,206,0.0024
TLCD3B,206,0.0024
B4GALT5,206,0.0024
KCTD17,206,0.0024
DCDC2C,206,0.0024
SEC62,206,0.0024
CD300C,206,0.0024
MAGEB6B,206,0.0024
NDUFB8,206,0.0024
HBB,206,0.0024
NDUFAF3,206,0.0024
ATXN7L3,206,0.0024
CCND3,206,0.0024
HS3ST2,206,0.0024
POLR3H,205,0.0024
PDCL,205,0.0024
CCDC121,205,0.0024
RNF114,205,0.0024
GPR12,205,0.0024
ATP5F1C,205,0.0024
PRIM1,205,0.0024
SLC35A3,205,0.0024
NPY1R,205,0.0024
MRPS10,205,0.0024
CLDN20,205,0.0024
C17orf99,205,0.0024
CA3,205,0.0024
SH3GLB1,205,0.0024
FAM43B,205,0.0024
C21orf91,205,0.0024
CRYGD,205,0.0024
CYB561D1,205,0.0024
DGCR6,205,0.0024
LUC7L3,205,0.0024
DPH6,205,0.0024
PPM1L,205,0.0024
TMEM106C,205,0.0024
RTP4,205,0.0024
MPDU1,205,0.0024
TMEM101,205,0.0024
SLC10A7,205,0.0024
RNF224,204,0.0024
DUSP7,204,0.0024
ERP44,204,0.0024
DUSP19,204,0.0024
NOSIP,204,0.0024
AQP10,204,0.0024
RAB23,204,0.0024
ST8SIA4,204,0.0024
STX1B,204,0.0024
PITX3,204,0.0024
PPP2R5A,204,0.0024
ADM,204,0.0024
MCU,204,0.0024
LDHD,204,0.0024
SAYSD1,204,0.0024
ADIPOR1,204,0.0024
FITM2,204,0.0024
RWDD3,204,0.0024
LUC7L2,204,0.0024
ELOVL3,204,0.0024
NUDT16,204,0.0024
APOBEC3H,204,0.0024
UBAC2,204,0.0024
HMGCS1,204,0.0024
MAGIX,204,0.0024
PLEKHA5,204,0.0024
ANKRD54,204,0.0024
ATP6V1C1,204,0.0024
SULT1C3,204,0.0024
PIK3IP1,204,0.0024
ZCCHC9,204,0.0024
IGLV9-49,204,0.0024
RARRES1,204,0.0024
ARK2C,204,0.0024
IGHV3-20,204,0.0024
DNAJA1,204,0.0024
MSC,204,0.0024
NLK,204,0.0024
NOTO,204,0.0024
PNMA5,203,0.0024
SBF1,203,0.0024
CNOT6L,203,0.0024
PNMA3,203,0.0024
SEH1L,203,0.0024
YAE1,203,0.0024
CTLA4,203,0.0024
EIF4E1B,203,0.0024
DHX15,203,0.0024
FAAP24,203,0.0024
TP53INP1,203,0.0024
MYH10,203,0.0024
MOCS2,203,0.0024
LY6G5B,203,0.0024
DHRS11,203,0.0024
GTF2A1,203,0.0024
MS4A4A,203,0.0024
USF2,203,0.0024
WDR45,203,0.0024
MOG,203,0.0024
EDNRA,203,0.0024
IFNW1,203,0.0024
MS4A8,203,0.0024
DAZAP1,203,0.0024
HTATIP2,203,0.0024
OPN5,203,0.0024
FOXD4L6,203,0.0024
XKRX,203,0.0024
DAND5,203,0.0024
E2F6,203,0.0024
PHF13,202,0.0024
CMAS,202,0.0024
PSMC3IP,202,0.0024
GUCA1C,202,0.0024
IST1,202,0.0024
COMMD5,202,0.0024
CLPP,202,0.0024
HMGB4,202,0.0024
AKIP1,202,0.0024
KLK8,202,0.0024
GCA,202,0.0024
METTL23,202,0.0024
CACNG2,202,0.0024
TBC1D25,202,0.0024
RTL6,202,0.0024
FOXO6,202,0.0024
SOD3,202,0.0024
GARIN1B,202,0.0024
POLDIP2,202,0.0024
TAF7,202,0.0024
BLOC1S3,202,0.0024
TMEM222,202,0.0024
ARPC1A,202,0.0024
SPATA3,202,0.0024
NXPH4,202,0.0024
SCD,202,0.0024
NUTM2E,201,0.0024
S1PR1,201,0.0024
ASB11,201,0.0024
THEM5,201,0.0024
CHAC1,201,0.0024
H2AC1,201,0.0024
C12orf60,201,0.0024
CIBAR1,201,0.0024
KRTAP5-7,201,0.0024
FXYD5,201,0.0024
MS4A7,201,0.0024
GNAI3,201,0.0024
MRPL40,201,0.0024
C3orf52,201,0.0024
PLPP4,201,0.0024
INO80C,201,0.0024
GSPT2,201,0.0024
AGTR2,201,0.0024
ZRSR2,201,0.0024
H2BC1,201,0.0024
IAH1,201,0.0024
PSMD11,201,0.0024
CD247,201,0.0024
RGS18,201,0.0024
CD164,201,0.0024
RRAGD,201,0.0024
TPGS1,201,0.0024
PARK7,201,0.0024
BTBD19,201,0.0024
SOST,201,0.0024
THYN1,201,0.0024
MTRFR,200,0.0023
TP53INP2,200,0.0023
DCUN1D4,200,0.0023
NSMCE2,200,0.0023
CHCHD3,200,0.0023
EFNB2,200,0.0023
KATNBL1,200,0.0023
CTPS2,200,0.0023
CAPZA1,200,0.0023
GPR85,200,0.0023
KCNMB1,200,0.0023
IFNA2,200,0.0023
MTFR1L,200,0.0023
LRRC38,200,0.0023
WDR27,200,0.0023
MTCH2,200,0.0023
KDELR3,200,0.0023
MRPS26,200,0.0023
MIP,200,0.0023
GSTO2,200,0.0023
MIF4GD,200,0.0023
COMMD4,200,0.0023
UBXN7,200,0.0023
NEK6,200,0.0023
TRIM27,200,0.0023
PMF1,200,0.0023
RNF166,200,0.0023
LZTFL1,200,0.0023
BID,200,0.0023
GRPEL1,200,0.0023
REG1B,199,0.0023
GET3,199,0.0023
POU3F2,199,0.0023
CXCR6,199,0.0023
WFDC8,199,0.0023
NPM3,199,0.0023
ROPN1,199,0.0023
CHMP2B,199,0.0023
MPPED1,199,0.0023
SPATA9,199,0.0023
GPX3,199,0.0023
ABHD13,199,0.0023
CCND1,199,0.0023
MRPS28,199,0.0023
OR2J1,199,0.0023
NPM2,199,0.0023
CCDC177,199,0.0023
FBXL14,199,0.0023
MRPS11,199,0.0023
DGCR6L,199,0.0023
UBFD1,199,0.0023
MAPKAPK2,199,0.0023
E2F5,199,0.0023
KCNJ4,199,0.0023
INSL4,199,0.0023
HSPB7,199,0.0023
JAM2,199,0.0023
GKN2,198,0.0023
MRPL22,198,0.0023
TCF23,198,0.0023
PDXP,198,0.0023
TEX35,198,0.0023
TMEM52B,198,0.0023
LDB2,198,0.0023
PRKRA,198,0.0023
C3orf33,198,0.0023
FADD,198,0.0023
MFAP4,198,0.0023
CLDN1,198,0.0023
SIGMAR1,198,0.0023
METTL14,198,0.0023
TMEM249,198,0.0023
TRA2A,198,0.0023
BNIP1,198,0.0023
C11orf87,198,0.0023
EEF1B2,198,0.0023
EIF3G,198,0.0023
MED28,198,0.0023
RIPPLY3,198,0.0023
TREML4,198,0.0023
ACTR6,198,0.0023
TMEM41A,198,0.0023
TBL1X,198,0.0023
KPNA3,198,0.0023
CCDC122,198,0.0023
OTULIN,198,0.0023
RS1,198,0.0023
GINS3,197,0.0023
PRAMEF7,197,0.0023
IL1RN,197,0.0023
PRRX1,197,0.0023
TPMT,197,0.0023
ELAVL3,197,0.0023
C15orf40,197,0.0023
C4BPB,197,0.0023
FTL,197,0.0023
PPA1,197,0.0023
EFNA4,197,0.0023
PGLYRP1,197,0.0023
ZNF346,197,0.0023
RAB20,197,0.0023
CALU,197,0.0023
IFNA8,197,0.0023
KPLCE,197,0.0023
PRPF38A,197,0.0023
SEPTIN2,197,0.0023
TMEM106A,197,0.0023
SNX10,197,0.0023
STMND1,197,0.0023
AADAT,197,0.0023
GSC2,197,0.0023
LBX1,197,0.0023
PRAMEF15,197,0.0023
DNAJA2,197,0.0023
NDUFB9,197,0.0023
TNNC1,197,0.0023
KRTAP1-1,197,0.0023
IRF2,196,0.0023
RNF182,196,0.0023
RABL3,196,0.0023
C18orf54,196,0.0023
PRKAR2B,196,0.0023
RAB34,196,0.0023
RRAGC,196,0.0023
SBDS,196,0.0023
OTUD7A,196,0.0023
CCDC153,196,0.0023
MBD2,196,0.0023
TMEM215,196,0.0023
CLEC7A,196,0.0023
MRPL18,196,0.0023
CACNG8,196,0.0023
TSSK6,196,0.0023
SFRP2,196,0.0023
FGF11,196,0.0023
DCTPP1,196,0.0023
EMC9,196,0.0023
CD274,196,0.0023
CALN1,196,0.0023
CD40,196,0.0023
CD79A,196,0.0023
UPK2,196,0.0023
PRND,196,0.0023
GSTK1,196,0.0023
TRMT2B,196,0.0023
MFSD14A,196,0.0023
CEBPD,196,0.0023
RNASE3,196,0.0023
COMMD1,196,0.0023
CRLS1,195,0.0023
BORCS5,195,0.0023
STARD6,195,0.0023
TAGLN,195,0.0023
TPRG1L,195,0.0023
OCIAD1,195,0.0023
SPMIP8,195,0.0023
PLPPR5,195,0.0023
NACA2,195,0.0023
NKG7,195,0.0023
C1orf50,195,0.0023
PRR18,195,0.0023
TOMM40,195,0.0023
LCN2,195,0.0023
MTRES1,195,0.0023
TMEM147,195,0.0023
B3GALT1,195,0.0023
CA5B,195,0.0023
CYSLTR1,195,0.0023
C10orf62,195,0.0023
NKX6-1,195,0.0023
TOMM34,195,0.0023
NSA2,195,0.0023
NDUFS4,195,0.0023
HSD17B11,195,0.0023
CBR4,195,0.0023
TDGF1,195,0.0023
M6PR,195,0.0023
HAGHL,195,0.0023
TSPAN8,195,0.0023
OXLD1,195,0.0023
CFP,195,0.0023
ELOVL7,195,0.0023
BCL7C,195,0.0023
STIMATE,195,0.0023
HNRNPF,195,0.0023
FBXO28,194,0.0023
OPN1LW,194,0.0023
MCMBP,194,0.0023
CSN3,194,0.0023
MTCH1,194,0.0023
DCUN1D3,194,0.0023
AGPAT3,194,0.0023
GSK3B,194,0.0023
SEC61A1,194,0.0023
FAM76B,194,0.0023
OVOL1,194,0.0023
CD3E,194,0.0023
ATP5F1D,194,0.0023
H2BC7,194,0.0023
CABP5,194,0.0023
ELSPBP1,194,0.0023
PRDX5,194,0.0023
FAM209A,194,0.0023
BDH2,194,0.0023
TM4SF4,194,0.0023
HOXC8,194,0.0023
TMEM176A,194,0.0023
AP2B1,194,0.0023
METTL6,194,0.0023
C6orf163,194,0.0023
CACFD1,194,0.0023
ZBTB14,194,0.0023
CUTA,193,0.0023
RTP3,193,0.0023
ZFAND2A,193,0.0023
SNX11,193,0.0023
CHMP1A,193,0.0023
BTC,193,0.0023
SMS,193,0.0023
CTHRC1,193,0.0023
TSPAN2,193,0.0023
PABPN1,193,0.0023
MAPK11,193,0.0023
KRCC1,193,0.0023
CD200,193,0.0023
FAM180A,193,0.0023
PXMP4,193,0.0023
MRPL11,193,0.0023
CEP19,193,0.0023
RNF19B,193,0.0023
EAF1,193,0.0023
HESX1,193,0.0023
KLK6,193,0.0023
TMEM69,193,0.0023
MS4A3,193,0.0023
MNAT1,193,0.0023
GAR1,193,0.0023
FAM151B,193,0.0023
CHMP6,193,0.0023
CD47,193,0.0023
UCN3,193,0.0023
TMEM184C,193,0.0023
ATP1B4,193,0.0023
SPATA19,192,0.0023
RPAIN,192,0.0023
C1orf43,192,0.0023
HLA-DMA,192,0.0023
OR6J1,192,0.0023
HSCB,192,0.0023
C22orf23,192,0.0023
LCE2C,192,0.0023
CA11,192,0.0023
MCM10,192,0.0023
YIPF5,192,0.0023
GP9,192,0.0023
TOMM40L,192,0.0023
SYT1,192,0.0023
DEFA5,192,0.0023
MAGEB1,192,0.0023
HNRNPK,192,0.0023
C20orf144,192,0.0023
C1QL2,192,0.0023
MVB12B,192,0.0023
GMNN,192,0.0023
TECR,192,0.0023
H4C4,192,0.0023
PPCDC,192,0.0023
MAPK1IP1L,192,0.0023
IGKV1D-17,192,0.0023
NME3,192,0.0023
SOX15,192,0.0023
CIB2,192,0.0023
CA8,192,0.0023
SLC39A11,192,0.0023
BLOC1S4,192,0.0023
CLVS2,192,0.0023
SSMEM1,191,0.0022
RAB40AL,191,0.0022
TMED9,191,0.0022
LRRC51,191,0.0022
CST8,191,0.0022
TICAM2,191,0.0022
PDCD6,191,0.0022
CDK5R2,191,0.0022
GGPS1,191,0.0022
PRKAB1,191,0.0022
TRAT1,191,0.0022
ADTRP,191,0.0022
ZDHHC22,191,0.0022
CEPT1,191,0.0022
CDCA3,191,0.0022
NEUROD2,191,0.0022
RPE,191,0.0022
GPX2,191,0.0022
TUBA4A,191,0.0022
CCNB1IP1,191,0.0022
CD96,191,0.0022
FAM104A,191,0.0022
CCDC43,191,0.0022
MSN,191,0.0022
TM4SF18,191,0.0022
CHTOP,191,0.0022
CCNG1,191,0.0022
BHLHA15,191,0.0022
CRYBA4,191,0.0022
MAPK10,190,0.0022
DIO2,190,0.0022
UCHL1,190,0.0022
RTRAF,190,0.0022
RAB28,190,0.0022
TIFAB,190,0.0022
DYNLT4,190,0.0022
KRTAP4-3,190,0.0022
HDDC2,190,0.0022
EEF1AKMT2,190,0.0022
TMEM121,190,0.0022
TBC1D15,190,0.0022
SYNGR2,190,0.0022
TMEM235,190,0.0022
GSC,190,0.0022
SPIC,190,0.0022
GLTP,190,0.0022
SHISA8,190,0.0022
C14orf180,190,0.0022
WTAP,190,0.0022
RABGGTB,190,0.0022
PPIE,190,0.0022
NRM,190,0.0022
IFNB1,190,0.0022
CLDN7,190,0.0022
IFTAP,190,0.0022
DPF1,190,0.0022
SSBP3,190,0.0022
EDN1,190,0.0022
ACTR3C,190,0.0022
SHISA6,190,0.0022
VMP1,189,0.0022
LYG2,189,0.0022
QRFP,189,0.0022
LBX2,189,0.0022
SLC47A2,189,0.0022
FAAP20,189,0.0022
TPD52L2,189,0.0022
POU2AF1,189,0.0022
BCL2L11,189,0.0022
NTPCR,189,0.0022
COPS3,189,0.0022
PRXL2A,189,0.0022
ISY1,189,0.0022
ATOH7,189,0.0022
GRPEL2,189,0.0022
RAB33B,189,0.0022
NAT9,189,0.0022
ATG12,189,0.0022
H2BC11,189,0.0022
ZBTB26,188,0.0022
RPA2,188,0.0022
TRIM74,188,0.0022
LYL1,188,0.0022
ISCU,188,0.0022
SRSF12,188,0.0022
FOXO4,188,0.0022
NAIP,188,0.0022
TMEM154,188,0.0022
PRRG3,188,0.0022
C16orf90,188,0.0022
RCN2,188,0.0022
C2orf80,188,0.0022
MEA1,188,0.0022
STX12,188,0.0022
TBCEL,188,0.0022
BSX,188,0.0022
DBP,188,0.0022
EDN2,188,0.0022
TVP23A,188,0.0022
BMT2,188,0.0022
GPX5,188,0.0022
IL17D,188,0.0022
APOD,188,0.0022
CCNYL1,188,0.0022
CUEDC2,188,0.0022
SSX7,188,0.0022
CELF5,188,0.0022
CCDC115,187,0.0022
TBX3,187,0.0022
ARHGDIB,187,0.0022
SAMD12,187,0.0022
THAP6,187,0.0022
TMEM86A,187,0.0022
CD99,187,0.0022
MIXL1,187,0.0022
TMEM225,187,0.0022
REG3G,187,0.0022
ANKRD63,187,0.0022
CENPH,187,0.0022
RHOJ,187,0.0022
TMEM182,187,0.0022
GAPDH,187,0.0022
CBX7,187,0.0022
TMEM190,187,0.0022
CYB5D1,187,0.0022
CLEC4E,187,0.0022
CIB4,187,0.0022
COMTD1,187,0.0022
FBXO36,187,0.0022
GDF11,187,0.0022
TNFSF13,187,0.0022
ARMC1,187,0.0022
EMC8,187,0.0022
DUSP26,187,0.0022
RAB25,187,0.0022
IGFBP5,187,0.0022
CD302,187,0.0022
GPR26,187,0.0022
CLDN10,187,0.0022
BCL2L10,187,0.0022
TTC9C,187,0.0022
TM2D1,186,0.0022
DUXA,186,0.0022
H3-7,186,0.0022
CDKN1A,186,0.0022
MZT2A,186,0.0022
H3C6,186,0.0022
KRTAP1-3,186,0.0022
UNC119B,186,0.0022
EPOP,186,0.0022
PRPF19,186,0.0022
TM4SF1,186,0.0022
MRPL50,186,0.0022
ACTL6A,186,0.0022
CIROP,186,0.0022
COX4I1,186,0.0022
ZCCHC12,186,0.0022
FAM110D,186,0.0022
GSTA4,186,0.0022
DIRAS3,186,0.0022
NANP,186,0.0022
MAGEA12,186,0.0022
FYN,186,0.0022
IFNK,186,0.0022
FAM228A,186,0.0022
HES6,186,0.0022
RNASE11,186,0.0022
CYBC1,186,0.0022
GDPD1,186,0.0022
HSD11B1,186,0.0022
OR14K1,186,0.0022
TNNI2,186,0.0022
LTB,186,0.0022
GINS4,185,0.0022
CYB561A3,185,0.0022
SNAI1,185,0.0022
MBLAC1,185,0.0022
C19orf18,185,0.0022
CRYBB2,185,0.0022
SSPN,185,0.0022
DDIT4L,185,0.0022
TMUB1,185,0.0022
APOBEC1,185,0.0022
LCE2B,185,0.0022
CDKN2B,185,0.0022
MTHFS,185,0.0022
MRAP,185,0.0022
PLA2G12A,185,0.0022
PXDC1,185,0.0022
KRTAP13-3,185,0.0022
H2BC9,185,0.0022
CHCT1,185,0.0022
LUM,185,0.0022
FAM163B,185,0.0022
FAM228B,185,0.0022
RRM2,185,0.0022
H2BC14,185,0.0022
ODF4,185,0.0022
TNP2,185,0.0022
KRTAP9-7,185,0.0022
MRPL17,185,0.0022
ZNF322,185,0.0022
PMVK,185,0.0022
PRTFDC1,185,0.0022
TMEM68,185,0.0022
CRYBA1,185,0.0022
H4C8,185,0.0022
VOPP1,185,0.0022
KLRC1,184,0.0022
KRTAP5-8,184,0.0022
FRAT1,184,0.0022
RPS6,184,0.0022
PRR7,184,0.0022
CCDC172,184,0.0022
TCEA1,184,0.0022
PGRMC2,184,0.0022
RPEL1,184,0.0022
AHSA1,184,0.0022
FIGLA,184,0.0022
PRM2,184,0.0022
GAL,184,0.0022
PPT2,184,0.0022
PGPEP1,184,0.0022
MRPL27,184,0.0022
MTX2,184,0.0022
FAM219B,184,0.0022
SERTAD1,184,0.0022
ACTR3B,184,0.0022
ZCCHC17,184,0.0022
TMED4,184,0.0022
FAM3B,184,0.0022
DUSP18,184,0.0022
KRTAP5-2,184,0.0022
NOPCHAP1,184,0.0022
VTI1A,184,0.0022
NEURL3,184,0.0022
GNAI1,184,0.0022
DNAJC12,184,0.0022
LCN6,184,0.0022
MSI2,183,0.0021
MRPL20,183,0.0021
HHEX,183,0.0021
DGAT2L6,183,0.0021
STX7,183,0.0021
DDAH1,183,0.0021
RNF183,183,0.0021
LIF,183,0.0021
PDPK1,183,0.0021
PACRGL,183,0.0021
COX4I2,183,0.0021
PYCARD,183,0.0021
CLDN15,183,0.0021
CDK7,183,0.0021
HVCN1,183,0.0021
TRIM73,183,0.0021
KRTAP4-4,183,0.0021
LYSMD1,183,0.0021
RAB27B,183,0.0021
ANKRD45,183,0.0021
RCAN3,183,0.0021
PPP3R2,183,0.0021
MARCKSL1,183,0.0021
OLFM1,183,0.0021
VSIG1,183,0.0021
SEPTIN7,182,0.0021
KLF8,182,0.0021
NANOS1,182,0.0021
CDIP1,182,0.0021
TMEM95,182,0.0021
REG3A,182,0.0021
NHP2,182,0.0021
GNB1,182,0.0021
CALML6,182,0.0021
HEBP2,182,0.0021
GSK3A,182,0.0021
CAV1,182,0.0021
ADI1,182,0.0021
MRPL32,182,0.0021
TREX2,182,0.0021
DDI2,182,0.0021
RP9,182,0.0021
TM4SF5,182,0.0021
FAM90A10,182,0.0021
MXD4,182,0.0021
CD79B,182,0.0021
HSPA8,182,0.0021
SAP30BP,182,0.0021
ASCL3,182,0.0021
EZH2,182,0.0021
VDAC2,182,0.0021
PGP,181,0.0021
MRPS23,181,0.0021
ARR3,181,0.0021
NDUFS6,181,0.0021
KRTAP4-1,181,0.0021
MAGEA10,181,0.0021
ARIH2,181,0.0021
TRNAU1AP,181,0.0021
REL,181,0.0021
DRG1,181,0.0021
SPEF1,181,0.0021
MITD1,181,0.0021
FBXL15,181,0.0021
SLBP,181,0.0021
KLF7,181,0.0021
NME6,181,0.0021
ABCE1,181,0.0021
GPX6,181,0.0021
PTP4A3,181,0.0021
MRPL21,181,0.0021
CFAP96,181,0.0021
KCTD10,181,0.0021
STK17B,181,0.0021
RAMP1,181,0.0021
BLOC1S5,181,0.0021
PHPT1,181,0.0021
AMTN,181,0.0021
IGKV1-33,181,0.0021
CRLF2,180,0.0021
THAP2,180,0.0021
NXNL2,180,0.0021
JUNB,180,0.0021
PSMD4,180,0.0021
VDAC3,180,0.0021
DNLZ,180,0.0021
AIG1,180,0.0021
SNF8,180,0.0021
ZNF22,180,0.0021
PURB,180,0.0021
AQP3,180,0.0021
DNTTIP1,180,0.0021
TMEM205,180,0.0021
NSF,180,0.0021
TSPAN1,180,0.0021
GNA11,180,0.0021
CKMT1B,180,0.0021
HOXC6,180,0.0021
ACVR2A,180,0.0021
EVI5L,180,0.0021
VPS26A,180,0.0021
SPRING1,180,0.0021
SPACDR,180,0.0021
PDZD9,180,0.0021
NIPSNAP2,180,0.0021
TMIGD2,180,0.0021
ZG16B,180,0.0021
ANKRD22,180,0.0021
STARD5,180,0.0021
DCK,180,0.0021
COX6A1,180,0.0021
CD83,180,0.0021
EIF3K,180,0.0021
AP1AR,180,0.0021
KCMF1,180,0.0021
RGS2,179,0.0021
RAB3B,179,0.0021
LHFPL2,179,0.0021
BAG6,179,0.0021
METTL26,179,0.0021
GABPA,179,0.0021
IGKV1D-16,179,0.0021
RAB4B,179,0.0021
POLR3GL,179,0.0021
CLCF1,179,0.0021
PAM16,179,0.0021
CLEC4A,179,0.0021
TMEM88,179,0.0021
C1orf74,179,0.0021
TMEM98,179,0.0021
ZCCHC18,179,0.0021
TLK2,179,0.0021
KPNB1,179,0.0021
GCG,179,0.0021
MED8,179,0.0021
NDUFA11,179,0.0021
THAP11,179,0.0021
PSME1,179,0.0021
GDI1,179,0.0021
FKBP11,179,0.0021
RNF216,179,0.0021
NMNAT2,179,0.0021
DCTD,179,0.0021
NUDT16L1,179,0.0021
EEF1AKMT3,179,0.0021
IFNA6,179,0.0021
KITLG,179,0.0021
PDPN,179,0.0021
RAB6D,179,0.0021
TMEM140,179,0.0021
CENPQ,179,0.0021
ARMCX6,178,0.0021
FIBIN,178,0.0021
SNRPA,178,0.0021
BRI3BP,178,0.0021
CFAP107,178,0.0021
RPP25,178,0.0021
VPS28,178,0.0021
EFCAB11,178,0.0021
PPP2R2C,178,0.0021
RTL4,178,0.0021
FKBP3,178,0.0021
NUDT5,178,0.0021
TMEM191B,178,0.0021
CSTF3,178,0.0021
DKC1,178,0.0021
ARL6IP5,178,0.0021
BEND6,178,0.0021
GOLGA8R,178,0.0021
AK1,178,0.0021
RAB40C,178,0.0021
FDX2,178,0.0021
H2AC12,178,0.0021
GJD3,178,0.0021
AHCYL1,178,0.0021
IFITM10,178,0.0021
TK1,178,0.0021
AP1M1,178,0.0021
PIM1,178,0.0021
DACT1,178,0.0021
SPAG7,178,0.0021
IGFBP3,178,0.0021
ZNF581,178,0.0021
ATXN3L,178,0.0021
NEUROD6,177,0.0021
VDAC1,177,0.0021
RASL11B,177,0.0021
PSMB9,177,0.0021
UTP23,177,0.0021
NAA60,177,0.0021
PRKRIP1,177,0.0021
PLP1,177,0.0021
BAD,177,0.0021
IGFBP2,177,0.0021
SLC25A44,177,0.0021
SHFL,177,0.0021
EID2,177,0.0021
CHCHD2,177,0.0021
RBBP9,177,0.0021
CD63,177,0.0021
RPS6KB1,177,0.0021
OR10D3,177,0.0021
MOB1B,177,0.0021
TSPAN33,177,0.0021
PLEKHB2,177,0.0021
AVPI1,177,0.0021
ING3,177,0.0021
DEDD,177,0.0021
AWAT1,177,0.0021
DYNLT2,177,0.0021
NRIP3,177,0.0021
SFN,177,0.0021
MAOB,177,0.0021
COPS7B,177,0.0021
C3orf84,177,0.0021
FERD3L,177,0.0021
PHB2,177,0.0021
CLDN24,177,0.0021
RWDD2A,177,0.0021
CTAGE8,177,0.0021
EID1,177,0.0021
PURA,176,0.0021
PIP4P2,176,0.0021
IL17B,176,0.0021
COTL1,176,0.0021
PPP1R27,176,0.0021
GSG1L2,176,0.0021
PLA2G1B,176,0.0021
RPL8,176,0.0021
EFNA3,176,0.0021
KRTAP9-4,176,0.0021
RGS1,176,0.0021
CDX4,176,0.0021
KNL1,176,0.0021
MS4A18,176,0.0021
WNT3,176,0.0021
OR4C5,176,0.0021
GOLGA8Q,176,0.0021
SLC66A3,176,0.0021
TMBIM6,176,0.0021
EREG,176,0.0021
KRTAP13-4,176,0.0021
MED22,176,0.0021
MPV17L2,176,0.0021
CAMK1D,176,0.0021
UCMA,176,0.0021
HGH1,176,0.0021
ORAI2,176,0.0021
PSMB1,176,0.0021
CEP20,176,0.0021
TWIST1,176,0.0021
CAMSAP2,176,0.0021
RPSA2,175,0.0021
TLX1,175,0.0021
PAFAH1B3,175,0.0021
CHMP4A,175,0.0021
CD3D,175,0.0021
SF3A3,175,0.0021
TSPAN9,175,0.0021
C19orf12,175,0.0021
NTAQ1,175,0.0021
C19orf73,175,0.0021
PTTG2,175,0.0021
AIDA,175,0.0021
FADS2,175,0.0021
COMMD3,175,0.0021
NCR3,175,0.0021
MAB21L2,175,0.0021
CYB561D2,175,0.0021
TFAM,175,0.0021
PAXX,175,0.0021
SOX12,175,0.0021
RASL11A,175,0.0021
TMEM253,175,0.0021
IGKV1D-13,175,0.0021
FGFR1OP2,175,0.0021
TRAPPC4,175,0.0021
BMERB1,175,0.0021
SPANXD,175,0.0021
C17orf113,175,0.0021
FSTL3,175,0.0021
CLTB,175,0.0021
NAPB,175,0.0021
PSPN,174,0.002
NAT14,174,0.002
DLG1,174,0.002
CDIPT,174,0.002
CATSPERZ,174,0.002
TSPAN19,174,0.002
GNA13,174,0.002
ARFRP1,174,0.002
H3C13,174,0.002
ACBD4,174,0.002
CHCHD10,174,0.002
C2orf68,174,0.002
CD69,174,0.002
STK38L,174,0.002
CPLX1,174,0.002
SMCO1,174,0.002
AARD,174,0.002
TRIM43B,174,0.002
CD8B,174,0.002
CDK5R1,174,0.002
IGKV2D-29,174,0.002
GOLPH3,174,0.002
SPMIP5,174,0.002
DNAJC5G,174,0.002
GAPT,173,0.002
GSTM3,173,0.002
FBXL3,173,0.002
ASF1B,173,0.002
C4orf51,173,0.002
ATP6AP2,173,0.002
RPS2,173,0.002
TMEM128,173,0.002
ZNF24,173,0.002
DNAJC5,173,0.002
RBBP5,173,0.002
FXN,173,0.002
MPHOSPH6,173,0.002
C16orf54,173,0.002
C17orf50,173,0.002
POLR3G,173,0.002
PABIR1,173,0.002
TFPI,173,0.002
BPNT1,173,0.002
CLDN3,173,0.002
ID3,173,0.002
MRPL35,173,0.002
TMEM252,173,0.002
SPATA12,173,0.002
CCND2,173,0.002
RCVRN,173,0.002
ARL10,173,0.002
OBP2B,173,0.002
ATG101,173,0.002
RGS16,173,0.002
PRKAG1,173,0.002
NICN1,173,0.002
PRMT8,173,0.002
FGF14,173,0.002
EPO,173,0.002
TCEANC2,173,0.002
RIBC1,173,0.002
COA7,173,0.002
LAIR2,172,0.002
IGHV4-28,172,0.002
NTMT1,172,0.002
RPL14,172,0.002
NABP1,172,0.002
IFT27,172,0.002
DNAJC5B,172,0.002
H1-10,172,0.002
REEP5,172,0.002
SPATA31A5,172,0.002
ATP23,172,0.002
DPCD,172,0.002
C7orf33,172,0.002
PRXL2C,172,0.002
UBXN2A,172,0.002
PLAAT3,172,0.002
HIF1AN,172,0.002
GNPDA2,172,0.002
CD28,172,0.002
IMMP2L,172,0.002
DGLUCY,172,0.002
C18orf21,172,0.002
ACRV1,172,0.002
KRTAP5-11,172,0.002
TMEM267,172,0.002
SCAND1,172,0.002
TMEM178A,172,0.002
EIF3I,172,0.002
CD9,172,0.002
TMEM17,172,0.002
TMEM37,172,0.002
SYCP3,172,0.002
EMX1,172,0.002
CLEC9A,172,0.002
PRDX1,172,0.002
JKAMP,172,0.002
CD3G,172,0.002
GP2,171,0.002
H2BC6,171,0.002
TUBB2A,171,0.002
MYL6B,171,0.002
CPXCR1,171,0.002
CRYGS,171,0.002
CST9,171,0.002
RUFY3,171,0.002
C19orf53,171,0.002
SCRT2,171,0.002
SPACA7,171,0.002
CLEC2L,171,0.002
RNASE4,171,0.002
ADO,171,0.002
FOXL3,171,0.002
COPZ2,171,0.002
OSR1,171,0.002
DDAH2,171,0.002
PHOSPHO2,171,0.002
NKAP,171,0.002
ZNHIT3,171,0.002
CEND1,171,0.002
LHFPL6,171,0.002
C9orf78,171,0.002
SRI,171,0.002
ANGPTL8,171,0.002
CD58,171,0.002
SAMD10,171,0.002
MPV17L,171,0.002
PERP,170,0.002
LY86,170,0.002
PITPNC1,170,0.002
HOATZ,170,0.002
SLC35A2,170,0.002
CASP3,170,0.002
CDK8,170,0.002
C4orf33,170,0.002
ANXA2R,170,0.002
PLA2G5,170,0.002
RPRD1B,170,0.002
PRPSAP2,170,0.002
NRTN,170,0.002
NBPF4,170,0.002
USF1,170,0.002
CKMT1A,170,0.002
CGB8,170,0.002
SOCS1,170,0.002
MYL7,170,0.002
EEF1AKMT1,170,0.002
DERL1,170,0.002
FKBP8,170,0.002
NAP1L5,170,0.002
RGS7BP,170,0.002
HOXB8,170,0.002
GPR88,169,0.002
HAPSTR1,169,0.002
SPMIP1,169,0.002
CD164L2,169,0.002
VPREB3,169,0.002
IDNK,169,0.002
ARL6,169,0.002
SNX22,169,0.002
TMA16,169,0.002
CHMP1B,169,0.002
PSMA3,169,0.002
RIPOR1,169,0.002
DCAF16,169,0.002
CDCA5,169,0.002
PTGDS,169,0.002
JOSD2,169,0.002
DPPA3,169,0.002
SRARP,169,0.002
SPEGNB,169,0.002
CSRP1,169,0.002
KLHDC10,169,0.002
AP3S2,169,0.002
FST,169,0.002
CXorf66,169,0.002
PRR29,169,0.002
IFITM2,169,0.002
MRPS12,169,0.002
MBD3L1,169,0.002
ATG10,169,0.002
KPNA4,169,0.002
RFLNA,169,0.002
ANKRD9,169,0.002
CPLX4,168,0.002
REP15,168,0.002
PLA2G2D,168,0.002
GCSH,168,0.002
AKTIP,168,0.002
SNAI2,168,0.002
PORCN,168,0.002
EFHD2,168,0.002
CRYAA,168,0.002
ANKRD37,168,0.002
IQCF3,168,0.002
ARL14EP,168,0.002
IL6,168,0.002
C1orf52,168,0.002
ZFP36L1,168,0.002
CTDSP2,168,0.002
KRTAP12-2,168,0.002
HSPB2,168,0.002
COPS7A,168,0.002
CRKL,168,0.002
RERG,168,0.002
TMEM163,168,0.002
C17orf78,168,0.002
SLC39A9,168,0.002
MED4,168,0.002
RCHY1,168,0.002
MPV17,168,0.002
PPIF,168,0.002
ANKRD7,168,0.002
HNRNPH3,168,0.002
LSMEM2,168,0.002
TM2D2,168,0.002
PACRG,168,0.002
KLRB1,168,0.002
STRAP,167,0.002
EIF6,167,0.002
RHOD,167,0.002
PPP3CB,167,0.002
CDO1,167,0.002
GABRA3,167,0.002
TM4SF19,167,0.002
TMEM187,167,0.002
ZNF428,167,0.002
CSK,167,0.002
MRPL49,167,0.002
TMBIM4,167,0.002
PRL,167,0.002
PEDS1,167,0.002
ZNF764,167,0.002
MAP7D2,167,0.002
TAF9,167,0.002
AIRIM,167,0.002
EDARADD,167,0.002
CS,167,0.002
TUBA4B,167,0.002
BLOC1S1,167,0.002
TRMT112,167,0.002
ABI1,167,0.002
PTPMT1,167,0.002
DYSF,167,0.002
SYCN,167,0.002
TMLHE,167,0.002
DUSP22,167,0.002
EFNB1,167,0.002
VEGFD,167,0.002
C21orf62,167,0.002
MEST,167,0.002
CRYGN,166,0.0019
MRPS16,166,0.0019
EDA2R,166,0.0019
BTLA,166,0.0019
IGLV3-12,166,0.0019
ATG3,166,0.0019
NDUFB7,166,0.0019
ABHD14B,166,0.0019
TGIF2,166,0.0019
LIN7B,166,0.0019
PSMB6,166,0.0019
FOXR2,166,0.0019
SPMAP1,166,0.0019
H3C8,166,0.0019
OSTF1,166,0.0019
SCG5,166,0.0019
DAB1,166,0.0019
HSD11B1L,166,0.0019
COMMD8,166,0.0019
LYZL1,166,0.0019
GML,166,0.0019
NAMPT,166,0.0019
KRTAP13-1,166,0.0019
CLEC6A,166,0.0019
HAND2,165,0.0019
RPL7,165,0.0019
FUT9,165,0.0019
TYROBP,165,0.0019
CSTF1,165,0.0019
TAGLN2,165,0.0019
LASP1,165,0.0019
UBTD2,165,0.0019
NR2F2,165,0.0019
H4C6,165,0.0019
MDP1,165,0.0019
MSANTD3,165,0.0019
DUT,165,0.0019
MINDY4B,165,0.0019
LCE1E,165,0.0019
LCN15,165,0.0019
CINP,165,0.0019
CLIC4,165,0.0019
MAGT1,165,0.0019
NAA40,165,0.0019
ARHGDIA,165,0.0019
CDV3,165,0.0019
KISS1,165,0.0019
RSPO3,165,0.0019
PRADC1,165,0.0019
BOD1L2,165,0.0019
HBD,165,0.0019
SAMD8,165,0.0019
DUSP23,165,0.0019
SOX3,165,0.0019
BIK,165,0.0019
FAM163A,165,0.0019
IFITM3,165,0.0019
ZNRD2,165,0.0019
CST7,165,0.0019
TPM2,165,0.0019
AGTRAP,165,0.0019
RHOU,165,0.0019
EIF3E,165,0.0019
ITM2A,164,0.0019
LXN,164,0.0019
DCAF12L1,164,0.0019
SLC25A11,164,0.0019
TAFA4,164,0.0019
ZNG1F,164,0.0019
OLIG2,164,0.0019
LGALS14,164,0.0019
STOM,164,0.0019
RBM22,164,0.0019
NR2E1,164,0.0019
RMND5A,164,0.0019
CLXN,164,0.0019
DOC2B,164,0.0019
S100A7A,164,0.0019
TMEM170A,164,0.0019
IGHV3-72,164,0.0019
SOX14,164,0.0019
LCN12,164,0.0019
PRXL2B,164,0.0019
MMD2,164,0.0019
FRAT2,164,0.0019
PTS,164,0.0019
TNFSF18,164,0.0019
PCP2,164,0.0019
ATP6V1D,164,0.0019
VAPA,164,0.0019
C19orf81,164,0.0019
CLEC5A,164,0.0019
HLA-DMB,164,0.0019
BAK1,164,0.0019
APIP,163,0.0019
DNAJC15,163,0.0019
LIN28A,163,0.0019
NDUFB5,163,0.0019
CD300E,163,0.0019
ZNF32,163,0.0019
PLAAT1,163,0.0019
HNRNPAB,163,0.0019
BARX1,163,0.0019
PPP1R17,163,0.0019
OR13H1,163,0.0019
TESC,163,0.0019
EI24,163,0.0019
LYPD2,163,0.0019
YIPF4,163,0.0019
SSR1,163,0.0019
ATF1,163,0.0019
BCL7A,163,0.0019
RAE1,163,0.0019
SDC2,163,0.0019
DCTN3,163,0.0019
ARIH1,163,0.0019
MSI1,163,0.0019
FOXL2NB,163,0.0019
SHLD1,163,0.0019
DEFB116,162,0.0019
COQ10B,162,0.0019
ANG,162,0.0019
GNLY,162,0.0019
ZNRF1,162,0.0019
SAMD5,162,0.0019
FAM174B,162,0.0019
CD300LB,162,0.0019
UPF1,162,0.0019
SEBOX,162,0.0019
YY2,162,0.0019
GNPDA1,162,0.0019
ITGB1BP1,162,0.0019
MPZL1,162,0.0019
LEUTX,162,0.0019
RLN3,162,0.0019
H3-5,162,0.0019
LCE2A,162,0.0019
GUCD1,162,0.0019
NME5,162,0.0019
PDC,162,0.0019
MED29,162,0.0019
MRPL54,162,0.0019
OR2T5,162,0.0019
IGKV3-7,162,0.0019
UNC50,162,0.0019
CHMP2A,162,0.0019
GPR82,162,0.0019
CSNK2A1,162,0.0019
KLRF2,162,0.0019
BCAS2,162,0.0019
HNRNPA1,162,0.0019
LHFPL3,162,0.0019
AGR3,162,0.0019
SPMIP2,161,0.0019
TMEM33,161,0.0019
FAM107A,161,0.0019
MCFD2,161,0.0019
EVA1A,161,0.0019
MORN5,161,0.0019
GLO1,161,0.0019
CD300LD,161,0.0019
IL26,161,0.0019
TPRX2,161,0.0019
IL36A,161,0.0019
ABITRAM,161,0.0019
CLNS1A,161,0.0019
BAX,161,0.0019
CLEC2D,161,0.0019
MAPK8,161,0.0019
HBM,161,0.0019
MGST1,161,0.0019
RNF170,161,0.0019
RNASE13,161,0.0019
GPX7,161,0.0019
PTTG1IP,161,0.0019
CCDC71L,161,0.0019
MS4A5,161,0.0019
ACTG2,161,0.0019
SDHAF3,161,0.0019
IFNA1,161,0.0019
C1QL1,161,0.0019
PIGX,161,0.0019
C20orf141,161,0.0019
DBNDD1,161,0.0019
CABP7,161,0.0019
CAPZA2,161,0.0019
IMMP1L,161,0.0019
FIBP,161,0.0019
PPP1R1B,161,0.0019
TLCD4,161,0.0019
PRR3,161,0.0019
IL1B,161,0.0019
KCNMB2,160,0.0019
INAFM1,160,0.0019
SDF2,160,0.0019
PLA2G2E,160,0.0019
JPT2,160,0.0019
C2orf50,160,0.0019
NPPB,160,0.0019
IL1F10,160,0.0019
IRGM,160,0.0019
PIP,160,0.0019
ACP1,160,0.0019
PLEKHJ1,160,0.0019
SLC25A36,160,0.0019
MT-CO1,160,0.0019
GSTM2,160,0.0019
MS4A6E,160,0.0019
LCE1D,160,0.0019
TMEM150A,160,0.0019
EID2B,160,0.0019
RNASE6,160,0.0019
C8orf82,160,0.0019
MREG,160,0.0019
TRAPPC2L,160,0.0019
NDUFA12,160,0.0019
TEX30,160,0.0019
TMEM114,160,0.0019
SERTAD3,159,0.0019
ID4,159,0.0019
VKORC1,159,0.0019
TWSG1,159,0.0019
REEP3,159,0.0019
EXOSC1,159,0.0019
PINLYP,159,0.0019
MAGEB4,159,0.0019
TBP,159,0.0019
MED18,159,0.0019
MAGEA8,159,0.0019
PLLP,159,0.0019
PDGFA,159,0.0019
PPP1R2,159,0.0019
GP1BB,159,0.0019
KCTD4,159,0.0019
PPP1R3E,159,0.0019
RUVBL1,159,0.0019
ERI3,159,0.0019
CLDND2,159,0.0019
FANCD2OS,159,0.0019
LIN28B,159,0.0019
PLA2G12B,159,0.0019
TSLP,159,0.0019
RNASE1,159,0.0019
MRPL53,159,0.0019
PPP1R2B,159,0.0019
GLIPR2,159,0.0019
CYTH2,159,0.0019
FNDC4,159,0.0019
TAF10,159,0.0019
ELOVL1,159,0.0019
ACER3,159,0.0019
IL20,159,0.0019
COPRS,159,0.0019
PDCL2,159,0.0019
HDAC2,159,0.0019
GNB2,159,0.0019
EMP1,158,0.0019
NMRK1,158,0.0019
NAT8L,158,0.0019
SPDYA,158,0.0019
HDGF,158,0.0019
AK4,158,0.0019
LPAR4,158,0.0019
TRIM64,158,0.0019
ZC2HC1B,158,0.0019
CD40LG,158,0.0019
PLEKHA3,158,0.0019
TNFRSF13C,158,0.0019
C17orf107,158,0.0019
REG4,158,0.0019
CGB5,158,0.0019
CYTH3,158,0.0019
DEFB1,158,0.0019
SEPHS1,158,0.0019
PSMC4,158,0.0019
LRRC57,158,0.0019
SFT2D3,158,0.0019
NOP16,158,0.0019
TPM3,158,0.0019
ATG13,158,0.0019
EGR3,158,0.0019
TEX38,158,0.0019
TRGV3,158,0.0019
MXD1,158,0.0019
CIAO2A,158,0.0019
RGS4,157,0.0018
POLR2C,157,0.0018
PLET1,157,0.0018
AMD1,157,0.0018
IL36B,157,0.0018
PNOC,157,0.0018
REXO2,157,0.0018
CMTM8,157,0.0018
CORT,157,0.0018
SAR1B,157,0.0018
NDUFAF4,157,0.0018
SPRR3,157,0.0018
VXN,157,0.0018
RBM17,157,0.0018
TMED5,157,0.0018
DDX6,157,0.0018
NINJ2,157,0.0018
BNIP3,157,0.0018
GDNF,157,0.0018
PIP4P1,157,0.0018
PRR32,157,0.0018
ADIPOR2,157,0.0018
PRKAB2,157,0.0018
SSX5,157,0.0018
FAM204A,157,0.0018
CST3,157,0.0018
TSNAX,156,0.0018
CSMD2,156,0.0018
FAM237A,156,0.0018
MPP1,156,0.0018
GPR42,156,0.0018
SPSB1,156,0.0018
CHCHD5,156,0.0018
VMAC,156,0.0018
KCTD2,156,0.0018
NMU,156,0.0018
H2BC26,156,0.0018
MRPS24,156,0.0018
ELK1,156,0.0018
LRRC10B,156,0.0018
GGCT,156,0.0018
GHRL,156,0.0018
ARMCX1,156,0.0018
FAM174A,156,0.0018
ZFP92,156,0.0018
DRAP1,156,0.0018
TPPP3,156,0.0018
HDAC8,156,0.0018
SOSTDC1,156,0.0018
MT-ND2,156,0.0018
WASHC3,156,0.0018
FAM78B,156,0.0018
AGAP6,156,0.0018
FLYWCH2,155,0.0018
PSME3IP1,155,0.0018
MND1,155,0.0018
ATP6V0D1,155,0.0018
CDRT4,155,0.0018
ZDHHC3,155,0.0018
KCNJ6,155,0.0018
RAB11B,155,0.0018
CDK16,155,0.0018
ECRG4,155,0.0018
MCEE,155,0.0018
ITGB1BP2,155,0.0018
ARL2,155,0.0018
RND1,155,0.0018
UQCRFS1,155,0.0018
TNFAIP8L2,155,0.0018
URAD,155,0.0018
PANK3,155,0.0018
KCTD5,155,0.0018
TRAPPC6A,155,0.0018
TSPAN31,155,0.0018
CDNF,155,0.0018
CIMAP1B,155,0.0018
IL22,155,0.0018
NXPH2,155,0.0018
PPIAL4A,155,0.0018
SDF2L1,155,0.0018
UBE2Q1,155,0.0018
GSTM1,155,0.0018
ABCA2,155,0.0018
PRLH,155,0.0018
TEX29,155,0.0018
PRIM2,155,0.0018
ARL14EPL,154,0.0018
EFNA1,154,0.0018
RAB2B,154,0.0018
TNFSF8,154,0.0018
MYB,154,0.0018
LNP1,154,0.0018
CIAO2B,154,0.0018
PLAAT4,154,0.0018
IDH3G,154,0.0018
SLC25A28,154,0.0018
EVA1B,154,0.0018
POU3F1,154,0.0018
CALML5,154,0.0018
LY6K,154,0.0018
SRGAP2C,154,0.0018
CEBPG,154,0.0018
TTC36,154,0.0018
NEK7,154,0.0018
MYL1,154,0.0018
PGAM4,154,0.0018
PBX1,154,0.0018
IGHV3-43,154,0.0018
CRIP3,154,0.0018
HLA-DRA,154,0.0018
SKA1,154,0.0018
CAMP,154,0.0018
SCRT1,154,0.0018
KLRF1,154,0.0018
TEX13B,154,0.0018
CLEC4C,154,0.0018
RASL10B,154,0.0018
HSPB9,154,0.0018
HS6ST2,153,0.0018
MOB3B,153,0.0018
EEF1A1,153,0.0018
ZNRF2,153,0.0018
MMP23B,153,0.0018
ARL15,153,0.0018
KLF13,153,0.0018
KCNE2,153,0.0018
CALCA,153,0.0018
KDELR2,153,0.0018
FGF17,153,0.0018
LYG1,153,0.0018
NKAIN2,153,0.0018
IGHV1-58,153,0.0018
AMMECR1L,153,0.0018
ACOT6,153,0.0018
CIMIP1,153,0.0018
SYCE2,153,0.0018
PFN3,153,0.0018
EMX2,153,0.0018
NDUFA6,153,0.0018
AMN1,153,0.0018
NRSN1,153,0.0018
INSL3,153,0.0018
DNPH1,153,0.0018
DRAM1,153,0.0018
TMEM138,153,0.0018
FBXL20,153,0.0018
TUBG1,153,0.0018
TEX36,153,0.0018
SGTB,153,0.0018
HNRNPD,153,0.0018
RAB15,153,0.0018
C10orf105,153,0.0018
PAEP,153,0.0018
CHST7,153,0.0018
CCDC169,153,0.0018
MSGN1,153,0.0018
COPS8,153,0.0018
KCNV1,153,0.0018
MZB1,152,0.0018
ZDHHC9,152,0.0018
SNRPB,152,0.0018
MTFP1,152,0.0018
NIP7,152,0.0018
RBM24,152,0.0018
ACTR1A,152,0.0018
COMMD9,152,0.0018
FAM3C,152,0.0018
ZIC3,152,0.0018
UQCC4,152,0.0018
H2AC11,152,0.0018
GTF2F2,152,0.0018
MED6,152,0.0018
CYYR1,152,0.0018
FOXD4L4,152,0.0018
EHBP1,152,0.0018
SEPTIN6,152,0.0018
CKLF,152,0.0018
KLHDC3,152,0.0018
UBL4B,152,0.0018
THAP1,152,0.0018
LTO1,152,0.0018
TP53TG3D,152,0.0018
IL24,152,0.0018
CDC34,152,0.0018
SPRYD4,152,0.0018
RBPMS2,152,0.0018
KNCN,152,0.0018
RILPL2,152,0.0018
DAOA,152,0.0018
TMIE,152,0.0018
SPC25,152,0.0018
TMEM88B,151,0.0018
CETN1,151,0.0018
TMEM91,151,0.0018
COPS6,151,0.0018
H2AC17,151,0.0018
REX1BD,151,0.0018
GNAZ,151,0.0018
SLC25A53,151,0.0018
UGCG,151,0.0018
CHMP5,151,0.0018
TIGAR,151,0.0018
KRTAP9-6,151,0.0018
TMEM240,151,0.0018
STXBP6,151,0.0018
RAB5A,151,0.0018
AREG,151,0.0018
CD70,151,0.0018
C6orf226,151,0.0018
KLRK1,151,0.0018
CD53,151,0.0018
MRAP2,151,0.0018
INSIG1,151,0.0018
TMEM179,151,0.0018
BRMS1L,151,0.0018
LPGAT1,151,0.0018
CTDSPL,151,0.0018
SIAH2,151,0.0018
SOD2,151,0.0018
TMEM178B,151,0.0018
CTF1,151,0.0018
CD99L2,150,0.0018
NANOS2,150,0.0018
RARRES2,150,0.0018
VSTM5,150,0.0018
STARD3NL,150,0.0018
FUOM,150,0.0018
RPSA,150,0.0018
ZNF367,150,0.0018
C15orf61,150,0.0018
GRIFIN,150,0.0018
CHMP3,150,0.0018
GJD2,150,0.0018
KRTAP4-2,150,0.0018
H2BC8,150,0.0018
TNFAIP8,150,0.0018
MAPRE1,150,0.0018
TIMP3,150,0.0018
HINT2,150,0.0018
CCDC28B,150,0.0018
GIMD1,149,0.0017
SIKE1,149,0.0017
MRAS,149,0.0017
CYGB,149,0.0017
MRPS14,149,0.0017
MAP6D1,149,0.0017
SLC50A1,149,0.0017
GUCA2A,149,0.0017
SPIN2A,149,0.0017
PRIMA1,149,0.0017
GET1,149,0.0017
NRAS,149,0.0017
HPCAL4,149,0.0017
ZNF449,149,0.0017
OOEP,149,0.0017
TARDBP,149,0.0017
KRTAP5-9,149,0.0017
MAGEA11,149,0.0017
KLF6,149,0.0017
IGLV10-54,149,0.0017
SUDS3,149,0.0017
CAV2,149,0.0017
FAM76A,149,0.0017
FAM89A,149,0.0017
FSBP,149,0.0017
ADGRL1,149,0.0017
HCFC1R1,149,0.0017
PHLDA2,149,0.0017
CLDN12,149,0.0017
TTC9,149,0.0017
FAM162B,148,0.0017
DDIT3,148,0.0017
BCL2,148,0.0017
RPL29,148,0.0017
TXNL4B,148,0.0017
CACNG3,148,0.0017
CIMAP3,148,0.0017
DNASE1L1,148,0.0017
KLF2,148,0.0017
NDUFA8,148,0.0017
GLRX5,148,0.0017
STARD4,148,0.0017
DEFB125,148,0.0017
MRPL57,148,0.0017
PRAP1,148,0.0017
TTC32,148,0.0017
LTBP4,148,0.0017
MEIS1,148,0.0017
LGALS13,148,0.0017
KXD1,148,0.0017
SPC24,148,0.0017
CST9L,147,0.0017
CST11,147,0.0017
GPR34,147,0.0017
C20orf203,147,0.0017
RPL28,147,0.0017
MPPED2,147,0.0017
OTUB1,147,0.0017
TBC1D3I,147,0.0017
GEMIN7,147,0.0017
FBXO8,147,0.0017
GPR89B,147,0.0017
AMMECR1,147,0.0017
TERB2,147,0.0017
BCL10,147,0.0017
NUDT15,147,0.0017
TAFA3,147,0.0017
MED7,147,0.0017
NDUFAF2,147,0.0017
ZCCHC10,147,0.0017
RNF4,147,0.0017
TMEM242,147,0.0017
FMR1NB,147,0.0017
PMP2,147,0.0017
CCSAP,147,0.0017
TUBB2B,147,0.0017
CSN1S1,147,0.0017
CGB3,147,0.0017
MAGEB17,147,0.0017
ADISSP,147,0.0017
SNAP23,147,0.0017
IRF1,147,0.0017
IL3,147,0.0017
LGALS16,147,0.0017
HES3,147,0.0017
EIF4E3,147,0.0017
H2AC16,147,0.0017
IGKV2D-26,147,0.0017
NIPSNAP1,146,0.0017
SPMIP3,146,0.0017
HLF,146,0.0017
KRTAP5-6,146,0.0017
PPP1R8,146,0.0017
UBLCP1,146,0.0017
RIT2,146,0.0017
UBD,146,0.0017
SPDYE6,146,0.0017
UBE2T,146,0.0017
MYL11,146,0.0017
OR2T29,146,0.0017
NANOGNB,146,0.0017
ZC3H8,146,0.0017
RNF141,146,0.0017
ANKRD66,146,0.0017
COMMD7,146,0.0017
RPL18A,146,0.0017
TTC9B,146,0.0017
SAP30,146,0.0017
BST2,146,0.0017
RAB13,146,0.0017
VPREB1,146,0.0017
FOXN3,146,0.0017
POTEB3,146,0.0017
PTRHD1,146,0.0017
STX1A,146,0.0017
MFAP2,145,0.0017
BNIP3L,145,0.0017
GTF3C6,145,0.0017
SELENOM,145,0.0017
GTSF1L,145,0.0017
CTSS,145,0.0017
DEFB131A,145,0.0017
FBLL1,145,0.0017
PTRH2,145,0.0017
OLIG1,145,0.0017
GNAI2,145,0.0017
PNPLA4,145,0.0017
PDCD10,145,0.0017
TCEANC,145,0.0017
KLHL15,145,0.0017
TMEM207,145,0.0017
JDP2,145,0.0017
IL10,145,0.0017
GPR174,145,0.0017
RGS13,145,0.0017
HMGN1,145,0.0017
MSRB2,145,0.0017
CXorf38,145,0.0017
ASCL1,145,0.0017
RAB40A,145,0.0017
SYP,145,0.0017
RCAN1,145,0.0017
DOLPP1,145,0.0017
CENPM,145,0.0017
LEMD1,144,0.0017
FAM209B,144,0.0017
ADAT2,144,0.0017
ATG4A,144,0.0017
CRK,144,0.0017
NDUFAB1,144,0.0017
LYPLA1,144,0.0017
PLAC8L1,144,0.0017
CABYR,144,0.0017
LCE2D,144,0.0017
N4BP2L1,144,0.0017
KLRD1,144,0.0017
PRMT1,144,0.0017
TMEM92,144,0.0017
PRKACA,144,0.0017
MT-ND1,144,0.0017
C5orf52,144,0.0017
MAGEB3,144,0.0017
SAA4,144,0.0017
CALML3,144,0.0017
ACTB,144,0.0017
KRTAP1-4,144,0.0017
ISCA2,144,0.0017
UBE2J2,144,0.0017
OCIAD2,144,0.0017
TXNL1,144,0.0017
RPL15,144,0.0017
TMEM150C,144,0.0017
DEFA6,144,0.0017
ZNG1E,144,0.0017
CYTL1,144,0.0017
CYSRT1,144,0.0017
MED20,144,0.0017
FGF10,144,0.0017
RAMP3,144,0.0017
MSRB1,144,0.0017
GIP,144,0.0017
EMC7,144,0.0017
IGHV3-66,143,0.0017
U2AF2,143,0.0017
PRKX,143,0.0017
IGKV2D-30,143,0.0017
RABAC1,143,0.0017
TEF,143,0.0017
LCE1F,143,0.0017
NTS,143,0.0017
EIF3J,143,0.0017
TXNDC9,143,0.0017
SLC25A51,143,0.0017
RNF212B,143,0.0017
USP12,143,0.0017
CYREN,143,0.0017
C11orf71,143,0.0017
RHOXF1,143,0.0017
MT-CO3,143,0.0017
SFT2D2,143,0.0017
RPL26L1,143,0.0017
NOVA2,143,0.0017
RAB42,143,0.0017
ANKRD49,143,0.0017
MYL9,142,0.0017
DTD1,142,0.0017
RPP25L,142,0.0017
UBE2C,142,0.0017
HOMER1,142,0.0017
CNN3,142,0.0017
BMF,142,0.0017
APOM,142,0.0017
KCNJ3,142,0.0017
RGS5,142,0.0017
HNRNPA0,142,0.0017
TSPAN14,142,0.0017
IGKV1D-12,142,0.0017
SSNA1,142,0.0017
THRSP,142,0.0017
GMFG,142,0.0017
KCNIP4,142,0.0017
CMTM6,142,0.0017
SPA17,142,0.0017
CAB39,142,0.0017
LYPD6,142,0.0017
IFT22,142,0.0017
KLF16,142,0.0017
TMED7,142,0.0017
SPATA24,142,0.0017
PRR15,142,0.0017
HSPB3,141,0.0017
C19orf84,141,0.0017
LIN7A,141,0.0017
CPLX3,141,0.0017
CSTF2,141,0.0017
LYPLA2,141,0.0017
UBE2L6,141,0.0017
C19orf25,141,0.0017
NSG2,141,0.0017
TMEM216,141,0.0017
MAD2L2,141,0.0017
H1-0,141,0.0017
TMEM217,141,0.0017
RAB29,141,0.0017
PPM1A,141,0.0017
RBM39,141,0.0017
MAD2L1,141,0.0017
RPA4,141,0.0017
TRAPPC6B,141,0.0017
GREM2,141,0.0017
DUSP9,141,0.0017
IKBKG,141,0.0017
YBEY,141,0.0017
DMAC1,141,0.0017
UPK3BL2,141,0.0017
IGSF23,141,0.0017
SHLD3,141,0.0017
NKIRAS2,141,0.0017
OOSP2,141,0.0017
IQCF2,140,0.0016
GCLM,140,0.0016
GEMIN8,140,0.0016
THRA,140,0.0016
KIAA1143,140,0.0016
DYNLT5,140,0.0016
CNRIP1,140,0.0016
PTHLH,140,0.0016
SKIC8,140,0.0016
NFYA,140,0.0016
PSME2,140,0.0016
PRRG4,140,0.0016
BDNF,140,0.0016
METTL5,140,0.0016
ALKBH6,140,0.0016
PRELID3A,140,0.0016
CHFR,140,0.0016
SIT1,140,0.0016
IL17A,140,0.0016
NDUFA7,140,0.0016
H2AC25,140,0.0016
NMB,140,0.0016
NMS,140,0.0016
C2orf74,140,0.0016
MRPL36,140,0.0016
EDDM3A,140,0.0016
HINT3,140,0.0016
ANXA8L1,140,0.0016
NPM1,140,0.0016
LMO1,140,0.0016
TPD52L1,140,0.0016
MRPL13,140,0.0016
IGBP1,140,0.0016
AKT3,139,0.0016
GKN1,139,0.0016
LYNX1,139,0.0016
SLC38A5,139,0.0016
TSPAN13,139,0.0016
DCTN6,139,0.0016
OR2AJ1,139,0.0016
MS4A13,139,0.0016
RAB3C,139,0.0016
TXNDC12,139,0.0016
MRPL14,139,0.0016
PRPF18,139,0.0016
GCSAM,139,0.0016
GOLGA6L9,139,0.0016
PPIL3,139,0.0016
NGB,139,0.0016
EDDM3B,139,0.0016
COA3,139,0.0016
TNMD,139,0.0016
SRGN,139,0.0016
PFDN2,139,0.0016
ARL6IP1,139,0.0016
BCL2L15,139,0.0016
SELENOH,139,0.0016
CA7,139,0.0016
MYDGF,139,0.0016
BCL2L1,139,0.0016
CXCL6,138,0.0016
USP17L8,138,0.0016
PPBP,138,0.0016
TMEM80,138,0.0016
PPDPF,138,0.0016
NDUFB4,138,0.0016
MRPL55,138,0.0016
RBM45,138,0.0016
KCNIP2,138,0.0016
HDAC3,138,0.0016
C3orf18,138,0.0016
CCDC160,138,0.0016
IL4,138,0.0016
MBNL1,138,0.0016
C1orf115,138,0.0016
VHLL,138,0.0016
CREG1,138,0.0016
SAT2,138,0.0016
PSMC2,138,0.0016
LYZL6,138,0.0016
P2RY10,138,0.0016
BRS3,138,0.0016
RPRD1A,138,0.0016
LYZL4,138,0.0016
CLDN5,138,0.0016
CSRP2,138,0.0016
LCE1A,138,0.0016
FTSJ1,138,0.0016
RPS10,138,0.0016
RPS7,137,0.0016
PBOV1,137,0.0016
FREY1,137,0.0016
TYMS,137,0.0016
ZMAT5,137,0.0016
RIPPLY2,137,0.0016
RAC3,137,0.0016
COMMD2,137,0.0016
EBPL,137,0.0016
MAT2A,137,0.0016
LGALS2,137,0.0016
PSMB2,137,0.0016
SNCG,137,0.0016
CACYBP,137,0.0016
POU2AF3,137,0.0016
BOLA1,137,0.0016
IL36G,137,0.0016
DLX1,137,0.0016
LYSMD2,137,0.0016
GOLGA8N,137,0.0016
MIF,137,0.0016
RSL24D1,137,0.0016
GPX8,137,0.0016
CLEC2A,137,0.0016
RPA3,137,0.0016
PRDX2,137,0.0016
CCDC12,137,0.0016
CLPSL1,137,0.0016
ZMAT4,137,0.0016
MAGEB18,137,0.0016
IQCF5,137,0.0016
RAB4A,137,0.0016
IL19,137,0.0016
RPLP2,136,0.0016
TAF9B,136,0.0016
HPRT1,136,0.0016
CLEC3B,136,0.0016
CCDC182,136,0.0016
MACIR,136,0.0016
USP46,136,0.0016
TPM4,136,0.0016
CUL1,136,0.0016
ARL3,136,0.0016
VIP,136,0.0016
COX7A2L,136,0.0016
BLOC1S6,136,0.0016
NBPF11,136,0.0016
TAF11,136,0.0016
DPRX,136,0.0016
PGF,136,0.0016
EFCAB9,136,0.0016
MRPL48,136,0.0016
SOWAHD,136,0.0016
DYDC1,136,0.0016
RPP21,136,0.0016
DYRK1A,136,0.0016
RBMX2,136,0.0016
NRF1,136,0.0016
RPL18,136,0.0016
PPIL1,136,0.0016
HNRNPH1,136,0.0016
DLEU7,136,0.0016
ICOS,136,0.0016
ING2,136,0.0016
RNF5,136,0.0016
STC1,136,0.0016
OTOR,136,0.0016
FAM133B,135,0.0016
SCAMP1,135,0.0016
RAB39A,135,0.0016
IL13,135,0.0016
TNNI1,135,0.0016
FAM167B,135,0.0016
ZFAND3,135,0.0016
CFAP90,135,0.0016
SMR3A,135,0.0016
IGHV7-81,135,0.0016
CRH,135,0.0016
EGLN3,135,0.0016
ZNF711,135,0.0016
FGF4,135,0.0016
GTF2B,135,0.0016
ZDHHC15,135,0.0016
MED30,135,0.0016
IRF5,135,0.0016
PNCK,135,0.0016
TMEM208,135,0.0016
PHOX2A,135,0.0016
FAM180B,135,0.0016
LRCOL1,135,0.0016
RNF185,135,0.0016
C3orf22,135,0.0016
GALP,135,0.0016
MMD,135,0.0016
TPD52L3,135,0.0016
ATP1B3,135,0.0016
CNPY2,135,0.0016
OCM,135,0.0016
SAA1,135,0.0016
CLIC1,135,0.0016
CLTA,135,0.0016
RHOV,135,0.0016
RHEX,135,0.0016
BZW1,135,0.0016
TSSK4,134,0.0016
NPW,134,0.0016
HBQ1,134,0.0016
SPI1,134,0.0016
ATP1B1,134,0.0016
NUDCD2,134,0.0016
ESM1,134,0.0016
MAL2,134,0.0016
MBNL3,134,0.0016
RBP5,134,0.0016
TMEM11,134,0.0016
RAB43,134,0.0016
STK26,134,0.0016
LECT2,134,0.0016
FCF1,134,0.0016
TMEM210,134,0.0016
H2BC10,134,0.0016
CSNKA2IP,134,0.0016
SPINK1,134,0.0016
SIGLECL1,134,0.0016
CMTM3,134,0.0016
POLE3,134,0.0016
NONO,134,0.0016
INSL5,134,0.0016
LTC4S,134,0.0016
SRM,134,0.0016
CSTL1,133,0.0016
ZNF84,133,0.0016
SF3B4,133,0.0016
GGACT,133,0.0016
KCNK12,133,0.0016
IL31,133,0.0016
IL12A,133,0.0016
PPP1R14A,133,0.0016
SAA2,133,0.0016
KRTAP15-1,133,0.0016
C1orf53,133,0.0016
PUDP,133,0.0016
ARMH2,133,0.0016
UCHL3,133,0.0016
SYAP1,133,0.0016
PRELID1,133,0.0016
MAGEB16,133,0.0016
SPPL3,133,0.0016
TMEM160,133,0.0016
PLA2G2C,133,0.0016
PRH2,133,0.0016
LYRM1,133,0.0016
UFC1,133,0.0016
DUSP14,133,0.0016
TMEM97,133,0.0016
CPSF4L,133,0.0016
LCE1C,133,0.0016
TNFAIP8L1,133,0.0016
CZIB,133,0.0016
ATF3,133,0.0016
SOX21,133,0.0016
MRFAP1L1,132,0.0015
RGS21,132,0.0015
FIS1,132,0.0015
FAM90A26,132,0.0015
SLIRP,132,0.0015
ANKRD30BL,132,0.0015
CYB5B,132,0.0015
KCNJ9,132,0.0015
APOOL,132,0.0015
BAALC,132,0.0015
POP5,132,0.0015
TENT5D,132,0.0015
ZNF576,132,0.0015
TVP23B,132,0.0015
AKIRIN1,132,0.0015
C15orf62,132,0.0015
LY6G6D,132,0.0015
PPP1R14D,132,0.0015
MSMP,132,0.0015
DYDC2,132,0.0015
HOMER2,132,0.0015
RNF2,132,0.0015
PHLDA3,132,0.0015
IGKV2D-24,132,0.0015
GPM6A,132,0.0015
KIAA1522,132,0.0015
LCE1B,132,0.0015
S100A16,132,0.0015
FABP12,132,0.0015
MAP1LC3B2,132,0.0015
ARL5C,132,0.0015
TIPRL,132,0.0015
IGLV3-27,132,0.0015
COX5A,132,0.0015
PPP2R2A,131,0.0015
EIF5AL1,131,0.0015
RAB41,131,0.0015
IL15,131,0.0015
EFNA5,131,0.0015
MIS12,131,0.0015
HBEGF,131,0.0015
CYS1,131,0.0015
INTS3,131,0.0015
PCGF1,131,0.0015
TMEM42,131,0.0015
ZNHIT1,131,0.0015
EMP3,131,0.0015
FEV,131,0.0015
NINJ1,131,0.0015
SHISAL2B,131,0.0015
SELENOF,131,0.0015
PQBP1,131,0.0015
THEM6,131,0.0015
GLRX2,131,0.0015
TEX19,131,0.0015
ARL2BP,131,0.0015
APOC4,131,0.0015
C17orf100,131,0.0015
CFAP126,131,0.0015
OR4F21,131,0.0015
GYPB,131,0.0015
RAB21,131,0.0015
RAB5C,131,0.0015
SNRPA1,131,0.0015
MAP2K4,131,0.0015
NABP2,131,0.0015
PEBP1,131,0.0015
SHISA4,131,0.0015
PCMTD1,131,0.0015
GATC,131,0.0015
BCL2L2,131,0.0015
DYNLRB2,130,0.0015
AFF1,130,0.0015
ARL4A,130,0.0015
ANP32D,130,0.0015
SOCS2,130,0.0015
RASL10A,130,0.0015
MRFAP1,130,0.0015
LLPH,130,0.0015
RWDD4,130,0.0015
SSX3,130,0.0015
PIRT,130,0.0015
H2BC3,130,0.0015
PTPRB,130,0.0015
RPL22L1,130,0.0015
OARD1,130,0.0015
FNDC5,130,0.0015
APH1A,130,0.0015
CXCR3,130,0.0015
SURF4,130,0.0015
DNAJC8,130,0.0015
CNIH3,130,0.0015
TCL1B,130,0.0015
NR2C2AP,130,0.0015
TVP23C,130,0.0015
RNASE2,130,0.0015
GID4,130,0.0015
LACRT,129,0.0015
NFYC,129,0.0015
PRDX6,129,0.0015
SASH3,129,0.0015
MAPRE3,129,0.0015
SCT,129,0.0015
MRPL42,129,0.0015
TIMM17A,129,0.0015
H4C3,129,0.0015
H2BC13,129,0.0015
CALB1,129,0.0015
TSPAN3,129,0.0015
LHFPL4,129,0.0015
NAA38,129,0.0015
H4C16,129,0.0015
EIF4A1,129,0.0015
VWC2L,129,0.0015
HCCS,129,0.0015
KCNE3,129,0.0015
TGFA,129,0.0015
IGLV2-18,129,0.0015
ILF2,129,0.0015
PRR4,129,0.0015
SZRD1,129,0.0015
IGLV3-22,129,0.0015
CCL21,129,0.0015
FDX1,129,0.0015
PTH2,129,0.0015
MRPL30,129,0.0015
FGF19,129,0.0015
MAL,129,0.0015
TRAPPC3L,128,0.0015
CARD19,128,0.0015
FABP9,128,0.0015
DUSP3,128,0.0015
PPP2R5E,128,0.0015
PROK1,128,0.0015
EMC3,128,0.0015
MRPS25,128,0.0015
LHFPL7,128,0.0015
DERL2,128,0.0015
ORMDL2,128,0.0015
GPR173,128,0.0015
RBM18,128,0.0015
HBA2,128,0.0015
TMEM220,128,0.0015
TNF,128,0.0015
ITCH,128,0.0015
FAM168B,128,0.0015
WDR13,128,0.0015
FAM162A,128,0.0015
CMTM4,128,0.0015
PHB1,128,0.0015
UFD1,128,0.0015
CALY,128,0.0015
TSPO2,128,0.0015
THOC7,127,0.0015
GPSM3,127,0.0015
TEAD2,127,0.0015
MGP,127,0.0015
ZFAND6,127,0.0015
C3orf80,127,0.0015
ANP32B,127,0.0015
TMEM9,127,0.0015
CYB5A,127,0.0015
TIMP2,127,0.0015
LCNL1,127,0.0015
ARHGAP25,127,0.0015
CXCL3,127,0.0015
RNF113A,127,0.0015
C1orf105,127,0.0015
C22orf15,127,0.0015
SFT2D1,127,0.0015
OTUD6A,127,0.0015
C5orf47,127,0.0015
S100A7,127,0.0015
ZMYND19,127,0.0015
MAGEB10,127,0.0015
MICOS13,127,0.0015
CLC,127,0.0015
TEX261,127,0.0015
RNASE7,127,0.0015
TXN2,127,0.0015
LCE5A,127,0.0015
RND3,127,0.0015
C1orf210,126,0.0015
SCP2D1,126,0.0015
PSMB3,126,0.0015
TUBA1A,126,0.0015
SUV39H2,126,0.0015
C1orf146,126,0.0015
TSPO,126,0.0015
CETN3,126,0.0015
RNF41,126,0.0015
HACD2,126,0.0015
C8orf89,126,0.0015
NPPC,126,0.0015
NDUFB6,126,0.0015
IGLV1-36,126,0.0015
EEF1E1,126,0.0015
XK,126,0.0015
MAFK,126,0.0015
VGLL1,126,0.0015
TCF21,126,0.0015
PHYHIP,126,0.0015
BOD1,126,0.0015
SNAPC5,126,0.0015
YKT6,126,0.0015
ARPC3,126,0.0015
LCE3D,126,0.0015
HSPB6,126,0.0015
ATP5MF,125,0.0015
RAMAC,125,0.0015
RHEBL1,125,0.0015
MRPS6,125,0.0015
HIKESHI,125,0.0015
TMEM244,125,0.0015
TMEM18,125,0.0015
CDKN3,125,0.0015
RNF122,125,0.0015
SCAMP5,125,0.0015
XCL2,125,0.0015
MRPL43,125,0.0015
RHOH,125,0.0015
MGAT4D,125,0.0015
TCL1A,125,0.0015
BTG3,125,0.0015
HINT1,125,0.0015
CCDC152,125,0.0015
BLID,125,0.0015
CD59,125,0.0015
ZNF771,125,0.0015
IGKV1D-42,125,0.0015
PLAAT2,125,0.0015
FGF1,125,0.0015
H3C3,125,0.0015
TMEM254,125,0.0015
MAF1,125,0.0015
RPS19,125,0.0015
RPS19BP1,125,0.0015
GPHA2,125,0.0015
ARTN,125,0.0015
OPALIN,125,0.0015
CDA,124,0.0015
ANAPC10,124,0.0015
C17orf49,124,0.0015
FABP6,124,0.0015
TMEM9B,124,0.0015
IFI27L2,124,0.0015
LY96,124,0.0015
PIERCE1,124,0.0015
EBP,124,0.0015
C12orf54,124,0.0015
ENOPH1,124,0.0015
PSMA1,124,0.0015
CD160,124,0.0015
ITGB3BP,124,0.0015
SARNP,124,0.0015
GSTT2B,124,0.0015
PABPC5,124,0.0015
DAPP1,124,0.0015
COPS4,124,0.0015
TMEM225B,124,0.0015
FAM216B,124,0.0015
TCF15,124,0.0015
ARHGEF10,124,0.0015
RNF181,124,0.0015
DEFB118,124,0.0015
JCHAIN,124,0.0015
PRRT1,124,0.0015
FAM210B,124,0.0015
GOLGA7B,124,0.0015
MGST2,124,0.0015
CDK11A,124,0.0015
CFAP276,124,0.0015
PSMC3,124,0.0015
TMEM236,124,0.0015
ALKAL2,124,0.0015
OSTN,124,0.0015
CCDC50,123,0.0014
MRPL51,123,0.0014
IGFL1,123,0.0014
ADM5,123,0.0014
REG1A,123,0.0014
EFNA2,123,0.0014
TPRKB,123,0.0014
COA1,123,0.0014
EPGN,123,0.0014
H4C7,123,0.0014
ACOT13,123,0.0014
DCD,123,0.0014
TNFSF13B,123,0.0014
PHF6,123,0.0014
VAMP5,123,0.0014
TMEM14B,123,0.0014
MAP1LC3C,123,0.0014
EIF4A3,123,0.0014
POP7,123,0.0014
H3C4,123,0.0014
FAM177B,123,0.0014
IL9,123,0.0014
SYS1,122,0.0014
SOCS3,122,0.0014
PCGF3,122,0.0014
C6orf62,122,0.0014
LSM10,122,0.0014
H2BC5,122,0.0014
ATG5,122,0.0014
PSORS1C2,122,0.0014
C2orf72,122,0.0014
RDH10,122,0.0014
USP17L18,122,0.0014
BCL7B,122,0.0014
ARL4D,122,0.0014
RHOQ,122,0.0014
LKAAEAR1,122,0.0014
ARGLU1,122,0.0014
TCEAL6,122,0.0014
ANXA7,122,0.0014
PCYT1B,122,0.0014
RETNLB,122,0.0014
PFN4,122,0.0014
CLDN11,122,0.0014
SNCA,122,0.0014
OR2A1,122,0.0014
CDPF1,122,0.0014
AGPAT1,122,0.0014
C1orf54,122,0.0014
ZNF593,122,0.0014
C11orf98,122,0.0014
IGKV3D-15,122,0.0014
MAP1LC3B,122,0.0014
RAB5B,122,0.0014
MLEC,122,0.0014
CCDC32,122,0.0014
NDUFB2,122,0.0014
UBE2Z,122,0.0014
TMEM65,121,0.0014
TGIF2LX,121,0.0014
AP4S1,121,0.0014
SNTN,121,0.0014
PI3,121,0.0014
MCRIP2,121,0.0014
SAP30L,121,0.0014
TRIM4,121,0.0014
MB,121,0.0014
CREB1,121,0.0014
RPL19,121,0.0014
POM121C,121,0.0014
SULT4A1,121,0.0014
SPCS2,121,0.0014
LIN7C,121,0.0014
YWHAG,121,0.0014
MAGEA1,121,0.0014
TMEM141,121,0.0014
SENP8,121,0.0014
AGRP,121,0.0014
ACTR3,121,0.0014
RPS3A,121,0.0014
RBP2,121,0.0014
KRTAP3-2,120,0.0014
LDAF1,120,0.0014
SRP19,120,0.0014
RAB1B,120,0.0014
GPR119,120,0.0014
CRIP1,120,0.0014
GPHB5,120,0.0014
DIRAS1,120,0.0014
ZCRB1,120,0.0014
YWHAQ,120,0.0014
RPL23A,120,0.0014
CLTRN,120,0.0014
PIM2,120,0.0014
CDKN2D,120,0.0014
SRXN1,120,0.0014
CFC1,120,0.0014
PYY,120,0.0014
PRELID3B,120,0.0014
CDK6,120,0.0014
CDK2,120,0.0014
KHDC1L,120,0.0014
CCDC74A,120,0.0014
CSTB,120,0.0014
TMEM107,120,0.0014
ZNG1C,120,0.0014
AWAT2,120,0.0014
CNOT8,120,0.0014
RPL17,120,0.0014
DAPL1,120,0.0014
MAGEB5,119,0.0014
PSORS1C1,119,0.0014
ATP6V1E1,119,0.0014
EBAG9,119,0.0014
SGF29,119,0.0014
ZNF705B,119,0.0014
NHSL1,119,0.0014
WFDC12,119,0.0014
C1GALT1C1,119,0.0014
HMGB1P1,119,0.0014
MOBP,119,0.0014
SNX24,119,0.0014
AGR2,119,0.0014
ZEB1,119,0.0014
CDKN2C,119,0.0014
RNASE12,119,0.0014
DUSP21,119,0.0014
H4C9,119,0.0014
FKBP1C,119,0.0014
PGRMC1,119,0.0014
ATP6V1F,119,0.0014
DHFR2,119,0.0014
IFITM1,119,0.0014
TMEM250,119,0.0014
CPNE7,119,0.0014
DHFR,119,0.0014
ASIP,119,0.0014
ZNF740,118,0.0014
LGALSL,118,0.0014
SSU72L6,118,0.0014
ID2,118,0.0014
IL7,118,0.0014
LGALS1,118,0.0014
MORN4,118,0.0014
TAGLN3,118,0.0014
KLRC4,118,0.0014
RPL21,118,0.0014
TNNC2,118,0.0014
RAB18,118,0.0014
RBMX,118,0.0014
TRAPPC3,118,0.0014
PCNP,118,0.0014
RGS17,118,0.0014
LY6E,118,0.0014
LSMEM1,118,0.0014
TBC1D3L,118,0.0014
CRABP1,118,0.0014
PIGH,118,0.0014
SDHAF1,118,0.0014
PYM1,118,0.0014
DEFB115,118,0.0014
LCE3E,118,0.0014
MINAR2,118,0.0014
MED9,118,0.0014
PRR13,118,0.0014
TMCO2,117,0.0014
SDR42E2,117,0.0014
CNIH4,117,0.0014
MCCD1,117,0.0014
PPP1R14C,117,0.0014
NHLRC4,117,0.0014
FATE1,117,0.0014
TRGV5,117,0.0014
AAMDC,117,0.0014
ZCCHC24,117,0.0014
MAP3K7CL,117,0.0014
BTG2,117,0.0014
KLF9,117,0.0014
S100A14,117,0.0014
DAZAP2,117,0.0014
MAP2K6,117,0.0014
H2AC14,117,0.0014
CCNQ,117,0.0014
ATAD3A,117,0.0014
TRGV4,117,0.0014
FAM9B,117,0.0014
MEI4,117,0.0014
H4C13,117,0.0014
PROK2,117,0.0014
ODAPH,117,0.0014
RHOC,117,0.0014
EIF4H,117,0.0014
PSCA,117,0.0014
BMI1,116,0.0014
PRAMEF8,116,0.0014
RABIF,116,0.0014
RAB24,116,0.0014
TFF2,116,0.0014
ASB9,116,0.0014
EIF1AD,116,0.0014
ARMCX3,116,0.0014
DEFB135,116,0.0014
NHLH1,116,0.0014
LLCFC1,116,0.0014
ING5,116,0.0014
RMI2,116,0.0014
ARPC2,116,0.0014
CITED4,116,0.0014
PITHD1,116,0.0014
DEFB129,116,0.0014
HMGN5,116,0.0014
PTTG1,116,0.0014
CRABP2,116,0.0014
LRRC3B,116,0.0014
CTAG2,116,0.0014
RHOXF2,116,0.0014
ANKRD46,116,0.0014
HIGD1B,116,0.0014
TH,116,0.0014
SCML1,116,0.0014
TAX1BP3,116,0.0014
EIF4E2,116,0.0014
KRTAP11-1,116,0.0014
CXCL5,116,0.0014
XCL1,116,0.0014
TNFSF4,116,0.0014
C3orf49,115,0.0013
SLX1A,115,0.0013
NME2,115,0.0013
SLC25A14,115,0.0013
AP1S3,115,0.0013
RAB3A,115,0.0013
DEFB126,115,0.0013
VAMP7,115,0.0013
PCSK1N,115,0.0013
THY1,115,0.0013
PPP1R14B,115,0.0013
PPP1CA,115,0.0013
LAT,115,0.0013
ADM2,115,0.0013
ZFY,115,0.0013
TRGV2,115,0.0013
IQCM,115,0.0013
CFAP68,115,0.0013
UCN2,115,0.0013
HBE1,115,0.0013
PPTC7,115,0.0013
RWDD1,115,0.0013
CCDC25,115,0.0013
KRTAP3-1,115,0.0013
RNASE8,115,0.0013
ARL5A,115,0.0013
SCGB2B2,115,0.0013
TIMM10B,115,0.0013
PATE1,115,0.0013
TMEM50A,114,0.0013
TMEM213,114,0.0013
TUBB4B,114,0.0013
CD244,114,0.0013
TSTD1,114,0.0013
HES5,114,0.0013
NBL1,114,0.0013
PHF21A,114,0.0013
TP53AIP1,114,0.0013
WFDC2,114,0.0013
PPP6C,114,0.0013
C11orf91,114,0.0013
POMP,114,0.0013
ZG16,114,0.0013
NDUFA2,114,0.0013
NUCKS1,114,0.0013
RAB31,114,0.0013
UCHL5,114,0.0013
C2orf76,114,0.0013
HDDC3,114,0.0013
PCBP1,114,0.0013
C1QL3,114,0.0013
TIFA,114,0.0013
COX20,114,0.0013
OR14A2,114,0.0013
CCDC74B,114,0.0013
PPP1R1A,114,0.0013
ZC4H2,114,0.0013
POLE4,114,0.0013
IGKV3D-20,113,0.0013
COPZ1,113,0.0013
CXCL1,113,0.0013
XNDC1N,113,0.0013
NDUFA4L2,113,0.0013
SSR3,113,0.0013
C17orf58,113,0.0013
MRPS18C,113,0.0013
TRAPPC5,113,0.0013
AIF1L,113,0.0013
CCL4,113,0.0013
CCL16,113,0.0013
SMDT1,113,0.0013
RGS8,113,0.0013
EIF4EBP2,113,0.0013
UBALD1,113,0.0013
IGHV3-73,113,0.0013
CRCP,113,0.0013
NKAIN1,113,0.0013
PFDN5,113,0.0013
CBLN2,113,0.0013
PDAP1,113,0.0013
AK6,113,0.0013
TMEM212,113,0.0013
SLC51B,113,0.0013
NKIRAS1,113,0.0013
TSPAN5,113,0.0013
RNF138,112,0.0013
SCIMP,112,0.0013
POLR1D,112,0.0013
CBY1,112,0.0013
LYZ,112,0.0013
TRAV30,112,0.0013
CALCB,112,0.0013
FTH1,112,0.0013
RNF187,112,0.0013
CLPS,112,0.0013
METTL9,112,0.0013
RABL2A,112,0.0013
BET1L,112,0.0013
RHBDF2,112,0.0013
DESI1,112,0.0013
PRDX4,112,0.0013
EPPIN,112,0.0013
YWHAB,112,0.0013
PSMC6,112,0.0013
MRPS17,112,0.0013
BHLHA9,112,0.0013
C4orf46,112,0.0013
SELENOT,112,0.0013
TSHB,112,0.0013
BGLAP,112,0.0013
H2BC17,112,0.0013
MIA,112,0.0013
WFDC5,112,0.0013
MT-ND4,112,0.0013
RPL9,112,0.0013
GOLT1B,112,0.0013
IGFL3,112,0.0013
LEP,112,0.0013
NDUFS5,111,0.0013
C21orf140,111,0.0013
LY6G6C,111,0.0013
JPT1,111,0.0013
MANF,111,0.0013
IGFL2,111,0.0013
RRAS2,111,0.0013
SPANXN2,111,0.0013
RFK,111,0.0013
C22orf39,111,0.0013
KCNE5,111,0.0013
CDK11B,111,0.0013
RD3L,111,0.0013
POLR3K,111,0.0013
AIF1,111,0.0013
NENF,111,0.0013
UQCC3,111,0.0013
FBXO45,111,0.0013
STYX,111,0.0013
MLANA,111,0.0013
BCL2A1,111,0.0013
SSR2,111,0.0013
OR2A42,111,0.0013
AP2M1,111,0.0013
CDC42EP5,110,0.0013
MAPK14,110,0.0013
CDKN2AIPNL,110,0.0013
CARD16,110,0.0013
UBE2F,110,0.0013
ABHD17C,110,0.0013
CSNK2A2,110,0.0013
MARVELD1,110,0.0013
TCEAL2,110,0.0013
UQCRB,110,0.0013
INSIG2,110,0.0013
KLRG1,110,0.0013
NME1,110,0.0013
C4orf36,110,0.0013
ALOX5AP,110,0.0013
RGS10,110,0.0013
TRBV4-2,110,0.0013
RAMP2,110,0.0013
AVP,110,0.0013
GCSAML,110,0.0013
SLC31A1,110,0.0013
LZIC,110,0.0013
IQCJ,110,0.0013
C1orf185,110,0.0013
DTD2,110,0.0013
NFAT5,110,0.0013
PA2G4,110,0.0013
C5orf24,110,0.0013
CSF2,110,0.0013
IER3IP1,110,0.0013
MUCL1,110,0.0013
STMN3,109,0.0013
COX19,109,0.0013
FAM241B,109,0.0013
ACTR2,109,0.0013
C9orf40,109,0.0013
CYRIA,109,0.0013
SLC17A3,109,0.0013
IFI27,109,0.0013
DYNLT1,109,0.0013
RPL27,109,0.0013
CXCL9,109,0.0013
XBP1,109,0.0013
PDE6G,109,0.0013
PLA2G2A,109,0.0013
TMEM273,109,0.0013
RAC2,109,0.0013
BECN2,109,0.0013
SH2D1B,109,0.0013
COX6B2,109,0.0013
RPL11,109,0.0013
IGHV3-35,109,0.0013
JAZF1,109,0.0013
SPDYE2,109,0.0013
FGF18,109,0.0013
IGHV3-64,109,0.0013
FGF9,109,0.0013
BORCS8,108,0.0013
NPC2,108,0.0013
TRIM39,108,0.0013
PRRG1,108,0.0013
NUDT2,108,0.0013
RIMS4,108,0.0013
EOLA2,108,0.0013
KRTAP2-1,108,0.0013
HNRNPA3,108,0.0013
CFAP144,108,0.0013
PSMA7,108,0.0013
OCM2,108,0.0013
ORMDL3,108,0.0013
PRR15L,108,0.0013
TMEM229B,108,0.0013
RABL2B,108,0.0013
CMTM7,108,0.0013
FABP3,108,0.0013
TCF24,108,0.0013
H2BC12,108,0.0013
QKI,108,0.0013
RIDA,108,0.0013
MDK,107,0.0013
PAFAH1B2,107,0.0013
SERPINB12,107,0.0013
GOLT1A,107,0.0013
CHTF8,107,0.0013
PDZK1IP1,107,0.0013
CCL28,107,0.0013
NDUFC2,107,0.0013
H4C5,107,0.0013
UCN,107,0.0013
H3C11,107,0.0013
IGHV1-45,107,0.0013
IGLV5-52,107,0.0013
IGLV5-48,107,0.0013
GTF2H2,107,0.0013
ANP32E,107,0.0013
IL5,107,0.0013
SMIM21,107,0.0013
PMCH,107,0.0013
PRM3,107,0.0013
COMMD6,107,0.0013
S100Z,107,0.0013
PPP2CB,107,0.0013
C1D,107,0.0013
TEX13D,107,0.0013
EMSY,107,0.0013
BTF3,106,0.0012
RAB22A,106,0.0012
FMC1,106,0.0012
SLC25A43,106,0.0012
SLPI,106,0.0012
DEXI,106,0.0012
DEFB108B,106,0.0012
LY6D,106,0.0012
KRTAP2-4,106,0.0012
SMU1,106,0.0012
ATP5MC3,106,0.0012
RPS20,106,0.0012
IGLV5-37,106,0.0012
GNAQ,106,0.0012
KRTAP2-2,106,0.0012
CPSF7,106,0.0012
KDM1A,106,0.0012
H2BC18,106,0.0012
CLEC2B,106,0.0012
AKIRIN2,106,0.0012
TOMM20L,106,0.0012
SPX,106,0.0012
H2AC6,106,0.0012
NAA20,106,0.0012
GPS1,106,0.0012
MYL6,106,0.0012
FAM174C,106,0.0012
AQP12B,106,0.0012
PLEKHF2,106,0.0012
MIEN1,106,0.0012
TMEM158,105,0.0012
SCGB1C1,105,0.0012
RAB7A,105,0.0012
CCNJ,105,0.0012
MED21,105,0.0012
APOC3,105,0.0012
NCALD,105,0.0012
COX5B,105,0.0012
CSDC2,105,0.0012
STH,105,0.0012
CCNC,105,0.0012
ZBED3,105,0.0012
EMID1,105,0.0012
MGST3,105,0.0012
UQCC2,105,0.0012
SNRPN,105,0.0012
TFF1,105,0.0012
PTGES,105,0.0012
TRPM1,105,0.0012
S100A3,105,0.0012
NKAPD1,105,0.0012
CRB3,105,0.0012
ASCL2,105,0.0012
DEFB128,105,0.0012
RETN,105,0.0012
DCUN1D1,105,0.0012
PSMG3,105,0.0012
LTA,104,0.0012
TMEM243,104,0.0012
ATP5IF1,104,0.0012
LIMD2,104,0.0012
SYNJ2BP,104,0.0012
JOSD1,104,0.0012
CENPS,104,0.0012
CFAP97D1,104,0.0012
CHURC1,104,0.0012
FTHL17,104,0.0012
IL17RC,104,0.0012
GAST,104,0.0012
IFT20,104,0.0012
IGKV2-28,104,0.0012
GNRH1,104,0.0012
GOLGA6L24,104,0.0012
GRP,104,0.0012
HPCA,104,0.0012
NCMAP,104,0.0012
IL21,104,0.0012
VPS25,104,0.0012
SPRR4,104,0.0012
TMEM100,103,0.0012
ORMDL1,103,0.0012
CCL22,103,0.0012
TMEM14C,103,0.0012
FABP2,103,0.0012
SPRR1A,103,0.0012
CST6,103,0.0012
LYSET,103,0.0012
S100P,103,0.0012
TP53I11,103,0.0012
MEMO1,103,0.0012
SMIM23,103,0.0012
SRSF7,103,0.0012
BCAP31,103,0.0012
LYPD1,103,0.0012
PATE2,103,0.0012
NPIPB7,103,0.0012
HES2,103,0.0012
BAG2,103,0.0012
BOLA3,103,0.0012
PIN1,103,0.0012
TMEM234,103,0.0012
IGLC3,103,0.0012
ZNF664,103,0.0012
ZBTB8OS,103,0.0012
TASL,103,0.0012
MBD3L2,103,0.0012
TMEM50B,103,0.0012
APOO,103,0.0012
SMCP,103,0.0012
ZNF146,102,0.0012
TIMM13,102,0.0012
RPL32,102,0.0012
FAM3A,102,0.0012
SELENOW,102,0.0012
SLC31A2,102,0.0012
CCL14,102,0.0012
EIF3C,102,0.0012
UTS2,102,0.0012
C11orf21,102,0.0012
SNAPIN,102,0.0012
CFL2,102,0.0012
NUPR1,102,0.0012
AMY1C,102,0.0012
NOXO1,102,0.0012
FBF1,102,0.0012
NFKB1,102,0.0012
ZSWIM7,102,0.0012
CCDC126,102,0.0012
CHIC1,102,0.0012
UQCRHL,102,0.0012
FABP5,102,0.0012
H2BC4,102,0.0012
SPMIP10,102,0.0012
H3C10,102,0.0012
PGA3,102,0.0012
MARCHF5,102,0.0012
SPRYD7,102,0.0012
TSEN15,101,0.0012
CCL3,101,0.0012
ZNF705D,101,0.0012
HMSD,101,0.0012
C11orf52,101,0.0012
PSMC5,101,0.0012
PSMC1,101,0.0012
HMGB2,101,0.0012
MBD3L3,101,0.0012
LELP1,101,0.0012
TNFRSF12A,101,0.0012
RPS12,101,0.0012
MRPL41,101,0.0012
TRAV16,101,0.0012
SMR3B,101,0.0012
S100A1,101,0.0012
JTB,101,0.0012
SDHAF4,101,0.0012
HPCAL1,101,0.0012
TXNDC17,100,0.0012
SPANXC,100,0.0012
FAM72C,100,0.0012
HDAC9,100,0.0012
TEX51,100,0.0012
TRAV21,100,0.0012
FAM50A,100,0.0012
KRTAP6-3,100,0.0012
OAZ2,100,0.0012
MUSTN1,100,0.0012
UBE2D4,100,0.0012
EMC4,100,0.0012
H4C12,100,0.0012
ATP5PD,100,0.0012
LAMTOR1,100,0.0012
IGKV6D-21,100,0.0012
CXCL8,100,0.0012
PF4V1,100,0.0012
KRAS,100,0.0012
SNAP25,100,0.0012
CCL25,100,0.0012
UPRT,100,0.0012
TRGV9,100,0.0012
NOD2,100,0.0012
MXRA7,100,0.0012
GMFB,100,0.0012
C6orf52,100,0.0012
CNFN,99,0.0012
TRAV8-4,99,0.0012
HBA1,99,0.0012
DIRAS2,99,0.0012
GNG13,99,0.0012
CCL8,99,0.0012
C17orf67,99,0.0012
KRTCAP2,99,0.0012
SPACA4,99,0.0012
DNAL1,99,0.0012
KRTAP3-3,99,0.0012
IGKV6D-41,99,0.0012
LYRM2,99,0.0012
CCL24,99,0.0012
SPRR1B,99,0.0012
RPS27A,99,0.0012
CKAP2,99,0.0012
LAMTOR3,99,0.0012
MAPRE2,99,0.0012
NUDT3,99,0.0012
APOC2,99,0.0012
POLD4,98,0.0011
CRIPT,98,0.0011
CISD3,98,0.0011
IGHV3-38,98,0.0011
C9orf85,98,0.0011
NKX1-1,98,0.0011
S100A12,98,0.0011
GUCA2B,98,0.0011
KRTAP12-4,98,0.0011
ABHD17B,98,0.0011
TRAPPC1,98,0.0011
RBPMS,98,0.0011
EIF2S1,98,0.0011
MRPL34,98,0.0011
PITPNA,98,0.0011
CCL11,98,0.0011
DEFB136,98,0.0011
RPL27A,98,0.0011
FAM133A,98,0.0011
PYDC1,98,0.0011
BRI3,98,0.0011
RAB8A,97,0.0011
ELAVL1,97,0.0011
INS,97,0.0011
CBLN1,97,0.0011
DPM3,97,0.0011
MBD3L2B,97,0.0011
LHFPL1,97,0.0011
OXT,97,0.0011
FSHB,97,0.0011
LST1,97,0.0011
CXorf65,97,0.0011
CFAP20,97,0.0011
IGFL4,97,0.0011
USP27X,97,0.0011
SLC4A9,97,0.0011
SPAG11B,97,0.0011
FGF7,97,0.0011
AHSP,97,0.0011
KRTAP17-1,97,0.0011
C14orf119,97,0.0011
LY6L,97,0.0011
FBXO48,97,0.0011
ZFAND5,97,0.0011
MAGEH1,97,0.0011
PTPN20,96,0.0011
CLIC2,96,0.0011
LCE4A,96,0.0011
CARD18,96,0.0011
WDR5,96,0.0011
MED11,96,0.0011
SRSF2,96,0.0011
TAFA1,96,0.0011
DNAJC19,96,0.0011
KRTAP19-3,96,0.0011
SMIM19,96,0.0011
ZNF26,96,0.0011
TSACC,96,0.0011
TRAV12-3,96,0.0011
RPLP1,96,0.0011
SNORC,96,0.0011
KCTD6,96,0.0011
SMIM24,96,0.0011
TBC1D3K,96,0.0011
TMEM256,96,0.0011
MEIG1,96,0.0011
KCTD9,96,0.0011
VAMP4,96,0.0011
FAM199X,96,0.0011
PDIK1L,96,0.0011
RPL12,96,0.0011
PXT1,96,0.0011
SAPCD1,96,0.0011
GID8,96,0.0011
PBDC1,96,0.0011
RPL26,95,0.0011
IQSEC1,95,0.0011
TRAV38-1,95,0.0011
AP3S1,95,0.0011
TIAL1,95,0.0011
ASB7,95,0.0011
CDK5,95,0.0011
ATP5MGL,95,0.0011
NDUFA3,95,0.0011
S100A5,95,0.0011
SRSF9,95,0.0011
KRTAP19-1,95,0.0011
TEN1,95,0.0011
DEFB132,95,0.0011
NUP62CL,95,0.0011
LY6G5C,95,0.0011
CHRAC1,95,0.0011
COX7B2,95,0.0011
CNOT7,95,0.0011
CCL26,95,0.0011
CCL15,95,0.0011
COPS5,95,0.0011
HMMR,95,0.0011
OTOS,95,0.0011
COX8C,95,0.0011
DNAJC24,95,0.0011
TRAV6,95,0.0011
DDX39B,95,0.0011
EIF4A2,95,0.0011
DEFB127,95,0.0011
PLAC9,95,0.0011
PSMD10,95,0.0011
TP53BP1,95,0.0011
MAPK1,95,0.0011
PRM1,95,0.0011
SMAGP,95,0.0011
ADCK1,95,0.0011
ATP5MG,95,0.0011
HIGD1A,95,0.0011
SPIN3,95,0.0011
RALB,95,0.0011
UQCR10,95,0.0011
TSPAN6,95,0.0011
PDE6D,94,0.0011
SNRPB2,94,0.0011
CT45A10,94,0.0011
DEFB134,94,0.0011
CHCHD1,94,0.0011
PCNA,94,0.0011
PSMA4,94,0.0011
OSTC,94,0.0011
MRPS21,94,0.0011
LAGE3,94,0.0011
TOMM22,94,0.0011
FABP1,94,0.0011
IL23A,94,0.0011
TMED10,94,0.0011
TRAV13-2,94,0.0011
SCGB1D2,94,0.0011
CEP15,94,0.0011
TRBV4-1,94,0.0011
CXCL2,94,0.0011
SRP14,94,0.0011
FABP7,94,0.0011
IFT25,94,0.0011
GHRH,93,0.0011
NRG4,93,0.0011
KRTAP12-3,93,0.0011
PVALB,93,0.0011
TIMM23,93,0.0011
LSM1,93,0.0011
TMEM217B,93,0.0011
TRA2B,93,0.0011
TAFA5,93,0.0011
NDFIP1,93,0.0011
ARL5B,93,0.0011
SNRNP27,93,0.0011
RRAGA,93,0.0011
ICMT,93,0.0011
IGLV11-55,93,0.0011
ALKAL1,93,0.0011
EIF2S3,93,0.0011
RHOXF2B,93,0.0011
SPINK13,92,0.0011
GADD45B,92,0.0011
SPINK6,92,0.0011
PDE6H,92,0.0011
LAMTOR4,92,0.0011
PITPNB,92,0.0011
RPL35,92,0.0011
GLOD5,92,0.0011
ZNF580,92,0.0011
RAB8B,92,0.0011
IER3,92,0.0011
ABCB8,92,0.0011
BET1,92,0.0011
SMIM8,92,0.0011
GYPE,92,0.0011
SPOCK3,92,0.0011
FUNDC2,92,0.0011
H2AC13,92,0.0011
FAM24A,92,0.0011
ATP6V0B,92,0.0011
SYT7,92,0.0011
BORCS7,92,0.0011
HSFX3,92,0.0011
LCE3A,92,0.0011
SMIM22,92,0.0011
HIGD2B,92,0.0011
EIF2S2,92,0.0011
TAL2,92,0.0011
H2AC21,91,0.0011
MRPS33,91,0.0011
GRAP,91,0.0011
PF4,91,0.0011
PCMT1,91,0.0011
PSME3,91,0.0011
LGALS7B,91,0.0011
FXYD4,91,0.0011
GTSF1,91,0.0011
FABP4,91,0.0011
CCL27,91,0.0011
SLC25A5,91,0.0011
SSBP1,91,0.0011
TCIM,91,0.0011
CABP1,91,0.0011
TCTA,91,0.0011
TAC3,91,0.0011
MT-CO2,91,0.0011
TRNP1,91,0.0011
CAPZB,91,0.0011
MT-ND6,91,0.0011
PDCD5,91,0.0011
TEX50,91,0.0011
CDK1,91,0.0011
MRGBP,91,0.0011
PAGE1,91,0.0011
CARTPT,91,0.0011
LBH,90,0.0011
DDX3Y,90,0.0011
CRCT1,90,0.0011
GTF2H2C,90,0.0011
HTD2,90,0.0011
PARD6A,90,0.0011
WT1,90,0.0011
SMIM17,90,0.0011
TMEM262,90,0.0011
CCL7,90,0.0011
ATP6V1G3,90,0.0011
RPS16,90,0.0011
BTG1,90,0.0011
C8orf90,90,0.0011
RASSF1,90,0.0011
MIX23,90,0.0011
CBLN4,90,0.0011
LALBA,90,0.0011
DEFB104A,90,0.0011
TRAV36DV7,90,0.0011
BSPH1,90,0.0011
SSR4,90,0.0011
SH3BGRL2,90,0.0011
XG,90,0.0011
GOLGA6L7,90,0.0011
ATP5MC2,90,0.0011
UCK2,90,0.0011
UTS2B,90,0.0011
SMIM3,90,0.0011
DESI2,90,0.0011
RGCC,90,0.0011
PTN,90,0.0011
MAFF,90,0.0011
CHMP4B,89,0.001
NHLH2,89,0.001
TRAPPC2B,89,0.001
KRTAP12-1,89,0.001
HBG1,89,0.001
MTURN,89,0.001
GNPNAT1,89,0.001
TRAV24,89,0.001
CTDNEP1,89,0.001
POTEB2,89,0.001
KRTAP19-5,89,0.001
NPIPA2,89,0.001
RAB6B,89,0.001
PLAC1,89,0.001
SEC11A,89,0.001
TRBV20-1,89,0.001
RPS4Y2,89,0.001
SLURP1,89,0.001
SPRR2D,89,0.001
BBIP1,89,0.001
SMIM34,89,0.001
ATP5ME,89,0.001
TMEM265,89,0.001
NPS,89,0.001
EIF4EBP3,89,0.001
KRTDAP,89,0.001
C19orf33,89,0.001
RPS11,89,0.001
ARL13A,89,0.001
PDRG1,89,0.001
ATP6V1G1,89,0.001
FXYD3,89,0.001
MAP3K12,88,0.001
SH3BGRL3,88,0.001
IL18,88,0.001
PCBD2,88,0.001
HSD17B10,88,0.001
NDUFA5,88,0.001
BUD31,88,0.001
PLP2,88,0.001
SMIM7,88,0.001
HYPK,88,0.001
TEX22,88,0.001
MLN,88,0.001
TMEM60,88,0.001
CCDC85B,88,0.001
MT1M,88,0.001
MUTYH,88,0.001
IGF1,88,0.001
IGLC2,88,0.001
CMC2,88,0.001
CCDC167,88,0.001
FKBP2,88,0.001
TAF12,88,0.001
TRAV10,87,0.001
C16orf74,87,0.001
DYNLT2B,87,0.001
HBZ,87,0.001
IGLV3-32,87,0.001
GPR15LG,87,0.001
FAU,87,0.001
LYRM4,87,0.001
RNF24,87,0.001
MCRIP1,87,0.001
SLC48A1,87,0.001
NPB,87,0.001
S100A6,87,0.001
EDF1,87,0.001
G0S2,87,0.001
KDELR1,87,0.001
CCK,87,0.001
RPRM,87,0.001
CHRDL1,87,0.001
WDR17,87,0.001
H2AC8,87,0.001
HDGFL3,87,0.001
CHCHD4,87,0.001
C20orf202,87,0.001
H2BC21,87,0.001
LCN10,87,0.001
MYL12A,87,0.001
RPS4X,87,0.001
MT1H,87,0.001
ZNF615,86,0.001
RPS24,86,0.001
TRAV26-2,86,0.001
TMEM272,86,0.001
ERVH48-1,86,0.001
GSKIP,86,0.001
SST,86,0.001
FAM219A,86,0.001
DEFB114,86,0.001
FXYD2,86,0.001
SMLR1,86,0.001
TMEM233,86,0.001
DNAAF6,86,0.001
TRAV9-2,86,0.001
NUTM1,86,0.001
GOLGA7,86,0.001
MID1IP1,86,0.001
SCGB1D1,86,0.001
RPL10A,86,0.001
PNPLA7,86,0.001
TMEM185A,86,0.001
C14orf132,86,0.001
NPIPA8,86,0.001
PPP4C,86,0.001
GLIS3,86,0.001
RPS15,86,0.001
TSPY2,86,0.001
UPK3BL1,86,0.001
CFAP77,86,0.001
TRAV17,86,0.001
HES7,86,0.001
TRAV22,86,0.001
HIGD1C,86,0.001
CSTA,85,0.001
PYURF,85,0.001
NPFF,85,0.001
EIF4EBP1,85,0.001
DNAL4,85,0.001
UQCRH,85,0.001
PARP2,85,0.001
CLDN34,85,0.001
CISD2,85,0.001
REELD1,85,0.001
TPT1,85,0.001
TEX12,85,0.001
PCGF5,85,0.001
NPIPB8,85,0.001
RER1,85,0.001
ATP6V1G2,85,0.001
MAGOHB,85,0.001
NAA10,85,0.001
IGLV1-50,85,0.001
RPL35A,85,0.001
DEFA3,85,0.001
PFDN1,85,0.001
C2orf88,85,0.001
SUGT1,85,0.001
TAFA2,85,0.001
PHGR1,85,0.001
NATD1,85,0.001
IGHV3-16,85,0.001
ISCA1,85,0.001
CCDC163,85,0.001
HIGD2A,85,0.001
FAM240C,84,0.001
RAB35,84,0.001
TCEAL3,84,0.001
MANBAL,84,0.001
HCRT,84,0.001
TIMM8B,84,0.001
IQANK1,84,0.001
CENPX,84,0.001
TRDV2,84,0.001
VAMP3,84,0.001
PYDC2,84,0.001
PSMA6,84,0.001
MISP3,84,0.001
DCUN1D5,84,0.001
PAIP2B,84,0.001
TSN,84,0.001
USP17L27,84,0.001
TMED2,84,0.001
DMBX1,84,0.001
FUNDC1,84,0.001
GON7,84,0.001
KRBOX1,84,0.001
IGKV6-21,84,0.001
TMEM31,84,0.001
TRAV34,84,0.001
MED10,84,0.001
IGLV2-33,83,0.001
S100A11,83,0.001
KRTAP2-3,83,0.001
TSPAN7,83,0.001
GAGE2A,83,0.001
CISD1,83,0.001
GNGT1,83,0.001
SPRR2A,83,0.001
SLC25A3,83,0.001
MRTFB,83,0.001
ERICH4,83,0.001
MOB1A,83,0.001
TRAV20,83,0.001
CCL18,83,0.001
MCC,83,0.001
ILRUN,83,0.001
DPPA5,83,0.001
CYRIB,83,0.001
IFI27L1,83,0.001
RPRML,83,0.001
GFRA4,83,0.001
CCL17,83,0.001
CXCL17,83,0.001
CPLX2,83,0.001
GADD45A,83,0.001
TRBV25-1,82,0.001
NDP,82,0.001
TRBV7-1,82,0.001
TRBV5-1,82,0.001
SEC11C,82,0.001
COPS2,82,0.001
COA4,82,0.001
SNN,82,0.001
ZFTRAF1,82,0.001
MT1G,82,0.001
ZCCHC13,82,0.001
TRBV28,82,0.001
COX6A2,82,0.001
PPP1CC,82,0.001
RACK1,82,0.001
POLR2F,82,0.001
SPOP,82,0.001
TRAV3,82,0.001
PATE4,82,0.001
KRTAP6-1,82,0.001
NUPR2,82,0.001
UBE2E2,82,0.001
CMC1,82,0.001
PCLAF,82,0.001
TRAV9-1,82,0.001
DENR,82,0.001
MZT1,82,0.001
PPIH,81,0.0009
CFAP141,81,0.0009
ANP32A,81,0.0009
NRN1,81,0.0009
DSTN,81,0.0009
WFDC13,81,0.0009
CCL5,81,0.0009
HTN1,81,0.0009
KRTAP19-4,81,0.0009
SPRR2B,81,0.0009
PTGES3,81,0.0009
SPINT4,81,0.0009
KRTAP25-1,81,0.0009
BATF,81,0.0009
GAGE10,81,0.0009
HLA-DQA1,81,0.0009
GJE1,81,0.0009
PRPS1,81,0.0009
CCL13,81,0.0009
CLPSL2,81,0.0009
ACBD7,81,0.0009
RBBP7,80,0.0009
DEFB110,80,0.0009
KRBOX5,80,0.0009
PPP2CA,80,0.0009
COX6C,80,0.0009
FAM89B,80,0.0009
CXCL12,80,0.0009
AKAP14,80,0.0009
SCRG1,80,0.0009
KRTAP21-1,80,0.0009
FAM24B,80,0.0009
TRBV29-1,80,0.0009
TRAV7,80,0.0009
REEP2,80,0.0009
APOC1,80,0.0009
RBP7,80,0.0009
WDR82,80,0.0009
BAIAP3,80,0.0009
MICOS10,80,0.0009
NDUFB3,80,0.0009
S100A2,80,0.0009
KCNT1,80,0.0009
SREK1IP1,80,0.0009
TRBV27,80,0.0009
WFDC11,80,0.0009
XAGE5,80,0.0009
P3R3URF,80,0.0009
IKBIP,80,0.0009
CHCHD7,80,0.0009
GTF2H5,80,0.0009
LSM4,80,0.0009
LEPROT,79,0.0009
POLR1H,79,0.0009
ERG28,79,0.0009
RPS8,79,0.0009
ATP5MC1,79,0.0009
RPS3,79,0.0009
EIF4E,79,0.0009
RNF11,79,0.0009
SELENOK,79,0.0009
NDUFC1,79,0.0009
SINHCAF,79,0.0009
SPINK7,79,0.0009
DCTN5,79,0.0009
GAGE12J,79,0.0009
H2AJ,79,0.0009
VAMP1,79,0.0009
NDUFA4,79,0.0009
S100A13,79,0.0009
PRCD,79,0.0009
TRBV2,79,0.0009
YIPF6,79,0.0009
TRAV38-2DV8,79,0.0009
TRAV19,78,0.0009
B2M,78,0.0009
TRAV5,78,0.0009
TRAV8-2,78,0.0009
CES1,78,0.0009
CITED1,78,0.0009
AP1S1,78,0.0009
MOSMO,78,0.0009
H2AP,78,0.0009
IFI6,78,0.0009
RBM8A,78,0.0009
RPP14,78,0.0009
PET100,78,0.0009
YAF2,78,0.0009
MEAF6,78,0.0009
UBE2G2,78,0.0009
URM1,78,0.0009
YWHAH,78,0.0009
MYBPC1,78,0.0009
CSNK2B,78,0.0009
FAM240A,78,0.0009
SCGB1A1,78,0.0009
SAR1A,78,0.0009
SUV39H1,78,0.0009
TBCA,78,0.0009
NOTCH2NLA,78,0.0009
FAM25A,78,0.0009
TRAV27,78,0.0009
RAB30,78,0.0009
TRAV4,78,0.0009
FAM241A,77,0.0009
PTH,77,0.0009
COX16,77,0.0009
OPN1MW2,77,0.0009
CPSF4,77,0.0009
CHP1,77,0.0009
DEFB113,77,0.0009
CXCL13,77,0.0009
TMEM14A,77,0.0009
CHIC2,77,0.0009
SNCB,77,0.0009
CBFB,77,0.0009
C10orf53,77,0.0009
WDR83OS,77,0.0009
LAMTOR5,77,0.0009
UBE2E1,77,0.0009
VKORC1L1,77,0.0009
SYNPO,77,0.0009
S100A9,77,0.0009
TRBV24-1,77,0.0009
TRAV18,77,0.0009
DAD1,77,0.0009
ASCC1,77,0.0009
LMO4,77,0.0009
SPINK4,77,0.0009
CXCL10,76,0.0009
PLAC8,76,0.0009
IGKV2D-28,76,0.0009
FGF13,76,0.0009
BLOC1S2,76,0.0009
SUMO4,76,0.0009
RPL24,76,0.0009
TUSC2,76,0.0009
H2AC20,76,0.0009
VAMP8,76,0.0009
NUDT4,76,0.0009
GLRX,76,0.0009
TMEM218,76,0.0009
PPIAL4D,76,0.0009
STEEP1,76,0.0009
VAMP2,76,0.0009
GCHFR,76,0.0009
HBG2,76,0.0009
RAB5IF,76,0.0009
KRTAP6-2,76,0.0009
TSPY1,76,0.0009
MORF4L2,76,0.0009
C11orf58,76,0.0009
KCNMB4,76,0.0009
PHC3,75,0.0009
H2BC15,75,0.0009
LAMTOR2,75,0.0009
TCEAL5,75,0.0009
TSR2,75,0.0009
HAMP,75,0.0009
SPRR2E,75,0.0009
PPP1R1C,75,0.0009
DUXB,75,0.0009
MCF2L,75,0.0009
NPIPA7,75,0.0009
TRAV13-1,75,0.0009
SMIM5,75,0.0009
EIF5A2,75,0.0009
NCBP2L,75,0.0009
CSAG1,75,0.0009
POLR2J2,75,0.0009
HSFX4,75,0.0009
FRG2C,75,0.0009
FDCSP,75,0.0009
LCOR,75,0.0009
LCE6A,75,0.0009
PPDPFL,75,0.0009
ETFRF1,75,0.0009
TRAV1-1,75,0.0009
STUM,75,0.0009
MT-ATP8,74,0.0009
MRPS36,74,0.0009
RHOG,74,0.0009
H4C1,74,0.0009
DAP,74,0.0009
ERFL,74,0.0009
ATP5PF,74,0.0009
LEAP2,74,0.0009
SCX,74,0.0009
DHRS7C,74,0.0009
LSM3,74,0.0009
PIN4,74,0.0009
SMIM29,74,0.0009
IFNG,74,0.0009
TWIST2,74,0.0009
TRAV23DV6,74,0.0009
FAM9C,74,0.0009
RHOB,74,0.0009
SCGB2A2,74,0.0009
NREP,74,0.0009
SPINT3,74,0.0009
SPATA45,74,0.0009
CGGBP1,74,0.0009
ZNF33A,73,0.0009
MED31,73,0.0009
RPS5,73,0.0009
ETF1,73,0.0009
UBALD2,73,0.0009
MT1HL1,73,0.0009
PFN1,73,0.0009
USP17L3,73,0.0009
NPY,73,0.0009
MAFG,73,0.0009
PSMA8,73,0.0009
FNDC10,73,0.0009
RBIS,73,0.0009
PATE3,73,0.0009
ATXN7L3B,73,0.0009
PLAAT5,73,0.0009
POLR2L,73,0.0009
SPINK8,73,0.0009
C1orf122,73,0.0009
PSMA2,73,0.0009
PIERCE2,73,0.0009
CXCL11,73,0.0009
POLR2D,73,0.0009
PCBD1,73,0.0009
DBI,73,0.0009
ARPC5L,73,0.0009
APOA2,73,0.0009
DEFB131B,72,0.0008
ELOB,72,0.0008
COX7A2,72,0.0008
RTL8B,72,0.0008
AMELX,72,0.0008
TAFAZZIN,72,0.0008
CNOT9,72,0.0008
RPS9,72,0.0008
YWHAE,72,0.0008
RNF227,72,0.0008
CCL20,72,0.0008
ING4,72,0.0008
TRAV41,72,0.0008
CAMK2A,72,0.0008
TRAV12-1,72,0.0008
PRAF2,72,0.0008
S100B,72,0.0008
HCST,72,0.0008
SPIN4,72,0.0008
H3C12,72,0.0008
SCGB3A2,72,0.0008
NDUFV3,72,0.0008
DPM2,72,0.0008
KRBOX4,72,0.0008
TMEM164,72,0.0008
CT55,72,0.0008
PTP4A1,72,0.0008
COX6B1,71,0.0008
PRR9,71,0.0008
HNRNPH2,71,0.0008
H4C11,71,0.0008
PPP1CB,71,0.0008
ANXA8,71,0.0008
C1orf21,71,0.0008
MARCHF8,71,0.0008
PAK3,71,0.0008
TEX46,71,0.0008
FAM229B,71,0.0008
VPS29,71,0.0008
YME1L1,71,0.0008
RALA,71,0.0008
CTXN3,71,0.0008
COX7A1,71,0.0008
MT1B,71,0.0008
C11orf97,71,0.0008
IAPP,71,0.0008
MSMB,71,0.0008
H3C2,71,0.0008
LSM12,71,0.0008
TRAV2,71,0.0008
PAGE4,71,0.0008
TMEM255A,71,0.0008
SKA2,71,0.0008
ABRACL,71,0.0008
GABARAPL2,70,0.0008
MLLT11,70,0.0008
MT4,70,0.0008
MOB4,70,0.0008
DEFB119,70,0.0008
POLR2J,70,0.0008
TRAV14DV4,70,0.0008
TRAV29DV5,70,0.0008
ZNF302,70,0.0008
IGKV1-39,70,0.0008
TIMP1,70,0.0008
TAC1,70,0.0008
PSMG4,70,0.0008
SCGB2A1,70,0.0008
ECE2,70,0.0008
C5orf46,70,0.0008
RPL34,70,0.0008
SPRR2G,70,0.0008
ZNF534,70,0.0008
SPINK9,70,0.0008
TRGV8,70,0.0008
KRTAP20-2,69,0.0008
S100A8,69,0.0008
PSENEN,69,0.0008
TRAV8-1,69,0.0008
TRDV3,69,0.0008
FOXA2,69,0.0008
TRIR,69,0.0008
HMGN2,69,0.0008
BATF3,69,0.0008
ARMS2,69,0.0008
PPP1R11,69,0.0008
ARF5,69,0.0008
PPY,69,0.0008
FCER1G,69,0.0008
C16orf87,69,0.0008
PAIP2,69,0.0008
TRDV1,69,0.0008
SPRR2F,69,0.0008
SUPT4H1,69,0.0008
H3C7,69,0.0008
PFDN4,69,0.0008
CYSTM1,69,0.0008
TEX48,69,0.0008
ZNF207,68,0.0008
S100A4,68,0.0008
TRPS1,68,0.0008
ERAS,68,0.0008
CARNS1,68,0.0008
MYL12B,68,0.0008
TRBV6-1,68,0.0008
CWC15,68,0.0008
GADD45G,68,0.0008
NAA50,68,0.0008
CNBP,68,0.0008
FXYD1,68,0.0008
WFDC9,68,0.0008
PPP1R2C,68,0.0008
HMGN4,68,0.0008
SPMIP11,68,0.0008
CCL1,68,0.0008
AMY1A,68,0.0008
SNURF,68,0.0008
CBX3,68,0.0008
C5orf58,68,0.0008
RTL8A,68,0.0008
ELOVL6,68,0.0008
RPS26,67,0.0008
PPIA,67,0.0008
OTUD5,67,0.0008
RUNDC3B,67,0.0008
BEX2,67,0.0008
PRELID2,67,0.0008
NFYB,67,0.0008
WFDC10A,67,0.0008
NDUFB11,67,0.0008
CDK2AP2,67,0.0008
RPL37,67,0.0008
SPANXN3,67,0.0008
RAB11A,67,0.0008
SNX3,67,0.0008
MPC1,67,0.0008
TLE5,67,0.0008
TRAV26-1,67,0.0008
ANAPC16,67,0.0008
MAP1LC3A,67,0.0008
PLN,67,0.0008
STATH,67,0.0008
PAGE2,67,0.0008
POLR2I,67,0.0008
EOLA1,67,0.0008
FGF8,67,0.0008
COX14,66,0.0008
PTP4A2,66,0.0008
ZNF772,66,0.0008
UBE2M,66,0.0008
TMEM35B,66,0.0008
ARPC5,66,0.0008
POLR2H,66,0.0008
LBHD1,66,0.0008
UQCR11,66,0.0008
MPC2,66,0.0008
TCEAL4,66,0.0008
TIMM17B,66,0.0008
CNIH1,66,0.0008
TRAV25,66,0.0008
USP50,66,0.0008
RAB1A,66,0.0008
MT1F,66,0.0008
TSBP1,66,0.0008
SLURP2,66,0.0008
TRIM49D1,66,0.0008
RAD51AP1,66,0.0008
OPN1MW,66,0.0008
LEPROTL1,66,0.0008
UBE2V1,66,0.0008
TRAV12-2,65,0.0008
TNP1,65,0.0008
SPANXB1,65,0.0008
GRB2,65,0.0008
STMN2,65,0.0008
SPATA20,65,0.0008
SCGB3A1,65,0.0008
SETSIP,65,0.0008
SIAH1,65,0.0008
UBE2V2,65,0.0008
MMGT1,65,0.0008
LYRM7,65,0.0008
IGKV1D-33,65,0.0008
IL2,65,0.0008
KRTAP19-7,65,0.0008
TRAV1-2,64,0.0008
BBLN,64,0.0008
FAM25C,64,0.0008
ASF1A,64,0.0008
BEX4,64,0.0008
ADIRF,64,0.0008
SS18L2,64,0.0008
LSM5,64,0.0008
GAB3,64,0.0008
GNG8,64,0.0008
MFSD2A,64,0.0008
UQCRQ,64,0.0008
TRBV19,64,0.0008
GAGE12H,64,0.0008
SMNDC1,64,0.0008
DEFB121,64,0.0008
XAGE3,64,0.0008
CTNNBIP1,64,0.0008
RPS13,63,0.0007
HDAC7,63,0.0007
TMEM238,63,0.0007
IGLJ1,63,0.0007
TGIF2LY,63,0.0007
DYNLRB1,63,0.0007
RIPPLY1,63,0.0007
DPH3,63,0.0007
CT83,63,0.0007
TUBB,63,0.0007
PIGY,63,0.0007
GLOD4,63,0.0007
GARIN1A,62,0.0007
NCS1,62,0.0007
PTPA,62,0.0007
NOP10,62,0.0007
PET117,62,0.0007
MOSPD1,62,0.0007
NCBP2AS2,62,0.0007
TOMM6,62,0.0007
SPCS3,62,0.0007
SH2D1A,62,0.0007
SNRPC,62,0.0007
HMGB1,62,0.0007
BEX1,62,0.0007
KRTAP20-1,62,0.0007
PHACTR2,62,0.0007
PNRC2,62,0.0007
GOLGA6L25,62,0.0007
RPL31,62,0.0007
KRTAP21-2,62,0.0007
C18orf32,62,0.0007
SCGB1D4,62,0.0007
FXYD6,62,0.0007
SPANXN4,62,0.0007
NUDT10,62,0.0007
C8orf88,62,0.0007
BANF2,62,0.0007
USP47,62,0.0007
ANAPC15,62,0.0007
ATP6V0E2,61,0.0007
CDC26,61,0.0007
TNNT3,61,0.0007
TOMM20,61,0.0007
MRFAP1L2,61,0.0007
ZNF839,61,0.0007
SPTSSB,61,0.0007
COX8A,61,0.0007
TRIAP1,61,0.0007
BTF3L4,61,0.0007
TMEM263,61,0.0007
TRBV30,61,0.0007
ARL4C,61,0.0007
TMEM170B,61,0.0007
YEATS4,61,0.0007
SSU72,61,0.0007
CENPW,61,0.0007
HSBP1,61,0.0007
NT5C1B,61,0.0007
UPK3B,61,0.0007
IL32,60,0.0007
PPIAL4E,60,0.0007
YPEL4,60,0.0007
GABPB1,60,0.0007
NNAT,60,0.0007
YY1AP1,60,0.0007
POLR2G,60,0.0007
PREPL,60,0.0007
KRTAP9-9,60,0.0007
CDK2AP1,60,0.0007
PKIB,60,0.0007
GTF2A2,60,0.0007
NPIPB12,60,0.0007
C9orf153,60,0.0007
OXR1,60,0.0007
RPL23,60,0.0007
GNG7,60,0.0007
ATP6V0E1,60,0.0007
RAP2A,60,0.0007
WFDC10B,60,0.0007
KRTAP19-8,60,0.0007
RAB9A,60,0.0007
IGHJ1,60,0.0007
LENEP,59,0.0007
NCBP2,59,0.0007
RAB39B,59,0.0007
EMC6,59,0.0007
TRBV3-1,59,0.0007
TRAV39,59,0.0007
U2AF1,59,0.0007
HSBP1L1,59,0.0007
SMIM15,59,0.0007
ACYP1,59,0.0007
RPL37A,59,0.0007
DEFB4B,59,0.0007
TRBV23-1,59,0.0007
TCEAL8,59,0.0007
UBL4A,59,0.0007
LYRM9,59,0.0007
BEX5,59,0.0007
SMPX,59,0.0007
SMIM12,59,0.0007
ZMYND8,59,0.0007
TMEM35A,59,0.0007
RAB33A,59,0.0007
EVL,59,0.0007
SPIN1,59,0.0007
HMGB3,58,0.0007
ATOX1,58,0.0007
S100A10,58,0.0007
CAMK2N2,58,0.0007
KRTAP19-6,58,0.0007
CSF3,58,0.0007
KRTAP23-1,58,0.0007
SMIM1,58,0.0007
SLC4A7,58,0.0007
ARPP19,58,0.0007
TRGV1,58,0.0007
ANAPC13,58,0.0007
DYNC1I1,58,0.0007
COX17,58,0.0007
ARF4,58,0.0007
LY6S,58,0.0007
SPATA13,58,0.0007
SEC61B,58,0.0007
MACROH2A1,58,0.0007
MECP2,58,0.0007
UMAD1,58,0.0007
HTN3,57,0.0007
LCE3C,57,0.0007
SMIM14,57,0.0007
SERTM1,57,0.0007
MILR1,57,0.0007
RIIAD1,57,0.0007
MEF2A,57,0.0007
DEFB124,57,0.0007
PTMS,57,0.0007
IGIP,57,0.0007
SMIM18,56,0.0007
RHEB,56,0.0007
SPTSSA,56,0.0007
TRIQK,56,0.0007
PAGE3,56,0.0007
PCP4L1,56,0.0007
RBBP4,56,0.0007
GABARAPL1,56,0.0007
CLDN2,56,0.0007
FAM229A,56,0.0007
ZNF738,56,0.0007
EXOC1L,56,0.0007
PFDN6,56,0.0007
SULT1A3,56,0.0007
ARL8B,56,0.0007
TAF13,55,0.0006
COA5,55,0.0006
SPINK14,55,0.0006
TRAV8-3,55,0.0006
ARL1,55,0.0006
PKIG,55,0.0006
KRTAP8-1,55,0.0006
PSMA5,55,0.0006
NXF2B,55,0.0006
HEPN1,55,0.0006
RAP2B,55,0.0006
ECSCR,55,0.0006
MAJIN,55,0.0006
ZNF211,55,0.0006
PAGE2B,55,0.0006
SSX4B,55,0.0006
GABARAP,55,0.0006
EIF3CL,55,0.0006
MRPL33,55,0.0006
TIMM23B,55,0.0006
TIMM10,54,0.0006
ENHO,54,0.0006
TP53BP2,54,0.0006
SMIM13,54,0.0006
CT45A7,54,0.0006
CDKN1C,54,0.0006
LYPD8,54,0.0006
SPANXN1,54,0.0006
GNRH2,54,0.0006
RAP1A,54,0.0006
TRAV40,54,0.0006
USP17L17,54,0.0006
ZMAT2,54,0.0006
CCL19,54,0.0006
H2AB1,54,0.0006
SETDB2,54,0.0006
EFCAB10,53,0.0006
SVIP,53,0.0006
GNG4,53,0.0006
SPIN2B,53,0.0006
CCDC179,53,0.0006
TSPY4,53,0.0006
ADIG,53,0.0006
CDC42SE1,53,0.0006
MYCBP,53,0.0006
KRTAP7-1,53,0.0006
TMEM258,53,0.0006
RPL36AL,53,0.0006
TMEM47,53,0.0006
UBE2R2,53,0.0006
RPL36,53,0.0006
UXT,53,0.0006
SFTA2,53,0.0006
KRTAP19-2,53,0.0006
TMA7,53,0.0006
ARL8A,53,0.0006
CENPA,53,0.0006
SMIM6,52,0.0006
C15orf48,52,0.0006
SYCE3,52,0.0006
LSM7,52,0.0006
RUNX1,52,0.0006
DCAF7,52,0.0006
MT1X,52,0.0006
UBL3,52,0.0006
NEDD4,52,0.0006
C6orf136,52,0.0006
TRAV8-6,52,0.0006
PRPS2,52,0.0006
ROMO1,52,0.0006
NXT1,52,0.0006
SPDYE2B,52,0.0006
RBM3,52,0.0006
OTX2,52,0.0006
SMIM2,52,0.0006
HILPDA,51,0.0006
TMEM203,51,0.0006
PAX6,51,0.0006
TFF3,51,0.0006
PSMD14,51,0.0006
PPIAL4C,51,0.0006
TIMM9,51,0.0006
MPC1L,51,0.0006
RASAL2,51,0.0006
UBB,51,0.0006
NDUFAF8,51,0.0006
RAB6A,51,0.0006
LSM8,51,0.0006
TCEAL1,51,0.0006
SUMO3,51,0.0006
ATP5F1E,50,0.0006
GNGT2,50,0.0006
CYCS,50,0.0006
DR1,50,0.0006
CD52,50,0.0006
CEBPZOS,50,0.0006
HMGA2,50,0.0006
CGA,50,0.0006
C1orf159,50,0.0006
TOMM7,50,0.0006
RPS4Y1,50,0.0006
AKAIN1,50,0.0006
RAC1,50,0.0006
PMAIP1,50,0.0006
ACACA,50,0.0006
C4orf3,50,0.0006
SMIM32,50,0.0006
VMA21,49,0.0006
CREBL2,49,0.0006
,49,0.0006
VBP1,49,0.0006
RAB14,49,0.0006
UFM1,49,0.0006
MT1A,49,0.0006
SH3BGRL,49,0.0006
RPS21,49,0.0006
DEFB106A,49,0.0006
CTXN2,49,0.0006
BLCAP,49,0.0006
SREK1,48,0.0006
KIAA0040,48,0.0006
DYNLT3,48,0.0006
CALM2,48,0.0006
VSNL1,48,0.0006
UBE2D1,48,0.0006
HSPE1,48,0.0006
OR4F17,48,0.0006
NDUFB1,48,0.0006
SMCO4,48,0.0006
C20orf204,48,0.0006
H3-3A,48,0.0006
CDC42,48,0.0006
DEFB105A,47,0.0006
IRAG1,47,0.0006
LMO3,47,0.0006
YWHAZ,47,0.0006
RPS27,47,0.0006
RAP1B,47,0.0006
U2AF1L4,47,0.0006
PTCHD4,47,0.0006
UQCC6,47,0.0006
TSPY8,47,0.0006
MT3,47,0.0006
RAB2A,47,0.0006
COG5,47,0.0006
CCL2,47,0.0006
RPL22,47,0.0006
ENSA,47,0.0006
CNIH2,46,0.0005
PRAC1,46,0.0005
DDA1,46,0.0005
RAB9B,46,0.0005
SAT1,46,0.0005
H2AX,46,0.0005
RPS27L,46,0.0005
RPS14,46,0.0005
REPIN1,46,0.0005
RNF7,46,0.0005
C4orf48,46,0.0005
GAGE2E,46,0.0005
MYCBPAP,46,0.0005
ACBD5,46,0.0005
ATP6V0C,46,0.0005
RAB10,45,0.0005
GNG5,45,0.0005
TRAPPC2,45,0.0005
TMEM167B,45,0.0005
CDC42SE2,45,0.0005
UBE2QL1,45,0.0005
PLA2G10,45,0.0005
CCHCR1,45,0.0005
TBPL1,45,0.0005
MBD3L5,45,0.0005
USP17L22,45,0.0005
UBA52,45,0.0005
TXN,45,0.0005
CENPV,45,0.0005
LAYN,45,0.0005
INIP,45,0.0005
APLN,45,0.0005
FAM32A,45,0.0005
SUB1,45,0.0005
C2orf15,45,0.0005
GAGE13,45,0.0005
C1orf162,44,0.0005
TMEM167A,44,0.0005
SVBP,44,0.0005
SH3D21,44,0.0005
PFN2,44,0.0005
DEFB123,44,0.0005
AGAP3,44,0.0005
CAST,44,0.0005
CBX1,44,0.0005
AP2S1,43,0.0005
MT2A,43,0.0005
FXYD7,43,0.0005
GMEB1,43,0.0005
IL31RA,43,0.0005
PDZD11,43,0.0005
CPEB2,43,0.0005
TOX2,43,0.0005
COX7C,43,0.0005
IGHV4-4,43,0.0005
MT1E,43,0.0005
TMTC4,43,0.0005
SMIM20,43,0.0005
CNEP1R1,43,0.0005
CCDC33,43,0.0005
FAM72A,43,0.0005
PARP9,43,0.0005
UBE2E3,43,0.0005
CBX5,43,0.0005
CETN2,42,0.0005
PANK2,42,0.0005
IMPDH1,42,0.0005
TMPRSS6,42,0.0005
ELOF1,42,0.0005
LCE3B,42,0.0005
AMY1B,42,0.0005
DDTL,42,0.0005
FKBP1B,42,0.0005
PEA15,42,0.0005
UQCC5,42,0.0005
CALM3,42,0.0005
FAM90A8,42,0.0005
SULT1A4,42,0.0005
RPL10,42,0.0005
TMEM266,42,0.0005
UBE2B,42,0.0005
POLR2K,42,0.0005
NUDT11,41,0.0005
COX7B,41,0.0005
GAGE1,41,0.0005
ATP5MK,41,0.0005
FAM90A5P,41,0.0005
TXNDC2,41,0.0005
PGA4,41,0.0005
PCBP2,41,0.0005
INAFM2,41,0.0005
LDOC1,41,0.0005
SMIM26,41,0.0005
ZNF875,41,0.0005
ZNF721,41,0.0005
TBC1D3H,41,0.0005
B4GALNT2,41,0.0005
FAM168A,41,0.0005
IGKV1D-37,41,0.0005
DEFB4A,41,0.0005
MON1A,40,0.0005
STMN1,40,0.0005
FGF16,40,0.0005
CDCA7,40,0.0005
DEFB106B,40,0.0005
SRY,40,0.0005
CTXN1,40,0.0005
NPIPB13,40,0.0005
GGTA1,40,0.0005
MALL,40,0.0005
YPEL5,40,0.0005
ATP5MJ,40,0.0005
KCNK10,40,0.0005
UXS1,40,0.0005
STEAP3,40,0.0005
MIGA1,40,0.0005
SRSF1,40,0.0005
SF3B6,40,0.0005
SNRPD2,40,0.0005
CCDC120,39,0.0005
TOMM5,39,0.0005
YPEL1,39,0.0005
KRTAP21-3,39,0.0005
PGAP2,39,0.0005
CASTOR2,39,0.0005
CT47A6,39,0.0005
MT-ND3,39,0.0005
IPCEF1,39,0.0005
CCDC112,39,0.0005
GNG12,39,0.0005
RPS18,39,0.0005
PTMA,39,0.0005
ARPC4,39,0.0005
HMGA1,39,0.0005
HRK,39,0.0005
RPS15A,38,0.0004
KRTAP22-2,38,0.0004
ZFP57,38,0.0004
C12orf75,38,0.0004
PRDM15,38,0.0004
CALM1,38,0.0004
RRAGB,38,0.0004
OR10G6,38,0.0004
SMKR1,38,0.0004
CSAG3,38,0.0004
TCEAL7,38,0.0004
KLHL5,38,0.0004
MCTS1,38,0.0004
RPS29,38,0.0004
TRAF3IP2,38,0.0004
GNG11,38,0.0004
RPS25,38,0.0004
STARD8,37,0.0004
NUDT21,37,0.0004
ALDH9A1,37,0.0004
CTBP2,37,0.0004
GOLGA6L26,37,0.0004
CSNK1A1,37,0.0004
CCL23,37,0.0004
ZNF112,37,0.0004
HAPSTR2,37,0.0004
LRRFIP1,37,0.0004
POU2F1,37,0.0004
RPL39L,37,0.0004
TCEAL9,37,0.0004
PRR23D1,37,0.0004
APOLD1,36,0.0004
ZNF701,36,0.0004
SPANXA2,36,0.0004
C5orf63,36,0.0004
NHERF4,36,0.0004
SMIM9,36,0.0004
H2AZ2,36,0.0004
ENY2,36,0.0004
GNG3,36,0.0004
RAP2C,36,0.0004
SPANXN5,36,0.0004
HMHB1,36,0.0004
FKBP1A,36,0.0004
DPP9,36,0.0004
SLC12A5,36,0.0004
ZNF557,36,0.0004
HIC1,36,0.0004
SMN1,36,0.0004
TRPC5OS,36,0.0004
GSN,35,0.0004
SRP9,35,0.0004
SIMC1,35,0.0004
OSCP1,35,0.0004
PRAMEF25,35,0.0004
HMGCLL1,35,0.0004
CT45A3,35,0.0004
ARF3,35,0.0004
DNAJC6,35,0.0004
NT5DC2,35,0.0004
PRPF4,35,0.0004
DEFB104B,35,0.0004
KRTAP20-3,34,0.0004
SERP1,34,0.0004
PNMA6A,34,0.0004
SPATA33,34,0.0004
SRSF10,34,0.0004
CD300H,34,0.0004
INAVA,34,0.0004
SSX4,34,0.0004
TAF1,34,0.0004
H2BK1,34,0.0004
HSFX1,34,0.0004
FAM72B,34,0.0004
PHTF2,34,0.0004
UBE2A,34,0.0004
PDE1A,34,0.0004
UBE2W,33,0.0004
SF3B5,33,0.0004
UBE2G1,33,0.0004
SNRPE,33,0.0004
SLC2A11,33,0.0004
CMC4,33,0.0004
COL4A6,33,0.0004
SKP1,33,0.0004
NXT2,33,0.0004
KRTAP22-1,33,0.0004
CRNKL1,33,0.0004
YPEL2,33,0.0004
RAD17,33,0.0004
MLX,33,0.0004
SNX12,33,0.0004
NRGN,33,0.0004
ARF1,33,0.0004
BRK1,33,0.0004
RIMBP3C,32,0.0004
RPS23,32,0.0004
SMIM10,32,0.0004
F8A1,32,0.0004
CAPS,32,0.0004
PKIA,32,0.0004
ZNF623,32,0.0004
BRCC3,32,0.0004
SPADH,32,0.0004
MORF4L1,32,0.0004
TRIM2,32,0.0004
PLPPR4,32,0.0004
BTD,32,0.0004
DDX31,32,0.0004
EIF1AY,32,0.0004
CCDC194,32,0.0004
GGTLC3,32,0.0004
CFL1,32,0.0004
SESN1,32,0.0004
CCL3L3,32,0.0004
CCDC9B,32,0.0004
MTPN,31,0.0004
IRAG2,31,0.0004
ANAPC11,31,0.0004
SNRPD3,31,0.0004
GNG10,31,0.0004
DPEP2NB,31,0.0004
CTBP1,31,0.0004
BANF1,31,0.0004
HNF4A,31,0.0004
WBP1L,30,0.0004
SLC3A2,30,0.0004
C1QTNF3,30,0.0004
GPR17,30,0.0004
TRIM6,30,0.0004
SUMO1,30,0.0004
HGSNAT,30,0.0004
NRARP,30,0.0004
SMIM27,30,0.0004
EIF1,30,0.0004
DPY30,30,0.0004
C11orf68,30,0.0004
LSM6,30,0.0004
UBE3A,30,0.0004
PCP4,30,0.0004
TMEM239,30,0.0004
NANOS3,30,0.0004
ENOX2,30,0.0004
GNG2,30,0.0004
TRIM49D2,30,0.0004
DMRTC1,30,0.0004
NXF2,30,0.0004
ANKRD28,29,0.0003
UBE2N,29,0.0003
PVALEF,29,0.0003
MAGOH,29,0.0003
ACOT7,29,0.0003
MCF2,29,0.0003
S100G,29,0.0003
VPS39,29,0.0003
MDGA2,29,0.0003
RHBDL1,29,0.0003
MRPL52,29,0.0003
ARF6,29,0.0003
TIMM8A,29,0.0003
TDRD3,28,0.0003
CKS1B,28,0.0003
EIF1AX,28,0.0003
BSCL2,28,0.0003
HLCS,28,0.0003
PRAC2,28,0.0003
TSTD3,28,0.0003
TAC4,28,0.0003
TBC1D30,28,0.0003
GNG5B,28,0.0003
SRPK2,28,0.0003
ELOC,28,0.0003
MTCP1,27,0.0003
CAMK2N1,27,0.0003
DLG2,27,0.0003
ZNF493,27,0.0003
PNMA6F,27,0.0003
SEC61G,27,0.0003
LGALS7,27,0.0003
SERP2,27,0.0003
SRSF3,27,0.0003
EIF1B,27,0.0003
COPS9,27,0.0003
LSM2,27,0.0003
CBFA2T2,27,0.0003
RPUSD3,27,0.0003
RPL30,27,0.0003
DPP8,27,0.0003
F7,27,0.0003
RBMY1E,26,0.0003
SMIM11,26,0.0003
CGB1,26,0.0003
SLC25A25,26,0.0003
SNRPG,26,0.0003
FAM90A14,26,0.0003
ZNF41,26,0.0003
PITX2,26,0.0003
PJA1,26,0.0003
SNU13,26,0.0003
NDUFA1,26,0.0003
NKX2-1,26,0.0003
RHOA,26,0.0003
XPNPEP1,26,0.0003
SLX1B,26,0.0003
APOL4,25,0.0003
MIER1,25,0.0003
DYNLL2,25,0.0003
MT-ND4L,25,0.0003
CMTM1,25,0.0003
APOL3,25,0.0003
H2BW2,25,0.0003
TUBA1B,25,0.0003
CARS1,25,0.0003
DUSP15,25,0.0003
SLN,25,0.0003
APTX,25,0.0003
EXD1,25,0.0003
ENTREP1,25,0.0003
ECHDC1,24,0.0003
ANXA4,24,0.0003
NUTF2,24,0.0003
MPG,24,0.0003
RBMY1A1,24,0.0003
RAB3IP,24,0.0003
STMN4,24,0.0003
CUL4B,24,0.0003
SNRPD1,24,0.0003
FAM181A,24,0.0003
CKS2,24,0.0003
CT45A9,24,0.0003
DEFB107A,24,0.0003
SP8,24,0.0003
DEF8,24,0.0003
PLGLB2,24,0.0003
RORB,24,0.0003
HSFX2,23,0.0003
EDDM13,23,0.0003
PRKG1,23,0.0003
KCNMB3,23,0.0003
PECAM1,23,0.0003
ALDOA,23,0.0003
RARB,23,0.0003
ASIC2,23,0.0003
FAM25G,23,0.0003
DDT,23,0.0003
ACSL6,23,0.0003
SMIM30,23,0.0003
GAGE12F,23,0.0003
UBL5,23,0.0003
ZBTB18,23,0.0003
PTBP3,23,0.0003
PDE4C,22,0.0003
H3-3B,22,0.0003
TXNL4A,22,0.0003
CADM2,22,0.0003
NR1H4,22,0.0003
RGPD6,22,0.0003
SNPH,22,0.0003
TMSB15B,22,0.0003
GYG2,22,0.0003
ELF5,22,0.0003
XAGE2,22,0.0003
ACOT9,22,0.0003
KLHL13,21,0.0002
RPL39,21,0.0002
C3orf85,21,0.0002
ZNF619,21,0.0002
KAT5,21,0.0002
ASDURF,21,0.0002
RAN,21,0.0002
ZNF669,21,0.0002
UBE2H,21,0.0002
HNRNPA2B1,21,0.0002
SLC2A14,21,0.0002
USP33,21,0.0002
ZNF385A,21,0.0002
SNRPF,21,0.0002
ZNF841,21,0.0002
IGKV1-37,21,0.0002
SLC35F3,20,0.0002
CCL4L2,20,0.0002
RPS28,20,0.0002
TSPY3,20,0.0002
LHX8,20,0.0002
C1orf232,20,0.0002
KCNJ1,20,0.0002
PNLDC1,20,0.0002
ZNF548,20,0.0002
CRMP1,20,0.0002
KREMEN1,20,0.0002
PRICKLE4,20,0.0002
SLC6A9,20,0.0002
UBE2K,20,0.0002
MAGEA9B,19,0.0002
SERF2,19,0.0002
USP17L13,19,0.0002
KLK11,19,0.0002
NPIPB3,19,0.0002
TGFBR3L,19,0.0002
TRIM36,19,0.0002
TMSB15A,19,0.0002
TMSB10,19,0.0002
OST4,19,0.0002
UBE2I,18,0.0002
KCNAB2,18,0.0002
NELFB,18,0.0002
SAP18,18,0.0002
UBE2L3,18,0.0002
DPYSL3,18,0.0002
SNX7,18,0.0002
SEC22B,18,0.0002
KCTD11,18,0.0002
CLIC5,18,0.0002
IL25,18,0.0002
PHF8,17,0.0002
NFKBID,17,0.0002
EEF1D,17,0.0002
SEPTIN4,17,0.0002
NELFCD,17,0.0002
PEMT,17,0.0002
NEU3,17,0.0002
MPST,17,0.0002
EIF5A,17,0.0002
USP17L11,17,0.0002
IGKV1D-39,17,0.0002
COA6,17,0.0002
TMSB4Y,17,0.0002
MDM2,17,0.0002
DEFB105B,17,0.0002
KRTAP20-4,17,0.0002
PID1,16,0.0002
FAM107B,16,0.0002
IGHD1-1,16,0.0002
RCOR3,16,0.0002
DYNLL1,16,0.0002
TTC39A,16,0.0002
FRG2,16,0.0002
STMP1,16,0.0002
GPM6B,16,0.0002
USP17L19,15,0.0002
DEFB107B,15,0.0002
CDYL,15,0.0002
NPFFR2,15,0.0002
RPL38,15,0.0002
KCNE4,15,0.0002
HNRNPC,15,0.0002
ARL17A,15,0.0002
DHRS12,15,0.0002
OLFM3,15,0.0002
RNASE9,15,0.0002
SET,15,0.0002
EFCAB2,15,0.0002
CFC1B,15,0.0002
OSGIN2,14,0.0002
ACSL4,14,0.0002
TSPY10,14,0.0002
ZNF250,14,0.0002
GSPT1,14,0.0002
RFX8,14,0.0002
RPL36A,14,0.0002
TEX11,14,0.0002
RBX1,14,0.0002
KMT5A,14,0.0002
ZNF415,14,0.0002
KHDC1,14,0.0002
RNF39,14,0.0002
PPP3R1,14,0.0002
PIGP,14,0.0002
LCLAT1,13,0.0002
PLGLB1,13,0.0002
H2BW1,13,0.0002
MXI1,13,0.0002
SMN2,13,0.0002
LMNTD1,13,0.0002
KCNIP1,13,0.0002
HTR3D,13,0.0002
SPACA5B,13,0.0002
ZNF706,13,0.0002
FAM131B,13,0.0002
LCN8,12,0.0001
TPD52,12,0.0001
ASPRV1,12,0.0001
ARL17B,12,0.0001
FAM90A9,12,0.0001
CT45A1,12,0.0001
ELAVL4,12,0.0001
PRPSAP1,12,0.0001
FHL1,12,0.0001
MFF,12,0.0001
MATCAP2,12,0.0001
TMEM230,12,0.0001
AMELY,12,0.0001
CD200R1L,12,0.0001
INSC,12,0.0001
TAF7L,12,0.0001
SMIM10L1,12,0.0001
AKR1B15,12,0.0001
RBMY1F,12,0.0001
USP17L23,11,0.0001
PABPC1L2B,11,0.0001
TMEM276-ZFTRAF1,11,0.0001
ZNF222,11,0.0001
SGCZ,11,0.0001
FAIM,11,0.0001
CREM,11,0.0001
DNAJB5,11,0.0001
PABPC1L2A,11,0.0001
RASSF6,11,0.0001
LYPD6B,11,0.0001
RCAN2,11,0.0001
PHF5A,11,0.0001
GEMIN2,11,0.0001
CT45A6,11,0.0001
ERH,11,0.0001
SPDYE10,11,0.0001
SYPL1,10,0.0001
CCNA1,10,0.0001
MCEMP1,10,0.0001
ZNF565,10,0.0001
SUMO2,10,0.0001
STK24,10,0.0001
LIMS1,10,0.0001
USP17L5,10,0.0001
MEIKIN,10,0.0001
PRSS3,10,0.0001
PGPEP1L,10,0.0001
ETS1,10,0.0001
AGAP9,10,0.0001
PRR23D2,9,0.0001
UFSP1,9,0.0001
DEFB130A,9,0.0001
FAM177A1,9,0.0001
LAPTM4B,9,0.0001
MSRB3,9,0.0001
TGIF1,9,0.0001
LGALS12,9,0.0001
ING1,9,0.0001
ZNF625,9,0.0001
FBXO9,9,0.0001
SSX2,9,0.0001
TMIGD3,9,0.0001
DLX6,9,0.0001
UBE2D2,9,0.0001
TBC1D3C,9,0.0001
SGCD,9,0.0001
RPL41,8,0.0001
LY6H,8,0.0001
IDI1,8,0.0001
MOB2,8,0.0001
GOLGA8A,8,0.0001
TRGV11,8,0.0001
GCNT7,8,0.0001
TMCO1,8,0.0001
RBPJ,8,0.0001
USP17L26,8,0.0001
DMRTC1B,8,0.0001
NTF3,8,0.0001
ZNF641,8,0.0001
PRKACB,8,0.0001
GNAL,8,0.0001
ZNF17,8,0.0001
RPS17,8,0.0001
GAGE12D,8,0.0001
MAGED4,7,0.0001
NEDD8,7,0.0001
H2AZ1,7,0.0001
HOPX,7,0.0001
FAM90A23,7,0.0001
GAGE12G,7,0.0001
RFESD,7,0.0001
ASB12,7,0.0001
TMSB4X,7,0.0001
SPDYE9,6,0.0001
SPACA5,6,0.0001
FAM156B,6,0.0001
RYBP,6,0.0001
TMEM116,6,0.0001
SERF1B,6,0.0001
RBMY1J,6,0.0001
UBE2D3,6,0.0001
DBNDD2,6,0.0001
FAM72D,6,0.0001
SGK1,6,0.0001
C16orf92,6,0.0001
RGPD5,5,0.0001
PRR20B,5,0.0001
PLSCR2,5,0.0001
OPCML,5,0.0001
DAZ3,5,0.0001
NPIPA9,5,0.0001
PAGE5,5,0.0001
ZNF182,5,0.0001
CMPK1,5,0.0001
SCHIP1,5,0.0001
YPEL3,5,0.0001
PPIAL4F,5,0.0001
RBMY1D,5,0.0001
USP17L24,4,0.0
LHX6,4,0.0
FGF12,4,0.0
NPY4R2,4,0.0
DEFB103B,4,0.0
SPANXA1,4,0.0
BPY2C,4,0.0
CCDC201,4,0.0
ANKRD40CL,4,0.0
CRISP3,4,0.0
TSC22D3,4,0.0
LMO2,4,0.0
CT47A1,4,0.0
CDY2A,4,0.0
RFLNB,4,0.0
SYNPR,3,0.0
DAZ1,3,0.0
KCNJ18,3,0.0
SPDYE15,3,0.0
PANO1,3,0.0
CT47A7,3,0.0
SPDYE14,3,0.0
MBD3L4,3,0.0
GAGE12E,3,0.0
GAGE12C,3,0.0
C20orf173,3,0.0
PLA2G2F,3,0.0
CT45A5,3,0.0
GRAPL,3,0.0
TRBJ2-1,2,0.0
HRURF,2,0.0
TRGJ1,2,0.0
USP17L25,2,0.0
TRBJ2-3,2,0.0
SCGB1C2,2,0.0
FAM90A7,2,0.0
BEX3,2,0.0
TRAJ31,2,0.0
CPHXL,2,0.0
SPDYE13,2,0.0
TRGV10,1,0.0
SPDYE16,1,0.0
TBC1D3,1,0.0
H2AB2,1,0.0
FAM90A13P,1,0.0
USP17L29,1,0.0
TRBD1,1,0.0
CDY2B,1,0.0
IGKV2D-40,1,0.0
SERTM2,1,0.0
DUX4,1,0.0
H2AL3,1,0.0
SCYGR10,1,0.0
DEFB103A,1,0.0
LITAFD,1,0.0
SMIM33,1,0.0
ASAH2B,1,0.0
DEFB130B,1,0.0
TMEM275,1,0.0
TRAJ42,1,0.0
TRDD1,1,0.0
SSX2B,1,0.0
