Gene_symbol,Count,Proportion(%)
MUC4,14521,0.1908
AHNAK2,10231,0.1344
FLG,9273,0.1218
SYNE1,8993,0.1181
NEB,8491,0.1115
ATM,8296,0.109
APC,8064,0.1059
MUC5B,7495,0.0985
PKD1,7158,0.094
RYR1,6944,0.0912
USH2A,6872,0.0903
ADGRV1,6763,0.0888
SYNE2,6500,0.0854
MUC17,6231,0.0819
BRCA2,6108,0.0802
ALMS1,5914,0.0777
AHNAK,5880,0.0772
POLE,5880,0.0772
KMT2D,5855,0.0769
NF1,5815,0.0764
DNAH11,5775,0.0759
RYR2,5704,0.0749
HMCN1,5598,0.0735
PCLO,5388,0.0708
APOB,5177,0.068
HSPG2,5100,0.067
CSMD1,5025,0.066
TSC2,5000,0.0657
DNAH17,4919,0.0646
CCDC168,4806,0.0631
TNXB,4787,0.0629
MSH6,4761,0.0625
PRKDC,4760,0.0625
RP1L1,4719,0.062
HRNR,4707,0.0618
DNAH5,4634,0.0609
FAT1,4591,0.0603
LAMA5,4576,0.0601
CDH23,4543,0.0597
FSIP2,4499,0.0591
SRRM2,4402,0.0578
PKHD1,4357,0.0572
FBN1,4341,0.057
MDN1,4279,0.0562
LRP2,4279,0.0562
COL6A3,4229,0.0556
RYR3,4210,0.0553
KMT2C,4187,0.055
PCNT,4114,0.054
CACNA1H,4103,0.0539
SACS,4100,0.0539
PIEZO1,4097,0.0538
ANK2,4047,0.0532
FAT2,4044,0.0531
DSP,4030,0.0529
SPTBN5,4024,0.0529
AKAP9,3974,0.0522
ZFHX3,3939,0.0517
DNAH9,3922,0.0515
POLQ,3862,0.0507
FLNC,3858,0.0507
MYO15A,3842,0.0505
DNAH1,3831,0.0503
RECQL4,3828,0.0503
CUBN,3816,0.0501
HYDIN,3780,0.0497
LAMA2,3764,0.0494
STARD9,3754,0.0493
ALK,3739,0.0491
LYST,3722,0.0489
FAT3,3709,0.0487
RELN,3702,0.0486
SZT2,3672,0.0482
DNHD1,3658,0.0481
HERC2,3655,0.048
PKHD1L1,3641,0.0478
DICER1,3617,0.0475
BSN,3594,0.0472
VCAN,3568,0.0469
COL7A1,3559,0.0468
VPS13D,3533,0.0464
ANKRD11,3504,0.046
ANK3,3479,0.0457
DCHS1,3475,0.0457
ASPM,3460,0.0455
DNAH2,3440,0.0452
LRRK2,3420,0.0449
COL12A1,3387,0.0445
ALPK2,3386,0.0445
DYNC2H1,3354,0.0441
CMYA5,3353,0.044
VPS13C,3351,0.044
FBN2,3339,0.0439
TNRC18,3306,0.0434
DNAH7,3283,0.0431
LRP1B,3262,0.0429
FREM2,3257,0.0428
EPPK1,3256,0.0428
BIRC6,3231,0.0424
NOTCH1,3220,0.0423
UBR4,3211,0.0422
LAMA1,3197,0.042
SPEG,3176,0.0417
FBN3,3157,0.0415
HERC1,3150,0.0414
FANCA,3124,0.041
MKI67,3107,0.0408
SRCAP,3103,0.0408
MYH7,3086,0.0405
DCHS2,3065,0.0403
SPG11,3028,0.0398
CHD7,3001,0.0394
EYS,2997,0.0394
LAMA3,2993,0.0393
PTCH1,2991,0.0393
PALB2,2972,0.039
CFTR,2969,0.039
ABCA4,2949,0.0387
BRCA1,2921,0.0384
PMS2,2913,0.0383
CSMD3,2897,0.0381
TG,2894,0.038
MYO7A,2892,0.038
BRIP1,2889,0.038
RAD50,2888,0.0379
SVEP1,2882,0.0379
NBAS,2880,0.0378
SDK1,2872,0.0377
ATR,2871,0.0377
SPEN,2864,0.0376
MSH3,2845,0.0374
DYNC1H1,2823,0.0371
UTRN,2819,0.037
RANBP2,2812,0.0369
DOCK8,2811,0.0369
ZAN,2798,0.0368
MYO18B,2793,0.0367
AKAP13,2779,0.0365
SLX4,2764,0.0363
VWF,2755,0.0362
CELSR2,2755,0.0362
BLM,2753,0.0362
TCHH,2751,0.0361
SETX,2745,0.0361
LRP1,2742,0.036
TACC2,2736,0.0359
NBPF10,2726,0.0358
MYH11,2709,0.0356
FREM1,2693,0.0354
KMT2B,2686,0.0353
CELSR3,2674,0.0351
CACNA1A,2661,0.035
FLNB,2661,0.035
FANCM,2658,0.0349
ABCA7,2657,0.0349
PCM1,2628,0.0345
PKD1L1,2627,0.0345
SPTA1,2624,0.0345
MET,2620,0.0344
SCN10A,2620,0.0344
MGAM,2611,0.0343
POLD1,2603,0.0342
SCN9A,2597,0.0341
PRUNE2,2588,0.034
MPDZ,2583,0.0339
STAB1,2574,0.0338
WRN,2570,0.0338
CACNA1S,2567,0.0337
ZZEF1,2565,0.0337
FRAS1,2563,0.0337
MYH6,2558,0.0336
TRIOBP,2539,0.0334
SEC16A,2539,0.0334
MYCBP2,2538,0.0333
CENPF,2536,0.0333
PPL,2520,0.0331
MYOM2,2504,0.0329
EPG5,2490,0.0327
KIAA2026,2488,0.0327
VPS13A,2486,0.0327
ALPK3,2485,0.0326
AGRN,2483,0.0326
CROCC,2479,0.0326
NCOR2,2477,0.0325
IGSF10,2477,0.0325
SMARCA4,2475,0.0325
MSH2,2471,0.0325
USP34,2454,0.0322
ZFYVE26,2454,0.0322
SCN1A,2449,0.0322
MEGF8,2449,0.0322
NBEAL2,2444,0.0321
STAB2,2434,0.032
DNAH6,2413,0.0317
PDZD2,2409,0.0316
FASN,2406,0.0316
CDH1,2402,0.0316
JMJD1C,2392,0.0314
RP1,2390,0.0314
MLH3,2390,0.0314
RAI1,2390,0.0314
MUC6,2377,0.0312
KIAA1549,2373,0.0312
PRRC2A,2368,0.0311
EVPL,2367,0.0311
AXIN2,2365,0.0311
BOD1L1,2364,0.0311
WDFY4,2362,0.031
TEP1,2361,0.031
OTOF,2361,0.031
CFAP46,2350,0.0309
RET,2350,0.0309
MYBPC3,2345,0.0308
HIVEP1,2339,0.0307
SON,2329,0.0306
OBSL1,2321,0.0305
TRIO,2314,0.0304
SCN4A,2311,0.0304
CEP250,2311,0.0304
CREBBP,2311,0.0304
MYLK,2310,0.0303
CEP290,2302,0.0302
NOTCH3,2301,0.0302
HTT,2301,0.0302
DOCK6,2297,0.0302
CSPG4,2285,0.03
FN1,2277,0.0299
APC2,2274,0.0299
TENM4,2267,0.0298
TSC1,2261,0.0297
COL5A1,2252,0.0296
SPTBN2,2226,0.0292
INTS1,2220,0.0292
SMG1,2220,0.0292
KIF1B,2217,0.0291
NSD1,2206,0.029
NPAT,2199,0.0289
SPATA31D1,2193,0.0288
PRRC2B,2191,0.0288
TDRD6,2186,0.0287
CEP350,2184,0.0287
BDP1,2175,0.0286
HIVEP2,2175,0.0286
MAP1A,2172,0.0285
TLN2,2169,0.0285
FLG2,2166,0.0285
WDR90,2163,0.0284
UTP20,2160,0.0284
KIF26A,2158,0.0283
TNC,2157,0.0283
POLG,2157,0.0283
DIDO1,2152,0.0283
BARD1,2149,0.0282
HIVEP3,2149,0.0282
WFS1,2149,0.0282
PHRF1,2147,0.0282
TENM2,2147,0.0282
COL11A1,2142,0.0281
EP300,2141,0.0281
REV3L,2140,0.0281
RIF1,2139,0.0281
MCM3AP,2135,0.028
NOTCH2,2135,0.028
PRAG1,2131,0.028
SPTB,2127,0.0279
ZNF292,2125,0.0279
MAST4,2125,0.0279
WNK1,2123,0.0279
PDGFRA,2110,0.0277
KANK1,2106,0.0277
SI,2098,0.0276
LAMC3,2091,0.0275
DOP1B,2090,0.0275
CCDC88C,2090,0.0275
THADA,2083,0.0274
COL27A1,2076,0.0273
RTTN,2067,0.0272
ATP7B,2066,0.0271
LTBP2,2062,0.0271
TECTA,2058,0.027
COL6A6,2058,0.027
TASOR2,2057,0.027
WDFY3,2049,0.0269
SVIL,2048,0.0269
NPHP4,2045,0.0269
IGF2R,2044,0.0269
SETD2,2043,0.0268
MYOM1,2031,0.0267
CACNA1G,2028,0.0266
MLH1,2025,0.0266
C2CD3,2021,0.0265
KIF26B,2013,0.0264
CPAMD8,2009,0.0264
FOCAD,2008,0.0264
GSE1,2006,0.0264
ADAMTSL1,2002,0.0263
MYOF,2000,0.0263
CFAP54,1996,0.0262
ZNF407,1994,0.0262
RTEL1,1991,0.0262
KIF7,1990,0.0261
ARHGEF17,1986,0.0261
KAT6A,1975,0.0259
MYO5B,1968,0.0259
IFT140,1966,0.0258
DLC1,1964,0.0258
CUL9,1964,0.0258
OTOGL,1963,0.0258
FRYL,1962,0.0258
CEP192,1962,0.0258
LRP5,1958,0.0257
TENM3,1957,0.0257
LAMB2,1955,0.0257
ITGB4,1955,0.0257
DSCAML1,1944,0.0255
LZTR1,1942,0.0255
ABCA12,1938,0.0255
MYO9A,1934,0.0254
TICRR,1931,0.0254
SDK2,1926,0.0253
EGFR,1923,0.0253
NUMA1,1921,0.0252
PTPN13,1917,0.0252
SIGLEC1,1915,0.0252
ASXL3,1914,0.0251
AKAP6,1913,0.0251
FNDC1,1913,0.0251
SCN11A,1913,0.0251
TUBGCP6,1904,0.025
COL3A1,1895,0.0249
FLNA,1891,0.0248
ACACB,1891,0.0248
ABCC6,1889,0.0248
ZDBF2,1886,0.0248
PRX,1885,0.0248
XIRP1,1883,0.0247
F5,1882,0.0247
SPAG17,1878,0.0247
SORL1,1874,0.0246
FMN2,1869,0.0246
ITPR3,1869,0.0246
NIN,1866,0.0245
SHROOM3,1865,0.0245
ITPR1,1865,0.0245
SETBP1,1865,0.0245
FRY,1863,0.0245
ZNF318,1862,0.0245
ZNF462,1856,0.0244
ATG2A,1853,0.0243
GLI3,1853,0.0243
MTUS1,1850,0.0243
PRR12,1848,0.0243
ADAMTS18,1848,0.0243
MYBBP1A,1843,0.0242
AHCTF1,1840,0.0242
MYH13,1840,0.0242
TCF20,1835,0.0241
ZNF646,1831,0.0241
COL6A2,1830,0.024
KIAA1217,1828,0.024
CEP295,1825,0.024
ZFHX2,1821,0.0239
CACNA1E,1819,0.0239
NUP210,1816,0.0239
CNTRL,1816,0.0239
SPTBN4,1815,0.0238
AGL,1815,0.0238
SIPA1L3,1815,0.0238
COL4A4,1812,0.0238
UNC13C,1811,0.0238
PLCE1,1809,0.0238
URB1,1807,0.0237
SBF2,1805,0.0237
WDR81,1803,0.0237
ABCA1,1798,0.0236
CNTNAP2,1797,0.0236
CENPE,1796,0.0236
YLPM1,1795,0.0236
ADAMTS7,1790,0.0235
CDK5RAP2,1789,0.0235
SH3TC1,1788,0.0235
POLRMT,1787,0.0235
MYO10,1787,0.0235
NAV3,1785,0.0234
MICAL3,1782,0.0234
CRYBG3,1781,0.0234
CACNA1B,1780,0.0234
PTPRZ1,1780,0.0234
PCNX1,1776,0.0233
MEGF6,1775,0.0233
ICE1,1774,0.0233
GREB1,1774,0.0233
ARID1A,1773,0.0233
CACNA1D,1772,0.0233
GOLGA4,1772,0.0233
CHTF18,1771,0.0233
CRB1,1769,0.0232
LAMB1,1767,0.0232
PCNX2,1766,0.0232
NRAP,1766,0.0232
COL22A1,1766,0.0232
GAA,1766,0.0232
CASR,1765,0.0232
MTOR,1764,0.0232
TERT,1764,0.0232
NUP214,1763,0.0232
KNDC1,1763,0.0232
COL1A2,1762,0.0231
CFAP65,1761,0.0231
PLIN4,1761,0.0231
MYPN,1756,0.0231
PCARE,1755,0.0231
PKD1L3,1753,0.023
PTPN23,1751,0.023
CHEK2,1751,0.023
LPA,1750,0.023
MYH2,1749,0.023
CHD9,1748,0.023
TNS1,1748,0.023
DLEC1,1746,0.0229
COL2A1,1743,0.0229
HEATR1,1741,0.0229
NIPBL,1740,0.0229
ATP2C2,1738,0.0228
KATNIP,1736,0.0228
PKDREJ,1733,0.0228
CABIN1,1731,0.0227
TRPM2,1730,0.0227
LDLR,1729,0.0227
NCKAP5,1728,0.0227
ADAMTS9,1728,0.0227
USP42,1724,0.0226
NBN,1723,0.0226
MYH3,1722,0.0226
KAT6B,1721,0.0226
SCN5A,1719,0.0226
CHD8,1718,0.0226
MAP1B,1718,0.0226
DOCK7,1716,0.0225
ZNF638,1712,0.0225
KIT,1709,0.0225
ABCA3,1707,0.0224
TNKS1BP1,1704,0.0224
EXPH5,1702,0.0224
KDM6B,1702,0.0224
VPS13B,1701,0.0223
SNAPC4,1699,0.0223
NCOA6,1699,0.0223
NACA,1699,0.0223
CHD6,1698,0.0223
ADGRG4,1692,0.0222
RESF1,1690,0.0222
MYH1,1690,0.0222
MYH4,1689,0.0222
SCRIB,1686,0.0221
ADAMTS20,1685,0.0221
GCN1,1682,0.0221
EVC2,1681,0.0221
MXRA5,1681,0.0221
PCNX3,1681,0.0221
FANCI,1680,0.0221
COL4A1,1678,0.022
ANKRD26,1678,0.022
SCN2A,1673,0.022
SPHKAP,1673,0.022
AHDC1,1672,0.022
DIS3L2,1672,0.022
SPATA31E1,1670,0.0219
MYO18A,1668,0.0219
A2ML1,1667,0.0219
EHMT1,1666,0.0219
RIMS1,1663,0.0218
PTPRD,1661,0.0218
USF3,1660,0.0218
COL5A3,1657,0.0218
LRRK1,1652,0.0217
COL1A1,1651,0.0217
MYO9B,1650,0.0217
PLXNB1,1649,0.0217
CC2D2A,1648,0.0216
SPEF2,1646,0.0216
KMT2E,1644,0.0216
DSG2,1644,0.0216
PLXNA1,1641,0.0216
SETD1A,1641,0.0216
GTF3C1,1640,0.0215
COL4A2,1637,0.0215
ITPR2,1637,0.0215
THSD7A,1630,0.0214
MED13L,1628,0.0214
BLTP2,1626,0.0214
ZNF208,1626,0.0214
SPTBN1,1625,0.0213
SCN3A,1625,0.0213
ATG2B,1624,0.0213
CEP164,1623,0.0213
ZNF831,1623,0.0213
PTPRS,1620,0.0213
IFT172,1618,0.0213
CUL7,1618,0.0213
COL4A3,1616,0.0212
ANK1,1615,0.0212
TAF1L,1615,0.0212
MYOM3,1613,0.0212
DEPDC5,1613,0.0212
SYNM,1609,0.0211
COL17A1,1608,0.0211
NLRP12,1606,0.0211
PTPRF,1605,0.0211
VWA8,1604,0.0211
TET1,1602,0.021
KCNH2,1602,0.021
ASXL1,1598,0.021
RERE,1596,0.021
RREB1,1595,0.021
KNTC1,1594,0.0209
LTBP1,1594,0.0209
CASZ1,1593,0.0209
TRIP11,1589,0.0209
RB1,1586,0.0208
MIA3,1584,0.0208
TSPOAP1,1583,0.0208
MAGEL2,1582,0.0208
ARFGEF3,1581,0.0208
LAMB4,1581,0.0208
CNGB1,1580,0.0208
ZGRF1,1578,0.0207
TET2,1575,0.0207
SHANK1,1575,0.0207
TTC3,1573,0.0207
MDC1,1572,0.0207
PRDM16,1571,0.0206
COL5A2,1571,0.0206
BAZ2B,1570,0.0206
FER1L6,1569,0.0206
TNRC6A,1567,0.0206
RBM20,1567,0.0206
CCDC171,1567,0.0206
DOCK10,1566,0.0206
FREM3,1565,0.0206
ARHGAP21,1564,0.0205
ASH1L,1564,0.0205
KIF20B,1563,0.0205
NINL,1563,0.0205
NUP205,1562,0.0205
PAPPA2,1561,0.0205
GON4L,1561,0.0205
DLG5,1560,0.0205
PLXNA2,1557,0.0205
PHF3,1554,0.0204
GOLGA3,1548,0.0203
GRIN2A,1548,0.0203
RBP3,1546,0.0203
PLCG2,1546,0.0203
MYH8,1546,0.0203
NOTCH4,1542,0.0203
HUWE1,1541,0.0202
PLXND1,1539,0.0202
LRPPRC,1537,0.0202
PPRC1,1537,0.0202
PIKFYVE,1536,0.0202
PEAK1,1536,0.0202
TONSL,1535,0.0202
TRPM4,1533,0.0201
CDC42BPG,1531,0.0201
RGPD4,1530,0.0201
PARP4,1530,0.0201
ERICH3,1530,0.0201
PRR14L,1528,0.0201
NCOR1,1527,0.0201
ADAMTSL3,1525,0.02
ADGRA3,1523,0.02
PLCH2,1523,0.02
NLRP5,1523,0.02
RGPD3,1522,0.02
BUB1B,1520,0.02
PDCD11,1520,0.02
ANKRD12,1518,0.0199
PLB1,1518,0.0199
CGNL1,1516,0.0199
RUSC2,1516,0.0199
C4orf54,1513,0.0199
CTC1,1512,0.0199
MED13,1511,0.0198
AKAP11,1509,0.0198
COL24A1,1506,0.0198
NPIPB11,1504,0.0198
NYNRIN,1502,0.0197
FAM83H,1501,0.0197
LRP4,1499,0.0197
ANKRD36,1498,0.0197
DNAJC13,1498,0.0197
AKAP12,1497,0.0197
MUC3A,1496,0.0197
ABCC8,1495,0.0196
BCL9L,1495,0.0196
PEG3,1495,0.0196
ZNF335,1494,0.0196
ABCC2,1493,0.0196
NCAPD3,1493,0.0196
HCN4,1490,0.0196
SALL3,1488,0.0195
PXDNL,1487,0.0195
FAM186A,1487,0.0195
LRRIQ1,1484,0.0195
MYO3A,1483,0.0195
ARAP2,1482,0.0195
FAM90A20P,1480,0.0194
UMODL1,1479,0.0194
CRYBG2,1476,0.0194
MYH9,1475,0.0194
SETD1B,1475,0.0194
DOCK5,1474,0.0194
NBPF9,1472,0.0193
FGD5,1469,0.0193
TTC28,1465,0.0192
ATP8B3,1461,0.0192
NUP188,1461,0.0192
SH3TC2,1461,0.0192
PLEKHH2,1460,0.0192
DSCAM,1460,0.0192
RPGRIP1L,1460,0.0192
HEATR5B,1459,0.0192
EPAS1,1458,0.0192
TLN1,1458,0.0192
BICRA,1457,0.0191
COL6A1,1456,0.0191
DCTN1,1455,0.0191
MAP2,1454,0.0191
UNC13D,1454,0.0191
TIAM2,1453,0.0191
MYO5C,1452,0.0191
SHANK2,1451,0.0191
ABCC3,1450,0.019
TPR,1450,0.019
DOP1A,1450,0.019
FANCD2,1448,0.019
ADAMTS17,1447,0.019
CEP152,1447,0.019
SMCHD1,1447,0.019
SSC5D,1446,0.019
NLRP1,1444,0.019
IQGAP3,1444,0.019
VWDE,1442,0.0189
PI4KA,1441,0.0189
NLRC5,1440,0.0189
IFIH1,1439,0.0189
MALRD1,1439,0.0189
RGS12,1439,0.0189
TANC1,1437,0.0189
CTNNA1,1435,0.0189
CNTLN,1435,0.0189
CARMIL2,1434,0.0188
TULP4,1434,0.0188
TTLL5,1432,0.0188
COL16A1,1430,0.0188
BUB1,1430,0.0188
ABCB5,1429,0.0188
ROBO1,1428,0.0188
SIPA1L2,1428,0.0188
MAST2,1428,0.0188
ERCC6,1426,0.0187
SAMD9,1425,0.0187
ACE,1424,0.0187
CCDC88B,1424,0.0187
KIF13B,1423,0.0187
SYNJ2,1422,0.0187
ARHGEF40,1421,0.0187
AP5Z1,1420,0.0187
PRDM2,1417,0.0186
CEP170B,1417,0.0186
ATP10B,1416,0.0186
EFCAB6,1416,0.0186
PLEKHG2,1416,0.0186
NPC1,1415,0.0186
COL20A1,1413,0.0186
MROH2B,1413,0.0186
GAK,1411,0.0185
RALGAPA2,1411,0.0185
INF2,1411,0.0185
TNN,1410,0.0185
COL14A1,1410,0.0185
DUOX1,1405,0.0185
AKNA,1405,0.0185
COL15A1,1404,0.0184
POLR1A,1403,0.0184
SAMD9L,1402,0.0184
ATP10A,1402,0.0184
AATK,1400,0.0184
SETD5,1399,0.0184
ABCC10,1396,0.0183
CCDC88A,1395,0.0183
EML6,1394,0.0183
SMG6,1393,0.0183
CAD,1392,0.0183
CACNA2D4,1390,0.0183
LTBP3,1389,0.0182
ARHGEF28,1389,0.0182
SCN8A,1389,0.0182
CACNA1I,1388,0.0182
REXO1,1387,0.0182
LAMB3,1385,0.0182
C3,1381,0.0181
KIDINS220,1380,0.0181
LY75,1380,0.0181
CRB2,1379,0.0181
TRPM6,1378,0.0181
NID2,1377,0.0181
CHD2,1375,0.0181
LAMC1,1375,0.0181
ADAMTSL4,1373,0.018
BCLAF1,1368,0.018
HECTD1,1367,0.018
BCL9,1367,0.018
PPP1R26,1366,0.0179
ROBO3,1364,0.0179
SOS1,1364,0.0179
ATRX,1363,0.0179
DSC2,1361,0.0179
DOT1L,1361,0.0179
CCDC40,1360,0.0179
DMBT1,1360,0.0179
ANKRD30A,1358,0.0178
C10orf71,1358,0.0178
FER1L5,1353,0.0178
COBL,1352,0.0178
ABCC11,1352,0.0178
KMT2A,1345,0.0177
JCAD,1345,0.0177
PER1,1345,0.0177
NWD1,1344,0.0177
COL28A1,1344,0.0177
CCDC141,1342,0.0176
AUTS2,1340,0.0176
MUC22,1340,0.0176
RRBP1,1340,0.0176
URB2,1339,0.0176
CDAN1,1338,0.0176
CARD14,1337,0.0176
RPGRIP1,1337,0.0176
POM121,1337,0.0176
FRMPD1,1336,0.0176
PTCH2,1336,0.0176
TIAM1,1335,0.0175
SOGA1,1335,0.0175
ZC3H4,1335,0.0175
THSD7B,1334,0.0175
NPHS1,1333,0.0175
MIA2,1332,0.0175
CDHR2,1332,0.0175
NUP153,1332,0.0175
SCN7A,1332,0.0175
ELP1,1331,0.0175
MCPH1,1329,0.0175
ABCA8,1327,0.0174
PTPRG,1327,0.0174
CNTNAP4,1327,0.0174
CROCC2,1325,0.0174
CAMTA1,1322,0.0174
GEMIN5,1322,0.0174
ADAMTS12,1321,0.0174
BRWD1,1320,0.0173
DIAPH1,1318,0.0173
LCT,1317,0.0173
ARAP3,1316,0.0173
DHX57,1316,0.0173
MST1R,1316,0.0173
MICAL1,1315,0.0173
TET3,1313,0.0172
TARBP1,1311,0.0172
ZNFX1,1311,0.0172
ASCC3,1311,0.0172
NLRP2,1311,0.0172
SOS2,1310,0.0172
MROH7,1310,0.0172
CPZ,1308,0.0172
ALPK1,1308,0.0172
PXDN,1308,0.0172
SPATA31C1,1306,0.0172
TNRC6B,1306,0.0172
ITSN2,1305,0.0171
RBBP6,1305,0.0171
PASK,1304,0.0171
RADIL,1304,0.0171
ABCA6,1302,0.0171
IRS1,1300,0.0171
MED16,1299,0.0171
LMTK2,1299,0.0171
ADAMTS2,1299,0.0171
PIK3C2B,1299,0.0171
ADAMTS14,1299,0.0171
TNS2,1299,0.0171
NEBL,1298,0.0171
ATP13A2,1296,0.017
DCC,1295,0.017
ANKRD17,1293,0.017
LRIG1,1293,0.017
N4BP2,1292,0.017
NES,1292,0.017
CFAP47,1291,0.017
CAMSAP1,1291,0.017
OPLAH,1290,0.0169
CRACD,1289,0.0169
MYBPC2,1289,0.0169
ZNF516,1288,0.0169
GCC2,1288,0.0169
MFHAS1,1288,0.0169
C5,1288,0.0169
TNS3,1287,0.0169
DOCK2,1287,0.0169
UBR5,1286,0.0169
SPTAN1,1285,0.0169
PDZD7,1285,0.0169
TJP2,1285,0.0169
PLXNA4,1284,0.0169
DISP2,1284,0.0169
PAPLN,1283,0.0169
TYK2,1283,0.0169
TMEM131,1282,0.0168
PEX1,1281,0.0168
KIF21B,1279,0.0168
TTC21B,1279,0.0168
MUC5AC,1278,0.0168
CASKIN1,1278,0.0168
CLTCL1,1278,0.0168
DISP3,1277,0.0168
NID1,1276,0.0168
IMPG2,1273,0.0167
CTTNBP2,1273,0.0167
NPHP3,1272,0.0167
DHX34,1272,0.0167
PIK3C2A,1271,0.0167
GRIN3B,1271,0.0167
ALS2,1269,0.0167
ABCC1,1269,0.0167
CFAP44,1269,0.0167
MROH2A,1268,0.0167
DOCK3,1268,0.0167
SFI1,1267,0.0166
CFAP43,1266,0.0166
MTUS2,1264,0.0166
SLIT3,1264,0.0166
ADAR,1264,0.0166
SBNO2,1264,0.0166
FYCO1,1262,0.0166
EVC,1261,0.0166
GUCY2D,1260,0.0166
CILP2,1259,0.0165
IGHMBP2,1259,0.0165
PRG4,1258,0.0165
FMN1,1257,0.0165
PLXNB2,1257,0.0165
SALL1,1256,0.0165
ARFGEF2,1255,0.0165
NLRC3,1251,0.0164
MEN1,1250,0.0164
PLEKHG3,1247,0.0164
ZNF729,1247,0.0164
PAPPA,1247,0.0164
EHBP1L1,1246,0.0164
KIF14,1244,0.0163
NUP210L,1244,0.0163
STYXL2,1243,0.0163
DISP1,1243,0.0163
MEGF10,1241,0.0163
CGN,1241,0.0163
NISCH,1241,0.0163
ARAP1,1240,0.0163
ADCY10,1239,0.0163
KIF13A,1239,0.0163
ARHGAP31,1239,0.0163
TECPR2,1238,0.0163
KANSL1,1237,0.0163
ZNF518A,1237,0.0163
BAP1,1236,0.0162
ARID2,1235,0.0162
ZFC3H1,1235,0.0162
NCAPD2,1235,0.0162
AHI1,1234,0.0162
MICALL2,1233,0.0162
ZFYVE16,1231,0.0162
TRPM5,1229,0.0161
SKIC3,1227,0.0161
TAS1R3,1226,0.0161
HR,1226,0.0161
GPATCH8,1223,0.0161
PTPRH,1223,0.0161
PHLPP2,1223,0.0161
RRP12,1221,0.016
ERBIN,1221,0.016
PHLDB1,1221,0.016
COL9A3,1221,0.016
PHLPP1,1220,0.016
ABCB11,1220,0.016
DNMBP,1219,0.016
BRAT1,1217,0.016
SDHA,1217,0.016
DSG1,1217,0.016
KCNV2,1216,0.016
AK9,1214,0.0159
ANKHD1,1213,0.0159
MAN2B2,1212,0.0159
MRE11,1210,0.0159
CNTN6,1210,0.0159
HECW1,1209,0.0159
ULK4,1209,0.0159
WNK4,1209,0.0159
RIC1,1209,0.0159
PLA2R1,1209,0.0159
ABCA10,1208,0.0159
ABCA9,1208,0.0159
AARS1,1208,0.0159
MYO3B,1208,0.0159
PARD3B,1206,0.0158
ZNF608,1205,0.0158
CENPJ,1205,0.0158
CD109,1204,0.0158
FRMPD2,1204,0.0158
ARID1B,1204,0.0158
PLEKHG5,1203,0.0158
FHDC1,1203,0.0158
CFH,1202,0.0158
RPAP1,1202,0.0158
POT1,1202,0.0158
PCDHB7,1202,0.0158
ADGRA2,1201,0.0158
PZP,1201,0.0158
INSRR,1201,0.0158
CASKIN2,1199,0.0158
USP6,1199,0.0158
USP24,1198,0.0157
ANAPC1,1197,0.0157
MARF1,1197,0.0157
CDC42BPB,1197,0.0157
ZNF804B,1195,0.0157
EIF4G1,1195,0.0157
ARHGEF18,1194,0.0157
KDM5A,1193,0.0157
RINT1,1192,0.0157
KDM5B,1192,0.0157
DIP2A,1190,0.0156
MAP1S,1188,0.0156
CHD5,1188,0.0156
DSPP,1188,0.0156
ARVCF,1188,0.0156
CDON,1187,0.0156
ADGB,1187,0.0156
ATP10D,1186,0.0156
GIGYF1,1183,0.0155
MYO1C,1183,0.0155
ESPL1,1180,0.0155
FLII,1179,0.0155
ITGAM,1179,0.0155
SCAF1,1178,0.0155
PLEKHG1,1177,0.0155
PCDHA8,1176,0.0154
PLXNA3,1174,0.0154
JAG1,1174,0.0154
BCR,1174,0.0154
KIAA1755,1172,0.0154
NCKAP5L,1172,0.0154
CDK13,1171,0.0154
LLGL2,1171,0.0154
MBTPS1,1170,0.0154
NRXN2,1168,0.0153
USP36,1167,0.0153
PSME4,1166,0.0153
ATAD5,1166,0.0153
IQGAP2,1165,0.0153
RAB3GAP2,1164,0.0153
PER2,1164,0.0153
PCDHA9,1163,0.0153
ABCA5,1162,0.0153
CDH15,1162,0.0153
PIGG,1161,0.0153
HELZ,1161,0.0153
NEURL4,1159,0.0152
DDX60,1157,0.0152
COL9A1,1157,0.0152
FLYWCH1,1157,0.0152
TCOF1,1157,0.0152
FLT4,1157,0.0152
PREX2,1156,0.0152
BMPR1A,1154,0.0152
SASH1,1154,0.0152
ELOA2,1153,0.0151
HECW2,1153,0.0151
IL16,1153,0.0151
USP54,1153,0.0151
ADCY9,1153,0.0151
SLC38A10,1152,0.0151
RAPGEF6,1152,0.0151
ZNF862,1152,0.0151
WHRN,1151,0.0151
CBL,1150,0.0151
KIF19,1149,0.0151
ARHGEF10L,1149,0.0151
RTL1,1149,0.0151
KIF27,1149,0.0151
UBR1,1148,0.0151
ACTN2,1147,0.0151
ASTN2,1147,0.0151
PCNX4,1146,0.0151
PIDD1,1146,0.0151
ADGRF5,1146,0.0151
IGF1R,1145,0.015
TIMELESS,1143,0.015
CDHR5,1142,0.015
TNR,1142,0.015
CILP,1142,0.015
ESPNL,1141,0.015
ADAMTS16,1140,0.015
KIAA1614,1139,0.015
PALLD,1138,0.0149
TJP3,1138,0.0149
ASXL2,1136,0.0149
AEBP1,1136,0.0149
CLCN1,1135,0.0149
CTNNA3,1135,0.0149
SORCS2,1135,0.0149
PARP14,1134,0.0149
BMS1,1134,0.0149
ZNF518B,1134,0.0149
GRM6,1133,0.0149
RNF123,1133,0.0149
PIGO,1133,0.0149
SPATA31A7,1133,0.0149
BTBD8,1132,0.0149
VCL,1132,0.0149
PCDH12,1131,0.0149
JAG2,1131,0.0149
CD163L1,1131,0.0149
PLXNB3,1131,0.0149
ROR2,1130,0.0148
STK11,1130,0.0148
CHD3,1129,0.0148
SYCP2,1129,0.0148
ITGAE,1128,0.0148
GEMIN4,1127,0.0148
ITPRID2,1127,0.0148
LONP1,1126,0.0148
DHX38,1126,0.0148
LTN1,1125,0.0148
KIF21A,1123,0.0148
RB1CC1,1122,0.0147
TRPM7,1122,0.0147
NACAD,1121,0.0147
NCAN,1121,0.0147
PCDHB10,1121,0.0147
ARHGAP33,1121,0.0147
PTPRJ,1120,0.0147
MBD6,1120,0.0147
CEMIP2,1120,0.0147
BLTP3A,1119,0.0147
RTN4,1118,0.0147
IGSF9B,1118,0.0147
POLR3A,1117,0.0147
CDHR1,1117,0.0147
FAM135B,1116,0.0147
EFCAB5,1116,0.0147
TASOR,1116,0.0147
EPHA8,1114,0.0146
MRC2,1114,0.0146
HIP1R,1114,0.0146
SNRNP200,1114,0.0146
CAND2,1113,0.0146
VIRMA,1113,0.0146
CKAP5,1113,0.0146
GRIN2B,1113,0.0146
PCDHA6,1112,0.0146
PREX1,1112,0.0146
CARMIL3,1112,0.0146
SNED1,1111,0.0146
FCSK,1111,0.0146
NALCN,1111,0.0146
LAMC2,1111,0.0146
MAN2B1,1110,0.0146
PTPN21,1110,0.0146
CAPN15,1110,0.0146
HAUS6,1109,0.0146
MAP3K1,1109,0.0146
RAB11FIP1,1109,0.0146
UBN2,1108,0.0146
PTPRC,1108,0.0146
CUX2,1108,0.0146
PDGFRB,1108,0.0146
VWA3B,1107,0.0145
ANO5,1107,0.0145
SCAF11,1107,0.0145
ATAD3B,1106,0.0145
CPSF1,1106,0.0145
PTPRN2,1106,0.0145
UBN1,1106,0.0145
PHKB,1105,0.0145
ZFR2,1105,0.0145
PCDHA7,1105,0.0145
IQSEC3,1105,0.0145
HEG1,1103,0.0145
MMRN1,1102,0.0145
NPAP1,1100,0.0145
EMC1,1100,0.0145
SLIT2,1099,0.0144
PDE6B,1099,0.0144
ITGAX,1099,0.0144
ZNF592,1098,0.0144
ZNF687,1098,0.0144
RLF,1098,0.0144
RNF17,1098,0.0144
ZC3H3,1096,0.0144
SLC12A3,1095,0.0144
CFAP61,1094,0.0144
KIF4B,1094,0.0144
ZNF658,1094,0.0144
KDR,1093,0.0144
KIF1C,1093,0.0144
ZNF536,1091,0.0143
KCNQ2,1090,0.0143
NFATC1,1090,0.0143
ZFYVE28,1090,0.0143
ATP9B,1090,0.0143
FLCN,1089,0.0143
PKP4,1089,0.0143
ROBO4,1089,0.0143
PEX6,1089,0.0143
PDZRN3,1087,0.0143
CRAMP1,1087,0.0143
DVL1,1087,0.0143
EIF2AK4,1087,0.0143
ITGA11,1087,0.0143
SLIT1,1087,0.0143
C2CD6,1083,0.0142
SYNJ1,1083,0.0142
REST,1081,0.0142
TOPAZ1,1081,0.0142
TTC7A,1081,0.0142
RAD54L,1080,0.0142
JARID2,1080,0.0142
MN1,1080,0.0142
FARP2,1080,0.0142
NEO1,1079,0.0142
MAGI2,1079,0.0142
CARD11,1079,0.0142
CEP162,1078,0.0142
ZNF609,1078,0.0142
TNKS,1077,0.0141
ADGRB3,1077,0.0141
F8,1076,0.0141
LDB3,1076,0.0141
FANCC,1076,0.0141
NFRKB,1075,0.0141
SPG7,1075,0.0141
EXD3,1074,0.0141
PCDHA2,1074,0.0141
CNTNAP1,1073,0.0141
YTHDC2,1073,0.0141
ARHGAP23,1072,0.0141
CEP170,1072,0.0141
CEBPZ,1071,0.0141
ZNF91,1071,0.0141
LRRC37A3,1071,0.0141
MERTK,1071,0.0141
TELO2,1071,0.0141
CNTN5,1070,0.0141
UGGT2,1069,0.014
OCA2,1068,0.014
NLRX1,1067,0.014
EPRS1,1067,0.014
NLRP13,1066,0.014
PCDHB13,1066,0.014
IFT122,1065,0.014
HPS5,1065,0.014
IGHV2-70,1065,0.014
PLEKHA6,1065,0.014
HFM1,1065,0.014
DGKQ,1064,0.014
SCNN1D,1064,0.014
PCDHB12,1064,0.014
ABCC9,1064,0.014
BCAR1,1063,0.014
KIF24,1063,0.014
STK36,1063,0.014
PROM1,1062,0.014
INPPL1,1062,0.014
FHOD1,1062,0.014
PCDHGA6,1062,0.014
TTBK1,1061,0.0139
DOK7,1060,0.0139
PCDHA10,1060,0.0139
RFX7,1060,0.0139
USP35,1059,0.0139
MAP3K4,1059,0.0139
PCDHB8,1059,0.0139
LMNA,1059,0.0139
TPO,1059,0.0139
USP31,1058,0.0139
NKTR,1057,0.0139
GRID2IP,1057,0.0139
GPR158,1056,0.0139
MAP3K6,1056,0.0139
DSG4,1056,0.0139
FGD6,1056,0.0139
NCOA3,1055,0.0139
PCDHA11,1054,0.0138
PHLDB2,1054,0.0138
ZNF804A,1054,0.0138
SHPRH,1054,0.0138
DAPK1,1053,0.0138
TBC1D32,1052,0.0138
SPATA31F1,1052,0.0138
TIE1,1052,0.0138
ADAMTS13,1052,0.0138
TAOK2,1049,0.0138
STK11IP,1049,0.0138
ADAMTS3,1049,0.0138
NBPF1,1049,0.0138
IL17RA,1049,0.0138
IRS2,1048,0.0138
SRBD1,1048,0.0138
DAG1,1047,0.0138
IGSF9,1047,0.0138
TECPR1,1046,0.0137
RPRD2,1046,0.0137
WDR19,1046,0.0137
ERCC5,1045,0.0137
ITGAD,1044,0.0137
NRIP1,1043,0.0137
PCDHA4,1043,0.0137
OAS3,1043,0.0137
BRD4,1043,0.0137
TMEM132C,1042,0.0137
TBC1D4,1042,0.0137
LIFR,1042,0.0137
ENAM,1041,0.0137
SKIC2,1041,0.0137
UBAP2,1041,0.0137
ITSN1,1040,0.0137
SORBS1,1040,0.0137
NEFH,1039,0.0136
IGDCC4,1039,0.0136
UVSSA,1038,0.0136
TMEM132A,1038,0.0136
COL4A5,1038,0.0136
LRP6,1037,0.0136
IQGAP1,1037,0.0136
PCDHGA5,1037,0.0136
SCAP,1036,0.0136
SYNE3,1035,0.0136
SMARCA2,1034,0.0136
ZFAT,1034,0.0136
PCDHA3,1034,0.0136
ADGRB2,1034,0.0136
CEP128,1033,0.0136
GNPTAB,1033,0.0136
IQCN,1032,0.0136
NOS3,1032,0.0136
TMEM94,1031,0.0135
MEFV,1031,0.0135
PLEKHM2,1031,0.0135
ATP13A4,1031,0.0135
TRAPPC9,1030,0.0135
PEAR1,1030,0.0135
RICTOR,1030,0.0135
STARD13,1029,0.0135
MGAM2,1029,0.0135
NLRP8,1029,0.0135
UNC45A,1029,0.0135
NRDE2,1029,0.0135
IMPG1,1029,0.0135
TOGARAM2,1029,0.0135
SPINK5,1028,0.0135
ARHGAP30,1028,0.0135
TRAPPC11,1026,0.0135
MIB2,1026,0.0135
UNC5B,1026,0.0135
ARHGAP45,1025,0.0135
PCDHA12,1024,0.0135
CEMIP,1024,0.0135
FGFR3,1024,0.0135
ZNF786,1023,0.0134
DIP2C,1023,0.0134
IGSF3,1022,0.0134
PLEKHH1,1022,0.0134
PRR36,1022,0.0134
MAN2A2,1022,0.0134
SEMA5B,1021,0.0134
PPFIA1,1020,0.0134
IARS1,1019,0.0134
RAG1,1019,0.0134
PFAS,1019,0.0134
C6,1018,0.0134
RECQL,1018,0.0134
PPARGC1B,1017,0.0134
GLI1,1016,0.0133
SYNGAP1,1016,0.0133
NOL6,1016,0.0133
DIAPH3,1015,0.0133
C9orf131,1015,0.0133
ANKRD24,1014,0.0133
KIAA0232,1014,0.0133
ITGA8,1014,0.0133
ADNP2,1014,0.0133
KIF16B,1014,0.0133
SEC16B,1013,0.0133
MICAL2,1013,0.0133
BLTP3B,1013,0.0133
TMEM132E,1012,0.0133
ZNF99,1012,0.0133
COL19A1,1012,0.0133
COBLL1,1011,0.0133
ATN1,1011,0.0133
NOC2L,1010,0.0133
YEATS2,1009,0.0133
BNC2,1009,0.0133
ATP11A,1009,0.0133
RSF1,1009,0.0133
TNNI3K,1008,0.0132
KDM4C,1008,0.0132
DENND4B,1008,0.0132
KTN1,1008,0.0132
NUP155,1006,0.0132
TMC6,1006,0.0132
TMEM132D,1006,0.0132
ERCC4,1006,0.0132
ABCG8,1006,0.0132
ANKAR,1006,0.0132
PHIP,1005,0.0132
WDR72,1005,0.0132
RANBP17,1005,0.0132
MAGEC1,1004,0.0132
BAG3,1004,0.0132
ITGA2B,1004,0.0132
TTBK2,1004,0.0132
TOPORS,1003,0.0132
DNAAF1,1003,0.0132
EPHB4,1002,0.0132
ARHGEF15,1002,0.0132
CUX1,1002,0.0132
CNTN2,1002,0.0132
CACHD1,1001,0.0131
CC2D1A,1001,0.0131
SNX19,1001,0.0131
DYNC2I1,1000,0.0131
LIPE,999,0.0131
ZC3H18,999,0.0131
PITRM1,998,0.0131
TRAPPC8,998,0.0131
ULK1,998,0.0131
MED1,998,0.0131
PKP3,997,0.0131
PRTG,997,0.0131
MYO1F,997,0.0131
ATP13A5,996,0.0131
PLD1,996,0.0131
PGAP6,996,0.0131
UACA,995,0.0131
ZFYVE9,995,0.0131
PCDHA5,995,0.0131
TRPV4,995,0.0131
CNOT1,994,0.0131
NLRC4,993,0.013
ZFPM2,993,0.013
A2M,993,0.013
PCDHGA7,992,0.013
SLC26A4,992,0.013
MON2,992,0.013
AMER3,992,0.013
GALNT12,992,0.013
SLC12A7,992,0.013
CEP135,991,0.013
PTPRT,991,0.013
TOP2B,991,0.013
DHX37,990,0.013
SNX29,990,0.013
NCOA1,990,0.013
TMEM67,989,0.013
POTEF,989,0.013
TMC3,988,0.013
TLL2,988,0.013
UGGT1,988,0.013
PCDHB9,988,0.013
FRMD4B,988,0.013
PRPF8,988,0.013
CORO7,988,0.013
SPOCD1,987,0.013
ADCY5,987,0.013
ERBB2,986,0.013
DAAM2,985,0.0129
TTLL4,984,0.0129
CLSPN,984,0.0129
SLC24A1,984,0.0129
EIF3A,984,0.0129
PCDHGA2,983,0.0129
MEI1,983,0.0129
LEMD3,982,0.0129
CPS1,982,0.0129
RIN3,982,0.0129
TMPRSS15,981,0.0129
KCNQ1,981,0.0129
HK3,981,0.0129
VWA3A,981,0.0129
TBCD,980,0.0129
CAPN3,980,0.0129
CAMTA2,979,0.0129
NTRK1,979,0.0129
CLIP1,979,0.0129
FAM135A,979,0.0129
NCOA2,978,0.0128
MAST1,978,0.0128
ATAD2,978,0.0128
TRAP1,977,0.0128
PCDHB11,977,0.0128
PCDHA1,977,0.0128
WDR7,976,0.0128
ZFPM1,976,0.0128
TSC22D1,976,0.0128
NLRP4,976,0.0128
JPH3,976,0.0128
PCDHGA8,976,0.0128
CRIM1,975,0.0128
ATG9B,975,0.0128
APOBR,975,0.0128
THSD4,975,0.0128
ZEB2,975,0.0128
TCF3,975,0.0128
FARP1,974,0.0128
TOPBP1,974,0.0128
ATP8B4,974,0.0128
ANKRD50,974,0.0128
SPECC1,974,0.0128
ERBB3,974,0.0128
CNTNAP3,972,0.0128
CAMSAP3,972,0.0128
CDH3,971,0.0128
EGF,971,0.0128
CSF1R,971,0.0128
FAN1,971,0.0128
SH3PXD2A,971,0.0128
SEC31B,970,0.0127
NLRP7,970,0.0127
MED12,970,0.0127
FLT1,970,0.0127
WDR62,969,0.0127
TSHZ1,969,0.0127
MAGI3,969,0.0127
XDH,969,0.0127
MYO1A,968,0.0127
KANK4,968,0.0127
EPHA1,968,0.0127
RBM19,967,0.0127
SHROOM2,967,0.0127
RNF31,967,0.0127
COG1,967,0.0127
ATP2A1,967,0.0127
POTEE,966,0.0127
SREBF2,966,0.0127
JAK3,964,0.0127
AFF3,964,0.0127
MFN2,964,0.0127
ITPKB,964,0.0127
QARS1,963,0.0127
VPS8,963,0.0127
ABCC4,963,0.0127
SKI,963,0.0127
KIF17,963,0.0127
TSHZ2,963,0.0127
ARHGAP5,963,0.0127
RAPH1,962,0.0126
PLA2G4B,962,0.0126
NRCAM,962,0.0126
ABL1,962,0.0126
PITPNM1,960,0.0126
PLEKHG4,960,0.0126
SLC34A3,960,0.0126
MYO1E,960,0.0126
ERBB4,960,0.0126
PCDHGB1,959,0.0126
MAP3K19,959,0.0126
JUP,958,0.0126
POGZ,958,0.0126
CHD4,958,0.0126
WWC2,958,0.0126
ZFHX4,958,0.0126
HEPHL1,958,0.0126
ATP7A,958,0.0126
CCDC7,957,0.0126
ATP1A4,957,0.0126
ADGRB1,957,0.0126
KIF15,957,0.0126
KCNQ3,956,0.0126
THBS2,956,0.0126
C16orf96,955,0.0125
TCIRG1,955,0.0125
CDK12,955,0.0125
MCTP2,955,0.0125
PDZRN4,955,0.0125
CATSPERG,954,0.0125
PCDHGA3,954,0.0125
BTBD7,953,0.0125
PLCB2,953,0.0125
HEATR4,953,0.0125
WASHC5,953,0.0125
HLA-C,953,0.0125
MINAR1,952,0.0125
AP3B1,952,0.0125
MAP3K9,951,0.0125
PCDHA13,950,0.0125
PDE3A,950,0.0125
GREB1L,950,0.0125
RAD54L2,950,0.0125
ITGA10,950,0.0125
AMZ1,950,0.0125
PLD2,949,0.0125
MIS18BP1,949,0.0125
INVS,948,0.0125
CDCA2,948,0.0125
DIP2B,948,0.0125
SUCO,948,0.0125
PCDH17,948,0.0125
INO80,948,0.0125
SALL4,948,0.0125
CTDP1,947,0.0124
EPHA10,947,0.0124
NOL8,946,0.0124
ERCC2,946,0.0124
CORIN,946,0.0124
SLC6A5,946,0.0124
DAB2IP,946,0.0124
LLGL1,945,0.0124
DENND5A,945,0.0124
CLEC16A,945,0.0124
NLRP14,944,0.0124
CSF2RB,944,0.0124
PCDHGB3,943,0.0124
HPS3,943,0.0124
PCDHB14,943,0.0124
ADAD2,943,0.0124
B4GALNT3,943,0.0124
SUN1,943,0.0124
DDX54,942,0.0124
CP,942,0.0124
PTPN14,942,0.0124
UBR2,941,0.0124
ADCY8,941,0.0124
PDE3B,939,0.0123
MMS22L,939,0.0123
EMILIN1,939,0.0123
MYO19,938,0.0123
SUSD2,938,0.0123
KANK2,938,0.0123
ANO8,938,0.0123
MYO5A,938,0.0123
PITPNM3,937,0.0123
SIK1,937,0.0123
CEP120,937,0.0123
GRIN2D,937,0.0123
ODAD2,937,0.0123
SYMPK,936,0.0123
AGBL5,936,0.0123
ATXN7,936,0.0123
CEL,935,0.0123
ATP8B1,935,0.0123
SAFB2,935,0.0123
KIAA0319,935,0.0123
PPFIBP2,935,0.0123
CHD1,935,0.0123
BMP2K,934,0.0123
MYLK3,934,0.0123
EPB41L3,934,0.0123
ITPRID1,933,0.0123
PMFBP1,933,0.0123
NOP14,933,0.0123
NOM1,933,0.0123
DNAAF5,932,0.0122
NOD1,932,0.0122
ANKRD27,931,0.0122
ZNF594,931,0.0122
CFAP57,931,0.0122
RAD51AP2,931,0.0122
SCAF8,930,0.0122
FBXO38,930,0.0122
ADGRG6,930,0.0122
PCDHB5,929,0.0122
PARP10,929,0.0122
SLC3A1,929,0.0122
TAS1R2,929,0.0122
MISP,929,0.0122
C7,928,0.0122
AP4E1,927,0.0122
ERN2,926,0.0122
ZNF808,926,0.0122
IL12RB2,926,0.0122
KDM2B,926,0.0122
PPP1R3A,925,0.0122
MAN2C1,925,0.0122
ENG,924,0.0121
PKD2,924,0.0121
CYFIP1,924,0.0121
SORCS1,923,0.0121
PCDHB16,923,0.0121
GRIP2,922,0.0121
TRAPPC10,922,0.0121
GLG1,922,0.0121
ATRN,922,0.0121
MCM4,922,0.0121
ZNF541,922,0.0121
GUCY2C,922,0.0121
HEATR6,922,0.0121
ESYT1,921,0.0121
ZNF628,921,0.0121
USP17L7,918,0.0121
ITIH6,918,0.0121
SREBF1,917,0.012
ACTN3,916,0.012
MCF2L2,916,0.012
SMC4,916,0.012
RIN2,916,0.012
RBM33,916,0.012
SEMA5A,915,0.012
DNAAF2,915,0.012
PLEKHN1,915,0.012
VWA5B1,915,0.012
CDH2,914,0.012
ARHGEF5,914,0.012
ZCCHC2,914,0.012
SH3BP4,914,0.012
FILIP1,913,0.012
AMBRA1,913,0.012
ANLN,913,0.012
GAS2L2,913,0.012
AFG2A,911,0.012
RPS6KC1,911,0.012
BCOR,910,0.012
NSD2,910,0.012
SLITRK5,910,0.012
PSD4,909,0.0119
DSEL,909,0.0119
ELAC2,908,0.0119
SYNPO2,908,0.0119
PDE6A,908,0.0119
GEN1,907,0.0119
NEXMIF,907,0.0119
JAK2,906,0.0119
SUGP2,906,0.0119
RANBP6,906,0.0119
SLC4A2,906,0.0119
SMTN,906,0.0119
INCENP,905,0.0119
LIG1,905,0.0119
RGS22,905,0.0119
USP17L2,905,0.0119
UBE3B,905,0.0119
TUT7,905,0.0119
ABCB1,904,0.0119
MAML2,904,0.0119
FAM184B,904,0.0119
HELB,904,0.0119
CNGB3,903,0.0119
DENND2B,903,0.0119
ADNP,903,0.0119
PRDM9,902,0.0118
TTF2,902,0.0118
LTK,902,0.0118
NRK,902,0.0118
DNA2,902,0.0118
CCDC136,901,0.0118
LRRC66,901,0.0118
PCDHGA1,901,0.0118
ANKRD35,901,0.0118
RFWD3,901,0.0118
ATRNL1,900,0.0118
CD101,900,0.0118
RASA1,900,0.0118
ZBTB40,900,0.0118
SLC4A3,900,0.0118
BICD2,899,0.0118
SYNRG,899,0.0118
CADPS,899,0.0118
ZBED4,899,0.0118
PCSK9,899,0.0118
PELP1,898,0.0118
GPRIN1,898,0.0118
PPP2R3A,897,0.0118
KDM3B,897,0.0118
SLC38A8,897,0.0118
VARS1,897,0.0118
ARHGEF12,897,0.0118
INSR,896,0.0118
ARHGAP29,896,0.0118
AARS2,896,0.0118
BMP1,896,0.0118
CADPS2,896,0.0118
PCDHGA12,896,0.0118
KIF5A,896,0.0118
ABCG5,895,0.0118
PLA2G4F,895,0.0118
ST18,895,0.0118
PCDHGA4,895,0.0118
TSHZ3,895,0.0118
GRIN3A,894,0.0117
CLMN,894,0.0117
ADCY6,894,0.0117
CFAP251,894,0.0117
TACC3,894,0.0117
ATP12A,894,0.0117
POTEJ,893,0.0117
TDRD9,893,0.0117
SPAG5,893,0.0117
ZNF845,893,0.0117
COL9A2,893,0.0117
FNDC3B,893,0.0117
WWC1,892,0.0117
MAML1,892,0.0117
USPL1,892,0.0117
SLC12A6,892,0.0117
PLK4,891,0.0117
ZNF644,891,0.0117
MAML3,891,0.0117
SGO2,891,0.0117
ABTB2,890,0.0117
CLCN2,890,0.0117
SEC14L5,890,0.0117
NOS1,890,0.0117
ADGRF1,890,0.0117
KDM3A,890,0.0117
SYDE2,890,0.0117
RTN3,890,0.0117
CARD6,889,0.0117
VPS18,889,0.0117
RABL6,889,0.0117
JPH2,889,0.0117
MOGS,889,0.0117
PCDHB6,888,0.0117
SEMA6A,888,0.0117
EPX,888,0.0117
LATS2,887,0.0117
NF2,887,0.0117
LIG4,887,0.0117
SORCS3,886,0.0116
SCUBE1,886,0.0116
TANGO6,886,0.0116
PTPRO,886,0.0116
RALGAPB,885,0.0116
ADGRE2,885,0.0116
SLC26A1,885,0.0116
DSG3,885,0.0116
NBPF12,885,0.0116
ICE2,884,0.0116
WDHD1,884,0.0116
NLRP9,884,0.0116
OSBPL5,883,0.0116
TGM6,883,0.0116
IARS2,882,0.0116
NOS2,882,0.0116
GATA2,882,0.0116
ITGA1,882,0.0116
ZKSCAN2,882,0.0116
LVRN,881,0.0116
SH3PXD2B,881,0.0116
CPED1,881,0.0116
PCDHAC1,881,0.0116
ANKLE2,881,0.0116
PCDH18,881,0.0116
ZNF341,880,0.0116
ADCY7,880,0.0116
EMILIN2,880,0.0116
ZNF254,880,0.0116
LRSAM1,880,0.0116
NOMO1,880,0.0116
FKBP15,880,0.0116
VWA5B2,879,0.0115
TRAK1,878,0.0115
SLC12A4,878,0.0115
C15orf39,878,0.0115
CDH16,878,0.0115
SCAF4,878,0.0115
IDUA,878,0.0115
PPP6R1,877,0.0115
WWOX,877,0.0115
CCDC150,876,0.0115
PKN3,876,0.0115
HLA-A,876,0.0115
TGM1,875,0.0115
ESPN,875,0.0115
LRIG2,875,0.0115
ALS2CL,874,0.0115
ZNF217,874,0.0115
CCAR2,874,0.0115
PPP1R13B,874,0.0115
FAM83B,873,0.0115
CLIP2,873,0.0115
RECQL5,873,0.0115
TSPEAR,873,0.0115
ATF7IP,873,0.0115
PDPR,872,0.0115
RBM12B,872,0.0115
CLCN6,872,0.0115
B4GALNT4,872,0.0115
ZNF408,872,0.0115
ATP13A1,871,0.0114
PLCB1,870,0.0114
ANKZF1,870,0.0114
GARRE1,870,0.0114
PKN1,870,0.0114
BTAF1,870,0.0114
BAZ1A,870,0.0114
UNC13A,869,0.0114
ZNF532,869,0.0114
INPP5J,869,0.0114
CSF3R,869,0.0114
ZBTB21,869,0.0114
ZNF814,869,0.0114
SUPT6H,868,0.0114
PLXNC1,868,0.0114
ADAMTS15,868,0.0114
PCDHGB2,868,0.0114
EML4,868,0.0114
SMCR8,867,0.0114
KIAA0753,867,0.0114
PCDHGB4,867,0.0114
CNTROB,867,0.0114
HKDC1,866,0.0114
AP5B1,866,0.0114
DSC3,866,0.0114
SLC9C1,866,0.0114
SMARCAL1,866,0.0114
PYGM,865,0.0114
DAGLB,865,0.0114
MCM9,865,0.0114
DIS3L,865,0.0114
TBC1D2,865,0.0114
SMC2,865,0.0114
GOLGA8H,864,0.0114
IQCE,863,0.0113
ARHGAP20,863,0.0113
WDR6,863,0.0113
EIF2AK3,863,0.0113
PIK3CG,863,0.0113
ADGRD1,863,0.0113
MROH6,863,0.0113
USP32,862,0.0113
C6orf132,862,0.0113
CTNND2,862,0.0113
MYO1G,862,0.0113
WDR97,862,0.0113
NTHL1,862,0.0113
ATP8A2,861,0.0113
RAPGEF3,861,0.0113
CDH5,861,0.0113
CTAGE1,861,0.0113
NUP133,861,0.0113
PLEKHG6,861,0.0113
MAP10,860,0.0113
EEA1,860,0.0113
FRMD4A,860,0.0113
CLSTN1,859,0.0113
EFL1,859,0.0113
ZNF521,859,0.0113
XPC,859,0.0113
ITGA2,858,0.0113
PCDHB15,857,0.0113
LUZP1,857,0.0113
SLC4A11,857,0.0113
PLEKHM1,857,0.0113
SSH1,856,0.0112
TRPA1,856,0.0112
INPP5F,856,0.0112
ITIH1,856,0.0112
DZIP3,856,0.0112
FAM171A1,856,0.0112
KCNU1,855,0.0112
ZMIZ1,855,0.0112
PLA2G4D,855,0.0112
BCORL1,855,0.0112
CPD,854,0.0112
ARMC5,854,0.0112
CNTN4,854,0.0112
FHIP1B,854,0.0112
SENP6,853,0.0112
SLC22A5,853,0.0112
CLSTN2,853,0.0112
GRIN2C,853,0.0112
ABCC5,853,0.0112
VLDLR,852,0.0112
ABCB6,852,0.0112
PTK7,852,0.0112
ARHGEF26,852,0.0112
TMF1,851,0.0112
SEZ6L,851,0.0112
TBL3,851,0.0112
CEP104,851,0.0112
NFE2L3,851,0.0112
LMF1,851,0.0112
DENND2A,850,0.0112
XYLT1,850,0.0112
PITPNM2,850,0.0112
CLSTN3,850,0.0112
DCST2,850,0.0112
IPO4,850,0.0112
SLC7A14,850,0.0112
RHBDF1,849,0.0112
PIK3R4,849,0.0112
FCRL5,849,0.0112
PCDH8,849,0.0112
CDT1,849,0.0112
DGKD,848,0.0111
PDE11A,848,0.0111
PKP2,847,0.0111
ITGAL,847,0.0111
VWCE,847,0.0111
PCDH19,847,0.0111
SMAD4,847,0.0111
CCDC66,847,0.0111
MPHOSPH9,846,0.0111
NIBAN1,846,0.0111
SPIRE2,845,0.0111
TTI1,845,0.0111
ADAM8,845,0.0111
CARMIL1,845,0.0111
POP1,844,0.0111
NFATC3,844,0.0111
GRID2,844,0.0111
GRIP1,844,0.0111
ADAMTS5,843,0.0111
APAF1,843,0.0111
POLN,843,0.0111
LEPR,842,0.0111
TRDN,842,0.0111
HGFAC,841,0.011
RBMXL3,841,0.011
TTF1,841,0.011
GARIN5B,840,0.011
MINK1,840,0.011
STK10,840,0.011
FAAP100,840,0.011
MUSK,840,0.011
CDH4,840,0.011
TP53,840,0.011
WASHC4,840,0.011
NFATC2,840,0.011
ATP2A3,839,0.011
ARHGAP11A,839,0.011
TEK,839,0.011
HIPK2,838,0.011
DRC7,838,0.011
CEP126,838,0.011
PIGN,838,0.011
MYO6,838,0.011
MAN1B1,838,0.011
TBCK,838,0.011
AASDH,837,0.011
PCSK4,837,0.011
SEC31A,837,0.011
WDR11,837,0.011
MCM2,836,0.011
PCDHGA11,836,0.011
MAN2A1,836,0.011
FIG4,836,0.011
ZBTB4,836,0.011
VARS2,836,0.011
H1-2,836,0.011
PDZD8,835,0.011
HYOU1,835,0.011
GIGYF2,835,0.011
SEMA4A,835,0.011
EPHA2,835,0.011
FAM83C,835,0.011
REV1,835,0.011
MTMR3,835,0.011
GRM1,833,0.0109
PYGB,833,0.0109
BRPF3,833,0.0109
BCAN,833,0.0109
ZNRF3,833,0.0109
ZMYM6,832,0.0109
ITGA9,832,0.0109
COQ8A,832,0.0109
XKR5,832,0.0109
NYAP1,832,0.0109
TRPM8,831,0.0109
PLCB3,831,0.0109
TOP3A,831,0.0109
LRIG3,830,0.0109
PLEKHA4,830,0.0109
ANKS3,830,0.0109
ANKS6,830,0.0109
KLHDC7A,830,0.0109
FBXW10,830,0.0109
CARD10,829,0.0109
TRMT44,829,0.0109
SLC14A2,829,0.0109
ADCY4,829,0.0109
PCDHGA9,829,0.0109
EDC4,829,0.0109
CACNB2,829,0.0109
MYT1,828,0.0109
PSD,828,0.0109
RBL2,828,0.0109
ABCB4,828,0.0109
TMC5,828,0.0109
MACC1,827,0.0109
CDHR3,827,0.0109
SIPA1L1,827,0.0109
OSMR,826,0.0109
PCDHGB5,826,0.0109
NUTM2G,826,0.0109
PCDH9,826,0.0109
GPRIN3,826,0.0109
PTK2B,826,0.0109
ESYT3,825,0.0108
TMC2,825,0.0108
CAPN12,825,0.0108
CDH26,824,0.0108
PRDM13,824,0.0108
IL6ST,823,0.0108
SCAPER,823,0.0108
ZRANB3,823,0.0108
RIMBP3,823,0.0108
KCNMA1,823,0.0108
FCHO1,823,0.0108
CHAF1A,822,0.0108
ABTB3,822,0.0108
PCDHB4,821,0.0108
COPA,821,0.0108
SMG5,820,0.0108
STRC,820,0.0108
PPP1R21,820,0.0108
PSD3,820,0.0108
SLFN13,820,0.0108
MANBA,819,0.0108
CHRD,819,0.0108
HIPK3,819,0.0108
ARHGEF1,819,0.0108
NFX1,818,0.0107
POMT2,818,0.0107
GOLGA6L22,818,0.0107
ARMCX4,817,0.0107
RNF111,817,0.0107
ARHGAP39,817,0.0107
TMC8,816,0.0107
PCDHGB7,816,0.0107
TBC1D9B,816,0.0107
USP20,816,0.0107
SEMA3G,814,0.0107
LMF2,814,0.0107
HPS6,814,0.0107
ELAPOR1,813,0.0107
DNM2,813,0.0107
HLA-B,812,0.0107
TEX2,812,0.0107
PCDH10,812,0.0107
NWD2,812,0.0107
THBS1,812,0.0107
GPLD1,812,0.0107
ARID4A,811,0.0107
EPB41L2,811,0.0107
LARS1,811,0.0107
EXOC4,811,0.0107
AFF4,811,0.0107
FSCB,811,0.0107
CNGA3,811,0.0107
CCDC185,810,0.0106
USP53,810,0.0106
DOCK11,810,0.0106
ZNF366,810,0.0106
ZNF229,810,0.0106
PRB2,810,0.0106
PUM3,810,0.0106
AKAP8,810,0.0106
PRICKLE2,810,0.0106
GPATCH1,809,0.0106
FTSJ3,809,0.0106
ATP2B4,809,0.0106
CHPF2,809,0.0106
LILRB2,809,0.0106
TTC16,809,0.0106
GRID1,809,0.0106
GANC,809,0.0106
ADCY3,809,0.0106
LRRCC1,808,0.0106
SLC5A2,808,0.0106
NLRP11,808,0.0106
ADGRE5,808,0.0106
PRRT3,808,0.0106
MTTP,808,0.0106
PROSER1,808,0.0106
FCRL3,808,0.0106
PSG1,808,0.0106
NFATC4,807,0.0106
RUBCN,807,0.0106
TGS1,807,0.0106
TDRD1,807,0.0106
WDR59,807,0.0106
PCDHB2,806,0.0106
SLCO5A1,806,0.0106
ERC1,806,0.0106
RNF43,806,0.0106
SLFN11,806,0.0106
ATP1A2,805,0.0106
BBS9,805,0.0106
RASAL3,805,0.0106
ZNF347,805,0.0106
DSC1,805,0.0106
ATMIN,805,0.0106
ITIH2,804,0.0106
BMPR2,804,0.0106
BAZ1B,804,0.0106
EGFLAM,804,0.0106
KRT6B,804,0.0106
ARID5B,804,0.0106
MFRP,804,0.0106
GOLGA6L2,804,0.0106
CCDC80,804,0.0106
ZSWIM5,803,0.0105
ADAMTS1,803,0.0105
SLC27A3,803,0.0105
VWA2,803,0.0105
PAH,802,0.0105
SIX5,802,0.0105
C3orf20,802,0.0105
SLF2,802,0.0105
AGAP1,802,0.0105
SORBS3,802,0.0105
PCDHGB6,802,0.0105
ADAMTS8,801,0.0105
SEL1L3,801,0.0105
MARS1,801,0.0105
MLIP,801,0.0105
HELQ,800,0.0105
AP3D1,800,0.0105
DDX11,800,0.0105
STON1,800,0.0105
MOV10L1,800,0.0105
HMGXB3,800,0.0105
FNDC3A,800,0.0105
KL,800,0.0105
USP10,800,0.0105
RIGI,800,0.0105
POTEI,799,0.0105
FNIP2,799,0.0105
ADGRE1,799,0.0105
NCAPG2,799,0.0105
CHRNA4,799,0.0105
EPS8L2,799,0.0105
SYNPO2L,799,0.0105
KIF20A,799,0.0105
EXO1,799,0.0105
USHBP1,798,0.0105
PIWIL2,798,0.0105
NAT10,798,0.0105
KCNH5,798,0.0105
AMOTL1,797,0.0105
CTU2,797,0.0105
LPIN2,797,0.0105
DNAAF9,797,0.0105
LRRC8E,797,0.0105
SPECC1L,797,0.0105
CLCN7,796,0.0105
TRPV1,796,0.0105
DISC1,796,0.0105
INTU,796,0.0105
CCDC39,796,0.0105
CCDC87,796,0.0105
LMNTD2,795,0.0104
PSG8,794,0.0104
TTC17,794,0.0104
MMRN2,794,0.0104
ARFGEF1,794,0.0104
ZNF226,794,0.0104
MYRF,793,0.0104
CDH19,793,0.0104
CEP112,793,0.0104
ABL2,793,0.0104
DNMT3B,792,0.0104
INTS5,792,0.0104
STK31,792,0.0104
CBFA2T3,792,0.0104
USP43,792,0.0104
SART3,792,0.0104
AMOTL2,792,0.0104
AXDND1,792,0.0104
ERMP1,791,0.0104
AIRE,791,0.0104
ITIH4,791,0.0104
INPP5E,791,0.0104
TRIM37,791,0.0104
ZC3H6,790,0.0104
IGDCC3,790,0.0104
DDHD1,790,0.0104
SRGAP3,790,0.0104
ZNF507,790,0.0104
CATSPERD,790,0.0104
NAALADL2,790,0.0104
DROSHA,789,0.0104
ZNF574,789,0.0104
ZMYM2,789,0.0104
KLHDC4,789,0.0104
LGR6,789,0.0104
ACSF3,789,0.0104
UGT2B11,789,0.0104
CHD1L,788,0.0104
ITGB6,788,0.0104
ANO9,788,0.0104
RSPH6A,788,0.0104
PTEN,788,0.0104
UBR3,787,0.0103
SEMA6D,787,0.0103
IBTK,787,0.0103
SEMA4B,787,0.0103
KCNA5,787,0.0103
MLLT6,787,0.0103
ZNF827,787,0.0103
NEXN,786,0.0103
SIGLEC11,786,0.0103
PCDH20,786,0.0103
ATXN1,786,0.0103
TBC1D31,786,0.0103
CATSPERB,786,0.0103
LMTK3,785,0.0103
ITGAV,785,0.0103
COMP,785,0.0103
SLC12A1,785,0.0103
ARMC9,784,0.0103
ANKFY1,784,0.0103
SMC5,784,0.0103
PCDHB3,784,0.0103
XRN1,784,0.0103
TRAPPC12,784,0.0103
AOX1,783,0.0103
PNKP,783,0.0103
ARHGAP35,783,0.0103
LOXL4,783,0.0103
SIDT1,782,0.0103
IRF7,782,0.0103
TBC1D16,782,0.0103
ENPEP,782,0.0103
PIGQ,781,0.0103
GOLGA6L6,780,0.0102
ST14,780,0.0102
MYORG,780,0.0102
ATP11B,779,0.0102
DCLRE1C,779,0.0102
SLC12A2,778,0.0102
ZNF268,778,0.0102
AXIN1,778,0.0102
STOX1,778,0.0102
KRT84,778,0.0102
RFX1,777,0.0102
ZMYM4,777,0.0102
SEMA3E,777,0.0102
LOXL2,776,0.0102
GMIP,776,0.0102
WDR33,776,0.0102
PIK3R6,775,0.0102
RHOT2,775,0.0102
THBS4,775,0.0102
CACNA2D3,774,0.0102
TRPV3,774,0.0102
SRCIN1,774,0.0102
FNIP1,774,0.0102
SBNO1,774,0.0102
PRSS12,773,0.0102
TDRD7,773,0.0102
UNC5C,773,0.0102
AHR,773,0.0102
GAN,773,0.0102
NUTM2F,773,0.0102
RBM6,773,0.0102
SGSM3,773,0.0102
CEP68,773,0.0102
MAP3K15,772,0.0101
MYO1D,772,0.0101
MAMDC4,772,0.0101
PCDHGA10,772,0.0101
RBM44,772,0.0101
NELL1,772,0.0101
PSG7,772,0.0101
DHX29,771,0.0101
FAM186B,771,0.0101
PYGL,771,0.0101
ATXN2L,771,0.0101
TUT1,771,0.0101
KCNH8,771,0.0101
UBE2O,771,0.0101
LGR5,771,0.0101
AXL,771,0.0101
ERAP2,770,0.0101
EXTL3,770,0.0101
TGFBR2,770,0.0101
CDH13,770,0.0101
ZNF780B,770,0.0101
DCLRE1A,770,0.0101
TLR9,770,0.0101
MAPK15,770,0.0101
ZNF616,770,0.0101
FBLN2,770,0.0101
CACNA1C,769,0.0101
SEC24C,769,0.0101
AOC2,768,0.0101
SPATA31A6,768,0.0101
IQCH,768,0.0101
ADAMTS4,768,0.0101
SEZ6,768,0.0101
ZNF512B,768,0.0101
MZF1,768,0.0101
OTUD4,767,0.0101
NCKAP1L,767,0.0101
ZNF700,766,0.0101
ATOSA,766,0.0101
ZBTB38,766,0.0101
TLR3,766,0.0101
PROM2,765,0.01
HIPK1,765,0.01
LMNB2,765,0.01
ARID4B,765,0.01
ANPEP,765,0.01
KLHL40,765,0.01
TYRP1,765,0.01
CHAT,764,0.01
NEFM,764,0.01
EFHB,764,0.01
PGGHG,764,0.01
PERM1,764,0.01
RBL1,764,0.01
SUFU,764,0.01
ITIH3,764,0.01
FAM184A,763,0.01
SIPA1,763,0.01
PALD1,763,0.01
SMAD6,763,0.01
UBE4B,763,0.01
ZNF276,763,0.01
FBXW5,762,0.01
TNFAIP3,762,0.01
ELMO3,762,0.01
HCN1,762,0.01
FOXN1,761,0.01
DDIAS,761,0.01
ZSCAN20,761,0.01
FAM47C,761,0.01
ZHX2,761,0.01
FGFR4,761,0.01
AQR,760,0.01
EPS8L1,760,0.01
ZNF443,760,0.01
NAGLU,759,0.01
ITGA3,759,0.01
DENND2C,759,0.01
FBXO10,759,0.01
PRF1,759,0.01
GTSE1,758,0.01
RIN1,758,0.01
P3H2,758,0.01
FLT3,758,0.01
PCDHGC5,758,0.01
EPHA3,758,0.01
HPS1,757,0.0099
ATP2B2,757,0.0099
AKAP1,757,0.0099
NEDD4L,757,0.0099
KEL,757,0.0099
ZNF28,757,0.0099
VWA7,757,0.0099
ATP4A,757,0.0099
PRAMEF2,757,0.0099
SLCO4A1,756,0.0099
PSD2,756,0.0099
E4F1,756,0.0099
MYRIP,756,0.0099
THSD1,756,0.0099
VWA5A,756,0.0099
CNTN1,756,0.0099
SPATA31A3,756,0.0099
RBBP8,755,0.0099
FAM13A,755,0.0099
EMILIN3,755,0.0099
TAF4,755,0.0099
PTPRN,755,0.0099
PRICKLE1,755,0.0099
MFSD12,755,0.0099
ZNF836,754,0.0099
RBM15,754,0.0099
MCM7,754,0.0099
MMP9,754,0.0099
LRGUK,754,0.0099
MPO,754,0.0099
IGFALS,754,0.0099
VILL,754,0.0099
PCDHGC3,753,0.0099
LCA5,752,0.0099
PGR,752,0.0099
SLC7A2,752,0.0099
IL12RB1,752,0.0099
BICC1,752,0.0099
SLC29A4,751,0.0099
PARP1,751,0.0099
STOX2,751,0.0099
ZNF761,750,0.0099
IRF2BPL,750,0.0099
FAM120B,750,0.0099
VASN,750,0.0099
MAP3K5,750,0.0099
ACAD10,750,0.0099
USP6NL,750,0.0099
NIBAN2,750,0.0099
LPP,749,0.0098
HCFC1,749,0.0098
PTPN3,749,0.0098
POMGNT1,749,0.0098
TOP2A,748,0.0098
SPAST,748,0.0098
SLC9A4,747,0.0098
ZNF611,747,0.0098
PHLDB3,747,0.0098
USP38,747,0.0098
SLITRK3,747,0.0098
LRRC37A2,747,0.0098
DLGAP4,747,0.0098
MGRN1,747,0.0098
IFT88,747,0.0098
AKAP3,747,0.0098
SEC24B,747,0.0098
SLC2A10,747,0.0098
SELP,747,0.0098
SLC18A1,747,0.0098
EXOC3L4,747,0.0098
TYR,747,0.0098
DDX51,746,0.0098
DSTYK,746,0.0098
CLCA4,746,0.0098
ITGB3,746,0.0098
ZNF451,745,0.0098
CHAMP1,745,0.0098
TTLL10,745,0.0098
EYA4,744,0.0098
MMEL1,744,0.0098
PCDHAC2,744,0.0098
SLITRK6,744,0.0098
GCFC2,744,0.0098
RTL9,743,0.0098
RAB3GAP1,743,0.0098
PTGFRN,743,0.0098
ZSWIM6,743,0.0098
SARDH,743,0.0098
LARS2,743,0.0098
POLR3B,742,0.0097
CEP89,742,0.0097
ZHX3,742,0.0097
GALC,742,0.0097
MELTF,742,0.0097
RGSL1,742,0.0097
SLC12A8,742,0.0097
CLCA2,742,0.0097
EPHB2,742,0.0097
HOOK2,741,0.0097
SEMA4D,741,0.0097
CNTN3,741,0.0097
IGLV3-1,741,0.0097
PCCA,741,0.0097
BCAM,741,0.0097
SIN3A,741,0.0097
ADAM15,741,0.0097
ADAM33,741,0.0097
TCTN2,741,0.0097
SLC39A4,741,0.0097
CCDC178,740,0.0097
ZMIZ2,740,0.0097
CD93,740,0.0097
PSG6,740,0.0097
MMS19,740,0.0097
BRF1,739,0.0097
POR,739,0.0097
SPIDR,738,0.0097
ECT2L,738,0.0097
ZNF717,738,0.0097
MATN2,738,0.0097
EHMT2,738,0.0097
SEC24D,738,0.0097
AFAP1L2,738,0.0097
L1TD1,738,0.0097
ITGA5,737,0.0097
ZNF546,737,0.0097
KLHL25,737,0.0097
GBA2,737,0.0097
RFX6,737,0.0097
SLF1,736,0.0097
EPHB3,736,0.0097
SEC23IP,736,0.0097
GPR149,736,0.0097
FHIP2B,736,0.0097
TBC1D9,736,0.0097
TSR1,736,0.0097
ENGASE,736,0.0097
DIS3,736,0.0097
COL10A1,735,0.0097
PPP1R12B,735,0.0097
PRAM1,735,0.0097
MORC2,735,0.0097
EPHB1,735,0.0097
BACH2,735,0.0097
ABCD1,734,0.0096
SEMA4F,734,0.0096
CLCA1,734,0.0096
PHKA2,734,0.0096
PTCD1,734,0.0096
CIP2A,734,0.0096
SLC4A1,734,0.0096
ALG1,734,0.0096
MAP3K10,733,0.0096
CD22,733,0.0096
CLCNKB,733,0.0096
ORC1,733,0.0096
PAM,733,0.0096
KIF22,732,0.0096
PRAMEF11,732,0.0096
TLL1,732,0.0096
DDR1,732,0.0096
C8A,732,0.0096
SLFN5,732,0.0096
SKOR1,731,0.0096
FOXD4,731,0.0096
SFMBT2,731,0.0096
PLEC,731,0.0096
PHKA1,731,0.0096
SNCAIP,730,0.0096
MMP25,730,0.0096
SPPL2C,730,0.0096
ABCB9,730,0.0096
SLK,730,0.0096
KLHL17,730,0.0096
AKNAD1,730,0.0096
BNC1,729,0.0096
SLC4A5,729,0.0096
SMC1B,729,0.0096
KANSL1L,729,0.0096
SMARCC1,729,0.0096
ADAM28,729,0.0096
LPIN3,728,0.0096
CHRNE,728,0.0096
HGS,728,0.0096
FSTL4,727,0.0096
CDH17,727,0.0096
DES,727,0.0096
LRCH4,727,0.0096
PMS1,727,0.0096
SPAG9,727,0.0096
ATP6V0A2,727,0.0096
CTNND1,727,0.0096
GGN,727,0.0096
MVP,727,0.0096
LCMT2,726,0.0095
TAS1R1,726,0.0095
TPCN2,726,0.0095
DNMT3A,726,0.0095
CFAP69,726,0.0095
NOC4L,726,0.0095
MTSS2,726,0.0095
IL4R,726,0.0095
ZNF470,725,0.0095
CRACDL,725,0.0095
CFAP221,725,0.0095
AMER1,725,0.0095
HLTF,725,0.0095
SULF1,725,0.0095
THBS3,725,0.0095
KIF11,725,0.0095
PLG,725,0.0095
CD36,724,0.0095
ZNF750,723,0.0095
HASPIN,723,0.0095
PROB1,723,0.0095
LRP3,723,0.0095
HERC6,723,0.0095
CPXM2,722,0.0095
ANO6,722,0.0095
OLFML2A,721,0.0095
CYP2D6,721,0.0095
PRKD1,721,0.0095
RNF40,721,0.0095
NSD3,721,0.0095
GRIK4,721,0.0095
USP29,721,0.0095
ULK2,720,0.0095
TERF2IP,720,0.0095
ADGRF4,720,0.0095
ZNF197,720,0.0095
ZNF438,720,0.0095
ETAA1,719,0.0094
KIF18B,719,0.0094
SH2B1,719,0.0094
FHIP1A,719,0.0094
PKD2L1,719,0.0094
NGLY1,719,0.0094
MLLT10,719,0.0094
MTR,718,0.0094
LRRN4,718,0.0094
BNIP5,718,0.0094
SCYL1,718,0.0094
FGFRL1,718,0.0094
KCNG4,718,0.0094
HJURP,717,0.0094
ZNF618,717,0.0094
GALNT5,717,0.0094
DDX24,717,0.0094
ARHGAP22,717,0.0094
CATSPER1,716,0.0094
HERC5,716,0.0094
SCUBE3,716,0.0094
POM121L2,716,0.0094
ARHGEF16,716,0.0094
TCF25,715,0.0094
KIAA1671,715,0.0094
KCTD19,715,0.0094
SLCO1B3,715,0.0094
CD163,715,0.0094
MECOM,715,0.0094
ANO1,715,0.0094
ZDHHC8,715,0.0094
TUBGCP5,714,0.0094
DRC1,714,0.0094
SCNN1A,714,0.0094
FMNL3,714,0.0094
USP9X,714,0.0094
MAP3K11,714,0.0094
MICALL1,714,0.0094
CFAP58,714,0.0094
FAM83G,714,0.0094
BPIFB4,713,0.0094
SRGAP1,713,0.0094
KIF2B,713,0.0094
LIG3,713,0.0094
TRAK2,713,0.0094
KRI1,713,0.0094
IGSF22,712,0.0094
FNBP4,712,0.0094
MCTP1,712,0.0094
ADARB2,712,0.0094
LRFN2,712,0.0094
KRT76,712,0.0094
ALG13,712,0.0094
BAHD1,711,0.0093
DGKG,711,0.0093
SLC45A2,711,0.0093
RASGRF2,711,0.0093
RUSC1,711,0.0093
TBC1D17,711,0.0093
PCSK6,711,0.0093
ANKS1A,711,0.0093
EIF4ENIF1,710,0.0093
RHOBTB2,710,0.0093
ZNF726,710,0.0093
TICAM1,710,0.0093
CHSY3,710,0.0093
CR2,710,0.0093
SHROOM1,710,0.0093
DOCK4,710,0.0093
CEP72,709,0.0093
GARS1,709,0.0093
SLC34A1,709,0.0093
SCARF1,709,0.0093
ELFN2,709,0.0093
FGFR1,709,0.0093
SDCCAG8,708,0.0093
SCLT1,708,0.0093
KLHL38,708,0.0093
ZSCAN29,708,0.0093
NUP88,708,0.0093
MAD1L1,708,0.0093
PPP1R13L,708,0.0093
CBLB,708,0.0093
PAMR1,708,0.0093
WHAMM,707,0.0093
EEF2K,707,0.0093
COL21A1,707,0.0093
LRP10,707,0.0093
CCDC73,707,0.0093
TGM3,706,0.0093
DBH,706,0.0093
DLGAP3,706,0.0093
VPS35L,706,0.0093
PWWP3A,706,0.0093
AJM1,706,0.0093
FOXRED2,706,0.0093
GANAB,705,0.0093
PAK6,705,0.0093
C2orf78,705,0.0093
ZNF43,705,0.0093
SLC6A19,705,0.0093
TGM7,705,0.0093
MCM8,705,0.0093
RASA3,705,0.0093
GPRC6A,705,0.0093
ITGA4,705,0.0093
VEPH1,705,0.0093
P3H1,705,0.0093
LILRA2,705,0.0093
RC3H2,704,0.0092
PSG3,704,0.0092
PML,704,0.0092
CCDC146,704,0.0092
PACS1,704,0.0092
SLC26A8,704,0.0092
TUBGCP2,704,0.0092
GLB1,704,0.0092
PRKAG2,704,0.0092
PLCD1,703,0.0092
ANKK1,703,0.0092
BRDT,703,0.0092
TBC1D2B,703,0.0092
LZTS1,703,0.0092
PDE6C,703,0.0092
DHCR7,703,0.0092
GAPVD1,703,0.0092
PHF12,703,0.0092
ZSCAN32,702,0.0092
KIF18A,702,0.0092
GSAP,702,0.0092
EPS8,702,0.0092
LOXL3,702,0.0092
CAPN5,702,0.0092
CFAP91,701,0.0092
SULF2,701,0.0092
SLC45A1,701,0.0092
DRD4,701,0.0092
DENND4C,700,0.0092
ZSCAN5B,700,0.0092
NOP2,700,0.0092
MAP7,700,0.0092
ACD,700,0.0092
DMPK,700,0.0092
ATAD2B,700,0.0092
LATS1,700,0.0092
TBC1D24,699,0.0092
OFD1,699,0.0092
VAV2,699,0.0092
TROAP,699,0.0092
MDGA1,698,0.0092
CDCP1,698,0.0092
SECISBP2L,698,0.0092
RGS9,698,0.0092
SEMA6C,698,0.0092
BCAR3,698,0.0092
PIK3CD,698,0.0092
ZNF749,698,0.0092
SCAND3,698,0.0092
SH3RF2,698,0.0092
HPS4,698,0.0092
PRDM8,697,0.0092
AFTPH,697,0.0092
CEP97,697,0.0092
EDRF1,697,0.0092
OGFR,697,0.0092
TTLL12,697,0.0092
LRRC56,697,0.0092
PNPT1,697,0.0092
DSE,697,0.0092
IQSEC2,697,0.0092
SRRM1,697,0.0092
MAGI1,697,0.0092
TYRO3,697,0.0092
PRSS36,696,0.0091
FOXK2,696,0.0091
PHC1,696,0.0091
NEMF,696,0.0091
BRINP2,696,0.0091
RAPGEF4,696,0.0091
CARS2,696,0.0091
ARHGEF19,696,0.0091
ALOXE3,696,0.0091
HOXB13,696,0.0091
ENPP3,696,0.0091
ELFN1,695,0.0091
UBQLN3,695,0.0091
GRM5,695,0.0091
FMNL1,695,0.0091
EML5,695,0.0091
PLPPR3,695,0.0091
ZNF544,694,0.0091
PDS5B,694,0.0091
LTF,694,0.0091
DENND1C,694,0.0091
USP4,694,0.0091
ZXDC,694,0.0091
ENPP1,693,0.0091
TPP1,693,0.0091
TGM2,693,0.0091
INTS4,693,0.0091
MLXIPL,693,0.0091
ZNF337,693,0.0091
DVL2,693,0.0091
NRP1,693,0.0091
SLC34A2,692,0.0091
SLC7A4,692,0.0091
CCDC15,692,0.0091
AFAP1L1,692,0.0091
NPR2,691,0.0091
ASAP2,691,0.0091
SLTM,691,0.0091
ERAP1,691,0.0091
CSGALNACT1,691,0.0091
GUCY2F,691,0.0091
AVIL,691,0.0091
FAM90A1,691,0.0091
KCNH1,691,0.0091
DMRT2,690,0.0091
CATSPERE,690,0.0091
PLCL1,690,0.0091
ZNF799,690,0.0091
H6PD,690,0.0091
JMY,690,0.0091
ADGRG7,690,0.0091
ASAP3,689,0.0091
ADAM7,689,0.0091
KBTBD13,689,0.0091
CEP95,689,0.0091
MCM5,689,0.0091
DNAI4,689,0.0091
OLFML2B,689,0.0091
UPF2,689,0.0091
H1-3,689,0.0091
ZMYM1,689,0.0091
ZNF560,688,0.009
MTRR,688,0.009
TRIM32,688,0.009
CCP110,688,0.009
TOP1MT,688,0.009
ZNF429,688,0.009
GARNL3,687,0.009
MED24,687,0.009
ZNF425,687,0.009
PLCG1,687,0.009
MC1R,687,0.009
C8B,687,0.009
BBS10,687,0.009
KCNB1,686,0.009
THRAP3,686,0.009
FSCN2,686,0.009
SECISBP2,686,0.009
ZNF445,686,0.009
DCST1,686,0.009
TCHHL1,685,0.009
TNIK,685,0.009
NHS,685,0.009
BICRAL,685,0.009
BRD2,685,0.009
PHF20L1,684,0.009
SQSTM1,684,0.009
RPTOR,684,0.009
GRN,684,0.009
MED25,684,0.009
LARP1B,684,0.009
DLL1,684,0.009
SAXO1,684,0.009
KPRP,683,0.009
STIL,683,0.009
GRM8,683,0.009
TAF2,683,0.009
WWP2,683,0.009
PCDHGC4,683,0.009
NDST2,683,0.009
MAP3K21,683,0.009
CD248,683,0.009
MPEG1,683,0.009
KIAA0319L,683,0.009
OSBPL3,683,0.009
ACAP3,683,0.009
ZNF132,683,0.009
CCDC154,682,0.009
ZFP28,682,0.009
HK2,682,0.009
SLC27A5,682,0.009
ZNF90,682,0.009
SFSWAP,682,0.009
IL17RD,681,0.0089
OR4A5,681,0.0089
CARD9,681,0.0089
ZNF467,681,0.0089
AGTPBP1,681,0.0089
RBM12,680,0.0089
LRWD1,680,0.0089
RAF1,680,0.0089
GALNS,680,0.0089
BRWD3,680,0.0089
SPATA31A1,680,0.0089
CCNF,680,0.0089
CIZ1,679,0.0089
SHROOM4,679,0.0089
QSOX1,679,0.0089
PSAPL1,679,0.0089
MMP17,679,0.0089
SMYD4,679,0.0089
KRT6C,679,0.0089
IQCA1,678,0.0089
CCDC191,678,0.0089
SOX30,678,0.0089
FBH1,678,0.0089
RALGDS,678,0.0089
BBS12,678,0.0089
NEDD9,678,0.0089
L1CAM,677,0.0089
GAREM1,677,0.0089
H1-4,677,0.0089
PIK3AP1,677,0.0089
SLC8A1,677,0.0089
GOLGA8M,677,0.0089
CLCNKA,677,0.0089
WASHC2A,677,0.0089
OSBP2,677,0.0089
PCDH1,677,0.0089
TGM5,676,0.0089
SH3BP2,676,0.0089
HCN3,676,0.0089
PHF2,676,0.0089
NFXL1,676,0.0089
WFIKKN1,676,0.0089
PDIA2,675,0.0089
MNDA,675,0.0089
BRINP3,675,0.0089
ZNF665,675,0.0089
GLDC,674,0.0089
KCNH4,674,0.0089
LARP1,674,0.0089
DENND5B,674,0.0089
SMPD1,674,0.0089
POLR1B,674,0.0089
KRT2,673,0.0088
RSBN1L,673,0.0088
ZNF513,673,0.0088
SP140,673,0.0088
AOC3,673,0.0088
ZNF473,673,0.0088
TRIM56,673,0.0088
SMG8,672,0.0088
NR3C2,672,0.0088
RC3H1,672,0.0088
PLA2G6,672,0.0088
EXOSC10,672,0.0088
NSUN2,672,0.0088
GRM7,671,0.0088
EPB41L4A,671,0.0088
NRP2,671,0.0088
KLB,671,0.0088
PADI4,671,0.0088
ZNF280D,671,0.0088
HIP1,671,0.0088
IFT74,670,0.0088
TDRD15,670,0.0088
ERN1,670,0.0088
FGFR2,670,0.0088
AOC1,670,0.0088
ANO3,670,0.0088
DNAI3,670,0.0088
KIAA1586,670,0.0088
MMP15,669,0.0088
MAP4K2,669,0.0088
BRD8,669,0.0088
VIL1,669,0.0088
EIF5B,669,0.0088
MKS1,669,0.0088
ANKRD36B,669,0.0088
SOBP,668,0.0088
SLC6A18,668,0.0088
XAB2,668,0.0088
SENP7,668,0.0088
ATP6V0A4,668,0.0088
LINS1,668,0.0088
ZC3HAV1,668,0.0088
MOCOS,668,0.0088
USP8,668,0.0088
DACT2,667,0.0088
LRIT1,667,0.0088
SH3RF3,667,0.0088
TPRN,667,0.0088
E2F8,667,0.0088
SLC19A1,667,0.0088
CYP27A1,667,0.0088
TLR1,667,0.0088
SLCO1B1,667,0.0088
BBX,667,0.0088
KRT83,667,0.0088
PPFIA2,666,0.0087
WDPCP,666,0.0087
SUN2,666,0.0087
SLC9A3,666,0.0087
ZNF528,666,0.0087
TTLL6,666,0.0087
MAPK7,666,0.0087
SLC26A3,666,0.0087
IVL,666,0.0087
OTOP1,666,0.0087
PC,666,0.0087
TRIM42,666,0.0087
TMPRSS7,666,0.0087
RPTN,665,0.0087
SLC15A1,665,0.0087
FSTL5,665,0.0087
RNF10,665,0.0087
UMOD,664,0.0087
TPTE,664,0.0087
LENG8,664,0.0087
HNRNPU,664,0.0087
NOBOX,664,0.0087
TMEM43,664,0.0087
KCNQ5,664,0.0087
ALOX15B,664,0.0087
ENTPD4,664,0.0087
NUGGC,664,0.0087
SYT16,664,0.0087
DDX10,663,0.0087
CWF19L2,663,0.0087
LRRC32,663,0.0087
MYO1B,663,0.0087
ZNF813,663,0.0087
XYLT2,663,0.0087
ADAM2,663,0.0087
CEP78,663,0.0087
PIK3CA,662,0.0087
PLEKHH3,662,0.0087
ZBTB39,662,0.0087
C2,662,0.0087
ARHGAP17,662,0.0087
GRM4,662,0.0087
ANKRD18A,662,0.0087
LBR,661,0.0087
LILRA1,660,0.0087
THBD,660,0.0087
DEAF1,660,0.0087
DNAI1,660,0.0087
ZFAND4,660,0.0087
RECK,660,0.0087
ZFP36L2,660,0.0087
PPP1R15B,660,0.0087
ILDR1,660,0.0087
CCDC116,659,0.0087
CKAP2L,659,0.0087
ZNF850,659,0.0087
MYLK2,659,0.0087
PWP2,659,0.0087
TMEM175,659,0.0087
TTC27,658,0.0086
KRT6A,658,0.0086
GAB2,658,0.0086
RBM27,658,0.0086
ADAM19,658,0.0086
LPO,658,0.0086
PWWP2B,658,0.0086
NCAPG,658,0.0086
ZNF33B,658,0.0086
ZNF281,658,0.0086
EXOC3L1,658,0.0086
SLC52A2,657,0.0086
EFCAB13,657,0.0086
ADAM29,657,0.0086
TXLNB,657,0.0086
TMC1,657,0.0086
ITGB5,657,0.0086
ZNF526,657,0.0086
N4BP3,657,0.0086
SKIDA1,656,0.0086
SEMA6B,656,0.0086
NCOA7,656,0.0086
EFHC1,656,0.0086
FSD2,656,0.0086
RAD51C,656,0.0086
LNX1,656,0.0086
AOPEP,656,0.0086
DGKZ,656,0.0086
CCSER1,656,0.0086
SH2D3C,656,0.0086
DAGLA,656,0.0086
VPS54,655,0.0086
ZBTB11,655,0.0086
RGPD8,655,0.0086
DPP3,655,0.0086
DZIP1L,655,0.0086
ARHGAP27,655,0.0086
LRRC43,655,0.0086
TXNDC16,655,0.0086
FKRP,655,0.0086
SLC26A9,655,0.0086
DGKH,654,0.0086
UBE3C,654,0.0086
P3H3,654,0.0086
ARMH4,654,0.0086
ECEL1,654,0.0086
NFASC,654,0.0086
SLC27A1,654,0.0086
STXBP2,654,0.0086
PADI3,653,0.0086
PDE4A,653,0.0086
ERMARD,653,0.0086
PRAMEF4,653,0.0086
FBXO41,653,0.0086
MYT1L,653,0.0086
ZNF607,653,0.0086
SOWAHB,653,0.0086
SRRM5,652,0.0086
OTUD7B,652,0.0086
MEP1A,652,0.0086
SEC24A,652,0.0086
PABPC3,652,0.0086
ZNF596,652,0.0086
TRAF3IP1,652,0.0086
PSG4,652,0.0086
ALDH1L1,652,0.0086
MAG,651,0.0086
OSBPL7,651,0.0086
RRN3,651,0.0086
EXT2,651,0.0086
FOXM1,650,0.0085
LNPEP,650,0.0085
GALNT15,650,0.0085
KIFC3,650,0.0085
LRCH3,650,0.0085
TMTC1,650,0.0085
UBE4A,649,0.0085
GAB4,649,0.0085
ZP2,649,0.0085
HDAC5,649,0.0085
EPB41L4B,649,0.0085
INTS8,649,0.0085
GP1BA,649,0.0085
AMPD1,649,0.0085
INO80D,649,0.0085
NEFL,649,0.0085
KIF6,648,0.0085
MCM3,648,0.0085
ARMC2,648,0.0085
EPS15,648,0.0085
CHSY1,648,0.0085
TOP3B,648,0.0085
NELL2,648,0.0085
SGIP1,648,0.0085
NPAS3,647,0.0085
KRT75,647,0.0085
SYTL3,647,0.0085
CDH20,647,0.0085
ATP8A1,647,0.0085
MORC1,647,0.0085
DLGAP5,646,0.0085
XPO5,646,0.0085
CCDC9,646,0.0085
ADAM18,646,0.0085
LMOD3,646,0.0085
TOR1AIP1,646,0.0085
MASTL,646,0.0085
GPRASP1,645,0.0085
BCL11B,645,0.0085
MOV10,645,0.0085
LRIT2,645,0.0085
MINDY4,645,0.0085
JHY,645,0.0085
CYP11B1,645,0.0085
DDN,645,0.0085
CCDC27,645,0.0085
SPATC1,644,0.0085
DLGAP1,644,0.0085
DYNC2I2,644,0.0085
RAD54B,643,0.0084
MAP3K13,643,0.0084
PNPLA8,643,0.0084
KIF9,643,0.0084
KRT5,643,0.0084
ZC3H7B,643,0.0084
ACSM2B,643,0.0084
CCDC142,643,0.0084
UTP14C,643,0.0084
MTBP,643,0.0084
JAK1,642,0.0084
MUC20,642,0.0084
TFIP11,642,0.0084
RASEF,642,0.0084
BEND3,642,0.0084
PRKD3,642,0.0084
MTHFD1L,642,0.0084
AP4B1,642,0.0084
SLC28A1,642,0.0084
INPP4B,642,0.0084
PGAP1,642,0.0084
KIRREL2,641,0.0084
PDCD6IP,641,0.0084
ROR1,641,0.0084
OR4C46,641,0.0084
NUP93,641,0.0084
RHPN1,641,0.0084
CWC22,641,0.0084
TGFBI,640,0.0084
IGSF8,640,0.0084
NRROS,640,0.0084
CEP85,640,0.0084
RBBP8NL,640,0.0084
MGAT5B,640,0.0084
SCNN1B,639,0.0084
PPP1R12C,639,0.0084
ZNF135,639,0.0084
RBM28,639,0.0084
SV2C,639,0.0084
ATRIP,639,0.0084
SPON1,639,0.0084
BANK1,639,0.0084
ZNF285,639,0.0084
LZTS2,638,0.0084
TNFRSF11A,638,0.0084
HEPH,638,0.0084
E2F7,638,0.0084
AFF2,638,0.0084
SPAG1,638,0.0084
ASCC2,638,0.0084
SIGLEC10,638,0.0084
FBXL4,638,0.0084
TMEM63A,638,0.0084
TLE2,638,0.0084
PPEF2,638,0.0084
COG7,638,0.0084
BMPER,638,0.0084
CDH12,637,0.0084
TAP2,637,0.0084
PIBF1,637,0.0084
TMEM245,637,0.0084
ACSM2A,637,0.0084
ZNF227,637,0.0084
BEST1,637,0.0084
MLYCD,637,0.0084
ZNF74,637,0.0084
TRO,637,0.0084
BBS2,637,0.0084
CEP83,637,0.0084
GNL2,637,0.0084
ZNF263,636,0.0084
SIGLEC12,636,0.0084
DZIP1,636,0.0084
MLXIP,636,0.0084
TMCO3,636,0.0084
PIGR,636,0.0084
DNAAF8,636,0.0084
LRIT3,636,0.0084
PHF20,636,0.0084
POLI,636,0.0084
ERICH6,636,0.0084
CYP24A1,636,0.0084
CHRNA2,636,0.0084
EPS15L1,635,0.0083
KAZN,635,0.0083
ALOX15,635,0.0083
SCIN,635,0.0083
TACC1,635,0.0083
PCDHB1,635,0.0083
ZNF543,635,0.0083
KLF11,635,0.0083
ELAPOR2,635,0.0083
PPP4R4,634,0.0083
BICD1,634,0.0083
RTN1,634,0.0083
GRM2,634,0.0083
SLC12A9,634,0.0083
CYP1B1,634,0.0083
MFSD8,634,0.0083
ATF6,634,0.0083
C9,634,0.0083
URGCP,634,0.0083
SP4,633,0.0083
PLOD3,633,0.0083
GABBR2,633,0.0083
ZNF85,633,0.0083
WNK3,633,0.0083
DHX16,633,0.0083
CFB,633,0.0083
PCSK7,633,0.0083
PCK2,633,0.0083
ENTREP3,632,0.0083
STAG1,632,0.0083
MASP2,632,0.0083
SLC22A1,632,0.0083
HCN2,631,0.0083
GAS8,631,0.0083
PADI1,631,0.0083
CEP85L,631,0.0083
SPICE1,631,0.0083
POLK,631,0.0083
CEP63,631,0.0083
TMCO4,631,0.0083
BRINP1,631,0.0083
EPB41L1,631,0.0083
PLOD1,630,0.0083
VCPIP1,630,0.0083
HHIPL2,630,0.0083
EPHA4,630,0.0083
HK1,630,0.0083
GGA3,630,0.0083
OSBPL1A,630,0.0083
SIM1,629,0.0083
TGFBR3,629,0.0083
ITGB7,629,0.0083
TATDN2,629,0.0083
ATF7IP2,629,0.0083
IFI16,629,0.0083
KCNH3,628,0.0082
MME,628,0.0082
CTR9,628,0.0082
ZC3H7A,628,0.0082
NAGPA,628,0.0082
PPP4R1,628,0.0082
ZNF225,628,0.0082
TMTC2,628,0.0082
AP1G2,627,0.0082
GHR,627,0.0082
CDC42BPA,627,0.0082
ADGRG2,627,0.0082
EPN3,627,0.0082
CCSER2,627,0.0082
IGSF1,627,0.0082
DLL3,627,0.0082
NBR1,627,0.0082
TRMT2A,626,0.0082
ABLIM3,626,0.0082
FNDC7,626,0.0082
KLHL1,626,0.0082
PLAA,626,0.0082
ROCK2,626,0.0082
ZNF16,626,0.0082
GPR156,626,0.0082
SLC27A4,626,0.0082
SLC22A25,626,0.0082
HSD17B4,625,0.0082
ABCD4,625,0.0082
PNPLA2,625,0.0082
CCDC183,625,0.0082
KRT74,625,0.0082
NDOR1,625,0.0082
OSBPL6,625,0.0082
FES,625,0.0082
NPR1,625,0.0082
SMC6,625,0.0082
GGCX,624,0.0082
NRG2,624,0.0082
KSR2,624,0.0082
CCDC13,624,0.0082
LGR4,624,0.0082
UNC5D,624,0.0082
HEXA,623,0.0082
FGD2,623,0.0082
PSG9,623,0.0082
NOC3L,623,0.0082
CHPF,623,0.0082
APP,623,0.0082
ZNF205,623,0.0082
TSKS,623,0.0082
SPPL2B,623,0.0082
SLC26A2,623,0.0082
CASS4,622,0.0082
TP63,622,0.0082
CALD1,622,0.0082
ALDH16A1,622,0.0082
HIF3A,622,0.0082
WDR24,622,0.0082
ZBTB49,622,0.0082
TEKT5,622,0.0082
ZNF737,622,0.0082
STXBP5,622,0.0082
FBXO40,622,0.0082
EDEM3,621,0.0082
SLCO2A1,621,0.0082
TAF4B,621,0.0082
PPARGC1A,621,0.0082
DRD5,621,0.0082
EML3,621,0.0082
ADAMTS6,621,0.0082
TGFBRAP1,621,0.0082
MAP3K14,621,0.0082
ZNF497,621,0.0082
ZP1,621,0.0082
TRIL,620,0.0081
MUC12,620,0.0081
HABP2,620,0.0081
NCKIPSD,620,0.0081
TFR2,620,0.0081
CDH11,620,0.0081
DDX20,619,0.0081
KIZ,619,0.0081
TRIM29,619,0.0081
SMO,619,0.0081
CBX2,619,0.0081
ITPKC,619,0.0081
PTCD3,619,0.0081
ARHGEF37,619,0.0081
MYSM1,618,0.0081
SEMA3F,618,0.0081
KCNQ4,618,0.0081
DNER,618,0.0081
FBXL18,618,0.0081
PLCD3,617,0.0081
MSH4,617,0.0081
ANKEF1,617,0.0081
SLC39A12,617,0.0081
FAM120A,617,0.0081
BUD13,617,0.0081
CPXM1,617,0.0081
SIDT2,617,0.0081
RBM15B,617,0.0081
CCDC110,617,0.0081
NOA1,616,0.0081
PROS1,616,0.0081
IRF2BP2,616,0.0081
ZNF648,616,0.0081
RSPH4A,616,0.0081
BRAF,616,0.0081
SLC24A2,616,0.0081
PARN,616,0.0081
CENPC,615,0.0081
MYOCD,615,0.0081
PTPRM,615,0.0081
SLC5A9,615,0.0081
CPT1C,615,0.0081
NOX5,615,0.0081
MEAK7,615,0.0081
COG6,615,0.0081
CYP2A7,615,0.0081
EFR3A,615,0.0081
VPS16,615,0.0081
KLHL30,615,0.0081
PINK1,615,0.0081
RTP5,615,0.0081
RBAK,614,0.0081
MIB1,614,0.0081
BOC,614,0.0081
CRISPLD2,614,0.0081
SMPD3,614,0.0081
ARHGEF2,614,0.0081
ARHGAP24,614,0.0081
FAM234A,614,0.0081
SART1,613,0.0081
CBARP,613,0.0081
GATA6,613,0.0081
MIOS,613,0.0081
SH3RF1,613,0.0081
CDH18,613,0.0081
NSMAF,613,0.0081
TRMT9B,613,0.0081
KRT3,613,0.0081
PLIN1,613,0.0081
PTPRU,613,0.0081
DOLK,612,0.008
PADI6,612,0.008
WDR3,612,0.008
KRT86,612,0.008
IPO8,612,0.008
KRT82,612,0.008
PRAMEF1,612,0.008
ZNF503,611,0.008
C1orf116,611,0.008
THNSL1,611,0.008
ADAM9,611,0.008
FAM161A,611,0.008
ABLIM1,611,0.008
USP13,611,0.008
CPT1A,610,0.008
ZNF705G,610,0.008
DPYD,610,0.008
NAALADL1,610,0.008
ZNF585B,610,0.008
SPATA7,610,0.008
GAS6,610,0.008
AK7,610,0.008
SEMA4C,610,0.008
KLHL26,610,0.008
MSLN,609,0.008
TRPC6,609,0.008
CLN3,609,0.008
EXOC2,609,0.008
LRIF1,609,0.008
WFIKKN2,609,0.008
HECTD3,609,0.008
ZNF500,609,0.008
FRMD1,609,0.008
SHCBP1L,609,0.008
SCYL2,608,0.008
DAB2,608,0.008
CC2D2B,608,0.008
IQUB,608,0.008
TSC22D2,608,0.008
FOXP1,608,0.008
KRT77,608,0.008
GIMAP8,608,0.008
APBA1,608,0.008
PEX5,608,0.008
ZNF324,608,0.008
ATP1A3,608,0.008
RNF168,608,0.008
DCBLD2,608,0.008
ELN,608,0.008
POSTN,608,0.008
CR1L,607,0.008
KLC3,607,0.008
ZNF442,607,0.008
EIF3B,607,0.008
ODAD3,607,0.008
GART,607,0.008
SLC9C2,607,0.008
SEMG2,607,0.008
FANCG,606,0.008
IRX6,606,0.008
PPP1R10,606,0.008
SGSH,606,0.008
SELENON,606,0.008
AFG2B,606,0.008
KCNH7,606,0.008
MS4A14,606,0.008
ACSM5,606,0.008
UFL1,606,0.008
GPR78,606,0.008
WAPL,606,0.008
CFAP100,606,0.008
CCDC170,606,0.008
LIMD1,606,0.008
ADAM20,605,0.0079
SLC19A3,605,0.0079
HSPA6,605,0.0079
CTCFL,605,0.0079
UBASH3A,605,0.0079
PAK4,605,0.0079
CNST,605,0.0079
FAM161B,605,0.0079
ZNF595,605,0.0079
UGT2B28,605,0.0079
USP16,605,0.0079
ERC2,605,0.0079
AFAP1,605,0.0079
BLK,605,0.0079
WRNIP1,604,0.0079
IGLL5,604,0.0079
FCHSD1,604,0.0079
ZYX,604,0.0079
RNF207,604,0.0079
PNMA8B,604,0.0079
IPO11,604,0.0079
GSDME,604,0.0079
INPP5D,604,0.0079
GTF3C2,604,0.0079
SLC13A5,603,0.0079
MTMR14,603,0.0079
SLC22A16,603,0.0079
GYS1,603,0.0079
SRRT,603,0.0079
RAI14,603,0.0079
ZNF324B,603,0.0079
SLC6A16,603,0.0079
ZNF30,603,0.0079
CYP2C19,603,0.0079
THAP9,603,0.0079
ERCC3,603,0.0079
PPP6R3,602,0.0079
HIPK4,602,0.0079
MCCC1,602,0.0079
ICAM5,602,0.0079
CDC73,602,0.0079
FGA,602,0.0079
DTX2,602,0.0079
ESCO1,601,0.0079
CFHR5,601,0.0079
SLCO6A1,601,0.0079
SLC35G5,601,0.0079
ZNF264,601,0.0079
PDE8A,601,0.0079
ZNF681,601,0.0079
KRT73,601,0.0079
UGT1A4,601,0.0079
KRT1,601,0.0079
PIK3R5,601,0.0079
MFSD10,601,0.0079
SCFD2,601,0.0079
GOLIM4,601,0.0079
GOLGA8J,601,0.0079
MFSD6L,601,0.0079
SLC18A3,601,0.0079
GPC1,600,0.0079
SLC26A6,600,0.0079
ZNF160,600,0.0079
NPIPB5,600,0.0079
MLPH,600,0.0079
ZNF835,600,0.0079
MCM6,600,0.0079
HIRIP3,600,0.0079
ANKRD44,600,0.0079
MTMR7,599,0.0079
SLC29A3,599,0.0079
EPHA7,599,0.0079
AMER2,599,0.0079
EIF2B5,599,0.0079
C1S,599,0.0079
SOX6,599,0.0079
SSH3,598,0.0079
ZKSCAN7,598,0.0079
PPIP5K2,598,0.0079
ZP4,598,0.0079
ASAH1,598,0.0079
OVGP1,598,0.0079
DNAJC10,598,0.0079
RFX5,598,0.0079
SPEM2,598,0.0079
SRP72,598,0.0079
ACO1,598,0.0079
FBXW10B,598,0.0079
TMEM201,597,0.0078
TMEM260,597,0.0078
MX2,597,0.0078
ZNF418,597,0.0078
LRP12,597,0.0078
SCARA3,597,0.0078
LRP8,597,0.0078
TBX18,596,0.0078
EPCAM,596,0.0078
ASIC3,596,0.0078
ZNF486,596,0.0078
UBAP2L,596,0.0078
EXT1,596,0.0078
PARD3,596,0.0078
ZNF844,596,0.0078
ABRAXAS1,595,0.0078
RPH3A,595,0.0078
ADD3,595,0.0078
TARS3,595,0.0078
SEPTIN9,595,0.0078
MTHFD1,594,0.0078
STAT2,594,0.0078
ZNF7,594,0.0078
ZNF334,594,0.0078
EPB41,594,0.0078
TSNARE1,594,0.0078
CCDC8,594,0.0078
UGT2B10,594,0.0078
NTRK3,594,0.0078
PRR14,594,0.0078
STKLD1,594,0.0078
LARGE2,594,0.0078
KATNB1,594,0.0078
STRIP2,594,0.0078
LETM1,594,0.0078
PNISR,594,0.0078
ARMC3,594,0.0078
OSGIN1,593,0.0078
SLC15A2,593,0.0078
SNX14,593,0.0078
PSAP,593,0.0078
OBI1,593,0.0078
EPB41L5,593,0.0078
OR4C16,593,0.0078
CYP4F11,592,0.0078
CRTAC1,592,0.0078
SLC22A10,592,0.0078
ABCF3,592,0.0078
APBA3,592,0.0078
TFRC,592,0.0078
NOLC1,592,0.0078
ZNF440,592,0.0078
SPHK2,592,0.0078
UBA6,592,0.0078
CIT,592,0.0078
CEACAM5,591,0.0078
FBXL6,591,0.0078
LRRC15,591,0.0078
FGD3,591,0.0078
ITGB8,591,0.0078
DCAF5,591,0.0078
ADAM21,591,0.0078
GPR162,591,0.0078
MED23,591,0.0078
NEU4,591,0.0078
ZNF676,591,0.0078
MAP3K20,591,0.0078
ANXA6,591,0.0078
KCNC3,591,0.0078
KIAA0408,590,0.0078
ZNF224,590,0.0078
CNNM4,590,0.0078
ANAPC2,590,0.0078
PLIN5,590,0.0078
VAV3,590,0.0078
SLC44A2,589,0.0077
ZZZ3,589,0.0077
SLC8A3,589,0.0077
HRC,589,0.0077
AMH,589,0.0077
GLB1L2,589,0.0077
ATP9A,589,0.0077
TRMT1,589,0.0077
NLRP10,589,0.0077
SLC5A11,589,0.0077
FASTKD1,589,0.0077
SAFB,588,0.0077
KRT72,588,0.0077
NDST1,588,0.0077
NEK9,588,0.0077
ZKSCAN5,588,0.0077
KIRREL3,588,0.0077
ATG9A,588,0.0077
MARCHF10,588,0.0077
RBSN,588,0.0077
NPRL3,587,0.0077
ZNF551,587,0.0077
UBA7,587,0.0077
TTC14,587,0.0077
FASTKD5,587,0.0077
TAGAP,586,0.0077
SUSD1,586,0.0077
ZNF578,586,0.0077
SOGA3,586,0.0077
ZNF69,586,0.0077
CPA1,586,0.0077
SLC26A11,586,0.0077
EGLN1,586,0.0077
GUF1,586,0.0077
THOP1,586,0.0077
PCK1,586,0.0077
FYB2,586,0.0077
NFKB2,585,0.0077
RAB11FIP3,585,0.0077
BRME1,585,0.0077
ASB2,585,0.0077
TRPC4AP,585,0.0077
TRIM41,585,0.0077
KLHL36,585,0.0077
LRRN1,585,0.0077
DCBLD1,585,0.0077
CFHR4,585,0.0077
PADI2,585,0.0077
ZNF585A,584,0.0077
CDH22,584,0.0077
VPS50,584,0.0077
TLR10,584,0.0077
TAP1,584,0.0077
SLC44A4,584,0.0077
VAC14,584,0.0077
TSEN54,584,0.0077
NEK8,584,0.0077
PPP1R15A,584,0.0077
CAPN11,584,0.0077
CT47B1,584,0.0077
TULP1,584,0.0077
MAP4K3,584,0.0077
DNAJC16,584,0.0077
DVL3,584,0.0077
ADAM30,584,0.0077
CCDC157,583,0.0077
GCC1,583,0.0077
MTIF2,583,0.0077
SANBR,583,0.0077
KIR3DL1,583,0.0077
XPO6,583,0.0077
RIPK1,583,0.0077
ZNF571,583,0.0077
GBE1,583,0.0077
AMY2B,583,0.0077
SLC6A7,582,0.0076
TGM4,582,0.0076
HHIPL1,582,0.0076
KNG1,582,0.0076
PDIA4,582,0.0076
CRACR2A,582,0.0076
KIRREL1,582,0.0076
FERMT1,582,0.0076
SLC2A7,582,0.0076
ZNF57,582,0.0076
AREL1,581,0.0076
POMGNT2,581,0.0076
CSRNP1,581,0.0076
FANCF,581,0.0076
TWNK,581,0.0076
BRD1,581,0.0076
LZTS3,581,0.0076
IL10RA,581,0.0076
DEPDC1,581,0.0076
CLTC,581,0.0076
MCAM,581,0.0076
CNGA1,581,0.0076
TMEM259,581,0.0076
FBXO11,581,0.0076
MSH5,581,0.0076
CTAGE9,581,0.0076
LIPC,580,0.0076
WWC3,580,0.0076
IRAK2,580,0.0076
INTS7,580,0.0076
DHX36,580,0.0076
ESF1,580,0.0076
ZNF76,580,0.0076
RBM26,580,0.0076
KRT71,580,0.0076
FIRRM,579,0.0076
ATXN1L,579,0.0076
AASS,579,0.0076
ZNF777,579,0.0076
WDR93,579,0.0076
LRFN4,579,0.0076
FANCB,579,0.0076
LRRC45,579,0.0076
RGL2,579,0.0076
ZNF419,579,0.0076
SLC22A9,579,0.0076
PRDM1,578,0.0076
IKBKB,578,0.0076
ZSCAN2,578,0.0076
ZNF484,578,0.0076
AP2A2,578,0.0076
AKAP17A,577,0.0076
PRRT4,577,0.0076
SEMA3D,577,0.0076
ZFP62,577,0.0076
ADAM17,577,0.0076
LY9,577,0.0076
FBXO34,577,0.0076
ZNF816,577,0.0076
ZMYND15,577,0.0076
NNT,576,0.0076
ARHGAP10,576,0.0076
STRA6,576,0.0076
PFKP,576,0.0076
SLC22A12,576,0.0076
TRNT1,576,0.0076
AMPD3,576,0.0076
SVOPL,576,0.0076
ANKIB1,576,0.0076
CEBPA,576,0.0076
SWT1,575,0.0076
DMRT3,575,0.0076
PLEKHM3,575,0.0076
NVL,575,0.0076
PBXIP1,575,0.0076
TMEM63C,575,0.0076
MED26,575,0.0076
TTK,575,0.0076
ZNF77,575,0.0076
NBPF3,575,0.0076
ARHGEF33,575,0.0076
CNNM1,575,0.0076
HAUS5,574,0.0075
CHST6,574,0.0075
VSIG10L,574,0.0075
CYP4F12,574,0.0075
AGBL2,574,0.0075
CAPN9,574,0.0075
LGALS3BP,574,0.0075
SLC4A4,574,0.0075
FURIN,574,0.0075
ZDHHC11,574,0.0075
TRPV6,574,0.0075
C2CD2,574,0.0075
UGT1A3,573,0.0075
PYROXD2,573,0.0075
PIGT,573,0.0075
ADRA1D,573,0.0075
UNC45B,573,0.0075
KRT78,573,0.0075
LARGE1,573,0.0075
ABCG2,573,0.0075
MKRN3,573,0.0075
GAS2L3,573,0.0075
ZNF267,573,0.0075
LRRIQ3,573,0.0075
SELENOO,572,0.0075
TNPO3,572,0.0075
PSG2,572,0.0075
TPCN1,572,0.0075
DMGDH,572,0.0075
PPP1R12A,572,0.0075
BFSP1,572,0.0075
SLC4A1AP,572,0.0075
ALOX12B,572,0.0075
LRRC8A,572,0.0075
FH,572,0.0075
CYP11B2,571,0.0075
CEP131,571,0.0075
CAPN10,571,0.0075
AGGF1,571,0.0075
ICAM1,571,0.0075
NCAM2,571,0.0075
FIGN,571,0.0075
RABEP2,571,0.0075
ZBTB24,571,0.0075
ZC3H12C,571,0.0075
TMC7,571,0.0075
ACSBG1,571,0.0075
LSS,571,0.0075
VPS53,571,0.0075
RTN2,571,0.0075
TBC1D10B,571,0.0075
ZNF790,571,0.0075
SUSD5,571,0.0075
LRRFIP2,571,0.0075
ENPP2,571,0.0075
SCEL,571,0.0075
NOP9,571,0.0075
SYDE1,571,0.0075
GOLGA5,571,0.0075
SLC6A20,570,0.0075
PHOX2B,570,0.0075
RNF157,570,0.0075
CHGB,570,0.0075
GRIK5,570,0.0075
FAM83E,570,0.0075
SLC22A2,570,0.0075
IL21R,570,0.0075
KRT81,570,0.0075
KRIT1,570,0.0075
TRHDE,570,0.0075
SP110,570,0.0075
GRAMD1A,570,0.0075
GPAM,569,0.0075
LSG1,569,0.0075
QSOX2,569,0.0075
RNF169,569,0.0075
ZNF606,569,0.0075
RNASEL,568,0.0075
TBXAS1,568,0.0075
DHX30,568,0.0075
ZNF432,568,0.0075
SIK2,568,0.0075
RASA2,568,0.0075
SLC22A11,568,0.0075
APLP2,568,0.0075
ZNF549,567,0.0074
CDKL5,567,0.0074
SLCO1C1,567,0.0074
FANCE,567,0.0074
CDH7,567,0.0074
ZNF780A,567,0.0074
N4BP1,567,0.0074
TLR4,567,0.0074
NPAS2,567,0.0074
ZBTB10,567,0.0074
EARS2,567,0.0074
LRRC27,566,0.0074
SDAD1,566,0.0074
FTCD,566,0.0074
CYP4F3,566,0.0074
NEK4,566,0.0074
ALOX5,566,0.0074
TRIM28,565,0.0074
ZBED6,565,0.0074
ZNF48,565,0.0074
SLC1A7,565,0.0074
SPNS2,565,0.0074
OPN4,565,0.0074
ZNF517,565,0.0074
SLC8B1,565,0.0074
UROC1,565,0.0074
PODN,565,0.0074
NSUN7,565,0.0074
GRIK3,565,0.0074
POLR3E,565,0.0074
KARS1,565,0.0074
DNAAF3,565,0.0074
CDHR4,565,0.0074
CES5A,565,0.0074
ANKLE1,565,0.0074
CD44,565,0.0074
UIMC1,564,0.0074
NASP,564,0.0074
CCDC138,564,0.0074
KCNB2,564,0.0074
TTC12,564,0.0074
SRRM4,564,0.0074
HNRNPUL2,564,0.0074
MEIOC,564,0.0074
LILRA4,564,0.0074
GOLGA8S,564,0.0074
FAM20C,564,0.0074
CLEC4F,564,0.0074
ARHGAP12,564,0.0074
MTMR11,564,0.0074
CFAP99,563,0.0074
AACS,563,0.0074
TBC1D14,563,0.0074
VGF,563,0.0074
FBLN1,563,0.0074
UNC5A,563,0.0074
GTPBP3,563,0.0074
TRPC7,563,0.0074
FIGNL1,563,0.0074
ZNF587,563,0.0074
MPHOSPH8,563,0.0074
FYB1,563,0.0074
PPP1R37,563,0.0074
SLCO4C1,563,0.0074
MINDY2,563,0.0074
AGMO,563,0.0074
DPP7,563,0.0074
FAM111B,563,0.0074
ACSBG2,563,0.0074
OAS2,563,0.0074
VEZT,562,0.0074
PGBD2,562,0.0074
OSBPL10,562,0.0074
RNF20,562,0.0074
CYP2A6,562,0.0074
TEX10,562,0.0074
AKAP8L,562,0.0074
PDILT,562,0.0074
NUAK2,562,0.0074
THEMIS,562,0.0074
FAM111A,561,0.0074
TBX2,561,0.0074
ADCY1,561,0.0074
VRTN,561,0.0074
ASPSCR1,561,0.0074
CCNB3,561,0.0074
ZNF792,560,0.0074
SLC22A14,560,0.0074
CCDC17,560,0.0074
KRT9,560,0.0074
SHKBP1,560,0.0074
GRK4,560,0.0074
CACTIN,560,0.0074
TNS4,560,0.0074
PIK3R2,560,0.0074
ISLR2,560,0.0074
KDM5C,560,0.0074
SELE,560,0.0074
OTOP2,560,0.0074
GARIN3,559,0.0073
HDGFL2,559,0.0073
GARIN4,559,0.0073
PTH2R,559,0.0073
SPAG16,559,0.0073
IFT81,559,0.0073
ATXN7L1,559,0.0073
SEMA3C,559,0.0073
ZNF654,559,0.0073
DAXX,559,0.0073
PUS7L,559,0.0073
IGKV4-1,559,0.0073
MIPEP,559,0.0073
PRR35,558,0.0073
NOX3,558,0.0073
IDS,558,0.0073
NTN3,558,0.0073
CYP2W1,558,0.0073
IQCB1,558,0.0073
VPS9D1,558,0.0073
CAPN13,558,0.0073
GOLGA1,558,0.0073
ADAM32,558,0.0073
ELL,558,0.0073
TCN2,557,0.0073
LHCGR,557,0.0073
NEIL3,557,0.0073
FAM151A,557,0.0073
PPP6R2,557,0.0073
TAF3,557,0.0073
WDCP,557,0.0073
BBS1,557,0.0073
DGKK,557,0.0073
RABGAP1,557,0.0073
GYS2,557,0.0073
KDM4A,557,0.0073
ADGRA1,557,0.0073
GLB1L3,557,0.0073
ZNF333,557,0.0073
SLC16A3,556,0.0073
HNF1B,556,0.0073
CMTR2,556,0.0073
METTL25,556,0.0073
TMCC2,556,0.0073
PCSK1,556,0.0073
PHTF1,556,0.0073
PDXDC1,556,0.0073
PIP5K1C,556,0.0073
LARP4B,556,0.0073
SLCO1A2,555,0.0073
ELP2,555,0.0073
GTPBP4,555,0.0073
SLFN14,555,0.0073
NAA16,555,0.0073
TCTN3,555,0.0073
GASK1B,555,0.0073
ZNF559,555,0.0073
CASC3,555,0.0073
KHNYN,555,0.0073
CFI,554,0.0073
SPMIP4,554,0.0073
GPD2,554,0.0073
FRMD6,554,0.0073
ALPP,554,0.0073
BMPR1B,554,0.0073
RAG2,554,0.0073
KRT32,554,0.0073
FOXC1,554,0.0073
ARNT2,554,0.0073
OR4A16,554,0.0073
MAMDC2,553,0.0073
PIGZ,553,0.0073
LRRC24,553,0.0073
NME8,553,0.0073
CATSPER2,553,0.0073
SNAP91,553,0.0073
USP45,553,0.0073
MPL,553,0.0073
ITPRIP,553,0.0073
TNKS2,553,0.0073
NRDC,553,0.0073
WSCD1,553,0.0073
GNE,552,0.0073
ZSWIM2,552,0.0073
NOP53,552,0.0073
ENTPD8,552,0.0073
ZNF468,552,0.0073
NPAS4,552,0.0073
F13A1,552,0.0073
AAAS,551,0.0072
IL7R,551,0.0072
NDST4,551,0.0072
P2RY11,551,0.0072
EP400,551,0.0072
C2CD2L,551,0.0072
ZNF782,551,0.0072
CCAR1,551,0.0072
TNFRSF6B,550,0.0072
CC2D1B,550,0.0072
SYCP2L,550,0.0072
FASTKD2,550,0.0072
SEC23B,550,0.0072
ARID3A,550,0.0072
PJA2,550,0.0072
CLIP4,550,0.0072
KY,550,0.0072
ZNF214,550,0.0072
SLC6A13,550,0.0072
USP9Y,549,0.0072
KRT38,549,0.0072
ANXA11,549,0.0072
PARP12,549,0.0072
ANO4,549,0.0072
UBXN6,549,0.0072
NCL,549,0.0072
DHX58,549,0.0072
PRDM4,549,0.0072
SLC5A10,549,0.0072
GPRIN2,549,0.0072
RETSAT,549,0.0072
SLC25A13,548,0.0072
IRX4,548,0.0072
CD276,548,0.0072
ZBTB7C,548,0.0072
KIAA1958,548,0.0072
ZNF235,548,0.0072
SLC2A1,548,0.0072
SCART1,548,0.0072
SH3BP1,548,0.0072
LRRC14B,548,0.0072
SYCP1,548,0.0072
ATAD3C,547,0.0072
PIWIL4,547,0.0072
TMEM127,547,0.0072
XPOT,547,0.0072
MATR3,547,0.0072
ADCY2,547,0.0072
ZNF175,547,0.0072
SLC28A2,547,0.0072
ACSS3,547,0.0072
TMEM104,547,0.0072
USP17L1,546,0.0072
BMP6,546,0.0072
KANK3,546,0.0072
ZW10,546,0.0072
SLC22A13,546,0.0072
BACH1,546,0.0072
PIK3CB,546,0.0072
RUFY1,546,0.0072
NFE2L1,546,0.0072
NUP107,546,0.0072
DGCR2,546,0.0072
NPNT,546,0.0072
RASIP1,546,0.0072
ZNF710,546,0.0072
VCAM1,546,0.0072
OR4C15,546,0.0072
IL22RA1,546,0.0072
ZDHHC5,545,0.0072
GOLGA8K,545,0.0072
PRMT9,545,0.0072
FDFT1,545,0.0072
GPR135,545,0.0072
DDR2,545,0.0072
HRG,545,0.0072
FAM20A,545,0.0072
SLC24A4,545,0.0072
HAUS3,545,0.0072
SBSN,545,0.0072
STIM2,545,0.0072
FER,544,0.0071
SYBU,544,0.0071
UGT1A10,544,0.0071
SERINC2,544,0.0071
SND1,544,0.0071
KIF3C,544,0.0071
ERICH1,544,0.0071
AAK1,544,0.0071
TLE6,544,0.0071
ADGRL4,544,0.0071
GLIS2,543,0.0071
RHPN2,543,0.0071
KRT33A,543,0.0071
KRT85,543,0.0071
PRC1,543,0.0071
DPY19L2,543,0.0071
HID1,543,0.0071
DYTN,543,0.0071
TGFBR1,543,0.0071
TBC1D12,543,0.0071
DTX3L,543,0.0071
GLB1L,543,0.0071
MFSD9,543,0.0071
ATP2B3,543,0.0071
PIF1,543,0.0071
OS9,543,0.0071
FZD10,542,0.0071
ZNF221,542,0.0071
CCDC186,542,0.0071
MSR1,542,0.0071
PPFIA3,542,0.0071
F11,542,0.0071
APBA2,542,0.0071
SLC39A6,542,0.0071
DHTKD1,542,0.0071
ANKRD6,541,0.0071
FAM222B,541,0.0071
RUBCNL,541,0.0071
ZNF865,541,0.0071
ACVRL1,541,0.0071
GPR153,541,0.0071
SPNS3,541,0.0071
TRIM67,541,0.0071
MAP7D3,541,0.0071
CYP1A2,541,0.0071
REPS1,541,0.0071
DNAJC21,540,0.0071
MX1,540,0.0071
SV2A,540,0.0071
PARP15,540,0.0071
MFSD6,540,0.0071
MMP2,540,0.0071
ACLY,540,0.0071
TTLL2,540,0.0071
TRPV2,540,0.0071
GFM2,540,0.0071
ZNF169,540,0.0071
ZNF492,540,0.0071
GPATCH3,540,0.0071
GZF1,540,0.0071
PRKN,540,0.0071
SP100,540,0.0071
LRRN2,540,0.0071
NRG1,539,0.0071
ISM2,539,0.0071
EEFSEC,539,0.0071
UGT2B4,539,0.0071
PTGIS,539,0.0071
SLC9A5,539,0.0071
PPP4R3B,539,0.0071
MARCHF7,539,0.0071
TP73,539,0.0071
CPT2,539,0.0071
SNTB1,539,0.0071
PTGS1,539,0.0071
RXFP2,539,0.0071
GALNT6,538,0.0071
CDH9,538,0.0071
COLEC12,538,0.0071
CHST3,538,0.0071
PLCD4,538,0.0071
SUPT5H,538,0.0071
MORN1,538,0.0071
BICDL2,538,0.0071
GPR155,538,0.0071
MYBL2,537,0.0071
SLC22A24,537,0.0071
STRIP1,537,0.0071
AP1B1,537,0.0071
TRIP10,537,0.0071
MARS2,537,0.0071
CYP4A11,537,0.0071
ZBTB47,537,0.0071
BCHE,537,0.0071
LNX2,537,0.0071
ZWILCH,536,0.007
PUM2,536,0.007
PNN,536,0.007
GRK1,536,0.007
BPIFB3,536,0.007
KRT79,536,0.007
ATF4,536,0.007
ARHGAP40,536,0.007
KRT16,536,0.007
TMEM214,536,0.007
RUFY4,536,0.007
PHF14,536,0.007
APBB1,536,0.007
IKBKE,536,0.007
CCDC102A,536,0.007
TNIP1,536,0.007
ARHGEF38,535,0.007
SV2B,535,0.007
SP1,535,0.007
SPATA18,535,0.007
PGBD1,535,0.007
CETP,535,0.007
DCAF1,535,0.007
CYP2A13,535,0.007
NCAPH,535,0.007
CYP2C9,535,0.007
ARHGAP28,534,0.007
PACS2,534,0.007
SIGLEC5,534,0.007
ZNF846,534,0.007
EPB42,534,0.007
LRFN3,534,0.007
TTYH3,534,0.007
ASAP1,534,0.007
ZCCHC8,534,0.007
GJA8,533,0.007
KLHL29,533,0.007
ZNF417,533,0.007
NLN,533,0.007
ZBTB48,533,0.007
TSGA10,533,0.007
CYP4F2,533,0.007
HOOK1,533,0.007
CDH10,533,0.007
FANCL,533,0.007
ACTR5,532,0.007
FAM171B,532,0.007
EFTUD2,532,0.007
CYP4A22,532,0.007
DENND1B,532,0.007
ZNF45,532,0.007
UGT1A9,532,0.007
ASPH,532,0.007
KRTAP10-4,532,0.007
PDS5A,532,0.007
NOL11,532,0.007
ANTXRL,532,0.007
SIX4,532,0.007
FAP,531,0.007
DPP4,531,0.007
SLITRK1,531,0.007
RPS6KB2,531,0.007
MTMR10,531,0.007
IDE,531,0.007
PRDM5,531,0.007
ENTPD2,531,0.007
SLC39A5,531,0.007
MIER2,531,0.007
TRPC4,531,0.007
EML2,531,0.007
PTPRK,531,0.007
IPO5,530,0.007
PRMT7,530,0.007
PLEKHG7,530,0.007
SCNN1G,530,0.007
HSPA4L,530,0.007
SLC11A1,530,0.007
LONRF1,530,0.007
GPC5,530,0.007
STAT6,530,0.007
AR,530,0.007
TPX2,530,0.007
ZNF14,530,0.007
RPS6KA4,530,0.007
DMRTA1,530,0.007
TMEM108,530,0.007
CRTC3,529,0.0069
NAPRT,529,0.0069
P2RX7,529,0.0069
ZNF257,529,0.0069
CEP57,529,0.0069
APCDD1L,529,0.0069
WRAP53,529,0.0069
PAK5,529,0.0069
SLC5A4,529,0.0069
EFCAB12,529,0.0069
FCRL4,529,0.0069
F12,529,0.0069
AFG3L2,529,0.0069
DHX32,528,0.0069
H1-6,528,0.0069
SAMD4A,528,0.0069
SLC2A9,528,0.0069
ZNF93,528,0.0069
MITF,528,0.0069
UNC93B1,528,0.0069
CFAP45,528,0.0069
KIF2C,528,0.0069
JPH1,528,0.0069
FKTN,528,0.0069
POM121L12,528,0.0069
KMT5B,528,0.0069
XRN2,528,0.0069
CAPN1,528,0.0069
RABEP1,528,0.0069
FOXP4,527,0.0069
TRIM45,527,0.0069
COPG1,527,0.0069
RNPEP,527,0.0069
FLVCR1,527,0.0069
CD180,527,0.0069
PTH1R,527,0.0069
NCKAP1,527,0.0069
GPR108,527,0.0069
CCDC81,527,0.0069
ZNF626,527,0.0069
GPAA1,526,0.0069
NTSR1,526,0.0069
IL1RL1,526,0.0069
DHX8,526,0.0069
CYP4V2,526,0.0069
GGT5,526,0.0069
CYP7B1,526,0.0069
GALNT8,526,0.0069
SPDL1,525,0.0069
UGT2B7,525,0.0069
ZNF284,525,0.0069
IFT70B,525,0.0069
KRT35,525,0.0069
ZNF215,525,0.0069
PPP1R16A,525,0.0069
CYP2F1,525,0.0069
CHRND,524,0.0069
MORC3,524,0.0069
DOK2,524,0.0069
ZNF573,524,0.0069
PEX13,524,0.0069
RSBN1,524,0.0069
IL2RB,524,0.0069
RARS2,524,0.0069
TMEM184A,524,0.0069
ROCK1,524,0.0069
RFX2,524,0.0069
FOXH1,524,0.0069
HUNK,524,0.0069
SLC6A1,524,0.0069
SH2B3,524,0.0069
PKMYT1,523,0.0069
SLC27A2,523,0.0069
XRCC1,523,0.0069
POLH,523,0.0069
NCSTN,523,0.0069
BCL11A,523,0.0069
TBX5,523,0.0069
ZNF555,523,0.0069
ZHX1,523,0.0069
MARK3,523,0.0069
PCDH11X,523,0.0069
GRIK2,523,0.0069
RHOBTB1,523,0.0069
EIF2AK1,522,0.0069
BPTF,522,0.0069
ZNF234,522,0.0069
KRT4,522,0.0069
KRT34,522,0.0069
C17orf80,522,0.0069
DHX33,522,0.0069
SCG2,522,0.0069
RASAL1,522,0.0069
TLR2,522,0.0069
FAM234B,522,0.0069
CRTC2,522,0.0069
NKX2-5,522,0.0069
ZNF599,522,0.0069
ADGRE3,522,0.0069
ZNF783,521,0.0068
MAP9,521,0.0068
KDM7A,521,0.0068
RBFOX1,521,0.0068
RASGRP3,521,0.0068
ZC3H11A,521,0.0068
TRIM71,521,0.0068
KIR3DL2,521,0.0068
WDR75,521,0.0068
SLC5A5,521,0.0068
PMEL,521,0.0068
SPART,521,0.0068
GUCY1A1,521,0.0068
ZSCAN5C,521,0.0068
TJAP1,521,0.0068
BRSK2,520,0.0068
VAV1,520,0.0068
IRGQ,520,0.0068
SLC2A6,520,0.0068
UNC93A,520,0.0068
GJA10,520,0.0068
STRN4,520,0.0068
A1BG,520,0.0068
CD19,520,0.0068
CACNA2D2,520,0.0068
ARHGAP4,520,0.0068
ALPL,520,0.0068
SUPT20H,520,0.0068
GPC3,519,0.0068
L3MBTL3,519,0.0068
PLA2G3,519,0.0068
PDE8B,519,0.0068
RARS1,519,0.0068
NEK11,519,0.0068
LARP4,519,0.0068
PAXBP1,519,0.0068
PRAMEF12,519,0.0068
RRP8,519,0.0068
TUBGCP3,519,0.0068
SRMS,519,0.0068
DTNB,519,0.0068
PDGFRL,519,0.0068
IREB2,519,0.0068
EME2,519,0.0068
KRT17,518,0.0068
METTL13,518,0.0068
NPIPB15,518,0.0068
IL23R,518,0.0068
MUS81,518,0.0068
HIF1A,518,0.0068
SLC27A6,518,0.0068
SIAE,518,0.0068
PUM1,518,0.0068
ZNF251,518,0.0068
SLC39A10,518,0.0068
C1orf94,518,0.0068
PALMD,517,0.0068
ALOX12,517,0.0068
CBS,517,0.0068
ECT2,517,0.0068
PRKD2,517,0.0068
PRSS55,517,0.0068
ZNF233,517,0.0068
SUGP1,517,0.0068
RXFP1,517,0.0068
ZNF317,517,0.0068
ETFDH,517,0.0068
GUSB,517,0.0068
COG3,517,0.0068
VPS51,517,0.0068
TEDC1,516,0.0068
UBXN11,516,0.0068
TTYH2,516,0.0068
SLC17A8,516,0.0068
ENPP7,516,0.0068
LARP7,516,0.0068
CAPN14,516,0.0068
ZNF732,516,0.0068
SPTY2D1,515,0.0068
PIK3C3,515,0.0068
DNAJC14,515,0.0068
ICAM3,515,0.0068
BRD7,515,0.0068
MTHFR,515,0.0068
VRK2,515,0.0068
SOX7,515,0.0068
CHML,515,0.0068
SAMD15,515,0.0068
TTC7B,515,0.0068
KLHL35,515,0.0068
TNFRSF8,514,0.0068
PTPN12,514,0.0068
NCAM1,514,0.0068
PRPF4B,514,0.0068
DBF4B,514,0.0068
FLRT2,514,0.0068
MEX3B,514,0.0068
MAP2K2,514,0.0068
OR52M1,514,0.0068
MTSS1,514,0.0068
SLC9A9,514,0.0068
DNM1,514,0.0068
RELB,514,0.0068
BEST3,514,0.0068
SLC47A1,514,0.0068
C5orf34,514,0.0068
CYP1A1,514,0.0068
USP25,513,0.0067
PKN2,513,0.0067
NOX4,513,0.0067
EPN1,513,0.0067
ST6GALNAC1,513,0.0067
GTF2IRD1,513,0.0067
UGT2A2,513,0.0067
UGT1A8,513,0.0067
IFT80,513,0.0067
CALCOCO1,513,0.0067
NUFIP2,513,0.0067
RASGRP4,513,0.0067
COLQ,513,0.0067
WIPF1,513,0.0067
TLR6,512,0.0067
LINGO4,512,0.0067
CCDC85A,512,0.0067
GPR37,512,0.0067
KIFC1,512,0.0067
ANGEL1,512,0.0067
ANO10,512,0.0067
FOXC2,512,0.0067
GAREM2,512,0.0067
FOXK1,512,0.0067
ZBTB41,512,0.0067
KRT24,512,0.0067
THEMIS2,512,0.0067
NGEF,511,0.0067
SLC6A17,511,0.0067
LILRA6,511,0.0067
RPS6KA5,511,0.0067
SPATA2,511,0.0067
TUB,511,0.0067
RRP1B,511,0.0067
MAPK8IP1,511,0.0067
RAD51D,511,0.0067
PARP8,511,0.0067
TBK1,511,0.0067
VPS41,511,0.0067
ZNF668,511,0.0067
CHDH,511,0.0067
ZC3H11C,511,0.0067
USP37,511,0.0067
CHST12,510,0.0067
OR11H12,510,0.0067
ZFR,510,0.0067
DYRK1B,510,0.0067
CDK4,510,0.0067
L3MBTL2,510,0.0067
LRRC41,510,0.0067
CCPG1,510,0.0067
LRRC36,510,0.0067
RNF214,510,0.0067
PHACTR4,510,0.0067
SNTG2,510,0.0067
PARPBP,510,0.0067
ZNF256,510,0.0067
PAN3,510,0.0067
CD2AP,510,0.0067
C12orf40,509,0.0067
KIF5B,509,0.0067
KDM1B,509,0.0067
OR2T27,509,0.0067
GPR75,509,0.0067
IPO9,509,0.0067
ZNF219,509,0.0067
GRIA1,509,0.0067
MAPK6,509,0.0067
MMP20,508,0.0067
EXOC1,508,0.0067
TESK2,508,0.0067
EXTL1,508,0.0067
MUC21,508,0.0067
ZNF189,508,0.0067
VANGL1,508,0.0067
ZNF775,508,0.0067
ZNF519,508,0.0067
CCDC148,508,0.0067
SLC26A7,508,0.0067
ZNF479,508,0.0067
SEMA3B,508,0.0067
GIPR,507,0.0067
GSDMC,507,0.0067
KRT13,507,0.0067
GLE1,507,0.0067
ZNF672,507,0.0067
BBS7,507,0.0067
STRN,507,0.0067
DIPK1B,507,0.0067
FBXO30,507,0.0067
PPP2R3B,507,0.0067
TAOK3,507,0.0067
KCNT2,507,0.0067
RPE65,507,0.0067
USO1,507,0.0067
PAXIP1,506,0.0066
FKBP10,506,0.0066
FSIP1,506,0.0066
SLC52A3,506,0.0066
CCDC175,506,0.0066
WDR91,506,0.0066
ZIC5,506,0.0066
ZNF100,506,0.0066
ZNF613,506,0.0066
MBOAT7,506,0.0066
ZNF510,506,0.0066
FMNL2,506,0.0066
KRTAP16-1,505,0.0066
IL27RA,505,0.0066
USP44,505,0.0066
KBTBD11,505,0.0066
PDE1C,505,0.0066
MIGA2,505,0.0066
SLC22A3,505,0.0066
MYOC,505,0.0066
MCOLN1,505,0.0066
STRN3,505,0.0066
RETREG1,505,0.0066
MMUT,505,0.0066
FAM47A,505,0.0066
NLRP6,505,0.0066
FOXO3,505,0.0066
EFEMP2,505,0.0066
CCNL2,505,0.0066
RASSF7,504,0.0066
ZNF556,504,0.0066
EDEM1,504,0.0066
RFT1,504,0.0066
RAP1GAP2,504,0.0066
CDC25B,504,0.0066
CCDC62,504,0.0066
DNAI2,504,0.0066
GOLGA6B,504,0.0066
RNF19A,504,0.0066
DHX35,504,0.0066
ADGRG3,504,0.0066
SHQ1,504,0.0066
PCIF1,504,0.0066
ZNF311,503,0.0066
COASY,503,0.0066
CDH8,503,0.0066
EFS,503,0.0066
USH1G,503,0.0066
FGGY,503,0.0066
KRT37,503,0.0066
FZD4,503,0.0066
F13B,503,0.0066
CDC42EP1,503,0.0066
KCNA10,503,0.0066
DNTTIP2,503,0.0066
PROSER2,503,0.0066
MTPAP,503,0.0066
HIRA,503,0.0066
ADCK2,503,0.0066
RSC1A1,503,0.0066
CEACAM20,503,0.0066
SFMBT1,502,0.0066
SSTR5,502,0.0066
RBM14,502,0.0066
ZNF653,502,0.0066
CHERP,502,0.0066
SHPK,502,0.0066
GFAP,502,0.0066
KRTAP10-6,502,0.0066
GALNT3,502,0.0066
RNF6,502,0.0066
CPT1B,502,0.0066
MAPK4,502,0.0066
BTNL9,502,0.0066
CAPN2,502,0.0066
KIF4A,501,0.0066
IPO7,501,0.0066
UTP25,501,0.0066
MMP14,501,0.0066
IGSF21,501,0.0066
TRIM24,501,0.0066
SLC7A7,501,0.0066
ZNF155,501,0.0066
ACSL5,501,0.0066
ST6GAL2,501,0.0066
POTEM,501,0.0066
MEP1B,501,0.0066
ADAM23,501,0.0066
ANKRD55,501,0.0066
MED17,500,0.0066
ANKRD13D,500,0.0066
PLD4,500,0.0066
COG2,500,0.0066
RPN2,500,0.0066
SLC13A2,500,0.0066
ACSL1,500,0.0066
SSTR4,500,0.0066
ACTN4,500,0.0066
FMO3,500,0.0066
ZNF678,500,0.0066
TSGA10IP,500,0.0066
ELOA,500,0.0066
SLC35G4,499,0.0066
MAP6,499,0.0066
SLC28A3,499,0.0066
FBXO43,499,0.0066
HSPA12B,499,0.0066
ZSCAN18,499,0.0066
ZSCAN5A,499,0.0066
CAND1,499,0.0066
HDAC10,499,0.0066
WIPF3,499,0.0066
IFT70A,499,0.0066
LGI3,499,0.0066
CCDC96,499,0.0066
MAVS,499,0.0066
FHIP2A,498,0.0065
ESR2,498,0.0065
MARCO,498,0.0065
GRK7,498,0.0065
ZNF765,498,0.0065
CCKBR,498,0.0065
KRT10,498,0.0065
SMARCE1,498,0.0065
EXOC3,498,0.0065
AMIGO3,498,0.0065
ZNF398,498,0.0065
CCDC60,498,0.0065
AIP,498,0.0065
HBS1L,497,0.0065
UGT2A3,497,0.0065
SHCBP1,497,0.0065
CYP26C1,497,0.0065
RBM23,497,0.0065
ARSI,497,0.0065
CYP2B6,497,0.0065
RPS6KL1,497,0.0065
COQ8B,497,0.0065
ZNF540,497,0.0065
SOX9,497,0.0065
INSYN2A,497,0.0065
ACSS2,497,0.0065
ARNT,497,0.0065
PTPRA,497,0.0065
ZNF860,496,0.0065
ACADVL,496,0.0065
CLOCK,496,0.0065
NHSL2,496,0.0065
ALDH1L2,496,0.0065
COPB1,496,0.0065
PRSS53,496,0.0065
GDPD5,496,0.0065
CREB3L1,496,0.0065
PRAMEF10,496,0.0065
AVPR1B,496,0.0065
SLC7A13,496,0.0065
HSF1,496,0.0065
SPARCL1,496,0.0065
GSDMD,496,0.0065
CARF,495,0.0065
ZNF66,495,0.0065
ORC3,495,0.0065
DDX42,495,0.0065
UGT1A1,495,0.0065
NAALAD2,495,0.0065
HHAT,495,0.0065
LIMA1,495,0.0065
CTIF,494,0.0065
RSL1D1,494,0.0065
LRFN1,494,0.0065
CCDC71,494,0.0065
B3GNT4,494,0.0065
IWS1,494,0.0065
LCA5L,494,0.0065
HSPH1,494,0.0065
SERPING1,494,0.0065
PLVAP,494,0.0065
EPS8L3,494,0.0065
SEMA7A,494,0.0065
PTPRR,494,0.0065
UGT1A7,494,0.0065
S1PR4,494,0.0065
BCL6,494,0.0065
KRT7,493,0.0065
ECD,493,0.0065
CNBD2,493,0.0065
GALNT14,493,0.0065
GGA2,493,0.0065
IRAK3,493,0.0065
USH1C,493,0.0065
COL8A2,493,0.0065
TMEM200C,493,0.0065
LPL,493,0.0065
MROH9,493,0.0065
ADAMTSL2,493,0.0065
ZNF624,493,0.0065
GCK,493,0.0065
SLC43A1,492,0.0065
TNFRSF10A,492,0.0065
ENTR1,492,0.0065
CFAP206,492,0.0065
MARVELD2,492,0.0065
BRD3,492,0.0065
ADAM11,492,0.0065
SLC15A3,492,0.0065
SHC4,492,0.0065
EXD2,492,0.0065
HTR6,492,0.0065
WDR46,492,0.0065
TBRG4,492,0.0065
SEMG1,492,0.0065
SLC6A3,491,0.0065
MNT,491,0.0065
SLC9A2,491,0.0065
GNPAT,491,0.0065
SAGE1,491,0.0065
IGFN1,491,0.0065
ACSS1,491,0.0065
MFSD13A,491,0.0065
HGF,491,0.0065
PLIN3,491,0.0065
ZNF675,491,0.0065
CCDC63,491,0.0065
TRIP6,491,0.0065
MAK,491,0.0065
SERINC4,491,0.0065
FAM91A1,490,0.0064
MOCS1,490,0.0064
TBC1D8B,490,0.0064
NUTM2B,490,0.0064
SF3B2,490,0.0064
ZNF280A,490,0.0064
ZNF554,490,0.0064
PTX4,490,0.0064
REXO5,490,0.0064
RAVER2,490,0.0064
MPP4,490,0.0064
TRIM46,490,0.0064
EZR,490,0.0064
CFAP157,490,0.0064
ZNF677,490,0.0064
ECM1,490,0.0064
KRT36,490,0.0064
ZYG11A,490,0.0064
BTN2A1,490,0.0064
NEDD1,490,0.0064
CYP4F8,490,0.0064
ABCF1,489,0.0064
ADAT1,489,0.0064
IMMT,489,0.0064
NUTM2A,489,0.0064
FCHSD2,489,0.0064
CCNT1,489,0.0064
TMEM168,489,0.0064
HEXB,489,0.0064
CLHC1,489,0.0064
SERPINF1,489,0.0064
LILRB5,489,0.0064
ZNF728,489,0.0064
INTS15,488,0.0064
MTREX,488,0.0064
PLCL2,488,0.0064
ZNF304,488,0.0064
XYLB,488,0.0064
RNF103,488,0.0064
IRX1,488,0.0064
GIT2,488,0.0064
AMOT,488,0.0064
ZNF837,488,0.0064
CWH43,488,0.0064
TAF15,488,0.0064
PTPN4,487,0.0064
LBP,487,0.0064
PLK3,487,0.0064
ECM2,487,0.0064
ZNF614,487,0.0064
SGCE,487,0.0064
ZNF708,487,0.0064
NRG3,487,0.0064
SLC22A23,487,0.0064
GTF2IRD2,487,0.0064
ADRA2B,486,0.0064
ZNF98,486,0.0064
PAPOLB,486,0.0064
BIN1,486,0.0064
DPY19L4,486,0.0064
MROH1,486,0.0064
PRAME,486,0.0064
HIC2,486,0.0064
HTR3A,486,0.0064
KRT40,486,0.0064
UGT2B15,485,0.0064
NUDT19,485,0.0064
ZBBX,485,0.0064
OC90,485,0.0064
SEMA3A,485,0.0064
KRT14,485,0.0064
OPTN,485,0.0064
SLC16A5,485,0.0064
DDHD2,485,0.0064
FCRL6,485,0.0064
SLC4A10,485,0.0064
SP3,485,0.0064
DPP6,485,0.0064
TRIM47,485,0.0064
OR4X2,485,0.0064
COLGALT1,485,0.0064
PSG5,485,0.0064
GFM1,485,0.0064
FCRL2,485,0.0064
AOAH,485,0.0064
APCDD1,485,0.0064
LOX,485,0.0064
HADHA,485,0.0064
ZNF343,485,0.0064
TNFRSF21,484,0.0064
SUPV3L1,484,0.0064
ROGDI,484,0.0064
GTF3C5,484,0.0064
RPS6KA2,484,0.0064
BCO1,484,0.0064
NUAK1,483,0.0063
CHADL,483,0.0063
KRT80,483,0.0063
FXR2,483,0.0063
ARHGAP44,483,0.0063
DUSP16,483,0.0063
MFN1,483,0.0063
DGCR8,483,0.0063
RPAP3,483,0.0063
UVRAG,483,0.0063
ITPRIPL1,483,0.0063
CNGA4,483,0.0063
HPSE2,483,0.0063
CSE1L,483,0.0063
RTKN2,482,0.0063
TPSG1,482,0.0063
PHF21B,482,0.0063
ADGRG5,482,0.0063
BTN3A3,482,0.0063
TCERG1L,482,0.0063
HEATR9,482,0.0063
PDE9A,482,0.0063
RTKN,482,0.0063
WDR43,482,0.0063
IFNAR1,482,0.0063
TTC13,482,0.0063
PIGW,482,0.0063
GRB7,482,0.0063
LAD1,482,0.0063
SLC44A3,481,0.0063
ABHD15,481,0.0063
CTTNBP2NL,481,0.0063
AP4M1,481,0.0063
OXER1,481,0.0063
CHRNG,481,0.0063
GHRHR,481,0.0063
FAM178B,481,0.0063
CES3,481,0.0063
NFE2L2,480,0.0063
ZNF770,480,0.0063
USP1,480,0.0063
CASK,480,0.0063
ATF6B,480,0.0063
PPAN,480,0.0063
ZNF697,480,0.0063
IFNGR1,480,0.0063
HHIP,480,0.0063
ZC3H14,480,0.0063
PIAS3,480,0.0063
PODXL2,480,0.0063
PDE5A,480,0.0063
ZFYVE1,480,0.0063
TAX1BP1,480,0.0063
AMHR2,480,0.0063
EXOC6B,480,0.0063
ALDH18A1,479,0.0063
SLC4A8,479,0.0063
FMO5,479,0.0063
DLAT,479,0.0063
AMPH,479,0.0063
PLTP,479,0.0063
SEMA4G,479,0.0063
PHEX,479,0.0063
NR2E3,479,0.0063
SETMAR,479,0.0063
ACTN1,478,0.0063
WDR4,478,0.0063
TEKTL1,478,0.0063
FOXRED1,478,0.0063
PDLIM5,478,0.0063
RIPK3,478,0.0063
ZBTB5,478,0.0063
ECE1,478,0.0063
RXFP3,478,0.0063
GBP1,478,0.0063
DLL4,478,0.0063
TTC31,478,0.0063
MED15,478,0.0063
CERCAM,477,0.0063
FAM124A,477,0.0063
DONSON,477,0.0063
NAF1,477,0.0063
MKKS,477,0.0063
MAPK8IP2,477,0.0063
ACOT11,477,0.0063
HELLS,477,0.0063
AIFM3,477,0.0063
GTF2F1,477,0.0063
COL25A1,477,0.0063
SLC22A18,477,0.0063
EVX1,477,0.0063
EYA1,477,0.0063
SPRED1,477,0.0063
ARHGAP9,476,0.0063
MLKL,476,0.0063
GPR39,476,0.0063
KIR2DL3,476,0.0063
IL9R,476,0.0063
GTF3C4,476,0.0063
ZBTB46,476,0.0063
CYP27B1,476,0.0063
SATB2,476,0.0063
EPHX2,476,0.0063
ANKRD62,476,0.0063
SOX13,476,0.0063
FAM83D,476,0.0063
PEPD,476,0.0063
NDC1,476,0.0063
SPATA2L,476,0.0063
TDRD5,476,0.0063
FUT11,476,0.0063
CAPN7,476,0.0063
CHRNB1,476,0.0063
GRIN1,475,0.0062
RASGRP2,475,0.0062
KAT2B,475,0.0062
DPP10,475,0.0062
SLC5A7,475,0.0062
ZNF441,475,0.0062
HNRNPUL1,475,0.0062
SLC1A1,475,0.0062
SKIL,475,0.0062
LRRC71,475,0.0062
KLHL6,475,0.0062
UGT1A5,475,0.0062
LMBRD1,475,0.0062
ZSWIM3,475,0.0062
HSP90AA1,475,0.0062
GLDN,475,0.0062
TRIP4,474,0.0062
GOLGA6C,474,0.0062
NEK1,474,0.0062
ACSM1,474,0.0062
ZMYM5,474,0.0062
DQX1,474,0.0062
CATSPER4,474,0.0062
FBXO46,474,0.0062
TREH,474,0.0062
NCOA5,474,0.0062
ZNF629,474,0.0062
ZNF446,474,0.0062
DCLK2,474,0.0062
ASB10,474,0.0062
NKD2,473,0.0062
CYP4F22,473,0.0062
KRT33B,473,0.0062
SAXO4,473,0.0062
PTPN11,473,0.0062
IL17RE,473,0.0062
PRKAG3,473,0.0062
CHRNB2,473,0.0062
CARD8,473,0.0062
ABTB1,473,0.0062
STAT5A,473,0.0062
UTP18,473,0.0062
NEIL2,473,0.0062
ZNF200,473,0.0062
POLGARF,473,0.0062
ZNF561,473,0.0062
SLC20A2,473,0.0062
CCBE1,472,0.0062
PODXL,472,0.0062
RIOK1,472,0.0062
ZNF496,472,0.0062
PLA2G4C,472,0.0062
TARS2,472,0.0062
SLCO3A1,472,0.0062
MOXD1,472,0.0062
WDR76,472,0.0062
SLC5A1,472,0.0062
SLC26A5,472,0.0062
SPMAP2,471,0.0062
SORT1,471,0.0062
MMP27,471,0.0062
LRPAP1,471,0.0062
SLC44A5,471,0.0062
YARS1,471,0.0062
SEC63,471,0.0062
CILK1,471,0.0062
FDXACB1,471,0.0062
KLHL21,471,0.0062
FAM47B,471,0.0062
TYW1,471,0.0062
KRT31,471,0.0062
CHST5,471,0.0062
TF,471,0.0062
EGLN2,471,0.0062
DDX28,471,0.0062
GALNT11,470,0.0062
VHL,470,0.0062
NR1I2,470,0.0062
TRIM55,470,0.0062
SPATA21,470,0.0062
RGS11,470,0.0062
KRTAP10-7,470,0.0062
TTLL7,470,0.0062
TYW1B,470,0.0062
ZNF671,470,0.0062
TESK1,470,0.0062
CSF1,470,0.0062
MFSD3,470,0.0062
SLC19A2,470,0.0062
RBMXL2,470,0.0062
SLC13A3,470,0.0062
COL23A1,470,0.0062
LINGO2,470,0.0062
FZD6,469,0.0062
B4GALNT1,469,0.0062
MFSD2B,469,0.0062
ZNF117,469,0.0062
MARK4,469,0.0062
SLC13A1,469,0.0062
ADGRG1,469,0.0062
ZNF471,469,0.0062
EME1,469,0.0062
ERICH6B,469,0.0062
SCARA5,469,0.0062
ITK,469,0.0062
CSTF2T,469,0.0062
TAB2,468,0.0061
TRIM25,468,0.0061
LAG3,468,0.0061
CREB3L3,468,0.0061
TXNRD2,468,0.0061
TLE1,468,0.0061
PPIG,468,0.0061
TAF6L,468,0.0061
ZNF283,468,0.0061
TBKBP1,468,0.0061
ACAD11,468,0.0061
PIK3R1,468,0.0061
FAM53A,468,0.0061
HOXA10,468,0.0061
TMEM232,468,0.0061
DET1,468,0.0061
MYZAP,468,0.0061
ZNF773,468,0.0061
MMP28,467,0.0061
ALPI,467,0.0061
ZNF426,467,0.0061
HEATR3,467,0.0061
COG8,467,0.0061
ENTPD7,467,0.0061
PPP1R3F,467,0.0061
KBTBD12,467,0.0061
TSPYL6,467,0.0061
SAXO5,467,0.0061
LRRC4,467,0.0061
MYRFL,467,0.0061
SOAT2,467,0.0061
ACO2,467,0.0061
SPIRE1,466,0.0061
ABCB10,466,0.0061
SLC46A2,466,0.0061
TMEM161A,466,0.0061
MTA1,466,0.0061
ALG2,466,0.0061
ADD2,466,0.0061
SLC7A8,466,0.0061
CLCC1,466,0.0061
DTX4,466,0.0061
MELK,466,0.0061
KCNK4,466,0.0061
GAL3ST4,466,0.0061
CAPRIN1,465,0.0061
TRIM49B,465,0.0061
CNNM3,465,0.0061
OR2T2,465,0.0061
IL1RL2,465,0.0061
BMAL2,465,0.0061
FLVCR2,465,0.0061
BBS4,465,0.0061
SOWAHA,465,0.0061
SNAPC2,465,0.0061
BRPF1,465,0.0061
CKAP4,465,0.0061
CMIP,464,0.0061
SH2D4A,464,0.0061
CTNNAL1,464,0.0061
CDK18,464,0.0061
SSC4D,464,0.0061
SIGLEC8,464,0.0061
INTS10,464,0.0061
PATL1,464,0.0061
PRIMPOL,464,0.0061
RASSF10,464,0.0061
DGAT1,464,0.0061
SHLD2,464,0.0061
GRIA4,464,0.0061
ZNF92,464,0.0061
PLAT,464,0.0061
KDM4E,464,0.0061
FAM98A,464,0.0061
RASGRP1,464,0.0061
TCF7L1,464,0.0061
IFNAR2,463,0.0061
THOC2,463,0.0061
MEPE,463,0.0061
CEP70,463,0.0061
OGDHL,463,0.0061
AADACL4,463,0.0061
HLX,463,0.0061
SH2D3A,463,0.0061
APEH,463,0.0061
GPSM2,463,0.0061
SPATA6L,463,0.0061
PLBD2,463,0.0061
RSPH10B,463,0.0061
SUMF1,463,0.0061
CLPTM1L,463,0.0061
RFC1,463,0.0061
UPF3A,463,0.0061
FBXW8,463,0.0061
WDR25,462,0.0061
CAMKK2,462,0.0061
FSCN3,462,0.0061
RHO,462,0.0061
ERF,462,0.0061
SMARCAD1,462,0.0061
DYRK3,462,0.0061
NUP62,462,0.0061
EIF4G2,462,0.0061
MAGEE1,462,0.0061
KDM2A,462,0.0061
HNRNPDL,462,0.0061
NOP56,462,0.0061
ARSB,462,0.0061
PRPF6,462,0.0061
ZNF699,462,0.0061
HNRNPM,462,0.0061
SYT15,462,0.0061
ZAP70,462,0.0061
GP5,461,0.0061
XKR6,461,0.0061
PSG11,461,0.0061
BRD9,461,0.0061
UBQLNL,461,0.0061
PDE2A,461,0.0061
FOXJ3,461,0.0061
DDX41,461,0.0061
RBM47,461,0.0061
CCDC102B,461,0.0061
TRIM51,461,0.0061
PPP1R9A,461,0.0061
ZNF880,461,0.0061
SLC22A8,461,0.0061
CDC7,461,0.0061
NFKBIZ,460,0.006
UHRF1,460,0.006
PLIN2,460,0.006
ZNF37A,460,0.006
MTA3,460,0.006
ESS2,460,0.006
LRRC49,460,0.006
HCLS1,460,0.006
TINF2,460,0.006
CCDC93,460,0.006
SLC43A2,460,0.006
HERC3,460,0.006
CTNNA2,460,0.006
RAB44,459,0.006
GBP7,459,0.006
MAB21L4,459,0.006
ZFP37,459,0.006
TCAF2,459,0.006
SERAC1,459,0.006
INTS11,459,0.006
MRPS30,459,0.006
PRRT2,459,0.006
LONP2,459,0.006
ZFP90,459,0.006
SLC5A6,459,0.006
DMP1,459,0.006
CENPT,459,0.006
CDH6,458,0.006
POTEH,458,0.006
LRRN3,458,0.006
CNKSR3,458,0.006
XKR7,458,0.006
CLEC14A,458,0.006
IGKV3-20,458,0.006
FBXO7,458,0.006
FMO2,458,0.006
CAGE1,458,0.006
XPO4,458,0.006
DCT,458,0.006
RUNX2,457,0.006
TRIM50,457,0.006
SP140L,457,0.006
ZNF716,457,0.006
JADE1,457,0.006
PRSS56,457,0.006
CLN8,457,0.006
EPN2,457,0.006
PANK4,457,0.006
TRIM33,457,0.006
SLC6A15,457,0.006
KLHL31,457,0.006
IRF8,457,0.006
POC5,457,0.006
PLCZ1,457,0.006
IL6R,456,0.006
ZNF329,456,0.006
POTEC,456,0.006
C11orf16,456,0.006
PRKCD,456,0.006
TRPC3,456,0.006
SLC9A1,456,0.006
SNTA1,456,0.006
ANKRD53,456,0.006
DCP1B,456,0.006
KCNC4,456,0.006
CYP7A1,456,0.006
LTB4R2,455,0.006
NR3C1,455,0.006
RUNDC1,455,0.006
CTNS,455,0.006
TAPBP,455,0.006
PAOX,455,0.006
GATA5,455,0.006
CD6,455,0.006
GRM3,455,0.006
ZIM3,455,0.006
LIMK2,455,0.006
RFTN1,455,0.006
LIMK1,455,0.006
AGAP5,455,0.006
DRP2,455,0.006
TRAFD1,454,0.006
RPUSD2,454,0.006
ZNF83,454,0.006
JAKMIP1,454,0.006
MMP1,454,0.006
FRMD7,454,0.006
PKP1,454,0.006
SLC10A2,454,0.006
ARSG,454,0.006
SLC22A6,454,0.006
ZNRF4,454,0.006
DMTF1,454,0.006
SEC14L1,454,0.006
ABHD16B,454,0.006
MEX3D,454,0.006
LRRIQ4,453,0.006
ASNSD1,453,0.006
HOXB3,453,0.006
PASD1,453,0.006
BSG,453,0.006
MMP19,453,0.006
TCF7L2,453,0.006
GBP6,453,0.006
OIT3,453,0.006
MAZ,453,0.006
EEPD1,453,0.006
SLFN12,453,0.006
SLC45A3,452,0.0059
CTTN,452,0.0059
IQCC,452,0.0059
NTN4,452,0.0059
UTP4,452,0.0059
HSP90B1,452,0.0059
GNPTG,452,0.0059
ZNF667,452,0.0059
ZNF679,452,0.0059
NR1D1,452,0.0059
USP2,452,0.0059
ILDR2,452,0.0059
UGT2A1,452,0.0059
INTS9,452,0.0059
PES1,452,0.0059
SLC25A46,452,0.0059
MPHOSPH10,452,0.0059
SLC5A8,452,0.0059
RHBG,451,0.0059
SRPRA,451,0.0059
FASTKD3,451,0.0059
APPL1,451,0.0059
HAP1,451,0.0059
ADCK5,451,0.0059
ITPRIPL2,451,0.0059
TRIM16,451,0.0059
CFAP97,451,0.0059
GRAMD1C,451,0.0059
FZD9,451,0.0059
ZNF177,451,0.0059
GLCCI1,451,0.0059
SLC2A8,450,0.0059
ASIC4,450,0.0059
AGBL3,450,0.0059
PRLR,450,0.0059
RNF112,450,0.0059
TOX3,450,0.0059
HHATL,450,0.0059
MCMDC2,450,0.0059
ALG8,450,0.0059
PNPLA3,450,0.0059
TCTN1,450,0.0059
ADRA1A,450,0.0059
KRT15,450,0.0059
SDR42E1,450,0.0059
INSM2,450,0.0059
RIC8A,450,0.0059
PALS1,450,0.0059
ARID5A,450,0.0059
CBX4,450,0.0059
MTO1,449,0.0059
RGL4,449,0.0059
ZNF274,449,0.0059
SOX5,449,0.0059
SYT3,449,0.0059
ACAP1,449,0.0059
MBOAT1,449,0.0059
ZDHHC11B,449,0.0059
RRP1,449,0.0059
ZNF474,449,0.0059
ABR,449,0.0059
OAS1,449,0.0059
HOXA3,449,0.0059
FOXP2,449,0.0059
PCYOX1,449,0.0059
HHLA1,448,0.0059
TMPRSS2,448,0.0059
FZD1,448,0.0059
FRRS1,448,0.0059
ARRDC1,448,0.0059
SOX8,448,0.0059
CASD1,448,0.0059
NECAB2,448,0.0059
KCND3,448,0.0059
SGCA,448,0.0059
DMWD,448,0.0059
TBX20,448,0.0059
SLC35B2,448,0.0059
STAT5B,448,0.0059
CPEB3,448,0.0059
ZNF805,448,0.0059
HACE1,448,0.0059
GGA1,448,0.0059
ZNF181,448,0.0059
PNKD,447,0.0059
IL4I1,447,0.0059
CPNE3,447,0.0059
SLC1A2,447,0.0059
CHUK,447,0.0059
ASMTL,447,0.0059
DNAJA3,447,0.0059
C3AR1,447,0.0059
ARHGAP18,447,0.0059
ATG16L2,447,0.0059
GLI4,447,0.0059
XKR4,447,0.0059
HSPA12A,446,0.0059
BTN2A2,446,0.0059
ZNF282,446,0.0059
ZBTB22,446,0.0059
NEPRO,446,0.0059
NCAPH2,446,0.0059
SGSM2,446,0.0059
CRTC1,446,0.0059
ALPG,446,0.0059
ZNF300,446,0.0059
LRRC40,446,0.0059
GNL3,446,0.0059
GTF2A1L,446,0.0059
C19orf44,446,0.0059
SLC25A12,445,0.0058
SLAIN2,445,0.0058
ZNF569,445,0.0058
C12orf56,445,0.0058
GDF5,445,0.0058
SLC37A2,445,0.0058
NET1,445,0.0058
PARP3,445,0.0058
PRDM6,445,0.0058
ZNF800,445,0.0058
FBLN5,445,0.0058
BPIFB6,445,0.0058
SUOX,445,0.0058
MVD,445,0.0058
TBCE,445,0.0058
TMEM209,444,0.0058
GALNT4,444,0.0058
MAP4K1,444,0.0058
GRB14,444,0.0058
SENP5,444,0.0058
ILK,444,0.0058
DNTT,444,0.0058
ZCCHC4,444,0.0058
PTPN5,444,0.0058
HSPA1L,444,0.0058
TARS1,444,0.0058
PGM1,444,0.0058
KRT39,444,0.0058
TRIM51G,444,0.0058
GAB1,444,0.0058
GJD4,444,0.0058
RBM34,444,0.0058
LONRF2,444,0.0058
TRIM35,444,0.0058
WDR47,444,0.0058
COX10,444,0.0058
HTR3E,444,0.0058
TULP2,443,0.0058
IPO13,443,0.0058
TBX6,443,0.0058
SLC16A8,443,0.0058
MATN1,443,0.0058
DIXDC1,443,0.0058
ESCO2,443,0.0058
APPL2,443,0.0058
FOXJ2,443,0.0058
SIRPB1,443,0.0058
N4BP2L2,443,0.0058
LMNB1,443,0.0058
KBTBD7,443,0.0058
ZNF431,443,0.0058
USP5,443,0.0058
GALNT18,443,0.0058
SLC22A7,443,0.0058
PPP1R18,443,0.0058
STAT4,443,0.0058
TTLL11,443,0.0058
PAN2,443,0.0058
C2orf42,443,0.0058
KLC4,443,0.0058
ASB16,442,0.0058
KATNAL2,442,0.0058
POLG2,442,0.0058
MTMR9,442,0.0058
GCM2,442,0.0058
KLKB1,442,0.0058
ZNF774,442,0.0058
WAC,442,0.0058
KRT26,442,0.0058
TEKT4,442,0.0058
FBXO42,442,0.0058
GBP3,442,0.0058
LGI4,442,0.0058
NMBR,442,0.0058
PTGIR,442,0.0058
ZNF273,442,0.0058
MTMR12,442,0.0058
ENTPD3,442,0.0058
KPNA7,442,0.0058
RANGAP1,442,0.0058
SLC30A5,442,0.0058
CEACAM16,441,0.0058
SEPTIN12,441,0.0058
VIPR1,441,0.0058
SLC2A13,441,0.0058
NPR3,441,0.0058
NTN5,441,0.0058
NMUR1,441,0.0058
ZBED1,441,0.0058
MTMR8,441,0.0058
PDLIM2,441,0.0058
EGR2,441,0.0058
UNK,441,0.0058
USP49,441,0.0058
TAF6,441,0.0058
HSPA4,441,0.0058
SKOR2,441,0.0058
NDST3,440,0.0058
SASS6,440,0.0058
ZP3,440,0.0058
SLC37A1,440,0.0058
HOXB2,440,0.0058
PRKCQ,440,0.0058
CHRNA10,440,0.0058
TRAF7,440,0.0058
MAN1C1,440,0.0058
SLC44A1,440,0.0058
SUSD4,440,0.0058
PINX1,440,0.0058
FOXD4L1,440,0.0058
FIGNL2,440,0.0058
NSUN6,440,0.0058
GJC2,440,0.0058
PDLIM3,440,0.0058
PAX7,440,0.0058
COL8A1,440,0.0058
PTPRE,440,0.0058
ANKRD52,440,0.0058
C6orf118,440,0.0058
MMP13,440,0.0058
GDPD4,440,0.0058
GBP4,440,0.0058
SLC22A15,439,0.0058
SLC24A3,439,0.0058
TRIM65,439,0.0058
KIAA2013,439,0.0058
SIRPA,439,0.0058
MARK1,439,0.0058
ELF1,439,0.0058
RMI1,439,0.0058
ZBTB17,439,0.0058
CNOT3,439,0.0058
CDCA7L,438,0.0058
GASK1A,438,0.0058
ZNF8,438,0.0058
KRT28,438,0.0058
FAM217A,438,0.0058
CDKN2AIP,438,0.0058
KLF4,438,0.0058
DUS3L,438,0.0058
CES2,438,0.0058
POC1B,438,0.0058
AMBN,437,0.0057
CEP295NL,437,0.0057
WWP1,437,0.0057
CHIA,437,0.0057
SLC52A1,437,0.0057
MTDH,437,0.0057
TEX55,437,0.0057
SLC2A12,437,0.0057
UGT1A6,437,0.0057
CYP11A1,436,0.0057
NMD3,436,0.0057
SPATA16,436,0.0057
FGD1,436,0.0057
ZNF853,436,0.0057
EEF2,436,0.0057
IRGC,436,0.0057
ZNF730,436,0.0057
MMP10,436,0.0057
RPN1,436,0.0057
RGS14,436,0.0057
SMAD3,436,0.0057
LMOD2,436,0.0057
GPR152,436,0.0057
BTNL8,436,0.0057
TTI2,436,0.0057
GIT1,436,0.0057
CCKAR,436,0.0057
ARRDC2,436,0.0057
BTBD18,436,0.0057
GLYCTK,435,0.0057
WEE2,435,0.0057
SLC36A2,435,0.0057
CTNNB1,435,0.0057
ZNF12,435,0.0057
IRX2,435,0.0057
CEP76,435,0.0057
IRX5,435,0.0057
ATP1A1,435,0.0057
FAM222A,435,0.0057
SLC7A10,435,0.0057
ALKBH8,435,0.0057
SHB,435,0.0057
OR51Q1,435,0.0057
UGT3A1,435,0.0057
RNH1,435,0.0057
SSX2IP,434,0.0057
COPB2,434,0.0057
MON1B,434,0.0057
RUSF1,434,0.0057
ZNF696,434,0.0057
TBX15,434,0.0057
CAMKK1,434,0.0057
BTBD16,434,0.0057
ZBTB45,434,0.0057
RDX,434,0.0057
PKDCC,434,0.0057
H1-1,434,0.0057
ZXDA,434,0.0057
AATF,434,0.0057
PCYOX1L,434,0.0057
SEPTIN10,433,0.0057
GATAD2B,433,0.0057
SERPINA5,433,0.0057
SDC3,433,0.0057
RFX4,433,0.0057
ZNF735,433,0.0057
NHLRC2,433,0.0057
ZNF133,433,0.0057
PROKR2,433,0.0057
PIWIL1,433,0.0057
TBC1D22A,433,0.0057
CLGN,433,0.0057
PRKCH,433,0.0057
GLRB,433,0.0057
CYLD,433,0.0057
POLM,433,0.0057
LCP2,433,0.0057
C2CD5,433,0.0057
DDX55,432,0.0057
ARFGAP2,432,0.0057
CYP17A1,432,0.0057
HSF4,432,0.0057
NUMB,432,0.0057
DCAF4,432,0.0057
DDX50,432,0.0057
PTBP1,432,0.0057
GOLGA6L10,432,0.0057
ZNF420,432,0.0057
OSBPL8,432,0.0057
ANKDD1A,432,0.0057
PRR5,432,0.0057
SLC6A12,432,0.0057
SLC22A4,432,0.0057
RCBTB2,432,0.0057
SNX8,432,0.0057
GPR83,432,0.0057
MCOLN2,432,0.0057
RPS6KA1,432,0.0057
PIGV,432,0.0057
NR4A1,432,0.0057
GGT7,431,0.0057
PLA2G4A,431,0.0057
HARS1,431,0.0057
FUT4,431,0.0057
FUS,431,0.0057
RBPJL,431,0.0057
KRT27,431,0.0057
TCF4,431,0.0057
SAMHD1,431,0.0057
SYN3,431,0.0057
RAP1GAP,431,0.0057
SPPL2A,431,0.0057
CLPTM1,431,0.0057
CERS4,431,0.0057
AFM,431,0.0057
EDAR,431,0.0057
EYA2,431,0.0057
CFAP52,431,0.0057
PSEN2,431,0.0057
MYBPH,431,0.0057
RNF180,430,0.0056
PPWD1,430,0.0056
GGT1,430,0.0056
NXPE1,430,0.0056
CLN6,430,0.0056
DCLRE1B,430,0.0056
NECTIN1,430,0.0056
NUDCD1,430,0.0056
OR4C13,430,0.0056
GLP2R,430,0.0056
RAD9A,430,0.0056
CYP26A1,430,0.0056
PWWP2A,430,0.0056
ATG7,430,0.0056
CDH24,430,0.0056
SLC15A5,430,0.0056
RPL3L,430,0.0056
SLC20A1,430,0.0056
ROM1,430,0.0056
CYP2C8,430,0.0056
ZNF354C,430,0.0056
OR1F1,429,0.0056
DTL,429,0.0056
ATG14,429,0.0056
ZNF572,429,0.0056
PGS1,429,0.0056
NOB1,429,0.0056
ATP2A2,429,0.0056
ZFP69B,429,0.0056
RGL1,429,0.0056
NOL9,429,0.0056
ZNF202,429,0.0056
STPG2,429,0.0056
KLHL41,429,0.0056
NTN1,429,0.0056
CAMK2B,429,0.0056
EXOC8,429,0.0056
TMPRSS13,429,0.0056
ZCCHC7,429,0.0056
CYP26B1,429,0.0056
FIBCD1,429,0.0056
ZNF79,429,0.0056
KCNA7,429,0.0056
MED14,428,0.0056
ITFG1,428,0.0056
DBF4,428,0.0056
PDHX,428,0.0056
APOBEC3D,428,0.0056
NDNF,428,0.0056
RNPEPL1,428,0.0056
MMP24,428,0.0056
DDB1,428,0.0056
SSUH2,428,0.0056
NADSYN1,428,0.0056
RCBTB1,428,0.0056
DEUP1,428,0.0056
GDF6,428,0.0056
STK32B,428,0.0056
DDX21,428,0.0056
ACTL7A,428,0.0056
ZNF662,428,0.0056
SYTL1,428,0.0056
ZBTB20,428,0.0056
LRRD1,427,0.0056
ATP2B1,427,0.0056
SNX33,427,0.0056
FOXN4,427,0.0056
LRFN5,427,0.0056
RTN4R,427,0.0056
CCDC65,427,0.0056
SEL1L2,427,0.0056
PIGS,427,0.0056
TDP1,427,0.0056
PGLYRP2,427,0.0056
ZNF491,427,0.0056
HTR2B,427,0.0056
ARSK,427,0.0056
ZNF564,427,0.0056
PPOX,426,0.0056
AP1G1,426,0.0056
FMO4,426,0.0056
DMKN,426,0.0056
SLC15A4,426,0.0056
PHACTR3,426,0.0056
TRIM8,426,0.0056
DNAJC1,426,0.0056
VPS33B,426,0.0056
OR4A47,426,0.0056
RELT,426,0.0056
YTHDC1,426,0.0056
ALG3,426,0.0056
EML1,426,0.0056
GRHL3,426,0.0056
C1orf87,426,0.0056
DARS1,426,0.0056
APLP1,426,0.0056
SMTNL1,425,0.0056
KLC2,425,0.0056
SMOC2,425,0.0056
CLUAP1,425,0.0056
ACSM3,425,0.0056
ACSM4,425,0.0056
PDE4D,425,0.0056
CDC5L,425,0.0056
NXPE4,425,0.0056
AMFR,425,0.0056
DMRT1,425,0.0056
TRMT1L,425,0.0056
ZNF354A,424,0.0056
MMP3,424,0.0056
ZNF852,424,0.0056
ZNF527,424,0.0056
FOXA1,424,0.0056
CTSB,424,0.0056
DDX56,424,0.0056
EXOC6,424,0.0056
NUFIP1,424,0.0056
ZNF358,424,0.0056
RBCK1,424,0.0056
GNS,424,0.0056
BPIFB2,424,0.0056
PRR22,424,0.0056
COCH,424,0.0056
ARL13B,424,0.0056
TBC1D23,424,0.0056
CPN2,424,0.0056
PDLIM7,424,0.0056
SERPIND1,424,0.0056
FEM1A,424,0.0056
GSTCD,424,0.0056
TMEM200A,423,0.0056
SEC23A,423,0.0056
IFNLR1,423,0.0056
URI1,423,0.0056
MALT1,423,0.0056
CCDC38,423,0.0056
CCNT2,423,0.0056
SYTL5,423,0.0056
TMEM62,423,0.0056
GALNT16,423,0.0056
B3GALNT2,423,0.0056
SLC43A3,423,0.0056
SERPINA9,423,0.0056
BPIFC,423,0.0056
CCIN,423,0.0056
PEX10,423,0.0056
RPA1,423,0.0056
IFRD2,423,0.0056
RETREG2,423,0.0056
OGA,423,0.0056
GPC2,423,0.0056
OPRM1,423,0.0056
PPM1J,422,0.0055
HSP90AB1,422,0.0055
PALM,422,0.0055
MTNR1B,422,0.0055
ASTE1,422,0.0055
RHCG,422,0.0055
NHLRC1,422,0.0055
TM7SF3,422,0.0055
PRSS1,422,0.0055
ZNF404,422,0.0055
OR2T12,422,0.0055
GLA,422,0.0055
VSIG10,422,0.0055
ETV4,422,0.0055
GPC6,422,0.0055
ARHGEF25,422,0.0055
EPC2,422,0.0055
MAP3K3,422,0.0055
GPR20,422,0.0055
SARM1,422,0.0055
METTL22,422,0.0055
CNOT10,422,0.0055
UNC5CL,422,0.0055
KIF5C,422,0.0055
TMEM121B,422,0.0055
TNFRSF10D,422,0.0055
C16orf46,422,0.0055
SLC2A4,422,0.0055
RABGGTA,421,0.0055
ZFP1,421,0.0055
CDC42EP4,421,0.0055
ALG11,421,0.0055
OR51B6,421,0.0055
SLC6A4,421,0.0055
ZFP30,421,0.0055
AGT,421,0.0055
CPNE1,421,0.0055
PRKCG,421,0.0055
BPIFB1,421,0.0055
NPAS1,421,0.0055
MARCHF6,421,0.0055
ZNF394,421,0.0055
IPP,421,0.0055
RALBP1,421,0.0055
NUP85,420,0.0055
ACOT2,420,0.0055
PLD3,420,0.0055
MMP11,420,0.0055
ZNF354B,420,0.0055
GBP5,420,0.0055
COL26A1,420,0.0055
TRMT5,420,0.0055
EHHADH,420,0.0055
LRRC31,420,0.0055
KIF1A,420,0.0055
GK2,420,0.0055
DDX43,420,0.0055
ACOT12,420,0.0055
SLC17A4,420,0.0055
THAP4,420,0.0055
KRT8,419,0.0055
DDX1,419,0.0055
ZNF529,419,0.0055
IL13RA1,419,0.0055
MEPCE,419,0.0055
GPR37L1,419,0.0055
CDC45,419,0.0055
APBB1IP,419,0.0055
ENOX1,419,0.0055
MTF1,419,0.0055
TMEM82,419,0.0055
CUZD1,419,0.0055
FAM83F,419,0.0055
ALDH5A1,419,0.0055
YBX3,419,0.0055
ZNF195,419,0.0055
ARMC6,418,0.0055
ALX4,418,0.0055
ZNF682,418,0.0055
PRLHR,418,0.0055
MPP3,418,0.0055
GDF10,418,0.0055
UGT3A2,418,0.0055
RANBP9,418,0.0055
CRACR2B,418,0.0055
CREB3L2,418,0.0055
SLC24A5,417,0.0055
CYP8B1,417,0.0055
CA9,417,0.0055
IL18RAP,417,0.0055
TCTE1,417,0.0055
EVX2,417,0.0055
ZNF577,417,0.0055
KIFAP3,417,0.0055
SLC6A2,417,0.0055
NEIL1,417,0.0055
ZNF502,417,0.0055
EIF4B,417,0.0055
NLGN2,417,0.0055
MIEF2,417,0.0055
WIPF2,417,0.0055
HTR5A,417,0.0055
CNNM2,417,0.0055
ASTN1,417,0.0055
CCDC174,417,0.0055
ATP6V1B1,417,0.0055
SMAD9,417,0.0055
SERPINB4,417,0.0055
DIAPH2,416,0.0055
COIL,416,0.0055
GRHL1,416,0.0055
MYH14,416,0.0055
OR13A1,416,0.0055
PFKL,416,0.0055
SLFNL1,416,0.0055
OASL,416,0.0055
PYROXD1,416,0.0055
PPM1E,416,0.0055
IGHV1-2,416,0.0055
ARFGAP3,416,0.0055
SCTR,416,0.0055
H1-5,416,0.0055
NUP58,416,0.0055
C11orf24,416,0.0055
EWSR1,416,0.0055
CBLC,416,0.0055
OR4X1,415,0.0055
CBY2,415,0.0055
LIPG,415,0.0055
SPN,415,0.0055
MKNK2,415,0.0055
CDKN1B,415,0.0055
FRMD8,415,0.0055
ENTREP2,415,0.0055
TINAG,415,0.0055
NEK3,415,0.0055
SIM2,415,0.0055
FRS3,415,0.0055
GABRD,415,0.0055
SERPINA1,415,0.0055
P2RY2,415,0.0055
ESR1,415,0.0055
SIRT1,415,0.0055
SYT12,415,0.0055
UBOX5,414,0.0054
ZNF134,414,0.0054
SYT6,414,0.0054
SPATA6,414,0.0054
TCHP,414,0.0054
FCRL1,414,0.0054
F2RL3,414,0.0054
RETREG3,414,0.0054
PDIA5,414,0.0054
ZNF223,414,0.0054
OR5H1,414,0.0054
TSEN2,414,0.0054
ZFYVE19,414,0.0054
IL20RA,414,0.0054
LRCH1,414,0.0054
TRIML1,414,0.0054
SHC2,413,0.0054
ZNF143,413,0.0054
STAT3,413,0.0054
ANAPC4,413,0.0054
ERV3-1,413,0.0054
TRIM3,413,0.0054
ZNF19,413,0.0054
ARHGAP19,413,0.0054
SLC23A3,413,0.0054
AVPR1A,413,0.0054
IFI44L,413,0.0054
DELE1,413,0.0054
STAM,413,0.0054
KRT12,413,0.0054
TSSK1B,412,0.0054
FAM114A1,412,0.0054
P2RX2,412,0.0054
NOXA1,412,0.0054
GRAMD4,412,0.0054
ABCD2,412,0.0054
CYP2U1,412,0.0054
DAPK3,412,0.0054
C4BPA,412,0.0054
HROB,412,0.0054
CFAP53,412,0.0054
PLEKHO2,412,0.0054
RELA,412,0.0054
FRMD3,412,0.0054
IP6K3,412,0.0054
USP48,412,0.0054
MMP8,411,0.0054
VANGL2,411,0.0054
SLC18A2,411,0.0054
XKR9,411,0.0054
DALRD3,411,0.0054
ZFP2,411,0.0054
SOHLH1,411,0.0054
ZNF461,411,0.0054
TAOK1,411,0.0054
ZNF430,411,0.0054
SP5,411,0.0054
PGBD4,411,0.0054
VIPR2,411,0.0054
WSCD2,411,0.0054
GRB10,411,0.0054
NOMO3,411,0.0054
ALDH7A1,411,0.0054
PRPH,411,0.0054
SAMD4B,411,0.0054
SLC2A3,411,0.0054
OR4N2,411,0.0054
HTR3C,411,0.0054
CDK15,411,0.0054
LRRC8C,411,0.0054
SLC25A41,411,0.0054
DDX18,411,0.0054
NOL10,411,0.0054
MAN1A1,410,0.0054
STARD3,410,0.0054
GRHL2,410,0.0054
PUS7,410,0.0054
KLHL22,410,0.0054
TAF1B,410,0.0054
TRIM69,410,0.0054
ZBP1,410,0.0054
PARG,410,0.0054
TRIM10,410,0.0054
CYP19A1,410,0.0054
CERK,410,0.0054
DCAF11,410,0.0054
NUB1,410,0.0054
OR2T33,410,0.0054
CDC6,410,0.0054
ZNF212,410,0.0054
ATP2C1,409,0.0054
ACTR8,409,0.0054
SLC36A3,409,0.0054
NAA25,409,0.0054
DDX52,409,0.0054
ZNF568,409,0.0054
NKD1,409,0.0054
TESPA1,409,0.0054
L2HGDH,409,0.0054
CALCR,409,0.0054
ASIC5,409,0.0054
SERPINA3,409,0.0054
SLC2A2,409,0.0054
TNIP2,409,0.0054
TMEM79,409,0.0054
IL1R2,409,0.0054
SPON2,409,0.0054
SIGLEC9,409,0.0054
HSPA9,409,0.0054
CRNN,409,0.0054
NFIC,409,0.0054
ZNF776,408,0.0054
TRAF3IP3,408,0.0054
ACSL3,408,0.0054
PROKR1,408,0.0054
SOAT1,408,0.0054
ZNF480,408,0.0054
COLGALT2,408,0.0054
ZNF248,408,0.0054
SOX17,408,0.0054
TOX,408,0.0054
ZUP1,408,0.0054
ATOSB,408,0.0054
EPOR,408,0.0054
OR2M5,408,0.0054
SSTR3,408,0.0054
AIPL1,408,0.0054
ENDOD1,408,0.0054
DRC3,408,0.0054
CDKL3,408,0.0054
OR4M1,408,0.0054
ARHGAP6,407,0.0053
ERI2,407,0.0053
BIRC2,407,0.0053
SELPLG,407,0.0053
DNM1L,407,0.0053
SNTG1,407,0.0053
SLC2A5,407,0.0053
TRIM5,407,0.0053
AVL9,407,0.0053
KASH5,407,0.0053
FPGS,407,0.0053
PAX8,407,0.0053
LMOD1,407,0.0053
ZNF597,407,0.0053
NCLN,407,0.0053
KRT19,407,0.0053
MTMR2,407,0.0053
NCBP3,407,0.0053
ZNF230,407,0.0053
SNX27,406,0.0053
NCF2,406,0.0053
RINL,406,0.0053
TEDC2,406,0.0053
OR6K2,406,0.0053
ZNF785,406,0.0053
THUMPD2,406,0.0053
CCDC61,406,0.0053
LHX3,406,0.0053
FSD1,406,0.0053
POU4F2,406,0.0053
NMUR2,406,0.0053
CCDC77,406,0.0053
CROT,406,0.0053
NSRP1,406,0.0053
STK33,406,0.0053
PDE4B,406,0.0053
TRABD2A,406,0.0053
VWA1,406,0.0053
HYCC1,406,0.0053
SURF6,406,0.0053
F2,406,0.0053
OCSTAMP,406,0.0053
PPP2R1B,406,0.0053
DCAF15,405,0.0053
KCNS1,405,0.0053
WDR1,405,0.0053
OR10H5,405,0.0053
KLF10,405,0.0053
HOMEZ,405,0.0053
ZACN,405,0.0053
ANGPT4,405,0.0053
TAB1,405,0.0053
CIMAP2,405,0.0053
GBP2,405,0.0053
OR5H15,405,0.0053
PRR30,405,0.0053
SMC3,405,0.0053
GIN1,405,0.0053
TRIM22,405,0.0053
USP15,405,0.0053
SLC25A47,405,0.0053
WRAP73,405,0.0053
CD5,404,0.0053
SMOX,404,0.0053
MYBL1,404,0.0053
ZNF610,404,0.0053
TBC1D10A,404,0.0053
POLL,404,0.0053
GSR,404,0.0053
OR51M1,404,0.0053
OCRL,404,0.0053
PLBD1,404,0.0053
LINGO1,404,0.0053
SLC17A5,404,0.0053
ANKRD33,404,0.0053
LMBR1L,404,0.0053
KIAA0513,404,0.0053
FOXB2,404,0.0053
OR52K2,404,0.0053
FBXW9,403,0.0053
ALG10B,403,0.0053
GPR176,403,0.0053
BOP1,403,0.0053
APOL1,403,0.0053
CHRM3,403,0.0053
GAL3ST3,403,0.0053
MIIP,403,0.0053
RCSD1,403,0.0053
SLC46A1,403,0.0053
PANX2,403,0.0053
ASB15,403,0.0053
FKBP9,403,0.0053
BAG4,403,0.0053
CSDE1,403,0.0053
LINGO3,403,0.0053
GPR161,403,0.0053
NKX3-2,403,0.0053
RPAP2,403,0.0053
TAS2R30,403,0.0053
ADA2,403,0.0053
BAIAP2L2,402,0.0053
NCOA4,402,0.0053
CYP2J2,402,0.0053
PANX1,402,0.0053
PCCB,402,0.0053
ANTXR1,402,0.0053
SLC25A22,402,0.0053
GCGR,402,0.0053
SLC38A6,402,0.0053
PLS1,402,0.0053
TNFAIP2,402,0.0053
GPRC5C,402,0.0053
CRAT,402,0.0053
FOXO1,402,0.0053
TENT4A,402,0.0053
ZSCAN21,402,0.0053
ZNF154,401,0.0053
WLS,401,0.0053
DOK1,401,0.0053
ALDH4A1,401,0.0053
BCL2L13,401,0.0053
MESP2,401,0.0053
RPUSD1,401,0.0053
ZNF695,401,0.0053
GTF3C3,401,0.0053
CORO1B,401,0.0053
STAC2,401,0.0053
ZNF709,401,0.0053
DARS2,401,0.0053
CDYL2,401,0.0053
RNF25,401,0.0053
MRGPRX3,401,0.0053
PIGB,401,0.0053
POLR1G,401,0.0053
EHD2,401,0.0053
OR5P2,401,0.0053
SIL1,401,0.0053
ABLIM2,401,0.0053
ZNF680,401,0.0053
ACP4,401,0.0053
MEX3C,401,0.0053
OR1I1,401,0.0053
DGKE,401,0.0053
SERPINA4,400,0.0053
HJV,400,0.0053
CCM2L,400,0.0053
USP26,400,0.0053
TNFRSF19,400,0.0053
OR2T3,400,0.0053
SYT10,400,0.0053
OR4C6,400,0.0053
AMN,400,0.0053
TBC1D10C,400,0.0053
ITGBL1,400,0.0053
ZNF582,400,0.0053
SP2,400,0.0053
LETM2,400,0.0053
VNN2,400,0.0053
FAM227B,400,0.0053
ZNF416,400,0.0053
C14orf39,400,0.0053
POLDIP3,400,0.0053
DHX9,400,0.0053
ILVBL,400,0.0053
IL3RA,400,0.0053
KRTAP10-9,400,0.0053
GOLGA6A,400,0.0053
THOC5,399,0.0052
SLC23A1,399,0.0052
FAM169A,399,0.0052
PTPN18,399,0.0052
ZDHHC13,399,0.0052
DEF6,399,0.0052
PLOD2,399,0.0052
NBPF19,399,0.0052
CDC20B,399,0.0052
PYHIN1,399,0.0052
PSIP1,398,0.0052
SLC7A9,398,0.0052
OR51I1,398,0.0052
RGMA,398,0.0052
VNN1,398,0.0052
NECTIN2,398,0.0052
CNBD1,398,0.0052
PXK,398,0.0052
KCTD3,398,0.0052
FARSB,398,0.0052
CES4A,398,0.0052
GHDC,398,0.0052
RANBP10,398,0.0052
GLMN,398,0.0052
PATZ1,398,0.0052
BRSK1,398,0.0052
CANT1,398,0.0052
ZKSCAN8,398,0.0052
LIMS2,398,0.0052
FBXO24,398,0.0052
PLXDC2,397,0.0052
MBD1,397,0.0052
NDRG1,397,0.0052
ZFP91,397,0.0052
TBX21,397,0.0052
GALNT7,397,0.0052
DAAM1,397,0.0052
CORO2A,397,0.0052
PICALM,397,0.0052
KIF25,397,0.0052
HCAR3,397,0.0052
MGAT4B,397,0.0052
VTN,397,0.0052
CYP4Z1,397,0.0052
TMEM143,397,0.0052
OR9G1,396,0.0052
CYP2S1,396,0.0052
TIGD5,396,0.0052
TAF5,396,0.0052
DTX1,396,0.0052
PNMA8A,396,0.0052
CGAS,396,0.0052
ZSCAN25,396,0.0052
CHIT1,396,0.0052
TCN1,396,0.0052
SLC16A7,396,0.0052
SPNS1,395,0.0052
ALG12,395,0.0052
ZSCAN22,395,0.0052
GPRC5A,395,0.0052
KBTBD3,395,0.0052
SLC29A2,395,0.0052
CHRNA9,395,0.0052
RAD18,395,0.0052
OR4S1,395,0.0052
FMO1,395,0.0052
TRIM17,395,0.0052
PP2D1,395,0.0052
CYP3A7,395,0.0052
ENTHD1,395,0.0052
USP21,394,0.0052
OCLN,394,0.0052
SLC40A1,394,0.0052
ADRB3,394,0.0052
TXLNA,394,0.0052
STAG2,394,0.0052
KCNN1,394,0.0052
LCTL,394,0.0052
CDK5RAP3,394,0.0052
XPO7,394,0.0052
KCNA1,394,0.0052
TSTD2,394,0.0052
PPP1R36,394,0.0052
KRT25,394,0.0052
NOMO2,393,0.0052
CPA6,393,0.0052
SERINC3,393,0.0052
MATN3,393,0.0052
G2E3,393,0.0052
GPR137B,393,0.0052
OSBPL11,393,0.0052
DPY19L3,393,0.0052
SGO1,393,0.0052
LEO1,393,0.0052
MSTO1,393,0.0052
AGPAT5,393,0.0052
TMEM63B,393,0.0052
ASB3,393,0.0052
GPATCH2,393,0.0052
ADAD1,393,0.0052
RAB11FIP4,393,0.0052
FTO,393,0.0052
CHRNA1,393,0.0052
PHF1,393,0.0052
BRF2,393,0.0052
METTL25B,393,0.0052
HAPLN3,393,0.0052
TIPARP,393,0.0052
SP7,393,0.0052
CAPN8,392,0.0051
CLPX,392,0.0051
GPBP1L1,392,0.0051
ZNF490,392,0.0051
KLF17,392,0.0051
EHD4,392,0.0051
C18orf63,392,0.0051
MPP7,392,0.0051
TNFRSF13B,392,0.0051
ZNF319,392,0.0051
DYRK2,392,0.0051
FAM149B1,392,0.0051
SLC9B2,392,0.0051
KCNG2,392,0.0051
TXNDC5,392,0.0051
B3GNT8,392,0.0051
FERMT3,392,0.0051
SGSM1,392,0.0051
LMAN1L,392,0.0051
SOX4,392,0.0051
ESAM,392,0.0051
SLC10A1,392,0.0051
EBF4,392,0.0051
IFI44,392,0.0051
ZNF563,391,0.0051
ACRBP,391,0.0051
SYVN1,391,0.0051
FBXL5,391,0.0051
KRT23,391,0.0051
SLC8A2,391,0.0051
ZFP69,391,0.0051
NDE1,391,0.0051
CYP2C18,391,0.0051
ZNF239,391,0.0051
NEUROD1,391,0.0051
FZD7,391,0.0051
U2SURP,391,0.0051
TMTC3,391,0.0051
NSMF,391,0.0051
GRK5,390,0.0051
CLINT1,390,0.0051
FUCA1,390,0.0051
PTGDR,390,0.0051
NR1D2,390,0.0051
TAAR5,390,0.0051
ZNF213,390,0.0051
TAS2R43,390,0.0051
SETD6,390,0.0051
SNX31,390,0.0051
TCF12,390,0.0051
DCSTAMP,390,0.0051
OR2W3,390,0.0051
KMT5C,390,0.0051
LIPI,390,0.0051
OR6S1,390,0.0051
GABRR3,390,0.0051
MUC7,390,0.0051
OR4K1,389,0.0051
RMC1,389,0.0051
TRIM7,389,0.0051
TNFRSF1A,389,0.0051
OR5H14,389,0.0051
GPR50,389,0.0051
SEL1L,389,0.0051
TAAR6,389,0.0051
CMTR1,389,0.0051
FAM83A,389,0.0051
GFI1,389,0.0051
C9orf43,389,0.0051
FERMT2,389,0.0051
PTK6,389,0.0051
ZNF320,389,0.0051
EOMES,389,0.0051
KCNA4,389,0.0051
PRCC,389,0.0051
MFSD4B,388,0.0051
PUS1,388,0.0051
PRODH,388,0.0051
P4HB,388,0.0051
ZC3H12A,388,0.0051
CCDC82,388,0.0051
ZNF350,388,0.0051
ABCG4,388,0.0051
RSPH10B2,388,0.0051
IGSF5,388,0.0051
FHOD3,388,0.0051
PLEKHO1,388,0.0051
TMEM102,388,0.0051
WDR70,388,0.0051
PREP,388,0.0051
ZBED5,388,0.0051
CRLF1,387,0.0051
SIGLEC6,387,0.0051
TBCCD1,387,0.0051
NT5E,387,0.0051
OR13C5,387,0.0051
CHST15,387,0.0051
GABBR1,387,0.0051
KCNN3,387,0.0051
TIGD6,387,0.0051
FZD3,387,0.0051
GUCY1A2,387,0.0051
MMP21,387,0.0051
POLE2,387,0.0051
MEGF9,387,0.0051
MOK,387,0.0051
ELL2,387,0.0051
OLFM4,387,0.0051
ISLR,387,0.0051
NEURL1,387,0.0051
STRADA,387,0.0051
TC2N,387,0.0051
NCDN,387,0.0051
NAA15,387,0.0051
AP3B2,386,0.0051
CYP3A4,386,0.0051
TGFB1I1,386,0.0051
PHKG1,386,0.0051
TRMT61B,386,0.0051
DCP1A,386,0.0051
GRWD1,386,0.0051
TOM1L2,386,0.0051
EFR3B,386,0.0051
CXXC1,386,0.0051
DIPK1C,386,0.0051
NPIPA5,386,0.0051
C8orf58,386,0.0051
ELK3,386,0.0051
DNAAF11,386,0.0051
ZNF70,385,0.0051
BCO2,385,0.0051
SERPINI1,385,0.0051
NOL4,385,0.0051
ABCD3,385,0.0051
RNF44,385,0.0051
TRIM15,385,0.0051
GOLGA6L4,385,0.0051
LAMP1,385,0.0051
KLHL14,385,0.0051
SNAI3,385,0.0051
NDUFS1,385,0.0051
ZNF655,385,0.0051
CDKN2A,384,0.005
AKAP10,384,0.005
DNAAF4,384,0.005
MARVELD3,384,0.005
TACR3,384,0.005
PPM1D,384,0.005
KIAA1328,384,0.005
ELMO1,384,0.005
TRAF2,384,0.005
COP1,384,0.005
OR10G7,384,0.005
SHE,384,0.005
ASTL,384,0.005
MBD4,384,0.005
FAF1,384,0.005
TNFRSF10B,384,0.005
LRRTM1,384,0.005
TMEM87B,384,0.005
TRIM68,384,0.005
PPP1R9B,384,0.005
LMBRD2,384,0.005
RHD,383,0.005
GPCPD1,383,0.005
ZNF184,383,0.005
BFSP2,383,0.005
TTC24,383,0.005
HMGXB4,383,0.005
CLDN23,383,0.005
ALG6,383,0.005
ZNF550,383,0.005
SLC1A5,383,0.005
GHSR,383,0.005
RANBP3,383,0.005
IKZF4,383,0.005
RORC,383,0.005
ZNF296,383,0.005
APBB3,383,0.005
CALHM1,383,0.005
IL5RA,383,0.005
SLC33A1,383,0.005
BCL6B,383,0.005
SMTNL2,383,0.005
SPAG8,383,0.005
KIF3B,383,0.005
ZNF395,383,0.005
ENPP5,383,0.005
BACE2,382,0.005
OR2G6,382,0.005
EFCAB7,382,0.005
USP7,382,0.005
ZNF286A,382,0.005
FFAR3,382,0.005
NSUN5,382,0.005
SNX18,382,0.005
SPDYE5,382,0.005
OR51G1,382,0.005
OR10G2,382,0.005
OR10A6,382,0.005
WDR18,382,0.005
ELF2,382,0.005
DDX4,382,0.005
GRK2,382,0.005
FUT6,382,0.005
GFPT2,382,0.005
NOTUM,382,0.005
SNX9,382,0.005
FZD8,382,0.005
MCOLN3,381,0.005
PAPOLG,381,0.005
OR10G9,381,0.005
RNF217,381,0.005
TM9SF1,381,0.005
KDF1,381,0.005
C12orf42,381,0.005
FBXO47,381,0.005
PEX19,381,0.005
OR2M2,381,0.005
RSAD1,381,0.005
ENTPD6,381,0.005
MTMR6,381,0.005
ESRP1,381,0.005
SMYD1,381,0.005
RNF139,381,0.005
TSPAN32,381,0.005
JPH4,381,0.005
GFI1B,381,0.005
ZNF766,381,0.005
CLK2,381,0.005
HS1BP3,381,0.005
SLC36A4,381,0.005
VPS52,381,0.005
POU4F3,381,0.005
SIGIRR,381,0.005
TLE4,381,0.005
FAM114A2,381,0.005
ZNF287,381,0.005
MFSD1,381,0.005
TACR2,381,0.005
OR10G8,381,0.005
ZC2HC1C,381,0.005
OR2T34,380,0.005
FOXJ1,380,0.005
OR4K2,380,0.005
GTF2IRD2B,380,0.005
CYP39A1,380,0.005
FBXO39,380,0.005
ZNHIT2,380,0.005
PROZ,380,0.005
KRT20,380,0.005
NPFFR1,380,0.005
TMEM145,380,0.005
TM7SF2,380,0.005
GJA3,380,0.005
ZMYM3,380,0.005
NARS1,380,0.005
OR2T8,380,0.005
ZNF141,380,0.005
SLC16A12,380,0.005
PUS10,380,0.005
SERPINH1,380,0.005
YJU2B,380,0.005
FUBP3,380,0.005
PEAK3,380,0.005
OR4N4,380,0.005
PEX14,380,0.005
TPTE2,380,0.005
UBAC1,380,0.005
COQ6,380,0.005
YTHDF1,379,0.005
LRRC14,379,0.005
TRIB3,379,0.005
ARHGAP26,379,0.005
GABRR2,379,0.005
LMAN1,379,0.005
LRRC47,379,0.005
ZNF483,379,0.005
MORC4,379,0.005
B3GNT6,379,0.005
LRRC8B,379,0.005
TXNIP,379,0.005
OR5K3,379,0.005
CANX,379,0.005
ZBTB16,379,0.005
NR1H2,379,0.005
ZNF727,379,0.005
SLC5A3,379,0.005
EIF2AK2,379,0.005
MRGPRX1,379,0.005
OR52E6,379,0.005
SNX17,379,0.005
DGKA,379,0.005
ANKRD33B,379,0.005
SLC18B1,379,0.005
FUT10,379,0.005
CHST8,379,0.005
SNRK,379,0.005
IRAK4,379,0.005
LRRC8D,378,0.005
GSDMA,378,0.005
MGAT5,378,0.005
PRDM10,378,0.005
NLE1,378,0.005
TAPBPL,378,0.005
SLC38A9,378,0.005
ALCAM,378,0.005
SLC38A7,378,0.005
MATK,378,0.005
SNX1,378,0.005
EDNRB,378,0.005
OR1M1,378,0.005
DPEP1,378,0.005
JAKMIP2,378,0.005
CEACAM1,378,0.005
ZNF878,378,0.005
ADAMDEC1,377,0.005
CLNK,377,0.005
ZNF707,377,0.005
OR4B1,377,0.005
SNX32,377,0.005
PPP2R5D,377,0.005
FAAH2,377,0.005
MAMLD1,377,0.005
APOBEC3F,377,0.005
ZKSCAN4,377,0.005
SLC17A6,377,0.005
AKT1,377,0.005
ZNF136,377,0.005
ZNF20,377,0.005
PROC,377,0.005
ARID3B,377,0.005
VPS37A,377,0.005
STAU2,377,0.005
PHGDH,376,0.0049
KCND2,376,0.0049
SESTD1,376,0.0049
ADRA1B,376,0.0049
NARS2,376,0.0049
MFSD14B,376,0.0049
SLC5A12,376,0.0049
THNSL2,376,0.0049
KANSL3,376,0.0049
ZNF823,376,0.0049
ZNF567,376,0.0049
VRK3,376,0.0049
NR4A2,376,0.0049
IGKV1-5,376,0.0049
CPN1,376,0.0049
RCOR2,376,0.0049
IRX3,376,0.0049
OR51D1,376,0.0049
MC4R,376,0.0049
SF3B3,376,0.0049
KAT2A,376,0.0049
CHRM5,376,0.0049
ANTXR2,376,0.0049
NXPE3,376,0.0049
CAT,376,0.0049
FAM200B,376,0.0049
HS3ST3B1,376,0.0049
GPT,376,0.0049
PACSIN3,376,0.0049
GRIPAP1,376,0.0049
CABLES1,376,0.0049
MIPOL1,376,0.0049
IGHV1-69,375,0.0049
RHOBTB3,375,0.0049
PLXDC1,375,0.0049
ZNF683,375,0.0049
ZNF692,375,0.0049
HCAR2,375,0.0049
ANKRD34B,375,0.0049
SPATS2,375,0.0049
FBXO15,375,0.0049
LCP1,375,0.0049
IHO1,375,0.0049
HYAL1,375,0.0049
SLC35G3,375,0.0049
KRTAP10-11,375,0.0049
AFP,375,0.0049
AJAP1,375,0.0049
PHKG2,375,0.0049
BAIAP2L1,375,0.0049
SLC41A3,375,0.0049
OR8H3,375,0.0049
IHH,375,0.0049
FOXN2,375,0.0049
NUCB1,375,0.0049
SFTPB,375,0.0049
FZD5,374,0.0049
ZC3HC1,374,0.0049
TAAR9,374,0.0049
HAL,374,0.0049
ZBTB32,374,0.0049
TTYH1,374,0.0049
DUS1L,374,0.0049
OR51E2,374,0.0049
BTN3A1,374,0.0049
PSEN1,374,0.0049
SNAPC3,374,0.0049
SOCS6,374,0.0049
SUPT16H,374,0.0049
STYK1,374,0.0049
C14orf93,374,0.0049
AGFG2,374,0.0049
SLC35A5,374,0.0049
ZPLD1,374,0.0049
CYP2R1,373,0.0049
OMA1,373,0.0049
SRFBP1,373,0.0049
TMEM237,373,0.0049
ZNF763,373,0.0049
TMEM255B,373,0.0049
PPIL2,373,0.0049
TCP11L2,373,0.0049
SMC1A,373,0.0049
ATIC,373,0.0049
MRGPRE,373,0.0049
FAM227A,373,0.0049
OR8H2,373,0.0049
FLRT3,373,0.0049
SIRPG,373,0.0049
ZNF345,373,0.0049
BCAS3,373,0.0049
NR2C1,373,0.0049
SRGAP2,372,0.0049
CCDC125,372,0.0049
TGOLN2,372,0.0049
KLHL23,372,0.0049
PSMD2,372,0.0049
ETV3L,372,0.0049
BIRC3,372,0.0049
MUC13,372,0.0049
CCT8L2,372,0.0049
ZNF488,372,0.0049
PNLIPRP3,372,0.0049
GRK3,372,0.0049
OR51A4,372,0.0049
CBX8,372,0.0049
MXRA8,372,0.0049
GATAD2A,372,0.0049
CSRNP3,372,0.0049
DEPDC1B,372,0.0049
IL17RB,372,0.0049
HEXD,372,0.0049
BTBD9,372,0.0049
CDC14A,371,0.0049
FAM124B,371,0.0049
PAPSS1,371,0.0049
ARHGAP42,371,0.0049
STXBP4,371,0.0049
KHDC4,371,0.0049
LRRC4B,371,0.0049
CSNK2A3,371,0.0049
SLC1A4,371,0.0049
D2HGDH,371,0.0049
OR2Z1,371,0.0049
TPBG,371,0.0049
AGO4,371,0.0049
ARHGAP15,371,0.0049
CLK1,371,0.0049
CNKSR2,371,0.0049
OGG1,371,0.0049
OR6C4,371,0.0049
KCNK18,371,0.0049
PHF24,370,0.0049
DDX59,370,0.0049
TESMIN,370,0.0049
LIN54,370,0.0049
CACNB1,370,0.0049
NEU2,370,0.0049
PDE12,370,0.0049
ZNF652,370,0.0049
PCOLCE,370,0.0049
OR51I2,370,0.0049
CPNE5,370,0.0049
STXBP1,370,0.0049
TBR1,370,0.0049
HTR1D,370,0.0049
CTSD,370,0.0049
CHRNB4,369,0.0048
HRH1,369,0.0048
ERVFRD-1,369,0.0048
IFT57,369,0.0048
RPGR,369,0.0048
HS3ST3A1,369,0.0048
CSPG5,369,0.0048
PKLR,369,0.0048
TRIM49,369,0.0048
TXNRD1,369,0.0048
OPN1SW,369,0.0048
FOXI1,369,0.0048
TBXA2R,369,0.0048
CDK10,369,0.0048
EPC1,369,0.0048
ETV1,369,0.0048
ZNF326,369,0.0048
SLC7A11,369,0.0048
ZIK1,369,0.0048
EPM2AIP1,369,0.0048
LGI1,369,0.0048
ST7L,369,0.0048
TAF1C,369,0.0048
SCARB2,369,0.0048
PIAS2,369,0.0048
KLHL9,368,0.0048
PTOV1,368,0.0048
PHC2,368,0.0048
SPATS2L,368,0.0048
ZNF10,368,0.0048
GJA9,368,0.0048
CTSC,368,0.0048
CPNE2,368,0.0048
APLF,368,0.0048
PI4KB,368,0.0048
FOLH1,368,0.0048
PRPF38B,368,0.0048
HTR3B,368,0.0048
TRAF3,368,0.0048
BRAP,368,0.0048
HPX,368,0.0048
PRAMEF6,368,0.0048
ZNF883,368,0.0048
FBXO33,368,0.0048
CHAF1B,367,0.0048
BEND2,367,0.0048
ABHD8,367,0.0048
SUPT20HL2,367,0.0048
ZNF253,367,0.0048
BYSL,367,0.0048
GNL1,367,0.0048
SPRED2,367,0.0048
GALNT10,367,0.0048
PM20D1,367,0.0048
PROX1,367,0.0048
TECRL,367,0.0048
PIAS4,367,0.0048
DNASE1,367,0.0048
ANKRD13A,367,0.0048
GPR151,367,0.0048
NIM1K,367,0.0048
ACTL9,367,0.0048
DLK1,367,0.0048
RLBP1,366,0.0048
UBASH3B,366,0.0048
OR51G2,366,0.0048
BMP4,366,0.0048
MANEA,366,0.0048
SNX21,366,0.0048
CD1B,366,0.0048
PATL2,366,0.0048
DUSP8,366,0.0048
ZNF627,366,0.0048
BMP3,366,0.0048
GFY,366,0.0048
ERCC8,366,0.0048
FAAH,366,0.0048
GABRB2,366,0.0048
ATOH8,366,0.0048
OR5D16,366,0.0048
EFEMP1,366,0.0048
EIF2D,366,0.0048
OTOL1,366,0.0048
BEND4,366,0.0048
CAVIN2,366,0.0048
GRIA2,366,0.0048
LRRTM4,366,0.0048
SLC7A5,366,0.0048
STING1,366,0.0048
HEMGN,365,0.0048
TBC1D5,365,0.0048
G6PC1,365,0.0048
ARFGAP1,365,0.0048
CPA3,365,0.0048
ARX,365,0.0048
POLR2M,365,0.0048
ZSCAN30,365,0.0048
THUMPD3,365,0.0048
OR52I1,365,0.0048
PLA1A,365,0.0048
HMGCR,365,0.0048
GRSF1,365,0.0048
GABRR1,365,0.0048
MYNN,365,0.0048
KCNS3,365,0.0048
SERPINF2,365,0.0048
SERPINB2,365,0.0048
OR5AS1,365,0.0048
PLA2G7,365,0.0048
SRSF4,364,0.0048
HAUS8,364,0.0048
USP17L10,364,0.0048
KRTAP10-1,364,0.0048
PCED1A,364,0.0048
PRMT3,364,0.0048
AMIGO2,364,0.0048
EGR1,364,0.0048
NPIPB6,364,0.0048
NECTIN4,364,0.0048
CCN4,364,0.0048
UGT2B17,364,0.0048
SLC29A1,364,0.0048
DCAF17,364,0.0048
OR10X1,364,0.0048
PKD2L2,364,0.0048
ULK3,364,0.0048
ZNF791,363,0.0048
SYNC,363,0.0048
GLP1R,363,0.0048
NAPSA,363,0.0048
TFG,363,0.0048
TP53I13,363,0.0048
SRL,363,0.0048
ARMH3,363,0.0048
SLC41A1,363,0.0048
SLC35C1,363,0.0048
FAM200C,363,0.0048
IBA57,363,0.0048
PPM1H,363,0.0048
TBX10,363,0.0048
SMG9,363,0.0048
OR5M9,363,0.0048
TRIM21,363,0.0048
GNL3L,363,0.0048
YARS2,363,0.0048
ACTL7B,363,0.0048
RNF220,363,0.0048
KLF15,363,0.0048
TRIM58,363,0.0048
LOXL1,363,0.0048
SPOCK2,362,0.0048
NTSR2,362,0.0048
MFGE8,362,0.0048
SOX10,362,0.0048
C2CD4C,362,0.0048
ACSF2,362,0.0048
SHOC2,362,0.0048
REXO4,362,0.0048
PLK1,362,0.0048
UCP3,362,0.0048
RADX,362,0.0048
TRIT1,362,0.0048
GPR157,362,0.0048
SYNE4,362,0.0048
GBA1,362,0.0048
CCDC181,362,0.0048
CRHR2,362,0.0048
GPR150,362,0.0048
LMX1B,362,0.0048
TEX44,362,0.0048
PSTPIP1,361,0.0047
ENO3,361,0.0047
ZNF689,361,0.0047
OR51S1,361,0.0047
APOL5,361,0.0047
FEZF1,361,0.0047
FOXG1,361,0.0047
SMPDL3B,361,0.0047
ZC3H12D,361,0.0047
SERPINB3,361,0.0047
ZIC4,361,0.0047
SLC16A1,361,0.0047
ETV6,361,0.0047
PSMD5,361,0.0047
NIPAL3,361,0.0047
SAG,361,0.0047
VIM,361,0.0047
PRSS54,360,0.0047
SLC16A9,360,0.0047
PGBD5,360,0.0047
TAS2R31,360,0.0047
NXPE2,360,0.0047
OR2T35,360,0.0047
EOGT,360,0.0047
FAM13C,360,0.0047
GABRQ,360,0.0047
TGFB3,360,0.0047
RFX3,360,0.0047
LHX4,360,0.0047
OR5AK2,360,0.0047
TKFC,360,0.0047
ATOH1,360,0.0047
GCNA,360,0.0047
SIGLEC7,360,0.0047
NALF1,360,0.0047
ATP6V0A1,360,0.0047
NECTIN3,360,0.0047
ZNF2,360,0.0047
SYT13,360,0.0047
GPR35,359,0.0047
TFAP2E,359,0.0047
FAM171A2,359,0.0047
GCNT3,359,0.0047
OR51B5,359,0.0047
ARHGEF3,359,0.0047
MAGEC3,359,0.0047
ZXDB,359,0.0047
HMGCS2,359,0.0047
HCAR1,359,0.0047
OR5L2,359,0.0047
CYP3A43,359,0.0047
TMCO6,359,0.0047
GALR2,359,0.0047
LIAT1,359,0.0047
KDM5D,359,0.0047
DPH7,359,0.0047
AHSG,359,0.0047
OR10G4,359,0.0047
PTCHD1,359,0.0047
TMPRSS3,359,0.0047
AARSD1,358,0.0047
SLC17A9,358,0.0047
TRIM72,358,0.0047
PAX3,358,0.0047
PEX26,358,0.0047
ASAH2,358,0.0047
C1RL,358,0.0047
HTR1A,358,0.0047
CHM,358,0.0047
FCHO2,358,0.0047
HEPACAM2,358,0.0047
HDX,358,0.0047
ACHE,358,0.0047
ZNF562,358,0.0047
TSSC4,358,0.0047
MCHR1,358,0.0047
CD4,358,0.0047
OR52B2,358,0.0047
PNLIPRP1,358,0.0047
FAM53B,358,0.0047
OR4L1,358,0.0047
SOWAHC,358,0.0047
EFCAB14,358,0.0047
ITGB1,358,0.0047
ENTPD1,358,0.0047
GRIA3,358,0.0047
NPSR1,358,0.0047
PDCD4,358,0.0047
OR6Y1,358,0.0047
CDC25C,357,0.0047
SDE2,357,0.0047
GALK2,357,0.0047
IGFLR1,357,0.0047
RMDN3,357,0.0047
ZSCAN12,357,0.0047
MAP3K7,357,0.0047
SHTN1,357,0.0047
CSGALNACT2,357,0.0047
FCRLB,357,0.0047
NPBWR1,357,0.0047
RGMB,357,0.0047
APLNR,357,0.0047
ZFYVE27,357,0.0047
ONECUT1,357,0.0047
ARID3C,357,0.0047
UHRF2,357,0.0047
GTPBP1,357,0.0047
OR3A1,357,0.0047
CEP55,357,0.0047
UTS2R,357,0.0047
EVI2B,356,0.0047
AGER,356,0.0047
ZSCAN1,356,0.0047
POU5F1B,356,0.0047
KBTBD6,356,0.0047
PLD5,356,0.0047
VSX2,356,0.0047
PRORP,356,0.0047
QRICH1,356,0.0047
FBLIM1,356,0.0047
PGK2,356,0.0047
AKAP4,356,0.0047
POGLUT2,356,0.0047
CABS1,356,0.0047
RIOK3,356,0.0047
KIFBP,356,0.0047
STK40,356,0.0047
SF3A2,356,0.0047
WDR41,356,0.0047
BORA,355,0.0047
ISM1,355,0.0047
MLNR,355,0.0047
RACGAP1,355,0.0047
CTCF,355,0.0047
GSDMB,355,0.0047
PDP2,355,0.0047
GPAT3,355,0.0047
HOOK3,355,0.0047
PRPH2,355,0.0047
OR6C3,355,0.0047
C8orf48,355,0.0047
TOE1,355,0.0047
DNAJC11,355,0.0047
PRR19,355,0.0047
DUOXA2,355,0.0047
OR10P1,355,0.0047
CCR5,355,0.0047
JRK,355,0.0047
ANAPC5,354,0.0047
OR4K17,354,0.0047
CCDC166,354,0.0047
BTBD2,354,0.0047
OR5F1,354,0.0047
SYT17,354,0.0047
SQLE,354,0.0047
OR10Q1,354,0.0047
ZNF768,354,0.0047
ZNF570,354,0.0047
DYNC1LI1,354,0.0047
NTRK2,354,0.0047
CTSF,354,0.0047
STT3B,354,0.0047
PRKCE,354,0.0047
LTV1,354,0.0047
MIEF1,354,0.0047
ALB,354,0.0047
NDC80,354,0.0047
CD1A,354,0.0047
TNK1,354,0.0047
CASQ2,354,0.0047
ERAL1,354,0.0047
RGR,354,0.0047
CRELD1,354,0.0047
SHC3,354,0.0047
TMPRSS4,354,0.0047
IGHV3-7,354,0.0047
DCDC2,354,0.0047
BTBD6,354,0.0047
MICB,354,0.0047
MAGEE2,353,0.0046
NELFA,353,0.0046
SLC6A11,353,0.0046
JSRP1,353,0.0046
ASZ1,353,0.0046
RTN4RL1,353,0.0046
KCNC2,353,0.0046
SAMD3,353,0.0046
FBLN7,353,0.0046
GMEB2,353,0.0046
OR2AG2,353,0.0046
TRIM34,353,0.0046
OR2T11,353,0.0046
OR6C2,353,0.0046
SLC35D3,353,0.0046
SSBP4,353,0.0046
EZHIP,353,0.0046
SOCS5,353,0.0046
CYLC2,353,0.0046
MGAT1,353,0.0046
DPYSL4,352,0.0046
SEPTIN8,352,0.0046
CACNA2D1,352,0.0046
MEIS3,352,0.0046
GPBAR1,352,0.0046
TEKT3,352,0.0046
SLC38A2,352,0.0046
SLC17A1,352,0.0046
SLC46A3,352,0.0046
C16orf89,352,0.0046
CRTAP,352,0.0046
SLC35A4,352,0.0046
ILF3,352,0.0046
MATCAP1,352,0.0046
S1PR3,352,0.0046
GDF2,352,0.0046
ANKRD13B,352,0.0046
ZSCAN4,352,0.0046
OR5D14,352,0.0046
ZNF547,352,0.0046
DNAJC2,352,0.0046
SLC16A6,352,0.0046
OR5K4,352,0.0046
VIPAS39,352,0.0046
RRP9,352,0.0046
METTL17,352,0.0046
TMEM25,352,0.0046
MYEOV,352,0.0046
KCNK13,352,0.0046
PIAS1,352,0.0046
OR10Z1,352,0.0046
SLC37A3,352,0.0046
INSYN2B,351,0.0046
MNX1,351,0.0046
ZNF703,351,0.0046
GRK6,351,0.0046
POLR3C,351,0.0046
ONECUT2,351,0.0046
GPR45,351,0.0046
GJA5,351,0.0046
OR4N5,351,0.0046
TULP3,351,0.0046
ZNF436,351,0.0046
GALNTL5,351,0.0046
UTP6,351,0.0046
OR5M8,351,0.0046
CYLC1,351,0.0046
RUNX1T1,351,0.0046
OSBPL9,351,0.0046
ANGEL2,351,0.0046
DEPTOR,350,0.0046
ZNF514,350,0.0046
ZNF382,350,0.0046
HSD3B1,350,0.0046
ADAM10,350,0.0046
TOM1,350,0.0046
GTF3A,350,0.0046
GFRA2,350,0.0046
DOC2A,350,0.0046
CEP41,350,0.0046
ENO4,350,0.0046
FFAR2,350,0.0046
DENND6B,350,0.0046
LRTM1,350,0.0046
OR6C68,350,0.0046
ANOS1,350,0.0046
ZNF784,350,0.0046
KCTD8,350,0.0046
TFAP2D,350,0.0046
CASQ1,350,0.0046
SH3BP5,350,0.0046
KNOP1,350,0.0046
LPCAT4,350,0.0046
MB21D2,350,0.0046
P3H4,350,0.0046
OR4K5,350,0.0046
CLU,349,0.0046
HOXD3,349,0.0046
OR51F1,349,0.0046
DHCR24,349,0.0046
OR51T1,349,0.0046
EDEM2,349,0.0046
MINPP1,349,0.0046
OR4C11,349,0.0046
HS6ST3,349,0.0046
CUL4A,349,0.0046
ZER1,349,0.0046
SBK2,349,0.0046
ZNHIT6,349,0.0046
APOBEC3B,349,0.0046
LTA4H,349,0.0046
HDAC6,349,0.0046
CWC27,349,0.0046
AP5M1,349,0.0046
GPR148,349,0.0046
MTERF1,349,0.0046
KCTD18,349,0.0046
RIOK2,349,0.0046
BAIAP2,349,0.0046
ZNF622,349,0.0046
DDX23,348,0.0046
FNBP1,348,0.0046
SHARPIN,348,0.0046
TRMT11,348,0.0046
EBF2,348,0.0046
AIFM2,348,0.0046
MKRN2,348,0.0046
EIF2A,348,0.0046
CTSE,348,0.0046
LACTB,348,0.0046
STAP2,348,0.0046
POLA2,348,0.0046
RPS6KA6,348,0.0046
RXYLT1,348,0.0046
PFKFB3,348,0.0046
MEF2D,348,0.0046
VSX1,348,0.0046
TPM1,348,0.0046
TRMT13,348,0.0046
THAP12,348,0.0046
ZNF879,348,0.0046
NPY4R,348,0.0046
CREB5,348,0.0046
LRRTM3,348,0.0046
KCNK6,348,0.0046
PRSS16,348,0.0046
LMCD1,348,0.0046
BDKRB1,348,0.0046
KCNK5,347,0.0046
OR5D13,347,0.0046
ZDHHC14,347,0.0046
HTR7,347,0.0046
CYP51A1,347,0.0046
PNPLA5,347,0.0046
MTHFSD,347,0.0046
POGLUT3,347,0.0046
QRFPR,347,0.0046
XPR1,347,0.0046
ENKD1,347,0.0046
TMEM26,347,0.0046
SLC25A24,347,0.0046
FUBP1,347,0.0046
METTL4,347,0.0046
TMEM87A,347,0.0046
CABLES2,347,0.0046
RFTN2,347,0.0046
TRIM38,347,0.0046
OR52E8,347,0.0046
ODAD4,347,0.0046
SAMD7,347,0.0046
RBFA,346,0.0045
ACVR2B,346,0.0045
PDIA3,346,0.0045
ZNF385D,346,0.0045
PSKH2,346,0.0045
TRIM64B,346,0.0045
SERPINA11,346,0.0045
SPRTN,346,0.0045
BFAR,346,0.0045
LRRC42,346,0.0045
CALR3,346,0.0045
FJX1,346,0.0045
GGNBP2,346,0.0045
S100PBP,346,0.0045
PRPF31,346,0.0045
CRBN,346,0.0045
MASP1,346,0.0045
P2RX5,346,0.0045
ERLEC1,346,0.0045
IQCD,346,0.0045
SLC36A1,346,0.0045
TXK,346,0.0045
PLEKHD1,346,0.0045
TREX1,346,0.0045
TTLL9,346,0.0045
ENPP6,346,0.0045
TMEM39B,346,0.0045
NPIPB2,346,0.0045
TBX19,346,0.0045
PXYLP1,345,0.0045
RNF26,345,0.0045
KLHL18,345,0.0045
PRDM7,345,0.0045
ZMYND10,345,0.0045
TRAF5,345,0.0045
PIGM,345,0.0045
RPH3AL,345,0.0045
SLC1A3,345,0.0045
OR13C2,345,0.0045
SLC2A4RG,345,0.0045
WASHC1,345,0.0045
STK35,345,0.0045
OR10A7,345,0.0045
PTGER2,345,0.0045
IGF2BP3,345,0.0045
SLC6A8,345,0.0045
HYAL4,345,0.0045
TMPRSS5,345,0.0045
CREB3L4,345,0.0045
CBLL1,345,0.0045
MTFMT,345,0.0045
DBT,344,0.0045
SHBG,344,0.0045
KHDRBS2,344,0.0045
TMEM151A,344,0.0045
PRAMEF17,344,0.0045
WDR35,344,0.0045
VRK1,344,0.0045
GPATCH2L,344,0.0045
NPEPPS,344,0.0045
NTNG2,344,0.0045
ATXN10,344,0.0045
SERPINA12,344,0.0045
SLC16A14,344,0.0045
MANSC1,344,0.0045
PUS3,344,0.0045
SERPINA10,344,0.0045
OR6A2,344,0.0045
SLC38A4,344,0.0045
NEK2,343,0.0045
FA2H,343,0.0045
NAGA,343,0.0045
OR52J3,343,0.0045
ZNF18,343,0.0045
NHERF1,343,0.0045
CHRNA3,343,0.0045
SOX11,343,0.0045
ZNF789,343,0.0045
KRTAP10-5,343,0.0045
OR4K15,343,0.0045
SLC30A10,343,0.0045
SNX2,343,0.0045
SATL1,343,0.0045
JADE3,343,0.0045
SH2B2,343,0.0045
WDR20,343,0.0045
ALG10,343,0.0045
SLC35F5,343,0.0045
CHST2,343,0.0045
ABHD12,343,0.0045
REC8,343,0.0045
FPR1,343,0.0045
TTC22,343,0.0045
SMURF2,342,0.0045
BARHL2,342,0.0045
ANGPTL2,342,0.0045
TFB2M,342,0.0045
ZFTA,342,0.0045
C9orf72,342,0.0045
GAL3ST2,342,0.0045
SLC25A29,342,0.0045
PPM1F,342,0.0045
CD209,342,0.0045
INPP5K,342,0.0045
LARP6,342,0.0045
CFAP410,342,0.0045
RAB11FIP2,342,0.0045
GFRA1,342,0.0045
ZNF454,342,0.0045
SH2D7,342,0.0045
CYP4X1,342,0.0045
C8orf34,342,0.0045
CLK3,342,0.0045
GPR182,342,0.0045
OR2L2,342,0.0045
GPR32,342,0.0045
SRPK1,342,0.0045
USP39,342,0.0045
IKZF2,342,0.0045
ELANE,342,0.0045
DCAF6,342,0.0045
OR10H1,341,0.0045
FOXL1,341,0.0045
CDK20,341,0.0045
SPDYE3,341,0.0045
MADCAM1,341,0.0045
FAM193B,341,0.0045
PIP5KL1,341,0.0045
TEKT2,341,0.0045
FOXD4L5,341,0.0045
OR5L1,341,0.0045
F10,341,0.0045
RAD21,341,0.0045
ZNF485,341,0.0045
BSPRY,341,0.0045
MYCN,341,0.0045
GPRC5B,341,0.0045
PRAMEF14,341,0.0045
TRPC1,341,0.0045
RNF38,341,0.0045
OR8U3,341,0.0045
NR1H3,341,0.0045
SCML4,341,0.0045
OR8H1,341,0.0045
OR5M10,341,0.0045
ZNF649,341,0.0045
CCDC89,341,0.0045
TAF5L,341,0.0045
VSIG8,341,0.0045
TNNT2,341,0.0045
SLC25A23,341,0.0045
PRSS35,341,0.0045
KLHL32,341,0.0045
TEC,341,0.0045
STAM2,341,0.0045
PRCP,341,0.0045
NETO2,341,0.0045
PRICKLE3,340,0.0045
PTDSS2,340,0.0045
G6PC2,340,0.0045
OR10H2,340,0.0045
CHST4,340,0.0045
LMBR1,340,0.0045
SERPINB13,340,0.0045
S1PR5,340,0.0045
NUMBL,340,0.0045
OR52E2,340,0.0045
TENT5B,340,0.0045
FARS2,340,0.0045
CD1E,340,0.0045
TMCC3,340,0.0045
CPEB4,340,0.0045
LRRC4C,340,0.0045
CCER1,340,0.0045
RHBDD3,340,0.0045
CNN2,339,0.0045
CATSPER3,339,0.0045
TACR1,339,0.0045
GABRB3,339,0.0045
JAM3,339,0.0045
SLU7,339,0.0045
BIN2,339,0.0045
ITPK1,339,0.0045
IQCG,339,0.0045
SLC9A8,339,0.0045
RPS6KA3,339,0.0045
PRKG2,339,0.0045
NAV2,339,0.0045
SQOR,339,0.0045
ACTRT2,339,0.0045
ZNF793,338,0.0044
ZNF101,338,0.0044
ZNF25,338,0.0044
HCRTR2,338,0.0044
IGHV1-18,338,0.0044
OR4M2,338,0.0044
PRKCZ,338,0.0044
TYSND1,338,0.0044
WASF3,338,0.0044
SPINDOC,338,0.0044
BEST2,338,0.0044
POMK,338,0.0044
OR51B4,338,0.0044
TIGD7,338,0.0044
SLC41A2,338,0.0044
CX3CL1,338,0.0044
EHD3,338,0.0044
TENT2,338,0.0044
CCDC83,338,0.0044
FSCN1,338,0.0044
RHCE,338,0.0044
WNT10A,338,0.0044
GTDC1,338,0.0044
TMEM171,338,0.0044
TAAR8,338,0.0044
PDX1,338,0.0044
SATB1,337,0.0044
C5AR2,337,0.0044
AUP1,337,0.0044
APOL2,337,0.0044
MKLN1,337,0.0044
ATP6V0D2,337,0.0044
TSPYL2,337,0.0044
ZNF891,337,0.0044
DNAJB6,337,0.0044
CLBA1,337,0.0044
SLC35G6,337,0.0044
NR5A1,337,0.0044
DPYS,337,0.0044
SFPQ,337,0.0044
OSBP,337,0.0044
FXR1,337,0.0044
FAM86B2,337,0.0044
OPRK1,337,0.0044
ZBTB7B,337,0.0044
VDR,337,0.0044
FLAD1,337,0.0044
CPNE9,337,0.0044
OR52K1,337,0.0044
TERB1,337,0.0044
CACNA1F,337,0.0044
OR5T1,337,0.0044
ZNF35,337,0.0044
SLC10A5,337,0.0044
GLMP,337,0.0044
DYNC2LI1,337,0.0044
GABRA6,336,0.0044
CTAGE6,336,0.0044
NCF4,336,0.0044
TRAIP,336,0.0044
MMP12,336,0.0044
SLC1A6,336,0.0044
FAM187B,336,0.0044
OR2Y1,336,0.0044
CHRNA7,336,0.0044
CRX,336,0.0044
SLC39A7,336,0.0044
WBP11,336,0.0044
TNFRSF1B,336,0.0044
KPNA2,336,0.0044
RBM5,336,0.0044
RBMXL1,336,0.0044
LYAR,336,0.0044
RNF150,336,0.0044
ERCC6L,336,0.0044
OR4D9,335,0.0044
FOXS1,335,0.0044
OR5AC2,335,0.0044
ZNF460,335,0.0044
PPM1B,335,0.0044
CHGA,335,0.0044
TMEM117,335,0.0044
HINFP,335,0.0044
PMPCA,335,0.0044
TNFRSF4,335,0.0044
FAM117B,335,0.0044
SCP2,335,0.0044
SERPINB10,335,0.0044
KCNJ12,335,0.0044
CXCR2,335,0.0044
VAX2,335,0.0044
SNX13,335,0.0044
CDC20,335,0.0044
FAH,335,0.0044
SACM1L,335,0.0044
TCP11,335,0.0044
SH2D5,334,0.0044
BTN1A1,334,0.0044
OR5AR1,334,0.0044
CYP20A1,334,0.0044
HAS3,334,0.0044
FUT3,334,0.0044
KISS1R,334,0.0044
GPNMB,334,0.0044
IGHV3-23,334,0.0044
CNPPD1,334,0.0044
NT5DC1,334,0.0044
OR56B4,334,0.0044
OR9A4,334,0.0044
FOXD2,334,0.0044
AMY2A,334,0.0044
FBXL7,334,0.0044
HMX1,334,0.0044
PRRC1,334,0.0044
RAP1GDS1,334,0.0044
MRGPRX4,333,0.0044
E2F2,333,0.0044
DNMT3L,333,0.0044
OR52N4,333,0.0044
RASSF9,333,0.0044
AJUBA,333,0.0044
ANKH,333,0.0044
OR1N1,333,0.0044
SLC25A39,333,0.0044
PLCXD1,333,0.0044
HCK,333,0.0044
DBR1,333,0.0044
LPCAT1,333,0.0044
PDP1,333,0.0044
SLC39A3,333,0.0044
PRAMEF27,333,0.0044
LAMP3,333,0.0044
TMPPE,333,0.0044
KBTBD8,333,0.0044
OR52B4,333,0.0044
GPBP1,333,0.0044
FBXO31,333,0.0044
AIMP2,333,0.0044
SMOC1,333,0.0044
OR2D2,333,0.0044
FETUB,333,0.0044
MVK,332,0.0044
B4GALT7,332,0.0044
C12orf50,332,0.0044
ABHD1,332,0.0044
BIVM,332,0.0044
KRTAP10-3,332,0.0044
OR8I2,332,0.0044
ERVW-1,332,0.0044
AVEN,332,0.0044
WDR88,332,0.0044
POTEG,332,0.0044
OR2A14,332,0.0044
TNFRSF25,332,0.0044
ZBTB7A,332,0.0044
KCNK15,332,0.0044
TIGD4,332,0.0044
SPATC1L,332,0.0044
ADCYAP1R1,332,0.0044
POU2F3,332,0.0044
OPHN1,332,0.0044
CXCR1,332,0.0044
GPRASP2,332,0.0044
OR4C3,331,0.0043
GLRA3,331,0.0043
GPER1,331,0.0043
OR51E1,331,0.0043
RAET1G,331,0.0043
PAG1,331,0.0043
KLF1,331,0.0043
OR9I1,331,0.0043
NAGS,331,0.0043
GATA4,331,0.0043
PYGO1,331,0.0043
TRIM64C,331,0.0043
TMEM231,331,0.0043
CEP57L1,331,0.0043
ZNF718,331,0.0043
SLC16A13,331,0.0043
PEX12,331,0.0043
FBXL17,331,0.0043
OXTR,331,0.0043
SGPP2,331,0.0043
OR1K1,331,0.0043
CHI3L1,331,0.0043
MARCHF4,331,0.0043
RXFP4,330,0.0043
OR51B2,330,0.0043
B3GLCT,330,0.0043
ZNF277,330,0.0043
MTA2,330,0.0043
OR2M7,330,0.0043
ACTBL2,330,0.0043
TPSAB1,330,0.0043
PRDM14,330,0.0043
CLUL1,330,0.0043
TMPRSS11F,330,0.0043
OR5M3,330,0.0043
NPDC1,330,0.0043
OR1J1,330,0.0043
MKX,330,0.0043
SYN2,330,0.0043
GDAP2,330,0.0043
IL11RA,330,0.0043
GABRP,330,0.0043
GTF2H1,330,0.0043
B3GNT7,330,0.0043
MYBPHL,330,0.0043
WDSUB1,330,0.0043
SYT9,330,0.0043
GPR84,329,0.0043
RDH12,329,0.0043
DPEP2,329,0.0043
ZNF397,329,0.0043
SERPINB8,329,0.0043
ZNF586,329,0.0043
SGPP1,329,0.0043
MTG2,329,0.0043
MDH1B,329,0.0043
ACCSL,329,0.0043
OGFOD2,329,0.0043
SELENBP1,329,0.0043
IRF3,329,0.0043
OLFML3,329,0.0043
OR52E4,329,0.0043
LRRC34,328,0.0043
TRIM54,328,0.0043
COQ2,328,0.0043
ATG4D,328,0.0043
ZNF584,328,0.0043
STAU1,328,0.0043
PLAGL2,328,0.0043
HLA-DRB1,328,0.0043
DBX1,328,0.0043
KCNJ11,328,0.0043
SYT4,328,0.0043
WDR86,328,0.0043
DNAJB2,328,0.0043
TNFRSF11B,328,0.0043
OR5C1,328,0.0043
DMRTB1,328,0.0043
STK4,328,0.0043
KIAA0930,328,0.0043
PPP2R5B,328,0.0043
SENP2,328,0.0043
INSM1,328,0.0043
RTL10,328,0.0043
CTRC,328,0.0043
SERINC5,328,0.0043
SCFD1,328,0.0043
CYP2E1,328,0.0043
TFAP2B,328,0.0043
ZNF124,328,0.0043
ATL2,328,0.0043
MAPKAPK3,328,0.0043
NLGN4X,327,0.0043
CHST14,327,0.0043
OR10T2,327,0.0043
OR8K3,327,0.0043
MYC,327,0.0043
HOXD8,327,0.0043
HNRNPCL1,327,0.0043
CPPED1,327,0.0043
RFPL2,327,0.0043
ADRA2A,327,0.0043
TES,327,0.0043
NACC1,327,0.0043
GPR6,327,0.0043
TRAPPC14,327,0.0043
POLD3,327,0.0043
DNAJC17,327,0.0043
OR5M1,327,0.0043
VAT1L,327,0.0043
CBX6,327,0.0043
ORC2,327,0.0043
ZFPL1,327,0.0043
CSF2RA,327,0.0043
STK32C,327,0.0043
GALNT17,327,0.0043
SLC7A6,327,0.0043
GABRB1,327,0.0043
PRPF3,327,0.0043
TMEM130,327,0.0043
FOXI3,327,0.0043
PPT1,327,0.0043
PABPN1L,327,0.0043
ARHGEF35,327,0.0043
VPS33A,326,0.0043
CCM2,326,0.0043
MLC1,326,0.0043
FRMD5,326,0.0043
RGP1,326,0.0043
CSRNP2,326,0.0043
FAM221B,326,0.0043
GABRA4,326,0.0043
KCNJ14,326,0.0043
NCBP1,326,0.0043
KBTBD4,326,0.0043
SNIP1,326,0.0043
CHRM2,326,0.0043
PHF23,326,0.0043
MARK2,326,0.0043
MYADML2,326,0.0043
A4GALT,326,0.0043
TOR4A,326,0.0043
LRP11,326,0.0043
CTSW,326,0.0043
PPP1R16B,326,0.0043
TRMT12,326,0.0043
ZDHHC4,326,0.0043
ANKMY2,326,0.0043
FOXF2,326,0.0043
CBLIF,326,0.0043
GATB,326,0.0043
OR7A17,326,0.0043
HSF5,325,0.0043
TCF7,325,0.0043
GRTP1,325,0.0043
SLC23A2,325,0.0043
RILP,325,0.0043
RBM25,325,0.0043
SLC39A8,325,0.0043
CD33,325,0.0043
AGFG1,325,0.0043
CHRNA6,325,0.0043
OR2F2,325,0.0043
ACP6,325,0.0043
MC3R,325,0.0043
RIC3,325,0.0043
CRPPA,325,0.0043
OR10A3,325,0.0043
FOXE3,325,0.0043
LYPD3,325,0.0043
WDTC1,325,0.0043
MSL2,325,0.0043
MSS51,325,0.0043
METTL15,325,0.0043
RNF148,325,0.0043
GABRG1,325,0.0043
ALDOB,325,0.0043
SRP68,325,0.0043
FUT2,324,0.0043
ZNF114,324,0.0043
PLK5,324,0.0043
RRH,324,0.0043
PGM2,324,0.0043
TAAR1,324,0.0043
SENP3,324,0.0043
SRPK3,324,0.0043
RHBDL3,324,0.0043
EEF2KMT,324,0.0043
SMAP1,324,0.0043
TM9SF4,324,0.0043
LAX1,324,0.0043
ZNF589,324,0.0043
APOL6,324,0.0043
OR56B1,324,0.0043
OR4F6,324,0.0043
DUS2,324,0.0043
TIMM44,324,0.0043
OR2T6,324,0.0043
XRCC2,324,0.0043
GALNT2,324,0.0043
TOX4,324,0.0043
GFRAL,323,0.0042
KCNJ5,323,0.0042
DCAF4L2,323,0.0042
HCFC2,323,0.0042
R3HCC1,323,0.0042
SAMM50,323,0.0042
CDKAL1,323,0.0042
DBX2,323,0.0042
ZFP3,323,0.0042
BBOF1,323,0.0042
OLFML1,323,0.0042
NXF1,323,0.0042
GDF9,323,0.0042
ETV5,323,0.0042
IPPK,323,0.0042
CD1D,323,0.0042
HAVCR1,323,0.0042
HSD17B2,323,0.0042
NHERF2,323,0.0042
UCP2,323,0.0042
OR5P3,323,0.0042
FAM53C,323,0.0042
TAS2R7,323,0.0042
MEX3A,323,0.0042
BTRC,323,0.0042
ADPGK,322,0.0042
OR5K1,322,0.0042
OR5B17,322,0.0042
RTL5,322,0.0042
CLIC6,322,0.0042
TMPRSS11B,322,0.0042
SMARCD2,322,0.0042
GTF2I,322,0.0042
EIF2B4,322,0.0042
CD46,322,0.0042
OR6B3,322,0.0042
TSPYL1,322,0.0042
ENPP4,322,0.0042
OR2AP1,322,0.0042
CHST9,322,0.0042
NR5A2,322,0.0042
FUZ,322,0.0042
OR8U1,322,0.0042
GORASP1,322,0.0042
FICD,322,0.0042
ZNF670,322,0.0042
NRBP2,322,0.0042
SPINT1,322,0.0042
FBXW12,322,0.0042
ENAH,322,0.0042
PANX3,322,0.0042
ANKRD1,322,0.0042
GPR31,321,0.0042
OR10A4,321,0.0042
GOLGA6D,321,0.0042
ZBTB9,321,0.0042
FOXD4L3,321,0.0042
OR2A2,321,0.0042
CFAP210,321,0.0042
KLHL4,321,0.0042
TAS2R19,321,0.0042
SERPINA6,321,0.0042
SETD4,321,0.0042
HYAL2,321,0.0042
CYB5R4,321,0.0042
ATE1,321,0.0042
IL18R1,321,0.0042
IRF2BP1,321,0.0042
MICU3,321,0.0042
DLST,321,0.0042
GMCL1,321,0.0042
SMARCA5,321,0.0042
PTGER1,321,0.0042
ZKSCAN3,321,0.0042
HMCES,321,0.0042
PNLIP,320,0.0042
FRS2,320,0.0042
SENP1,320,0.0042
SHC1,320,0.0042
GOLGA8O,320,0.0042
ASNS,320,0.0042
TPH1,320,0.0042
TEAD4,320,0.0042
GALM,320,0.0042
FAM217B,320,0.0042
TPSD1,320,0.0042
UBQLN4,320,0.0042
SPATA17,320,0.0042
FRK,320,0.0042
TBL2,320,0.0042
OR2H1,320,0.0042
VPS35,320,0.0042
LPXN,320,0.0042
HTRA2,320,0.0042
CDC27,320,0.0042
HCRTR1,320,0.0042
MAMSTR,320,0.0042
OR2L5,320,0.0042
SCARF2,320,0.0042
EPHX3,320,0.0042
CMKLR1,320,0.0042
OR2AE1,320,0.0042
MTNR1A,320,0.0042
TOM1L1,320,0.0042
TDRKH,320,0.0042
TIGD3,320,0.0042
PAIP1,320,0.0042
CALR,320,0.0042
PARL,320,0.0042
ZNF621,320,0.0042
KCNA2,320,0.0042
RYK,320,0.0042
OR2L8,320,0.0042
UBAP1,320,0.0042
IGLV3-25,319,0.0042
VSIG2,319,0.0042
MKRN1,319,0.0042
OR2C1,319,0.0042
SAMD14,319,0.0042
PTGS2,319,0.0042
CASP10,319,0.0042
BLNK,319,0.0042
OR2G2,319,0.0042
CD34,319,0.0042
P2RY6,319,0.0042
SLC35E4,319,0.0042
MFSD5,319,0.0042
SLC16A4,319,0.0042
DUSP10,319,0.0042
SEC14L4,319,0.0042
PLAGL1,319,0.0042
G6PC3,319,0.0042
CPA5,319,0.0042
FGB,319,0.0042
IFIT5,319,0.0042
SLC7A1,319,0.0042
SPRY4,319,0.0042
MFSD11,319,0.0042
OR5AN1,318,0.0042
EDIL3,318,0.0042
TRIM31,318,0.0042
ORC4,318,0.0042
DAPK2,318,0.0042
MGAT3,318,0.0042
FOXD3,318,0.0042
ERICH5,318,0.0042
NGFR,318,0.0042
SERPINB7,318,0.0042
OTOA,318,0.0042
FASTK,318,0.0042
CNDP1,318,0.0042
DCANP1,318,0.0042
ANGPT1,318,0.0042
OR7A10,318,0.0042
CPSF2,318,0.0042
ST3GAL5,318,0.0042
SPRY1,318,0.0042
RRP7A,318,0.0042
CRISPLD1,318,0.0042
PHLDA1,318,0.0042
SLC35D1,318,0.0042
CNGA2,318,0.0042
OSBPL2,318,0.0042
RMDN2,317,0.0042
MBOAT4,317,0.0042
PSMD1,317,0.0042
ZIC1,317,0.0042
VN1R2,317,0.0042
OR2L3,317,0.0042
MC5R,317,0.0042
PCED1B,317,0.0042
GPR137C,317,0.0042
CYP3A5,317,0.0042
FOXA3,317,0.0042
GABRG2,317,0.0042
NBPF15,317,0.0042
C4B,317,0.0042
KCNK17,317,0.0042
PPP1R3B,317,0.0042
GPR107,317,0.0042
SAAL1,317,0.0042
KANSL2,317,0.0042
GPR132,317,0.0042
EHD1,317,0.0042
PDIA6,317,0.0042
PLEKHF1,317,0.0042
IGKV3-11,317,0.0042
FOXF1,317,0.0042
CCDC47,317,0.0042
YIPF2,317,0.0042
TTC23,317,0.0042
GJB4,317,0.0042
MYADM,317,0.0042
EXOC5,317,0.0042
CD55,317,0.0042
ZDHHC2,317,0.0042
PPP4R2,317,0.0042
POC1A,317,0.0042
MYLIP,316,0.0042
TIMM50,316,0.0042
SMPD2,316,0.0042
CEMP1,316,0.0042
SLC66A2,316,0.0042
CALHM3,316,0.0042
ERRFI1,316,0.0042
GOLM1,316,0.0042
LRR1,316,0.0042
ACVR1,316,0.0042
OR10H3,316,0.0042
PLK2,316,0.0042
TRIML2,316,0.0042
ZNF620,316,0.0042
ZFP42,316,0.0042
OR13J1,316,0.0042
OR10H4,316,0.0042
HABP4,316,0.0042
LRRC17,316,0.0042
ENOSF1,316,0.0042
BTNL3,316,0.0042
RNF113B,316,0.0042
PBX4,316,0.0042
GOLGA8T,316,0.0042
GPANK1,316,0.0042
PPM1M,316,0.0042
KRT18,316,0.0042
KCNN4,316,0.0042
STAC,316,0.0042
OR6C1,316,0.0042
TINAGL1,316,0.0042
MYOD1,316,0.0042
SLC35E2B,316,0.0042
SLC25A45,316,0.0042
SETD3,315,0.0041
SUZ12,315,0.0041
PPP1R3G,315,0.0041
SLC11A2,315,0.0041
INTS6,315,0.0041
ERI1,315,0.0041
TGFB2,315,0.0041
SUMF2,315,0.0041
OR2B11,315,0.0041
ZRANB1,315,0.0041
SERGEF,315,0.0041
PHACTR1,315,0.0041
ASPG,315,0.0041
OR5B12,315,0.0041
SWAP70,315,0.0041
APOBEC3G,315,0.0041
MTX1,315,0.0041
PARVB,315,0.0041
HOXD12,315,0.0041
XPNPEP2,315,0.0041
RSPH1,315,0.0041
TLK1,315,0.0041
SLC35F6,315,0.0041
OR2M3,315,0.0041
CHRM4,315,0.0041
CPOX,315,0.0041
GPR87,315,0.0041
GLCE,315,0.0041
SLC30A9,315,0.0041
TSKU,315,0.0041
CAAP1,315,0.0041
DMRTA2,315,0.0041
IGHV4-39,315,0.0041
OR52D1,315,0.0041
ASB6,315,0.0041
CREBRF,315,0.0041
PIPOX,314,0.0041
FMOD,314,0.0041
OR6T1,314,0.0041
RAX,314,0.0041
OLFM2,314,0.0041
USP30,314,0.0041
KLHL11,314,0.0041
TAS2R9,314,0.0041
CLN5,314,0.0041
ABHD16A,314,0.0041
PRKCA,314,0.0041
TRIM48,314,0.0041
LRTM2,314,0.0041
CPA4,314,0.0041
CD320,314,0.0041
TRIM60,314,0.0041
TLR7,314,0.0041
EEIG1,314,0.0041
MYPOP,314,0.0041
CECR2,314,0.0041
BSDC1,314,0.0041
HUS1B,314,0.0041
OR10K2,313,0.0041
ARPC1B,313,0.0041
TIMD4,313,0.0041
ARRDC4,313,0.0041
DACT3,313,0.0041
ADSS1,313,0.0041
TAAR2,313,0.0041
ATL3,313,0.0041
IDO1,313,0.0041
TRIM14,313,0.0041
OR51A7,313,0.0041
TSSK2,313,0.0041
ZNF148,313,0.0041
ARK2N,313,0.0041
GCNT2,313,0.0041
STAT1,313,0.0041
SPSB3,313,0.0041
ZDHHC16,313,0.0041
TEX14,313,0.0041
ABRA,313,0.0041
AADACL3,313,0.0041
ZSWIM1,313,0.0041
DNAJC22,313,0.0041
ETV2,313,0.0041
OR2AG1,313,0.0041
TPRA1,313,0.0041
ANKUB1,313,0.0041
UFSP2,313,0.0041
CNDP2,312,0.0041
LDLRAD3,312,0.0041
FBXO5,312,0.0041
ALLC,312,0.0041
CLCN5,312,0.0041
SLC9B1,312,0.0041
DEPDC7,312,0.0041
FAM170A,312,0.0041
CD300LG,312,0.0041
DDX17,312,0.0041
ZDHHC7,312,0.0041
TEAD1,312,0.0041
OR5J2,312,0.0041
MINDY1,312,0.0041
OR52R1,312,0.0041
FAM98B,312,0.0041
FCGRT,312,0.0041
SERPINC1,312,0.0041
DBNL,312,0.0041
ALKBH1,312,0.0041
HTRA1,312,0.0041
PISD,312,0.0041
METTL16,312,0.0041
ACP2,312,0.0041
GJB2,312,0.0041
OR8K5,312,0.0041
ZNF579,311,0.0041
DNAJB7,311,0.0041
C2CD4A,311,0.0041
MAP3K2,311,0.0041
GCLC,311,0.0041
TKTL2,311,0.0041
FAM81B,311,0.0041
GPR63,311,0.0041
ZFP82,311,0.0041
RNPC3,311,0.0041
LPAR3,311,0.0041
CORO6,311,0.0041
ERVV-2,311,0.0041
VCP,311,0.0041
YAP1,311,0.0041
ASH2L,311,0.0041
OR52N1,311,0.0041
BMP5,311,0.0041
SPAG4,311,0.0041
SLC6A6,311,0.0041
ODF2L,311,0.0041
HPR,311,0.0041
GPR143,311,0.0041
CAMK1G,311,0.0041
ACP7,311,0.0041
TRDMT1,311,0.0041
GJA1,311,0.0041
OR6C70,311,0.0041
OR52N5,311,0.0041
PKNOX2,311,0.0041
ECSIT,311,0.0041
YTHDF2,311,0.0041
MDM4,311,0.0041
NUSAP1,311,0.0041
RASGRF1,311,0.0041
ZKSCAN1,311,0.0041
LRRC37A,311,0.0041
ATP5F1A,311,0.0041
LONRF3,311,0.0041
CENPI,310,0.0041
WDR73,310,0.0041
FAM117A,310,0.0041
CD14,310,0.0041
OR10A5,310,0.0041
OR52B6,310,0.0041
TYMP,310,0.0041
SCG3,310,0.0041
HECA,310,0.0041
DCTN4,310,0.0041
DPEP3,310,0.0041
DYNC1I2,310,0.0041
ERMAP,310,0.0041
IKZF1,310,0.0041
GJB3,310,0.0041
CDR2L,310,0.0041
MID2,310,0.0041
HP,310,0.0041
FITM1,310,0.0041
IRF4,310,0.0041
MC2R,310,0.0041
TTC39C,310,0.0041
MGAT2,310,0.0041
TOR3A,310,0.0041
TAS2R16,310,0.0041
STEAP2,310,0.0041
DHX40,310,0.0041
SARS2,310,0.0041
SRSF6,310,0.0041
POLD2,309,0.0041
OR1E2,309,0.0041
SLC39A14,309,0.0041
MANEAL,309,0.0041
ZNG1A,309,0.0041
LIPA,309,0.0041
ELMO2,309,0.0041
SYTL4,309,0.0041
EFHC2,309,0.0041
FZD2,309,0.0041
GALNTL6,309,0.0041
THOC6,309,0.0041
CUL2,309,0.0041
SF1,309,0.0041
NPBWR2,309,0.0041
HDC,309,0.0041
MAS1L,309,0.0041
LAMP2,309,0.0041
BDKRB2,309,0.0041
ARHGEF6,309,0.0041
SEPTIN14,309,0.0041
BHLHE41,309,0.0041
SLC16A10,309,0.0041
LANCL2,309,0.0041
HACL1,309,0.0041
CTNNBL1,309,0.0041
KCNA3,309,0.0041
PFKM,309,0.0041
ZNF630,309,0.0041
DDI1,309,0.0041
LMLN,308,0.004
SEC14L3,308,0.004
TMEM131L,308,0.004
OR11H6,308,0.004
YES1,308,0.004
C5AR1,308,0.004
MLLT1,308,0.004
CDC16,308,0.004
RPP40,308,0.004
SLC30A6,308,0.004
CCDC22,308,0.004
ALDH1B1,308,0.004
HAX1,308,0.004
C2CD4B,308,0.004
HSPA14,308,0.004
INTS13,308,0.004
RALGPS2,308,0.004
OR2C3,308,0.004
FCRLA,308,0.004
HOXA13,308,0.004
OR8J3,308,0.004
ATG16L1,308,0.004
NOSTRIN,308,0.004
CDR2,307,0.004
TACSTD2,307,0.004
ATG4C,307,0.004
BMAL1,307,0.004
PLEKHA1,307,0.004
OR52L1,307,0.004
OR52A5,307,0.004
UNCX,307,0.004
ZNF3,307,0.004
ARSJ,307,0.004
HPSE,307,0.004
TM6SF2,307,0.004
CCZ1,307,0.004
PJVK,307,0.004
ZBTB1,307,0.004
TXNRD3,307,0.004
SPEM1,307,0.004
DHODH,307,0.004
TMEM198,307,0.004
CHI3L2,307,0.004
DHRS13,307,0.004
OR10V1,307,0.004
POGK,307,0.004
KLHL3,307,0.004
UGT8,307,0.004
LGSN,307,0.004
RO60,307,0.004
OR6C6,307,0.004
IL1RAP,307,0.004
IPMK,307,0.004
TAS2R10,307,0.004
GOLGA6L1,307,0.004
CFD,307,0.004
SPMIP7,307,0.004
BHLHE40,306,0.004
ZNF140,306,0.004
ANXA13,306,0.004
BAG1,306,0.004
BACE1,306,0.004
KTI12,306,0.004
ADRM1,306,0.004
CLCN4,306,0.004
LUZP2,306,0.004
CCDC86,306,0.004
TAS2R46,306,0.004
EYA3,306,0.004
ACKR1,306,0.004
SCAMP3,306,0.004
ADORA2A,306,0.004
UBA1,306,0.004
RPL4,306,0.004
MSX1,306,0.004
PHF10,306,0.004
MPI,306,0.004
IL13RA2,306,0.004
ADRA2C,306,0.004
SAV1,306,0.004
CUEDC1,306,0.004
PWWP3B,306,0.004
LORICRIN,306,0.004
ADA,306,0.004
OR2S2,306,0.004
KLHL34,306,0.004
TMPRSS11A,306,0.004
MIER3,306,0.004
M1AP,306,0.004
SLC32A1,306,0.004
ZNF383,306,0.004
EVA1C,306,0.004
NETO1,306,0.004
HSPA2,306,0.004
ZNF232,306,0.004
SKA3,305,0.004
HS3ST6,305,0.004
BRICD5,305,0.004
PDCD2L,305,0.004
ACSM6,305,0.004
OR4C12,305,0.004
PGM5,305,0.004
OR10C1,305,0.004
GFPT1,305,0.004
MFSD4A,305,0.004
RHBDD2,305,0.004
OR5W2,305,0.004
GK3,305,0.004
ACKR2,305,0.004
VIT,305,0.004
MYLK4,305,0.004
NFKBIB,305,0.004
SPOCK1,305,0.004
H1-8,305,0.004
BMP2,305,0.004
CATIP,305,0.004
PKNOX1,305,0.004
CERS3,305,0.004
MLLT3,305,0.004
OR56A4,305,0.004
XPNPEP3,305,0.004
FAM181B,305,0.004
ABCG1,305,0.004
FBXO25,305,0.004
GC,305,0.004
KLRG2,305,0.004
CD1C,305,0.004
CEACAM18,305,0.004
HTR4,305,0.004
OR7D4,305,0.004
MRM3,305,0.004
TUFT1,305,0.004
LIPN,304,0.004
LPAR5,304,0.004
OR8K1,304,0.004
PRR23B,304,0.004
MCL1,304,0.004
GPRC5D,304,0.004
SNX4,304,0.004
UBQLN1,304,0.004
SBK3,304,0.004
DERPC,304,0.004
SCRN2,304,0.004
CCDC92,304,0.004
CLCN3,304,0.004
RNF135,304,0.004
HBP1,304,0.004
C1orf141,304,0.004
EXOSC3,304,0.004
CERS1,304,0.004
CD2,304,0.004
RBM42,304,0.004
SF3A1,304,0.004
VCX2,304,0.004
PDE7B,304,0.004
OR1L3,304,0.004
NIPAL4,304,0.004
PPA2,304,0.004
CDK14,303,0.004
GK,303,0.004
IKZF3,303,0.004
CDC25A,303,0.004
KPTN,303,0.004
TMEM161B,303,0.004
RTP1,303,0.004
OR1B1,303,0.004
GOLM2,303,0.004
AEN,303,0.004
APMAP,303,0.004
OR11L1,303,0.004
GIMAP4,303,0.004
DDO,303,0.004
SMPDL3A,303,0.004
ZNF331,303,0.004
SH2D2A,303,0.004
PPP4R3A,303,0.004
PER3,302,0.004
ZBTB25,302,0.004
TNFRSF18,302,0.004
PI16,302,0.004
ABCF2,302,0.004
NUP42,302,0.004
CRLF3,302,0.004
NPY5R,302,0.004
SLX4IP,302,0.004
ZMYND11,302,0.004
SPAG6,302,0.004
ADRB1,302,0.004
ADORA2B,302,0.004
MACO1,302,0.004
SYT14,302,0.004
MAN1A2,302,0.004
ARSF,302,0.004
PTGDR2,302,0.004
CMPK2,302,0.004
OR1C1,302,0.004
ACAP2,302,0.004
RABEPK,302,0.004
KEAP1,302,0.004
OR5M11,302,0.004
OR5I1,302,0.004
WDR48,302,0.004
AGK,301,0.004
PDLIM4,301,0.004
OR5B2,301,0.004
SERPINB9,301,0.004
CITED2,301,0.004
ZFP14,301,0.004
WEE1,301,0.004
TIGD2,301,0.004
OR9Q1,301,0.004
SPAM1,301,0.004
PIP5K1B,301,0.004
FAM86B1,301,0.004
GPR15,301,0.004
CD2BP2,301,0.004
TPH2,301,0.004
SLC35G2,301,0.004
BSND,301,0.004
UCKL1,301,0.004
GPR180,301,0.004
ATL1,301,0.004
PEX16,301,0.004
AQP12A,300,0.0039
MECR,300,0.0039
DPH1,300,0.0039
PSPC1,300,0.0039
ZNF724,300,0.0039
PACSIN2,300,0.0039
OR6N1,300,0.0039
HAPLN4,300,0.0039
CD68,300,0.0039
TAPT1,300,0.0039
ASB4,300,0.0039
STPG3,300,0.0039
ELK4,300,0.0039
NKX2-6,300,0.0039
RSPH14,300,0.0039
ELMOD3,300,0.0039
OR10A2,300,0.0039
PTPN9,300,0.0039
TRIM62,300,0.0039
PLPP6,300,0.0039
PLA2G15,300,0.0039
LRRC70,300,0.0039
PELI3,300,0.0039
PIP4K2C,300,0.0039
SLC25A48,300,0.0039
SLC38A3,300,0.0039
TRMO,300,0.0039
STAC3,300,0.0039
PRKACG,300,0.0039
SLC25A34,300,0.0039
MEIS2,300,0.0039
TNPO1,300,0.0039
NOX1,300,0.0039
SPMAP2L,299,0.0039
ZBTB42,299,0.0039
ZNF165,299,0.0039
KLHL28,299,0.0039
INA,299,0.0039
OR5K2,299,0.0039
MEIOB,299,0.0039
POLR2B,299,0.0039
BUB3,299,0.0039
PALS2,299,0.0039
OGFOD1,299,0.0039
B3GNTL1,299,0.0039
TFCP2L1,299,0.0039
RAPSN,299,0.0039
ADRB2,299,0.0039
RBM4B,299,0.0039
IFIT3,299,0.0039
SMARCB1,299,0.0039
RNF215,299,0.0039
LETMD1,299,0.0039
PGC,299,0.0039
TRIM77,299,0.0039
NPLOC4,299,0.0039
ACVR1C,299,0.0039
ZGPAT,299,0.0039
STIP1,299,0.0039
FCAR,299,0.0039
E2F3,298,0.0039
ARHGAP1,298,0.0039
ATAT1,298,0.0039
ZNF566,298,0.0039
IFIT1B,298,0.0039
KREMEN2,298,0.0039
GABRA1,298,0.0039
TEKT1,298,0.0039
LRRC1,298,0.0039
HNRNPA1L2,298,0.0039
VPS45,298,0.0039
IFFO2,298,0.0039
RBMS3,298,0.0039
TM2D3,298,0.0039
AIFM1,298,0.0039
OR9Q2,298,0.0039
CAMK4,298,0.0039
OR8D4,298,0.0039
IFRD1,298,0.0039
CCDC113,298,0.0039
ACOX3,298,0.0039
SLC39A13,298,0.0039
NOP58,298,0.0039
OR5D18,298,0.0039
LGI2,298,0.0039
VCX,298,0.0039
CERKL,298,0.0039
TCFL5,297,0.0039
WDR37,297,0.0039
ARMC8,297,0.0039
WTIP,297,0.0039
ENDOU,297,0.0039
MRGPRD,297,0.0039
UBXN4,297,0.0039
DYNC1LI2,297,0.0039
SHH,297,0.0039
S1PR2,297,0.0039
FAM20B,297,0.0039
MOS,297,0.0039
FCER2,297,0.0039
DDX49,297,0.0039
OR10G3,297,0.0039
ZMPSTE24,297,0.0039
TMPRSS11E,297,0.0039
TFEB,297,0.0039
PPM1N,297,0.0039
TSPYL4,297,0.0039
CEBPE,297,0.0039
FEZ2,297,0.0039
MNS1,296,0.0039
OR5B3,296,0.0039
SLC10A6,296,0.0039
CAVIN4,296,0.0039
SLC49A4,296,0.0039
IGHV4-34,296,0.0039
CENPB,296,0.0039
HNRNPR,296,0.0039
OR8B3,296,0.0039
LAIR1,296,0.0039
ZAR1,296,0.0039
GDAP1,296,0.0039
OR8J1,296,0.0039
OR52W1,296,0.0039
TMEM39A,296,0.0039
NAB1,296,0.0039
LSP1,296,0.0039
STEAP4,296,0.0039
LRRC19,296,0.0039
OR1L4,296,0.0039
PGLYRP4,296,0.0039
C4A,296,0.0039
RHAG,296,0.0039
ANGPTL1,296,0.0039
CHRDL2,296,0.0039
FAM8A1,295,0.0039
MTF2,295,0.0039
SPATA31D3,295,0.0039
WIPI2,295,0.0039
APOH,295,0.0039
OR4F15,295,0.0039
BLZF1,295,0.0039
IRAK1,295,0.0039
HARS2,295,0.0039
FUT1,295,0.0039
MSRA,295,0.0039
SS18L1,295,0.0039
DLD,295,0.0039
KLF14,295,0.0039
DNAJA4,295,0.0039
ZNF736,295,0.0039
TEX9,295,0.0039
HLA-G,295,0.0039
GABPB2,295,0.0039
PRUNE1,295,0.0039
GDPD3,295,0.0039
ATP6V1H,295,0.0039
YIPF3,295,0.0039
SURF2,295,0.0039
TOMM70,295,0.0039
TRIM49C,295,0.0039
KCNJ16,295,0.0039
OR4D10,295,0.0039
UBTFL1,295,0.0039
ZNF830,295,0.0039
UST,295,0.0039
WDR38,295,0.0039
NYX,294,0.0039
CAP1,294,0.0039
TM9SF2,294,0.0039
ANGPTL6,294,0.0039
EPHX1,294,0.0039
SERINC1,294,0.0039
AFG1L,294,0.0039
KRTAP5-1,294,0.0039
PRSS50,294,0.0039
INSL6,294,0.0039
MGAT4A,294,0.0039
PARVG,294,0.0039
SLC10A4,294,0.0039
PDZK1,294,0.0039
C11orf42,294,0.0039
TAS2R8,294,0.0039
EMB,294,0.0039
LENG1,294,0.0039
NARF,294,0.0039
EBLN2,294,0.0039
SHD,294,0.0039
NAB2,294,0.0039
SSRP1,294,0.0039
ETV7,294,0.0039
C6orf15,294,0.0039
HOXD1,294,0.0039
IGHV3-11,294,0.0039
CAP2,294,0.0039
KCNJ2,294,0.0039
ANKRD20A1,293,0.0038
TMEM129,293,0.0038
OR1D5,293,0.0038
SLC39A2,293,0.0038
OR4S2,293,0.0038
TMEM144,293,0.0038
PCYT1A,293,0.0038
FBXL8,293,0.0038
SLC17A7,293,0.0038
DNAJB12,293,0.0038
ETV3,293,0.0038
OR2A25,293,0.0038
TPST2,293,0.0038
ZNF316,293,0.0038
KNSTRN,293,0.0038
TBCC,293,0.0038
SPATA32,293,0.0038
YIF1A,293,0.0038
IDO2,293,0.0038
TRIM63,293,0.0038
KRTAP4-6,293,0.0038
RUFY2,293,0.0038
TSC22D4,293,0.0038
PDE7A,293,0.0038
VEGFA,293,0.0038
PRKAA2,293,0.0038
ZNF558,293,0.0038
CCDC34,293,0.0038
ANGPTL3,293,0.0038
EBF1,293,0.0038
REEP4,293,0.0038
DLG3,293,0.0038
STK32A,293,0.0038
FFAR1,293,0.0038
AZGP1,293,0.0038
CAVIN1,293,0.0038
HRH4,292,0.0038
HRH3,292,0.0038
BCLAF3,292,0.0038
HNRNPCL2,292,0.0038
SIN3B,292,0.0038
ZBTB37,292,0.0038
OGFRL1,292,0.0038
DMRTC2,292,0.0038
HSD3B7,292,0.0038
OR4D6,292,0.0038
TEKTIP1,292,0.0038
GPR68,292,0.0038
ATP6V1A,292,0.0038
HSPB1,292,0.0038
ZNF512,292,0.0038
TMEM151B,292,0.0038
HOXD10,292,0.0038
CPA2,292,0.0038
DMTN,292,0.0038
OPRL1,292,0.0038
CYB5D2,292,0.0038
P2RX6,292,0.0038
STXBP3,292,0.0038
ISYNA1,292,0.0038
PPARA,292,0.0038
PI4K2B,292,0.0038
NEU1,292,0.0038
ARCN1,292,0.0038
MSL1,292,0.0038
WSB1,291,0.0038
RNF13,291,0.0038
OR6Q1,291,0.0038
PRR5L,291,0.0038
PLAU,291,0.0038
SH3KBP1,291,0.0038
C10orf120,291,0.0038
VENTX,291,0.0038
PEX7,291,0.0038
PTX3,291,0.0038
PTGER4,291,0.0038
ZNF843,291,0.0038
MGAT4C,291,0.0038
FUT7,291,0.0038
KLHL10,291,0.0038
OR8B2,291,0.0038
SLC35G1,291,0.0038
DNPEP,291,0.0038
CPNE8,291,0.0038
GPA33,291,0.0038
PCSK2,291,0.0038
RASGEF1C,291,0.0038
NTNG1,291,0.0038
APOA5,291,0.0038
PHAX,291,0.0038
GATA3,291,0.0038
ANKRD13C,291,0.0038
OR1A1,291,0.0038
GTPBP2,291,0.0038
ACE2,290,0.0038
RNF167,290,0.0038
SLC25A15,290,0.0038
RTN4IP1,290,0.0038
ITFG2,290,0.0038
NIPA2,290,0.0038
KLHL8,290,0.0038
NPHP1,290,0.0038
OR7G1,290,0.0038
CACUL1,290,0.0038
GATM,290,0.0038
C10orf88,290,0.0038
HOXD13,290,0.0038
NUP98,290,0.0038
FHL2,290,0.0038
RNF32,290,0.0038
GPR146,290,0.0038
DIPK2A,290,0.0038
MAEL,290,0.0038
ZDHHC6,290,0.0038
FLI1,290,0.0038
TMUB2,290,0.0038
TBX4,290,0.0038
PTDSS1,290,0.0038
CHAD,290,0.0038
PUSL1,290,0.0038
ANKRD65,290,0.0038
CCRL2,290,0.0038
CCR3,290,0.0038
GLYR1,290,0.0038
FCGR2A,290,0.0038
WBP1,290,0.0038
SLC25A18,290,0.0038
CERT1,289,0.0038
OR2A5,289,0.0038
CD5L,289,0.0038
IL1R1,289,0.0038
ANKRD34C,289,0.0038
PWP1,289,0.0038
P2RY14,289,0.0038
OTUD1,289,0.0038
MAB21L3,289,0.0038
SSTR1,289,0.0038
ART1,289,0.0038
SERTAD4,289,0.0038
ITGA7,289,0.0038
ACBD3,289,0.0038
KCNS2,289,0.0038
HHLA2,289,0.0038
CHMP7,289,0.0038
CA12,289,0.0038
SNX5,289,0.0038
CYB5R3,289,0.0038
MAS1,289,0.0038
GCM1,289,0.0038
UMPS,289,0.0038
MRGPRX2,289,0.0038
HOXA2,289,0.0038
PRKCI,289,0.0038
EFCAB3,289,0.0038
STT3A,289,0.0038
ASB14,289,0.0038
OR52A1,288,0.0038
RNF149,288,0.0038
CENATAC,288,0.0038
AQP7,288,0.0038
GALK1,288,0.0038
ENTPD5,288,0.0038
DPAGT1,288,0.0038
ZIC2,288,0.0038
IGF2BP2,288,0.0038
NDUFAF7,288,0.0038
ZNF260,288,0.0038
B3GNT9,288,0.0038
ZPR1,288,0.0038
POLR3D,288,0.0038
HTR1B,288,0.0038
DNASE1L2,288,0.0038
CENPU,288,0.0038
IFI35,288,0.0038
TMEM71,288,0.0038
OPN3,288,0.0038
CCNO,288,0.0038
RHBDD1,288,0.0038
CDC14C,288,0.0038
OR4D11,288,0.0038
ZNF131,288,0.0038
HTR2A,288,0.0038
OR2L13,288,0.0038
DENND2D,288,0.0038
ZNF829,287,0.0038
RNFT1,287,0.0038
TMCC1,287,0.0038
DRD3,287,0.0038
CCDC91,287,0.0038
JMJD8,287,0.0038
CORO1A,287,0.0038
GALR1,287,0.0038
CREBZF,287,0.0038
SS18,287,0.0038
PPIL4,287,0.0038
TRMT6,287,0.0038
DCAF8,287,0.0038
SH3BP5L,287,0.0038
OR10K1,287,0.0038
OR10W1,287,0.0038
UPK3A,287,0.0038
SLC17A2,287,0.0038
NOS1AP,287,0.0038
OR8D1,287,0.0038
RAI2,287,0.0038
OGDH,287,0.0038
ZPBP,287,0.0038
KBTBD2,287,0.0038
CRTAM,287,0.0038
THOC1,287,0.0038
OR51A2,287,0.0038
PAQR4,287,0.0038
CHRNB3,287,0.0038
DTNBP1,287,0.0038
ZNF583,287,0.0038
LNPK,287,0.0038
IER5,287,0.0038
KDM4D,287,0.0038
HTRA3,287,0.0038
PARS2,287,0.0038
GAL3ST1,287,0.0038
ARHGEF39,287,0.0038
LHX9,287,0.0038
STAR,287,0.0038
RDH13,286,0.0038
ITPKA,286,0.0038
CHN2,286,0.0038
SIGLEC14,286,0.0038
HDHD5,286,0.0038
CFHR3,286,0.0038
JAML,286,0.0038
SOX18,286,0.0038
SCLY,286,0.0038
FNDC11,286,0.0038
SP6,286,0.0038
CA4,286,0.0038
ACTMAP,286,0.0038
C1orf56,286,0.0038
CTAGE4,286,0.0038
SUN5,286,0.0038
DNASE2,286,0.0038
GTF2H4,286,0.0038
STPG1,286,0.0038
NRIP2,286,0.0038
CIMIP2A,286,0.0038
ACOT4,286,0.0038
SPDEF,286,0.0038
LMX1A,286,0.0038
RNF225,286,0.0038
LRG1,286,0.0038
TXNDC15,285,0.0037
DCAF8L1,285,0.0037
NAA35,285,0.0037
ORAI1,285,0.0037
TMEM64,285,0.0037
FAS,285,0.0037
CCT4,285,0.0037
POGLUT1,285,0.0037
OR13F1,285,0.0037
ARL6IP6,285,0.0037
ASB18,285,0.0037
ACKR3,285,0.0037
PTGR3,285,0.0037
MFAP3,285,0.0037
APOBEC4,285,0.0037
OR2D3,285,0.0037
VN1R4,285,0.0037
ZNF705A,285,0.0037
SYT5,285,0.0037
RNF126,285,0.0037
SELENOP,285,0.0037
PIGU,284,0.0037
SLC25A37,284,0.0037
AMT,284,0.0037
PRR16,284,0.0037
AK5,284,0.0037
ABHD12B,284,0.0037
UCP1,284,0.0037
HSF2,284,0.0037
CYB5R2,284,0.0037
LRRC26,284,0.0037
MACROD2,284,0.0037
ZNF280C,284,0.0037
MPZ,284,0.0037
ALAS1,284,0.0037
FAM200A,284,0.0037
CACNB3,284,0.0037
KLHL24,284,0.0037
HOXA4,284,0.0037
GNB5,284,0.0037
SLC35C2,284,0.0037
ICA1,284,0.0037
USP51,284,0.0037
ALDH3A2,284,0.0037
RNFT2,284,0.0037
TAS2R20,284,0.0037
ZNF552,284,0.0037
IRF9,284,0.0037
RIOX1,283,0.0037
OR6P1,283,0.0037
TRIM59,283,0.0037
RBM10,283,0.0037
PIP4K2A,283,0.0037
MR1,283,0.0037
SCARB1,283,0.0037
HMX3,283,0.0037
MTRF1L,283,0.0037
MTG1,283,0.0037
MRC1,283,0.0037
USP19,283,0.0037
UBA2,283,0.0037
CIPC,283,0.0037
CSRP3,283,0.0037
NEUROD4,283,0.0037
IL2RA,283,0.0037
NUP50,283,0.0037
CALCOCO2,283,0.0037
SLC30A4,283,0.0037
RNF223,283,0.0037
POLR1F,283,0.0037
MRGPRF,283,0.0037
B3GAT3,283,0.0037
MFAP3L,283,0.0037
MBOAT2,283,0.0037
C20orf96,283,0.0037
UBTF,283,0.0037
MAPK13,283,0.0037
MDH2,283,0.0037
SPP1,283,0.0037
MRNIP,282,0.0037
XXYLT1,282,0.0037
RANBP3L,282,0.0037
CAMK1,282,0.0037
CPNE6,282,0.0037
CFHR1,282,0.0037
HP1BP3,282,0.0037
STARD7,282,0.0037
CPVL,282,0.0037
DNAJB8,282,0.0037
OR4D5,282,0.0037
SYK,282,0.0037
KCNC1,282,0.0037
TLR8,282,0.0037
GPALPP1,282,0.0037
WWTR1,282,0.0037
IFIT1,282,0.0037
ZNF639,282,0.0037
TAS2R13,282,0.0037
OR13C9,282,0.0037
ZNF524,282,0.0037
NFATC2IP,282,0.0037
GPR61,282,0.0037
SUN3,282,0.0037
FAM187A,282,0.0037
ASIC1,281,0.0037
CCDC51,281,0.0037
CHRNA5,281,0.0037
MEOX2,281,0.0037
SYT2,281,0.0037
PREB,281,0.0037
CPB1,281,0.0037
SULT2B1,281,0.0037
ZCWPW2,281,0.0037
SERPINE1,281,0.0037
SLC25A35,281,0.0037
RPUSD4,281,0.0037
SYN1,281,0.0037
SNX30,281,0.0037
INTS12,281,0.0037
PARP6,281,0.0037
EIF5,281,0.0037
KATNA1,281,0.0037
TTC38,281,0.0037
KCNK7,281,0.0037
LPCAT2,281,0.0037
ZNF391,281,0.0037
ZC3H12B,281,0.0037
ALDH3B2,281,0.0037
QPCT,281,0.0037
CERS6,280,0.0037
HECTD2,280,0.0037
LRRC30,280,0.0037
SELL,280,0.0037
PAX9,280,0.0037
CREB3,280,0.0037
MBP,280,0.0037
IDH1,280,0.0037
SDC1,280,0.0037
ZSCAN31,280,0.0037
PGM3,280,0.0037
RGPD2,280,0.0037
NR4A3,280,0.0037
TMEM74B,280,0.0037
REN,280,0.0037
KLF5,280,0.0037
FUCA2,280,0.0037
DNM3,280,0.0037
TAS2R14,280,0.0037
NUDT17,279,0.0037
SPZ1,279,0.0037
C8orf74,279,0.0037
GALNT13,279,0.0037
SLC25A38,279,0.0037
CRY1,279,0.0037
ATCAY,279,0.0037
ATF5,279,0.0037
RAET1L,279,0.0037
KCNK1,279,0.0037
CIR1,279,0.0037
VASH1,279,0.0037
OR51L1,279,0.0037
KMO,279,0.0037
GMPS,279,0.0037
PAPOLA,279,0.0037
SNW1,279,0.0037
DHRS4L2,279,0.0037
NPTXR,279,0.0037
MRPL37,279,0.0037
GP6,279,0.0037
LGMN,279,0.0037
MPPE1,279,0.0037
SLITRK2,279,0.0037
GNRHR,279,0.0037
INO80B,279,0.0037
IRF6,279,0.0037
DAW1,279,0.0037
SHISA2,279,0.0037
GIPC1,279,0.0037
IGSF11,278,0.0037
KAZALD1,278,0.0037
HEYL,278,0.0037
ZPBP2,278,0.0037
PRAMEF19,278,0.0037
MRS2,278,0.0037
DRD2,278,0.0037
OPTC,278,0.0037
CEACAM8,278,0.0037
QPCTL,278,0.0037
CPO,278,0.0037
ANXA9,278,0.0037
UAP1L1,278,0.0037
SDR39U1,278,0.0037
CHST13,278,0.0037
CDRT15L2,278,0.0037
F2RL2,278,0.0037
UTP3,278,0.0037
GYG1,278,0.0037
PARD6G,278,0.0037
CCDC24,278,0.0037
POMT1,278,0.0037
RAB3IL1,278,0.0037
ZNF684,278,0.0037
ALX3,278,0.0037
TMEM119,277,0.0036
BMP10,277,0.0036
OR7A5,277,0.0036
CDC37L1,277,0.0036
AMBP,277,0.0036
TUSC3,277,0.0036
ZBTB8B,277,0.0036
MAP3K8,277,0.0036
BARX2,277,0.0036
IVNS1ABP,277,0.0036
GNB1L,277,0.0036
GTPBP6,277,0.0036
PELI2,277,0.0036
C9orf50,277,0.0036
NPTX2,277,0.0036
CLEC11A,277,0.0036
LRRC53,277,0.0036
APOA4,277,0.0036
ZNF501,277,0.0036
FHL5,277,0.0036
PRSS38,277,0.0036
DTNA,277,0.0036
KLHDC1,277,0.0036
WIPI1,277,0.0036
TBC1D7,277,0.0036
PDE1B,277,0.0036
MAPK12,277,0.0036
NELFE,277,0.0036
ZSWIM9,277,0.0036
PEX2,277,0.0036
FLACC1,277,0.0036
ACP5,277,0.0036
ALKBH4,277,0.0036
IFNGR2,277,0.0036
NKX6-2,277,0.0036
AMDHD1,276,0.0036
OPRD1,276,0.0036
CCN1,276,0.0036
KLHL42,276,0.0036
PRSS23,276,0.0036
SERPINB6,276,0.0036
LCAT,276,0.0036
ALDH3A1,276,0.0036
FSD1L,276,0.0036
FBXW7,276,0.0036
RCOR1,276,0.0036
ALX1,276,0.0036
CDK17,276,0.0036
ICOSLG,276,0.0036
ZNF691,276,0.0036
STN1,276,0.0036
PLAUR,276,0.0036
FARSA,276,0.0036
LIPH,276,0.0036
FHL3,276,0.0036
IP6K1,276,0.0036
BIRC7,275,0.0036
TTC5,275,0.0036
FCGR3A,275,0.0036
RASSF8,275,0.0036
FCN1,275,0.0036
RMND5B,275,0.0036
CWC25,275,0.0036
AP2A1,275,0.0036
KIN,275,0.0036
PBX2,275,0.0036
FAM120C,275,0.0036
AGO2,275,0.0036
CYSLTR2,275,0.0036
LYSMD4,275,0.0036
GDPGP1,275,0.0036
RBM48,275,0.0036
MT-ND5,275,0.0036
VSTM4,275,0.0036
OR4K13,275,0.0036
ELF4,275,0.0036
SEC14L6,275,0.0036
RDH14,275,0.0036
SFRP4,275,0.0036
ZDHHC17,275,0.0036
GXYLT1,275,0.0036
OR56A5,275,0.0036
ZNF506,275,0.0036
SHISA9,274,0.0036
GNB3,274,0.0036
UTP14A,274,0.0036
VN1R1,274,0.0036
HYAL3,274,0.0036
FAM172A,274,0.0036
C1orf198,274,0.0036
RNF151,274,0.0036
VSIG4,274,0.0036
INPP4A,274,0.0036
SLAMF8,274,0.0036
FGG,274,0.0036
MYG1,274,0.0036
NALF2,274,0.0036
NKX2-3,274,0.0036
RBMS2,274,0.0036
TRAF1,274,0.0036
VPS37B,274,0.0036
OR2F1,274,0.0036
OR6B2,274,0.0036
SLC38A1,274,0.0036
LEFTY2,274,0.0036
RTL3,274,0.0036
TBX22,274,0.0036
VASH2,274,0.0036
AKAP5,273,0.0036
SLC49A3,273,0.0036
THAP7,273,0.0036
OR2AT4,273,0.0036
SSTR2,273,0.0036
STBD1,273,0.0036
TMEM229A,273,0.0036
TUFM,273,0.0036
HOXC11,273,0.0036
OR5H2,273,0.0036
CTBS,273,0.0036
TBC1D19,273,0.0036
GIMAP2,273,0.0036
CERS5,273,0.0036
OR13C4,273,0.0036
DDX53,273,0.0036
ULBP2,273,0.0036
OR2K2,273,0.0036
CCDC137,273,0.0036
MAF,273,0.0036
SLC25A32,273,0.0036
KRTAP10-8,273,0.0036
EN1,273,0.0036
PLAG1,273,0.0036
P4HA3,272,0.0036
TERF2,272,0.0036
TRIM26,272,0.0036
CABP4,272,0.0036
WDFY1,272,0.0036
CCDC3,272,0.0036
OR6C75,272,0.0036
MSANTD2,272,0.0036
OR6V1,272,0.0036
DPH2,272,0.0036
AAMP,272,0.0036
EDC3,272,0.0036
DDX5,272,0.0036
CDC14B,272,0.0036
VCX3B,272,0.0036
SLC16A2,272,0.0036
ZNF174,272,0.0036
GORASP2,272,0.0036
PIP5K1A,272,0.0036
TTC29,272,0.0036
INHA,272,0.0036
KCNJ10,272,0.0036
TRABD,272,0.0036
GRINA,272,0.0036
CNOT4,272,0.0036
ELP4,272,0.0036
MS4A1,272,0.0036
UBAP1L,272,0.0036
ABHD4,272,0.0036
DNASE1L3,272,0.0036
MEOX1,272,0.0036
PSKH1,272,0.0036
ANKRD16,272,0.0036
RIPK2,272,0.0036
PTPN6,272,0.0036
MTFR2,272,0.0036
RSRC1,272,0.0036
FAR2,272,0.0036
UPK1A,271,0.0036
CA5A,271,0.0036
SELENOV,271,0.0036
MTERF3,271,0.0036
SULT1A1,271,0.0036
CRY2,271,0.0036
SPRED3,271,0.0036
SLC25A19,271,0.0036
ME3,271,0.0036
KDM8,271,0.0036
CIMAP1D,271,0.0036
TKT,271,0.0036
PMPCB,271,0.0036
NAT16,271,0.0036
NFIA,271,0.0036
HOXB1,271,0.0036
OR5AP2,271,0.0036
NFKBIA,271,0.0036
RNLS,271,0.0036
PIK3R3,271,0.0036
GBX1,271,0.0036
ADPRS,271,0.0036
ACTL8,271,0.0036
TPSB2,271,0.0036
PTGER3,271,0.0036
PCGF2,271,0.0036
DMAP1,271,0.0036
DRD1,271,0.0036
UBQLN2,271,0.0036
PLRG1,271,0.0036
ZNF713,271,0.0036
TBC1D3B,271,0.0036
MTERF4,271,0.0036
RNMT,271,0.0036
MUL1,271,0.0036
PRKAR1A,270,0.0035
GMCL2,270,0.0035
SLC30A8,270,0.0035
HTATSF1,270,0.0035
STK17A,270,0.0035
IL12B,270,0.0035
TMEM200B,270,0.0035
SFRP5,270,0.0035
HEPACAM,270,0.0035
OR7C2,270,0.0035
TRAM1L1,270,0.0035
PRPF39,270,0.0035
DKK3,270,0.0035
GPR21,270,0.0035
ART3,270,0.0035
BPNT2,270,0.0035
EIF2S3B,270,0.0035
HOXC10,270,0.0035
SCYL3,270,0.0035
CCN3,270,0.0035
CYTH4,270,0.0035
PYGO2,270,0.0035
TRMU,270,0.0035
NUDT12,270,0.0035
MTERF2,270,0.0035
SLC25A20,270,0.0035
ANGPTL4,269,0.0035
HFE,269,0.0035
CIAO3,269,0.0035
KLHDC8A,269,0.0035
HS3ST4,269,0.0035
FOXQ1,269,0.0035
SGK2,269,0.0035
IL10RB,269,0.0035
HOXA9,269,0.0035
MGME1,269,0.0035
OR1G1,269,0.0035
CTSA,269,0.0035
DDB2,269,0.0035
PLS3,269,0.0035
WIF1,269,0.0035
HERPUD1,269,0.0035
BHLHE22,269,0.0035
UBE3D,269,0.0035
IQCK,269,0.0035
GPR25,269,0.0035
FEZF2,269,0.0035
RORA,269,0.0035
OR5A1,269,0.0035
CMKLR2,269,0.0035
RXRG,268,0.0035
RHOT1,268,0.0035
KRTAP10-10,268,0.0035
FAM131A,268,0.0035
STEAP1,268,0.0035
FFAR4,268,0.0035
DLG4,268,0.0035
HDGFL1,268,0.0035
NDN,268,0.0035
RASSF5,268,0.0035
GTF2E1,268,0.0035
BTBD17,268,0.0035
GPR141,268,0.0035
GABRE,268,0.0035
ETS2,268,0.0035
USP17L4,268,0.0035
OR4P4,268,0.0035
OXNAD1,268,0.0035
TMEM156,268,0.0035
BMP7,268,0.0035
NEUROG1,268,0.0035
BMX,268,0.0035
EVPLL,268,0.0035
ABHD5,268,0.0035
PDCD2,268,0.0035
TMEM30B,268,0.0035
XRCC5,267,0.0035
CORO2B,267,0.0035
AK8,267,0.0035
HS6ST1,267,0.0035
AIMP1,267,0.0035
ALDH3B1,267,0.0035
NR6A1,267,0.0035
GPN1,267,0.0035
ZNF525,267,0.0035
SLC6A14,267,0.0035
ACAD9,267,0.0035
OR6M1,267,0.0035
C12orf4,267,0.0035
OR7E24,267,0.0035
GDF3,267,0.0035
BARHL1,267,0.0035
CLIP3,267,0.0035
IGHV3-15,267,0.0035
PNMA2,267,0.0035
EGFL6,267,0.0035
CLPB,267,0.0035
HSD11B2,267,0.0035
TMEM270,267,0.0035
SNX20,267,0.0035
SCPEP1,267,0.0035
AAGAB,267,0.0035
GORAB,267,0.0035
HSD3B2,266,0.0035
FNBP1L,266,0.0035
INTS14,266,0.0035
PENK,266,0.0035
ICAM2,266,0.0035
GJA4,266,0.0035
DCLK1,266,0.0035
HOMER3,266,0.0035
B4GAT1,266,0.0035
COQ9,266,0.0035
CYFIP2,266,0.0035
TMIGD1,266,0.0035
DNAJB1,266,0.0035
LSM14A,266,0.0035
CEACAM6,266,0.0035
ACR,266,0.0035
SGCB,266,0.0035
STOML1,266,0.0035
TCAF1,266,0.0035
IGHM,266,0.0035
LIPM,266,0.0035
EXOSC9,266,0.0035
LRRC25,266,0.0035
ARMC12,266,0.0035
ZSCAN9,266,0.0035
CNR1,266,0.0035
PRR23C,266,0.0035
RASSF4,266,0.0035
CCDC69,266,0.0035
SNAPC1,266,0.0035
MAGEA3,265,0.0035
SLC25A52,265,0.0035
KCNA6,265,0.0035
CLMP,265,0.0035
NDFIP2,265,0.0035
CCDC70,265,0.0035
CNOT11,265,0.0035
TTLL1,265,0.0035
CLK4,265,0.0035
OR14C36,265,0.0035
ANGPT2,265,0.0035
SPATA4,265,0.0035
KRTAP10-12,265,0.0035
LEFTY1,265,0.0035
KLHL12,265,0.0035
TMEM176B,265,0.0035
HSPD1,265,0.0035
SCCPDH,265,0.0035
IGHV5-51,265,0.0035
VEGFC,265,0.0035
PRR23E,265,0.0035
DUOXA1,265,0.0035
TUBGCP4,265,0.0035
NDUFA9,265,0.0035
COQ4,265,0.0035
PPP2R1A,265,0.0035
SLC51A,265,0.0035
SMAD7,265,0.0035
CHKB,265,0.0035
ADORA3,265,0.0035
GPR52,265,0.0035
GPR3,265,0.0035
CLDN9,264,0.0035
NKAPL,264,0.0035
TMEM120A,264,0.0035
FOXE1,264,0.0035
LRRTM2,264,0.0035
SIRPB2,264,0.0035
BCCIP,264,0.0035
OR2G3,264,0.0035
OR4D2,264,0.0035
SAMSN1,264,0.0035
ZDHHC12,264,0.0035
SPHK1,264,0.0035
OR7G2,264,0.0035
ALDH8A1,264,0.0035
F2RL1,264,0.0035
RSPO4,264,0.0035
NAE1,264,0.0035
P4HTM,264,0.0035
OR2V2,264,0.0035
HAGH,264,0.0035
RSRP1,264,0.0035
CDADC1,264,0.0035
LHX1,264,0.0035
DFFA,264,0.0035
GPR18,264,0.0035
RIPK4,264,0.0035
COX15,264,0.0035
GCNT4,263,0.0035
PON3,263,0.0035
H1-7,263,0.0035
DLK2,263,0.0035
RITA1,263,0.0035
KATNAL1,263,0.0035
SERHL2,263,0.0035
GALR3,263,0.0035
LPAR6,263,0.0035
STK25,263,0.0035
TXNDC11,263,0.0035
AGTR1,263,0.0035
WDR12,263,0.0035
AGPS,263,0.0035
PDCD7,263,0.0035
CACNG5,263,0.0035
SLC30A2,263,0.0035
TMEM184B,263,0.0035
STK3,263,0.0035
DUSP5,263,0.0035
LANCL1,263,0.0035
SLC25A10,263,0.0035
EXOC7,263,0.0035
CHL1,263,0.0035
SLC35F2,263,0.0035
ODAM,263,0.0035
SCD5,263,0.0035
PAQR6,263,0.0035
CRHR1,263,0.0035
ZNF365,263,0.0035
OR2A12,263,0.0035
OR6C76,263,0.0035
RMND1,262,0.0034
E2F4,262,0.0034
ATP6V1C2,262,0.0034
NPY2R,262,0.0034
LEMD2,262,0.0034
DDX47,262,0.0034
CNR2,262,0.0034
MCAT,262,0.0034
PHF19,262,0.0034
GAPDHS,262,0.0034
KCTD20,262,0.0034
MRPL38,262,0.0034
FNDC8,262,0.0034
IBSP,262,0.0034
HOXD9,262,0.0034
TAS2R3,262,0.0034
TMEM44,262,0.0034
AADACL2,262,0.0034
CSN2,262,0.0034
DFFB,262,0.0034
SIGLEC15,262,0.0034
TMPRSS11D,262,0.0034
METTL3,262,0.0034
ERG,262,0.0034
AKR1C3,262,0.0034
F2R,262,0.0034
ARSH,262,0.0034
ARMH1,262,0.0034
ZWINT,262,0.0034
RCCD1,262,0.0034
MRPL3,261,0.0034
MID1,261,0.0034
CEP43,261,0.0034
DEDD2,261,0.0034
GSS,261,0.0034
TMEM183A,261,0.0034
POLR1E,261,0.0034
RNF130,261,0.0034
HLA-DRB5,261,0.0034
IGHV2-5,261,0.0034
RNF133,261,0.0034
GJB1,261,0.0034
UHMK1,261,0.0034
AKT2,261,0.0034
GRXCR2,261,0.0034
KRTAP10-2,261,0.0034
USP3,261,0.0034
PAQR7,261,0.0034
PDK4,261,0.0034
SESN2,261,0.0034
LPAR2,261,0.0034
MAP2K1,261,0.0034
TDRD10,261,0.0034
ZBTB2,261,0.0034
CHID1,261,0.0034
FAM110B,261,0.0034
LAMP5,261,0.0034
NKX2-2,261,0.0034
EDN3,261,0.0034
CCZ1B,260,0.0034
IGF2BP1,260,0.0034
CDS1,260,0.0034
ABT1,260,0.0034
EGFL7,260,0.0034
IER5L,260,0.0034
UGP2,260,0.0034
ALG9,260,0.0034
C22orf31,260,0.0034
MARCKS,260,0.0034
SOCS4,260,0.0034
GPR19,260,0.0034
SYCE1,260,0.0034
JMJD6,260,0.0034
SLC35E1,260,0.0034
LIN9,260,0.0034
CEP44,260,0.0034
FPR2,260,0.0034
TECTB,260,0.0034
PRSS21,260,0.0034
SLC25A31,260,0.0034
PDCD1LG2,260,0.0034
XKR8,260,0.0034
KRR1,260,0.0034
OR1Q1,260,0.0034
HENMT1,260,0.0034
OR8G1,260,0.0034
SULT6B1,260,0.0034
TEX52,260,0.0034
OR13C8,260,0.0034
CCDC97,260,0.0034
GPR139,260,0.0034
PLPP7,260,0.0034
TANK,260,0.0034
TOR1AIP2,259,0.0034
NCR2,259,0.0034
OXGR1,259,0.0034
NIPAL1,259,0.0034
MICU2,259,0.0034
HSPA13,259,0.0034
CYB5RL,259,0.0034
METRNL,259,0.0034
UTP15,259,0.0034
HSPBP1,259,0.0034
ACOT1,259,0.0034
GLS,259,0.0034
MOCS3,259,0.0034
OR7D2,259,0.0034
KLHL7,259,0.0034
PSRC1,259,0.0034
WDFY2,259,0.0034
TEX13C,259,0.0034
TCP11L1,259,0.0034
UAP1,259,0.0034
TNIP3,259,0.0034
CHPT1,259,0.0034
SNX15,259,0.0034
PLEKHA8,259,0.0034
B3GALT6,259,0.0034
NIFK,258,0.0034
SNAP29,258,0.0034
CIART,258,0.0034
DBN1,258,0.0034
OR2B6,258,0.0034
MAGED1,258,0.0034
PRKAA1,258,0.0034
MRPS27,258,0.0034
SUSD6,258,0.0034
RRS1,258,0.0034
ADARB1,258,0.0034
OR8B4,258,0.0034
NMT2,258,0.0034
NPTX1,258,0.0034
XKR3,258,0.0034
OMG,258,0.0034
TREML2,258,0.0034
ZC3H10,258,0.0034
TRAF4,258,0.0034
ANKRD10,258,0.0034
ANGPTL5,258,0.0034
FIZ1,258,0.0034
DNAJC3,258,0.0034
OR5A2,257,0.0034
TAS2R5,257,0.0034
SFTPD,257,0.0034
XPA,257,0.0034
INPP5B,257,0.0034
SARAF,257,0.0034
SERPINE3,257,0.0034
OR2M4,257,0.0034
MAP2K5,257,0.0034
MINDY3,257,0.0034
CCNK,257,0.0034
P2RY12,257,0.0034
HNRNPLL,257,0.0034
SLITRK4,257,0.0034
LRRC75B,257,0.0034
LRCH2,257,0.0034
LIPK,257,0.0034
B3GNT2,257,0.0034
STX11,257,0.0034
CDC23,257,0.0034
EZH1,257,0.0034
ELL3,256,0.0034
FGL1,256,0.0034
SYNCRIP,256,0.0034
TEX26,256,0.0034
FAM220A,256,0.0034
VEZF1,256,0.0034
TM6SF1,256,0.0034
L3HYPDH,256,0.0034
OPA1,256,0.0034
NPEPL1,256,0.0034
ZNF80,256,0.0034
SMAP2,256,0.0034
PLEK2,256,0.0034
BTK,256,0.0034
RELL2,256,0.0034
NEMP1,256,0.0034
HNRNPL,256,0.0034
MEDAG,256,0.0034
DCAF12,256,0.0034
HSPBAP1,256,0.0034
ZBTB8A,256,0.0034
YJEFN3,256,0.0034
OR14A16,256,0.0034
KLF12,256,0.0034
OR8B12,256,0.0034
TMEM74,256,0.0034
TXLNG,256,0.0034
CLRN1,256,0.0034
TERF1,256,0.0034
LPCAT3,256,0.0034
PAAF1,256,0.0034
OR8B8,256,0.0034
IGLON5,256,0.0034
CD72,255,0.0033
LAP3,255,0.0033
INKA2,255,0.0033
BCKDK,255,0.0033
AADAC,255,0.0033
CUL3,255,0.0033
CADM3,255,0.0033
LTBR,255,0.0033
GPR160,255,0.0033
HTRA4,255,0.0033
ECI2,255,0.0033
GXYLT2,255,0.0033
CWF19L1,255,0.0033
HEY2,255,0.0033
GAS7,255,0.0033
REM1,255,0.0033
ST8SIA6,255,0.0033
CCNL1,255,0.0033
OR56A3,255,0.0033
TMEM268,255,0.0033
ATF2,255,0.0033
SURF1,255,0.0033
ULBP1,255,0.0033
SLC25A21,255,0.0033
SRPX2,255,0.0033
CELF6,255,0.0033
PRR23A,255,0.0033
FCN2,255,0.0033
TCAIM,255,0.0033
FCMR,255,0.0033
WDR74,255,0.0033
YIPF1,255,0.0033
ANXA2,255,0.0033
GLRA1,255,0.0033
CHRM1,255,0.0033
IGLV3-21,255,0.0033
WDR83,255,0.0033
POU5F2,255,0.0033
LRRC3,255,0.0033
ME1,255,0.0033
CHST10,255,0.0033
NIPAL2,254,0.0033
MRPS5,254,0.0033
TREML1,254,0.0033
LILRA5,254,0.0033
CCR9,254,0.0033
BCL3,254,0.0033
VGLL3,254,0.0033
TBRG1,254,0.0033
KLHDC9,254,0.0033
ABRAXAS2,254,0.0033
KRTAP4-9,254,0.0033
ZNF821,254,0.0033
FADS3,254,0.0033
IGKV3-15,254,0.0033
DDX3X,254,0.0033
UQCRC1,254,0.0033
LEF1,254,0.0033
TMEM177,254,0.0033
CARHSP1,254,0.0033
IGHV3-21,254,0.0033
PTCRA,254,0.0033
TRPM3,254,0.0033
OXCT2,254,0.0033
TBC1D20,254,0.0033
TAS2R39,254,0.0033
SPP2,254,0.0033
OR8D2,254,0.0033
WFDC1,254,0.0033
HTR1E,254,0.0033
ST6GALNAC2,254,0.0033
GDF7,253,0.0033
NIF3L1,253,0.0033
ANKRD61,253,0.0033
PARP16,253,0.0033
WARS1,253,0.0033
NAAA,253,0.0033
CD207,253,0.0033
QRSL1,253,0.0033
HPN,253,0.0033
BTBD1,253,0.0033
FMR1,253,0.0033
PHF7,253,0.0033
CCT3,253,0.0033
TMEM38B,253,0.0033
OR5B21,253,0.0033
TDP2,253,0.0033
AZIN2,253,0.0033
TAS2R41,253,0.0033
NSMCE3,253,0.0033
OSTM1,253,0.0033
RIMS3,253,0.0033
OR1L8,253,0.0033
TRIM11,253,0.0033
TRHR,253,0.0033
CXXC5,252,0.0033
EGFL8,252,0.0033
TAL1,252,0.0033
FN3KRP,252,0.0033
STRBP,252,0.0033
STK39,252,0.0033
DCAF10,252,0.0033
FAM110C,252,0.0033
ZYG11B,252,0.0033
LCK,252,0.0033
B4GALT3,252,0.0033
PEX5L,252,0.0033
SLC7A6OS,252,0.0033
NDRG2,252,0.0033
FEM1C,252,0.0033
AGO1,252,0.0033
FBXO21,252,0.0033
OR1E1,252,0.0033
CEACAM21,252,0.0033
C1orf174,252,0.0033
PPP1R3C,252,0.0033
KRTAP24-1,252,0.0033
IFIT2,252,0.0033
FKBP4,251,0.0033
ZNF660,251,0.0033
WASL,251,0.0033
NMRAL1,251,0.0033
FCGR1A,251,0.0033
TFEC,251,0.0033
NR2C2,251,0.0033
ZNF410,251,0.0033
SLC35E3,251,0.0033
RALGPS1,251,0.0033
CCT6B,251,0.0033
FOXI2,251,0.0033
CRELD2,251,0.0033
SLC25A1,251,0.0033
FAM43A,251,0.0033
SPACA1,251,0.0033
DNAJC30,251,0.0033
CSNK1A1L,251,0.0033
VPS37C,251,0.0033
TIA1,251,0.0033
CPNE4,251,0.0033
RABGEF1,251,0.0033
RSAD2,251,0.0033
CTAGE15,251,0.0033
NMI,251,0.0033
CYBB,251,0.0033
OR1J4,250,0.0033
TBPL2,250,0.0033
RNPS1,250,0.0033
GPR55,250,0.0033
SCRN3,250,0.0033
TAB3,250,0.0033
E2F1,250,0.0033
PPHLN1,250,0.0033
VTA1,250,0.0033
C16orf78,250,0.0033
YBX2,250,0.0033
SNUPN,250,0.0033
CYTIP,250,0.0033
FBXL12,250,0.0033
CYBA,250,0.0033
GNAT1,250,0.0033
DLX5,250,0.0033
SULT1A2,250,0.0033
TRPC5,250,0.0033
SUCLA2,250,0.0033
GTPBP10,250,0.0033
LSM14B,250,0.0033
HSF2BP,250,0.0033
LHX2,250,0.0033
PAK2,249,0.0033
RUNX3,249,0.0033
KCND1,249,0.0033
SLC25A2,249,0.0033
RBM46,249,0.0033
LYVE1,249,0.0033
OR6N2,249,0.0033
ATRAID,249,0.0033
LDLRAP1,249,0.0033
KPNA5,249,0.0033
CHN1,249,0.0033
AURKB,249,0.0033
CD200R1,249,0.0033
FGR,249,0.0033
BPIFA3,249,0.0033
DPF3,249,0.0033
BEND5,249,0.0033
MRPL28,249,0.0033
BASP1,249,0.0033
ZNF362,249,0.0033
OR2T10,249,0.0033
FBXO2,249,0.0033
PCBP4,249,0.0033
MMP16,249,0.0033
CDC40,249,0.0033
ZDHHC24,249,0.0033
MSX2,249,0.0033
MOAP1,249,0.0033
TSEN34,249,0.0033
PARM1,249,0.0033
POMC,249,0.0033
HOXD11,249,0.0033
GEM,249,0.0033
SGK3,249,0.0033
EIF3L,249,0.0033
SPRYD3,248,0.0033
OR12D2,248,0.0033
CCNB1,248,0.0033
SMYD5,248,0.0033
ESRRA,248,0.0033
MRPS9,248,0.0033
SLC30A1,248,0.0033
CENPN,248,0.0033
PFKFB4,248,0.0033
OR2B3,248,0.0033
PTPN7,248,0.0033
TMEM179B,248,0.0033
FAXDC2,248,0.0033
GAD2,248,0.0033
PCOLCE2,248,0.0033
OMD,248,0.0033
INPP5A,248,0.0033
SPATA31D4,248,0.0033
SUPT7L,248,0.0033
ZDHHC19,248,0.0033
DXO,248,0.0033
AQP4,248,0.0033
BTN3A2,248,0.0033
TRIM23,248,0.0033
OR6C65,248,0.0033
RASGEF1B,248,0.0033
RPP38,248,0.0033
ORC6,248,0.0033
SRPX,248,0.0033
SYT11,248,0.0033
SPATA22,248,0.0033
DRGX,248,0.0033
FAM221A,248,0.0033
LRRC52,248,0.0033
SERPINB5,247,0.0032
B4GALT1,247,0.0032
GPR137,247,0.0032
CHEK1,247,0.0032
ME2,247,0.0032
ATF7,247,0.0032
PNRC1,247,0.0032
FAM170B,247,0.0032
ISX,247,0.0032
PPID,247,0.0032
NUS1,247,0.0032
OR6F1,247,0.0032
SVOP,247,0.0032
ADAP1,247,0.0032
FAR1,247,0.0032
DENND6A,247,0.0032
TAS2R42,247,0.0032
POF1B,247,0.0032
RNASEH1,247,0.0032
PGAP3,247,0.0032
C5orf22,247,0.0032
RNF145,247,0.0032
CSTPP1,247,0.0032
KLHDC2,247,0.0032
STAP1,247,0.0032
CCT5,247,0.0032
SRD5A2,247,0.0032
NFIL3,247,0.0032
WAS,247,0.0032
CPB2,247,0.0032
GRXCR1,247,0.0032
ZNF704,246,0.0032
HMX2,246,0.0032
ACOX2,246,0.0032
ANKRD34A,246,0.0032
ASPHD1,246,0.0032
FIP1L1,246,0.0032
ZNF787,246,0.0032
MRGPRG,246,0.0032
ORC5,246,0.0032
PEX3,246,0.0032
PRR11,246,0.0032
OR4K14,246,0.0032
FAM98C,246,0.0032
TIGD1,246,0.0032
DCAF13,246,0.0032
ZDHHC18,246,0.0032
GUCY1B1,246,0.0032
THAP8,246,0.0032
GATA1,246,0.0032
R3HDM4,246,0.0032
CPE,246,0.0032
LUC7L,246,0.0032
NFE2,246,0.0032
PIGK,246,0.0032
MRPL2,246,0.0032
BPIFA1,246,0.0032
PRKCB,246,0.0032
LDLRAD4,246,0.0032
SRSF8,246,0.0032
IL1RAPL1,246,0.0032
CACNB4,246,0.0032
AGBL4,246,0.0032
LAS1L,246,0.0032
DLX2,246,0.0032
P2RX4,246,0.0032
HADHB,246,0.0032
TSPYL5,245,0.0032
NKX3-1,245,0.0032
SNTB2,245,0.0032
DHH,245,0.0032
HSDL1,245,0.0032
HSD17B1,245,0.0032
THRB,245,0.0032
TRAF6,245,0.0032
NUDT22,245,0.0032
OR6C74,245,0.0032
A1CF,245,0.0032
CD82,245,0.0032
G3BP1,245,0.0032
PAX5,245,0.0032
OR14J1,245,0.0032
SLC35D2,245,0.0032
PBX3,245,0.0032
IGLV2-14,245,0.0032
OR2V1,245,0.0032
LTB4R,245,0.0032
PSMB11,245,0.0032
GALE,245,0.0032
MRPS31,245,0.0032
NOCT,245,0.0032
OTUD3,245,0.0032
MTRF1,245,0.0032
SUCLG2,245,0.0032
BAAT,245,0.0032
TFDP1,244,0.0032
MATN4,244,0.0032
ANXA1,244,0.0032
REPS2,244,0.0032
ERVMER34-1,244,0.0032
SPESP1,244,0.0032
HOXA7,244,0.0032
AMIGO1,244,0.0032
TFDP2,244,0.0032
BNIP2,244,0.0032
TNFRSF14,244,0.0032
PSMD8,244,0.0032
RTCB,244,0.0032
MBTD1,244,0.0032
KCTD16,244,0.0032
CNTFR,244,0.0032
DACH2,244,0.0032
ITLN2,244,0.0032
LRRC55,244,0.0032
NPHS2,244,0.0032
GLYAT,244,0.0032
ARSD,244,0.0032
SGMS2,244,0.0032
ACTA2,244,0.0032
HOXD4,244,0.0032
AKR1C1,244,0.0032
PPFIBP1,243,0.0032
ISL2,243,0.0032
AZI2,243,0.0032
FOS,243,0.0032
MCHR2,243,0.0032
TBC1D22B,243,0.0032
IGHV4-31,243,0.0032
PDSS1,243,0.0032
DNASE2B,243,0.0032
NAT2,243,0.0032
BPIFA2,243,0.0032
P2RY13,243,0.0032
TAS2R40,243,0.0032
KLHL20,243,0.0032
PAF1,243,0.0032
CCT8,243,0.0032
KCNK3,243,0.0032
DAO,243,0.0032
MRPL39,243,0.0032
GZMM,243,0.0032
OR2W1,243,0.0032
EQTN,243,0.0032
DUSP6,243,0.0032
RAD23A,243,0.0032
MEIOSIN,243,0.0032
RNF115,243,0.0032
RTP2,243,0.0032
VPS72,243,0.0032
OXSR1,243,0.0032
FOXR1,243,0.0032
ESRP2,243,0.0032
OR7G3,243,0.0032
DKKL1,242,0.0032
HOXC13,242,0.0032
B3GNT3,242,0.0032
USP14,242,0.0032
PTGFR,242,0.0032
CCDC59,242,0.0032
CCDC6,242,0.0032
GPR101,242,0.0032
B3GAT2,242,0.0032
GIMAP6,242,0.0032
SOHLH2,242,0.0032
NUBP1,242,0.0032
OR2B2,242,0.0032
SERPINI2,242,0.0032
DDRGK1,242,0.0032
DCP2,242,0.0032
AUNIP,242,0.0032
LDLRAD2,242,0.0032
GNA15,242,0.0032
KHDRBS1,242,0.0032
PITX1,242,0.0032
RDH11,242,0.0032
SMYD3,242,0.0032
AFMID,242,0.0032
SPOPL,242,0.0032
GNA14,241,0.0032
DLX3,241,0.0032
PAK1IP1,241,0.0032
RNASET2,241,0.0032
ENC1,241,0.0032
FGL2,241,0.0032
MMAA,241,0.0032
MAFA,241,0.0032
PAFAH2,241,0.0032
FAM216A,241,0.0032
LHX5,241,0.0032
GRAMD2B,241,0.0032
SIX3,241,0.0032
RNF14,241,0.0032
WDR5B,241,0.0032
RHBDL2,241,0.0032
CDC37,241,0.0032
AGO3,241,0.0032
CELA3B,241,0.0032
TAS2R1,241,0.0032
TMEM19,241,0.0032
PRMT6,241,0.0032
CCDC68,241,0.0032
ACY1,241,0.0032
PGK1,241,0.0032
TOB2,241,0.0032
ITM2C,240,0.0032
LRATD2,240,0.0032
NXN,240,0.0032
OR13G1,240,0.0032
SEPTIN1,240,0.0032
EPYC,240,0.0032
GK5,240,0.0032
LRRC10,240,0.0032
SLC66A1,240,0.0032
TMX3,240,0.0032
CLEC4M,240,0.0032
SUCNR1,240,0.0032
ALDH2,240,0.0032
HSD17B7,240,0.0032
OR7C1,240,0.0032
HOXA11,240,0.0032
IGHV3-33,240,0.0032
TMEM59L,240,0.0032
CHST1,239,0.0031
RGS6,239,0.0031
FOSL2,239,0.0031
LURAP1L,239,0.0031
NKX1-2,239,0.0031
HOXC12,239,0.0031
SLC25A33,239,0.0031
NUP54,239,0.0031
INSYN1,239,0.0031
RASGEF1A,239,0.0031
NRL,239,0.0031
UBL7,239,0.0031
WDR44,239,0.0031
LDHAL6B,239,0.0031
SERTAD2,239,0.0031
GSX2,239,0.0031
ATP6V1B2,239,0.0031
TAS2R4,239,0.0031
CPQ,239,0.0031
CCR2,239,0.0031
ABHD6,239,0.0031
GDE1,239,0.0031
ACCS,239,0.0031
ZFP36,239,0.0031
SEC14L2,239,0.0031
HAT1,239,0.0031
KLLN,239,0.0031
PTGES2,239,0.0031
BBS5,239,0.0031
VCX3A,238,0.0031
STK38,238,0.0031
ANKDD1B,238,0.0031
CERS2,238,0.0031
DCAF8L2,238,0.0031
ANKRD23,238,0.0031
QNG1,238,0.0031
IK,238,0.0031
ACTRT3,238,0.0031
RNF212,238,0.0031
NEUROG2,238,0.0031
SBK1,238,0.0031
KCNF1,238,0.0031
THAP5,238,0.0031
XCR1,238,0.0031
GLT8D2,238,0.0031
MS4A10,238,0.0031
KCNK16,238,0.0031
AEBP2,238,0.0031
PTAFR,238,0.0031
CHKA,238,0.0031
RCE1,238,0.0031
PABPC4,238,0.0031
STX5,238,0.0031
XAF1,238,0.0031
APOF,238,0.0031
MAGEB6,238,0.0031
OR11A1,238,0.0031
SMARCD3,238,0.0031
ZC2HC1A,238,0.0031
TRH,238,0.0031
NSUN3,237,0.0031
OR6B1,237,0.0031
ALG1L2,237,0.0031
UNG,237,0.0031
TALDO1,237,0.0031
FOXD1,237,0.0031
C6orf47,237,0.0031
ZNF121,237,0.0031
SRSF11,237,0.0031
FKBP5,237,0.0031
BEAN1,237,0.0031
PELO,237,0.0031
C2orf69,237,0.0031
CGRRF1,237,0.0031
HERPUD2,237,0.0031
RNF175,237,0.0031
NLGN3,237,0.0031
PDLIM1,237,0.0031
BAG5,237,0.0031
SLAMF1,237,0.0031
OXSM,237,0.0031
ANKS4B,237,0.0031
TRMT10A,237,0.0031
TMBIM1,236,0.0031
AP3M2,236,0.0031
GLT6D1,236,0.0031
NFIB,236,0.0031
IGKV5-2,236,0.0031
ARC,236,0.0031
HMBS,236,0.0031
HLA-F,236,0.0031
CELA3A,236,0.0031
LRRC28,236,0.0031
PNMA1,236,0.0031
NAPEPLD,236,0.0031
SPTLC1,236,0.0031
TSGA13,236,0.0031
RLIM,236,0.0031
KIF2A,236,0.0031
GIMAP1,236,0.0031
DRAXIN,236,0.0031
ELOVL4,236,0.0031
SAPCD2,236,0.0031
CBLL2,236,0.0031
RBMS1,236,0.0031
CD27,236,0.0031
PFKFB2,236,0.0031
ZNF688,236,0.0031
OR10J5,236,0.0031
KCNG1,236,0.0031
PLEK,236,0.0031
SP9,236,0.0031
PMM2,236,0.0031
C3orf70,236,0.0031
SMAD1,235,0.0031
MAPKAP1,235,0.0031
CALHM2,235,0.0031
JMJD7,235,0.0031
PSMD3,235,0.0031
TMEM150B,235,0.0031
TMOD4,235,0.0031
CFAP119,235,0.0031
RXRA,235,0.0031
MAPK3,235,0.0031
RFXANK,235,0.0031
NEUROG3,235,0.0031
SLC35F1,235,0.0031
CHRFAM7A,235,0.0031
SLC14A1,235,0.0031
PACC1,235,0.0031
NACC2,235,0.0031
NMT1,235,0.0031
PAQR8,235,0.0031
CD38,235,0.0031
MTM1,235,0.0031
EIPR1,235,0.0031
MYCL,234,0.0031
AZU1,234,0.0031
CPSF3,234,0.0031
CTDSPL2,234,0.0031
OR9A2,234,0.0031
EBI3,234,0.0031
NT5C1A,234,0.0031
TMEM202,234,0.0031
CD37,234,0.0031
FZR1,234,0.0031
NSUN4,234,0.0031
WARS2,234,0.0031
LRRC39,234,0.0031
CDKL1,234,0.0031
CELF4,234,0.0031
HERC4,234,0.0031
TMPRSS12,234,0.0031
AHCYL2,234,0.0031
PMEPA1,234,0.0031
SFTPA2,234,0.0031
MAP2K3,234,0.0031
LMAN2,234,0.0031
NT5DC3,234,0.0031
FOSB,234,0.0031
NUDT18,234,0.0031
NDRG4,234,0.0031
TAS2R38,234,0.0031
THUMPD1,234,0.0031
ACTR10,233,0.0031
UBC,233,0.0031
SHOX2,233,0.0031
CCN6,233,0.0031
ODC1,233,0.0031
OTP,233,0.0031
ASS1,233,0.0031
ARHGAP36,233,0.0031
OR6X1,233,0.0031
PRSS48,233,0.0031
SNRNP70,233,0.0031
CAPN6,233,0.0031
TFAP2C,233,0.0031
COQ3,233,0.0031
B3GALT4,233,0.0031
FAM47E,233,0.0031
SLC35B1,233,0.0031
SH3GL1,233,0.0031
TRIM13,233,0.0031
LRRC59,233,0.0031
TEX13A,233,0.0031
P4HA2,233,0.0031
CXCR5,233,0.0031
TAS2R60,233,0.0031
PIMREG,233,0.0031
FAM110A,233,0.0031
NFKBIL1,233,0.0031
CCT6A,233,0.0031
GPR65,232,0.003
RRM1,232,0.003
CNP,232,0.003
TENT5A,232,0.003
SDSL,232,0.003
FRG2B,232,0.003
RNF8,232,0.003
CNKSR1,232,0.003
MAGEF1,232,0.003
TAS2R50,232,0.003
BNIPL,232,0.003
RIOX2,232,0.003
GPKOW,232,0.003
EMD,232,0.003
DNMT1,232,0.003
ZNF330,232,0.003
LRRC23,232,0.003
GADL1,232,0.003
HOGA1,232,0.003
LRRC3C,232,0.003
NCR3LG1,232,0.003
TSR3,232,0.003
ARMCX2,232,0.003
RFC4,232,0.003
OR1D2,232,0.003
ADPRH,232,0.003
POFUT2,232,0.003
TRIM75,232,0.003
PRELP,232,0.003
TLCD3A,232,0.003
CFHR2,231,0.003
SPTLC2,231,0.003
DIPK2B,231,0.003
CALCRL,231,0.003
TNPO2,231,0.003
DCDC2B,231,0.003
GFRA3,231,0.003
RFPL3,231,0.003
CCR4,231,0.003
EXOG,231,0.003
WDR53,231,0.003
TLE3,231,0.003
PPP1R3D,231,0.003
INO80E,231,0.003
BCS1L,231,0.003
PRRC2C,231,0.003
DENND11,231,0.003
DEK,231,0.003
ST6GAL1,231,0.003
C16orf86,231,0.003
C4orf19,231,0.003
PGLYRP3,231,0.003
YIF1B,231,0.003
PROP1,231,0.003
HSPB8,231,0.003
SLC25A26,231,0.003
MARCHF9,231,0.003
RBM4,231,0.003
ERO1B,231,0.003
SGCG,230,0.003
MLST8,230,0.003
XRCC3,230,0.003
EIF3F,230,0.003
LRRC75A,230,0.003
TSPAN4,230,0.003
AKT1S1,230,0.003
FYTTD1,230,0.003
SRD5A3,230,0.003
METTL2A,230,0.003
RNF34,230,0.003
TP53TG5,230,0.003
GPT2,230,0.003
TNFRSF9,230,0.003
MAK16,230,0.003
POU2AF2,230,0.003
AGXT,230,0.003
IFT56,230,0.003
NGRN,230,0.003
CLDN14,230,0.003
PLCXD3,230,0.003
TCF19,230,0.003
C6orf58,230,0.003
LY6G6F,230,0.003
SHOX,230,0.003
TFE3,230,0.003
GHITM,229,0.003
RALY,229,0.003
AKR1E2,229,0.003
ESRRG,229,0.003
HUS1,229,0.003
HEMK1,229,0.003
SCN1B,229,0.003
MYF5,229,0.003
TOR2A,229,0.003
LRRC2,229,0.003
SORD,229,0.003
FPR3,229,0.003
PRDM12,229,0.003
ICAM4,229,0.003
MRPS35,229,0.003
SFXN5,229,0.003
GLS2,229,0.003
SIX2,229,0.003
GJB5,229,0.003
P2RY8,229,0.003
DGUOK,229,0.003
ID1,229,0.003
ITLN1,229,0.003
KLF3,229,0.003
ZNF575,228,0.003
ABCB7,228,0.003
CNOT6,228,0.003
XIRP2,228,0.003
PILRA,228,0.003
YTHDF3,228,0.003
ZNF157,228,0.003
GAS1,228,0.003
SEC13,228,0.003
DUSP4,228,0.003
MAGEA6,228,0.003
ESX1,228,0.003
CD300LF,228,0.003
EMC10,228,0.003
FUT8,228,0.003
FN3K,228,0.003
KRTAP4-12,228,0.003
C1QTNF2,228,0.003
LSM11,228,0.003
RAX2,228,0.003
MMACHC,228,0.003
AP1M2,228,0.003
TOR1A,228,0.003
ACTR1B,228,0.003
KHK,228,0.003
CCR1,227,0.003
DCAF12L2,227,0.003
PRR27,227,0.003
PCYT2,227,0.003
FOSL1,227,0.003
CD300A,227,0.003
TSPAN12,227,0.003
GDI2,227,0.003
PPIL6,227,0.003
ZNF81,227,0.003
CCR8,227,0.003
SLAMF9,227,0.003
TEAD3,227,0.003
AGPAT2,227,0.003
ERVV-1,227,0.003
SDHB,227,0.003
SUCLG1,227,0.003
ARHGAP8,227,0.003
ARMT1,227,0.003
ENO1,227,0.003
TM4SF20,227,0.003
ANKRD60,227,0.003
RNF146,227,0.003
HEY1,227,0.003
AAR2,227,0.003
RPF1,227,0.003
GLT1D1,227,0.003
DHDH,227,0.003
STAMBP,227,0.003
GIMAP5,226,0.003
MAB21L1,226,0.003
APBB2,226,0.003
BTBD3,226,0.003
RSPRY1,226,0.003
AVPR2,226,0.003
CER1,226,0.003
TFDP3,226,0.003
PDK1,226,0.003
GJC3,226,0.003
RGS7,226,0.003
FLOT2,226,0.003
ARRB1,226,0.003
ENDOV,226,0.003
C8orf76,226,0.003
PGM2L1,226,0.003
ADHFE1,226,0.003
SLC39A1,226,0.003
POTED,226,0.003
KCNK2,226,0.003
CA14,226,0.003
STRADB,226,0.003
WASF2,226,0.003
PARVA,226,0.003
SIX1,226,0.003
SERPINE2,226,0.003
CLEC17A,226,0.003
TWF2,225,0.003
CDC42EP3,225,0.003
GDF15,225,0.003
OLIG3,225,0.003
APH1B,225,0.003
MCRS1,225,0.003
BCL2L14,225,0.003
NDUFAF1,225,0.003
FDPS,225,0.003
GTF2E2,225,0.003
ELF3,225,0.003
RNASEH2B,225,0.003
EFNB3,225,0.003
BTBD10,225,0.003
THPO,225,0.003
RDH5,225,0.003
DTX3,225,0.003
BVES,225,0.003
SLC25A16,225,0.003
ARGFX,225,0.003
DCN,225,0.003
KLC1,225,0.003
P2RX3,225,0.003
GKAP1,225,0.003
TARBP2,225,0.003
SULT1C2,224,0.0029
TST,224,0.0029
NKX2-4,224,0.0029
GAD1,224,0.0029
KYAT1,224,0.0029
PLSCR4,224,0.0029
SYNGR4,224,0.0029
TEFM,224,0.0029
NHEJ1,224,0.0029
PABPC4L,224,0.0029
P2RY4,224,0.0029
LDAH,224,0.0029
PDCD1,224,0.0029
GPRASP3,224,0.0029
SLC30A7,224,0.0029
GLIPR1L2,224,0.0029
TMEM241,224,0.0029
PLPP2,224,0.0029
HAND1,224,0.0029
A3GALT2,224,0.0029
IDH3B,224,0.0029
NECAB3,224,0.0029
MSANTD1,224,0.0029
NUDCD3,224,0.0029
ST3GAL3,224,0.0029
KRTCAP3,224,0.0029
PRKAR2A,224,0.0029
ARHGAP11B,224,0.0029
ACKR4,224,0.0029
GLRX3,224,0.0029
MT-ATP6,224,0.0029
CX3CR1,223,0.0029
MAP2K7,223,0.0029
HSPA1A,223,0.0029
ZBTB43,223,0.0029
FBXO6,223,0.0029
TTC4,223,0.0029
LIME1,223,0.0029
PSMF1,223,0.0029
SLC35B4,223,0.0029
PIANP,223,0.0029
PIM3,223,0.0029
ANAPC7,223,0.0029
GIPC3,223,0.0029
GOPC,223,0.0029
JRKL,223,0.0029
HAVCR2,223,0.0029
SC5D,223,0.0029
NANOG,223,0.0029
ADH4,223,0.0029
SLC30A3,223,0.0029
CLEC1A,223,0.0029
DDX25,223,0.0029
RMDN1,223,0.0029
ELAVL2,223,0.0029
ANXA3,223,0.0029
OR12D3,223,0.0029
DPPA2,223,0.0029
CAVIN3,223,0.0029
OR5V1,223,0.0029
ULBP3,223,0.0029
SYPL2,223,0.0029
GLYATL1,223,0.0029
HOXB5,222,0.0029
IL22RA2,222,0.0029
VPS4A,222,0.0029
SOX2,222,0.0029
CUL5,222,0.0029
CXCR4,222,0.0029
TMEM169,222,0.0029
DAP3,222,0.0029
AMZ2,222,0.0029
GPR183,222,0.0029
TAF1D,222,0.0029
WDR55,222,0.0029
ABAT,222,0.0029
MOGAT2,222,0.0029
MMP7,222,0.0029
CCN5,222,0.0029
ERMN,222,0.0029
ANKRD40,222,0.0029
LRRC18,222,0.0029
RSRC2,222,0.0029
DNAJC28,222,0.0029
C1GALT1C1L,222,0.0029
WASF1,222,0.0029
SF3B1,222,0.0029
CAMKV,222,0.0029
DACH1,222,0.0029
TOP1,222,0.0029
PTF1A,222,0.0029
RCC2,221,0.0029
BABAM2,221,0.0029
HPDL,221,0.0029
OR10AD1,221,0.0029
GBX2,221,0.0029
RAD52,221,0.0029
ZDHHC21,221,0.0029
SLC25A30,221,0.0029
OR2A7,221,0.0029
KRTAP5-10,221,0.0029
AP3M1,221,0.0029
EEIG2,221,0.0029
HOXC5,221,0.0029
CCDC198,221,0.0029
UPK1B,221,0.0029
VSIR,221,0.0029
RARA,221,0.0029
LYSMD3,221,0.0029
KAT7,221,0.0029
SCN4B,221,0.0029
DNAJC18,221,0.0029
C7orf57,221,0.0029
PI4K2A,221,0.0029
BORCS6,221,0.0029
SHISA7,221,0.0029
ST6GALNAC6,221,0.0029
CXADR,221,0.0029
C6orf89,221,0.0029
TAF1A,221,0.0029
ODR4,221,0.0029
PTCD2,220,0.0029
SCAMP2,220,0.0029
ART5,220,0.0029
YOD1,220,0.0029
CCDC159,220,0.0029
STX3,220,0.0029
TRIM43,220,0.0029
MOGAT3,220,0.0029
FCGR2B,220,0.0029
C8orf33,220,0.0029
MCIDAS,220,0.0029
B3GNT5,220,0.0029
GJB6,220,0.0029
MFNG,220,0.0029
ELOVL2,220,0.0029
POFUT1,220,0.0029
CCNDBP1,220,0.0029
C4orf17,220,0.0029
MOSPD2,220,0.0029
TLX2,220,0.0029
PNO1,220,0.0029
NUTM2D,220,0.0029
NUF2,219,0.0029
RDH16,219,0.0029
OTX1,219,0.0029
PIH1D1,219,0.0029
PBK,219,0.0029
FBP2,219,0.0029
GET4,219,0.0029
HAUS4,219,0.0029
BAMBI,219,0.0029
CCDC54,219,0.0029
C7orf25,219,0.0029
RTN4RL2,219,0.0029
KRTAP26-1,219,0.0029
SRSF5,219,0.0029
KRTAP4-11,219,0.0029
TMEM59,219,0.0029
FBXO17,219,0.0029
CCNE1,219,0.0029
DTWD2,219,0.0029
CCT2,219,0.0029
PAGR1,219,0.0029
MBD3,219,0.0029
TTC8,219,0.0029
C22orf42,218,0.0029
REM2,218,0.0029
TBC1D21,218,0.0029
ZC3H15,218,0.0029
SOX1,218,0.0029
MRPL19,218,0.0029
AIM2,218,0.0029
ZNF444,218,0.0029
APEX2,218,0.0029
STK16,218,0.0029
OR4D1,218,0.0029
KRTAP4-16,218,0.0029
RILPL1,218,0.0029
TMOD2,218,0.0029
BST1,218,0.0029
PPP2R3C,218,0.0029
FAM131C,218,0.0029
HOXC4,218,0.0029
TMEM51,218,0.0029
ORM2,218,0.0029
WDR31,218,0.0029
DPF2,218,0.0029
TRAM2,218,0.0029
GBGT1,218,0.0029
LAPTM5,218,0.0029
SCO2,218,0.0029
HELZ2,218,0.0029
PAQR5,218,0.0029
HSPA5,218,0.0029
TMCO5A,218,0.0029
ICA1L,218,0.0029
RASA4B,218,0.0029
CLEC4G,217,0.0029
TAF8,217,0.0029
NFIX,217,0.0029
TLCD1,217,0.0029
GOLGA8B,217,0.0029
F9,217,0.0029
ETNK2,217,0.0029
KRTAP29-1,217,0.0029
NHLRC3,217,0.0029
TMEM45B,217,0.0029
FANK1,217,0.0029
C2CD4D,217,0.0029
SPRY2,217,0.0029
YBX1,217,0.0029
ARMCX5,217,0.0029
SLC25A27,217,0.0029
FGFBP3,217,0.0029
RIMKLA,217,0.0029
BHMT,217,0.0029
MVB12A,217,0.0029
ARSL,217,0.0029
CCDC42,217,0.0029
NUP43,217,0.0029
HOXA6,217,0.0029
ONECUT3,217,0.0029
TBL1XR1,217,0.0029
SLC25A17,217,0.0029
POU5F1,217,0.0029
PEX11B,217,0.0029
NSFL1C,217,0.0029
TMEM174,217,0.0029
UBIAD1,217,0.0029
SLC25A4,217,0.0029
INHBA,217,0.0029
GPR33,216,0.0028
TMEM30A,216,0.0028
FOXL2,216,0.0028
LFNG,216,0.0028
XPO1,216,0.0028
AQP9,216,0.0028
DRAM2,216,0.0028
IGLV5-45,216,0.0028
TAT,216,0.0028
HARBI1,216,0.0028
CPM,216,0.0028
LACC1,216,0.0028
ZDHHC20,216,0.0028
RXRB,216,0.0028
KRTAP9-1,216,0.0028
HSH2D,216,0.0028
ITGA6,216,0.0028
CD226,216,0.0028
C17orf75,216,0.0028
ZNF275,216,0.0028
B4GALT2,216,0.0028
PDGFD,216,0.0028
SCML2,216,0.0028
GRAMD2A,216,0.0028
NUCB2,216,0.0028
C12orf71,216,0.0028
OR1A2,216,0.0028
CELA2B,216,0.0028
SMAD2,216,0.0028
SEPSECS,216,0.0028
NIPA1,216,0.0028
PKM,216,0.0028
DPYSL5,216,0.0028
HRCT1,216,0.0028
FCER1A,216,0.0028
SPATA46,216,0.0028
PPP1R35,216,0.0028
TMEM185B,216,0.0028
ACTC1,216,0.0028
MS4A6A,216,0.0028
GINM1,216,0.0028
IGHV1-24,216,0.0028
PHYHIPL,216,0.0028
KRTAP5-5,216,0.0028
MAPKBP1,215,0.0028
OSR2,215,0.0028
TLCD5,215,0.0028
VASP,215,0.0028
IL1RAPL2,215,0.0028
TDRP,215,0.0028
IP6K2,215,0.0028
WNT1,215,0.0028
GPR27,215,0.0028
SKAP1,215,0.0028
LAT2,215,0.0028
CACNG4,215,0.0028
ZAR1L,215,0.0028
CADM4,215,0.0028
ABHD3,215,0.0028
KERA,215,0.0028
CNTNAP3B,215,0.0028
CDK9,215,0.0028
HMOX1,215,0.0028
DPM1,215,0.0028
C1QTNF12,215,0.0028
MARCHF2,215,0.0028
IER2,215,0.0028
HS3ST1,215,0.0028
SLAMF7,215,0.0028
VAT1,215,0.0028
CYP46A1,215,0.0028
IDH2,215,0.0028
SRF,215,0.0028
SERPINB1,215,0.0028
AQP6,215,0.0028
RNGTT,215,0.0028
VAX1,215,0.0028
FOXP3,215,0.0028
NCCRP1,215,0.0028
C2orf49,215,0.0028
CNMD,214,0.0028
CCNP,214,0.0028
DHRS9,214,0.0028
INMT,214,0.0028
KRTAP13-2,214,0.0028
MTFR1,214,0.0028
FGF23,214,0.0028
TMOD3,214,0.0028
EIF2B3,214,0.0028
ISG20L2,214,0.0028
IGLL1,214,0.0028
ZFX,214,0.0028
MOGAT1,214,0.0028
DDIT4,214,0.0028
OR52N2,214,0.0028
LIAS,214,0.0028
FBXO44,214,0.0028
TMEM248,214,0.0028
MRPL46,214,0.0028
NDUFV1,214,0.0028
ARMC10,214,0.0028
AMACR,214,0.0028
TADA3,214,0.0028
TIGIT,214,0.0028
LIPJ,214,0.0028
TMEM72,213,0.0028
CSNK1D,213,0.0028
PAFAH1B1,213,0.0028
STAMBPL1,213,0.0028
RGS20,213,0.0028
GCAT,213,0.0028
TMEM204,213,0.0028
ASGR1,213,0.0028
RNF144B,213,0.0028
PRMT5,213,0.0028
FRRS1L,213,0.0028
KHDRBS3,213,0.0028
FBXO22,213,0.0028
CKM,213,0.0028
NUDT6,213,0.0028
NR0B1,213,0.0028
ZRANB2,213,0.0028
PSMB8,213,0.0028
DHRS4,213,0.0028
ZFP41,213,0.0028
MRPL44,213,0.0028
TRIM44,213,0.0028
COL18A1,213,0.0028
CCNI,213,0.0028
HOXC9,213,0.0028
KCNJ15,213,0.0028
PGAP4,213,0.0028
PLPP3,213,0.0028
PPM1G,213,0.0028
IZUMO1,213,0.0028
TSPAN11,213,0.0028
ZNF414,213,0.0028
EMCN,212,0.0028
TRADD,212,0.0028
AHCY,212,0.0028
NCEH1,212,0.0028
OR1J2,212,0.0028
MCCC2,212,0.0028
WDR54,212,0.0028
SYCE1L,212,0.0028
TMX1,212,0.0028
ARAF,212,0.0028
SYNGR1,212,0.0028
ARV1,212,0.0028
RCC1,212,0.0028
TMOD1,212,0.0028
DNAJB13,212,0.0028
BEST4,212,0.0028
PLEKHB1,212,0.0028
GPR62,212,0.0028
RAET1E,212,0.0028
NUDT9,212,0.0028
HTR2C,212,0.0028
GPS2,212,0.0028
CENPO,212,0.0028
MEF2C,212,0.0028
ACER2,212,0.0028
EIF3D,212,0.0028
CSNK1G1,212,0.0028
PELI1,212,0.0028
KCNAB3,212,0.0028
RFFL,212,0.0028
CDRT15,212,0.0028
DEGS2,212,0.0028
HAS2,212,0.0028
SPO11,212,0.0028
YY1,212,0.0028
HMOX2,212,0.0028
SCO1,211,0.0028
CAPG,211,0.0028
KRTAP5-3,211,0.0028
ZNF888,211,0.0028
LGALS9,211,0.0028
TRUB1,211,0.0028
OPRPN,211,0.0028
PDSS2,211,0.0028
PARD6B,211,0.0028
SLC25A42,211,0.0028
PAPSS2,211,0.0028
UBXN2B,211,0.0028
FEM1B,211,0.0028
ART4,211,0.0028
PTGR2,211,0.0028
LIPF,211,0.0028
OR2A4,211,0.0028
HTR1F,211,0.0028
GFUS,211,0.0028
CLRN3,211,0.0028
CCDC107,211,0.0028
SFXN3,211,0.0028
RSPO1,211,0.0028
DND1,211,0.0028
TSPAN16,211,0.0028
IL18BP,211,0.0028
SFXN1,211,0.0028
TCEA3,211,0.0028
NBPF6,211,0.0028
MMP26,211,0.0028
FAM120AOS,211,0.0028
SDCBP2,210,0.0028
PAWR,210,0.0028
CTSH,210,0.0028
EXO5,210,0.0028
ATP4B,210,0.0028
AQP1,210,0.0028
PCGF6,210,0.0028
CADM1,210,0.0028
FEZ1,210,0.0028
TRABD2B,210,0.0028
VPS4B,210,0.0028
FAM9A,210,0.0028
PUF60,210,0.0028
KRTAP27-1,210,0.0028
JUN,210,0.0028
P2RX1,210,0.0028
METTL2B,210,0.0028
CCDC188,210,0.0028
TDG,210,0.0028
CALHM6,210,0.0028
CMTM5,210,0.0028
GPR89A,210,0.0028
RTBDN,210,0.0028
PRSS22,210,0.0028
SPRY3,210,0.0028
FBXO3,210,0.0028
ASPN,210,0.0028
MSTN,210,0.0028
NAP1L4,210,0.0028
RPL3,210,0.0028
NAGK,210,0.0028
EXOSC2,210,0.0028
TNFSF11,210,0.0028
TTC19,210,0.0028
PAQR9,210,0.0028
A4GNT,210,0.0028
MBIP,210,0.0028
AKR7A3,210,0.0028
ERO1A,209,0.0027
PFKFB1,209,0.0027
TMEM115,209,0.0027
HACD3,209,0.0027
TMEFF1,209,0.0027
GDPD2,209,0.0027
IFT43,209,0.0027
TMEM125,209,0.0027
SDR16C5,209,0.0027
SEPTIN11,209,0.0027
SIRT7,209,0.0027
UBXN1,209,0.0027
SMURF1,209,0.0027
UBP1,209,0.0027
SECTM1,209,0.0027
NUDC,209,0.0027
NADK,209,0.0027
CIDEA,209,0.0027
CEACAM4,209,0.0027
GNB4,209,0.0027
CD86,209,0.0027
GLRA2,209,0.0027
C12orf43,209,0.0027
WBP4,209,0.0027
CYP4B1,209,0.0027
CACNG6,209,0.0027
SLC25A6,209,0.0027
MAU2,209,0.0027
CCDC103,209,0.0027
SFTPA1,209,0.0027
DGAT2,209,0.0027
CNTD1,208,0.0027
CIAO1,208,0.0027
ANGPTL7,208,0.0027
OR2H2,208,0.0027
TMEM219,208,0.0027
GSX1,208,0.0027
IGHV3-13,208,0.0027
TMEM120B,208,0.0027
AQP11,208,0.0027
ST6GALNAC5,208,0.0027
IGLV2-23,208,0.0027
CFDP1,208,0.0027
KLHDC8B,208,0.0027
BBOX1,208,0.0027
DOK4,208,0.0027
OSER1,208,0.0027
SRRD,208,0.0027
BMP8B,208,0.0027
TNFRSF17,208,0.0027
COQ5,208,0.0027
TRIM40,208,0.0027
NR0B2,208,0.0027
LRRN4CL,208,0.0027
FAF2,208,0.0027
METTL18,208,0.0027
GLYATL2,208,0.0027
REEP6,208,0.0027
SCN2B,208,0.0027
FECH,208,0.0027
INHBB,208,0.0027
LRRC61,208,0.0027
EXTL2,208,0.0027
WBP2NL,208,0.0027
RCL1,208,0.0027
TMEM135,208,0.0027
MICU1,208,0.0027
TMEM61,208,0.0027
ATPSCKMT,208,0.0027
GCNT1,208,0.0027
HAPLN1,208,0.0027
AKAP7,208,0.0027
PPP2R2B,208,0.0027
GSG1L,208,0.0027
DPPA4,208,0.0027
ANXA10,208,0.0027
SEPHS2,207,0.0027
PABPC1,207,0.0027
KCTD12,207,0.0027
ABHD2,207,0.0027
RASA4,207,0.0027
PPARD,207,0.0027
CAMKMT,207,0.0027
TAMM41,207,0.0027
FAM78A,207,0.0027
ST6GALNAC4,207,0.0027
CCNA2,207,0.0027
GPAT4,207,0.0027
RNF186,207,0.0027
ADH1B,207,0.0027
CKMT2,207,0.0027
GMNC,207,0.0027
RCN3,207,0.0027
NCF1,207,0.0027
KCNK9,207,0.0027
NFAM1,207,0.0027
UROS,207,0.0027
AGXT2,207,0.0027
FAM210A,207,0.0027
IKZF5,207,0.0027
CCN2,207,0.0027
DLX4,207,0.0027
ADORA1,207,0.0027
ODF1,207,0.0027
DOK5,207,0.0027
TPBGL,207,0.0027
NADK2,206,0.0027
ZNF396,206,0.0027
BDH1,206,0.0027
ACP3,206,0.0027
RBM43,206,0.0027
KCTD15,206,0.0027
IL15RA,206,0.0027
CFAP36,206,0.0027
LIX1,206,0.0027
LMAN2L,206,0.0027
SYNDIG1,206,0.0027
ATAD1,206,0.0027
RTF1,206,0.0027
EID3,206,0.0027
METTL24,206,0.0027
MAFB,206,0.0027
FRA10AC1,206,0.0027
SLAMF6,206,0.0027
AKR7A2,206,0.0027
NEGR1,206,0.0027
KLK10,206,0.0027
OSGEP,206,0.0027
TM9SF3,206,0.0027
SMCO2,206,0.0027
YJU2,206,0.0027
GDA,206,0.0027
SHISA5,206,0.0027
HOXA5,206,0.0027
YDJC,206,0.0027
RCC1L,206,0.0027
GLT8D1,206,0.0027
ZNF605,206,0.0027
UBE2Q2,206,0.0027
CARM1,206,0.0027
HEXIM2,205,0.0027
HSDL2,205,0.0027
TADA1,205,0.0027
KCNG3,205,0.0027
CCNB2,205,0.0027
GPR12,205,0.0027
NAA30,205,0.0027
FBP1,205,0.0027
DCPS,205,0.0027
NPIPA1,205,0.0027
EEF1A2,205,0.0027
SFXN2,205,0.0027
TMEM86B,205,0.0027
CLEC1B,205,0.0027
UBR7,205,0.0027
SLC25A40,205,0.0027
HYI,205,0.0027
MYF6,205,0.0027
HAUS7,205,0.0027
TMEM109,205,0.0027
LGALS9C,205,0.0027
APEX1,205,0.0027
IL20RB,205,0.0027
SMYD2,205,0.0027
SPIB,205,0.0027
FEN1,205,0.0027
VSTM1,204,0.0027
HAPLN2,204,0.0027
C5orf15,204,0.0027
TK2,204,0.0027
DNAJB14,204,0.0027
CEBPB,204,0.0027
CCNH,204,0.0027
ARRDC3,204,0.0027
IGLV4-69,204,0.0027
TMEM221,204,0.0027
DAZL,204,0.0027
TCEA2,204,0.0027
TMX4,204,0.0027
OCEL1,204,0.0027
PDF,204,0.0027
C1orf226,204,0.0027
KAT8,204,0.0027
OR14I1,204,0.0027
CDC42EP2,204,0.0027
PRAMEF18,204,0.0027
AKR1C4,204,0.0027
SPATS1,204,0.0027
ILKAP,204,0.0027
SMAD5,204,0.0027
CDX2,204,0.0027
RING1,204,0.0027
API5,204,0.0027
TLCD2,204,0.0027
ZCCHC9,204,0.0027
GPC4,204,0.0027
NUP35,204,0.0027
NKX2-8,204,0.0027
TLNRD1,204,0.0027
UPB1,203,0.0027
DMAC2,203,0.0027
CENPL,203,0.0027
PPP5C,203,0.0027
NNMT,203,0.0027
CIMIP4,203,0.0027
OAF,203,0.0027
OVCA2,203,0.0027
TTC23L,203,0.0027
SERBP1,203,0.0027
F11R,203,0.0027
CRYAB,203,0.0027
TUSC1,203,0.0027
MIOX,203,0.0027
NKX6-3,203,0.0027
SPSB2,203,0.0027
PPM1K,203,0.0027
CH25H,203,0.0027
LYPLAL1,203,0.0027
B3GALT2,203,0.0027
GAP43,203,0.0027
TRIB2,203,0.0027
MPZL2,203,0.0027
ST3GAL2,203,0.0027
RIMBP3B,203,0.0027
PHYH,203,0.0027
IGLV4-60,203,0.0027
SHISA3,203,0.0027
FAM185A,203,0.0027
SCAMP4,203,0.0027
TBC1D28,203,0.0027
GDAP1L1,202,0.0027
G6PD,202,0.0027
PTPRCAP,202,0.0027
CLVS1,202,0.0027
TREM2,202,0.0027
GJC1,202,0.0027
GPAT2,202,0.0027
DUSP2,202,0.0027
PICK1,202,0.0027
MFAP1,202,0.0027
GPR4,202,0.0027
EDNRA,202,0.0027
MAPK9,202,0.0027
INHBE,202,0.0027
POU3F3,202,0.0027
RFXAP,202,0.0027
KRT222,202,0.0027
UBXN10,202,0.0027
CACNG1,202,0.0027
MBTPS2,202,0.0027
XKRX,202,0.0027
MS4A2,202,0.0027
NEURL1B,202,0.0027
IL2RG,202,0.0027
NMRK2,202,0.0027
FOLR1,202,0.0027
PLPPR1,202,0.0027
SLC35A1,202,0.0027
FAHD2A,202,0.0027
KLK5,202,0.0027
CPSF6,202,0.0027
HIBCH,202,0.0027
PTPN2,202,0.0027
F3,201,0.0026
DHRSX,201,0.0026
CLDN6,201,0.0026
MT-CYB,201,0.0026
MARCHF11,201,0.0026
HDAC1,201,0.0026
NDUFA10,201,0.0026
SGPL1,201,0.0026
HS3ST5,201,0.0026
ACVR1B,201,0.0026
NUTM2E,201,0.0026
TRAM1,201,0.0026
DNAJC4,201,0.0026
BZW2,201,0.0026
HYKK,201,0.0026
CCDC85C,201,0.0026
C12orf60,201,0.0026
TNFRSF10C,201,0.0026
MAGED2,201,0.0026
MESD,201,0.0026
MYH10,201,0.0026
C6orf141,201,0.0026
TFAP4,201,0.0026
GNAT2,201,0.0026
GPR22,201,0.0026
NT5C2,201,0.0026
ELAC1,201,0.0026
SPTLC3,201,0.0026
APOE,201,0.0026
SFRP1,201,0.0026
DUSP12,201,0.0026
NR2F6,201,0.0026
MPZL3,201,0.0026
KIAA1191,201,0.0026
VGLL2,201,0.0026
TPST1,201,0.0026
LRRC46,200,0.0026
BMP8A,200,0.0026
OVOL2,200,0.0026
FAXC,200,0.0026
NPTN,200,0.0026
CORO1C,200,0.0026
CA6,200,0.0026
HOXB9,200,0.0026
GPR171,200,0.0026
ISL1,200,0.0026
NPY1R,200,0.0026
SH3GL2,200,0.0026
CEACAM7,200,0.0026
FGFBP1,200,0.0026
CCR7,200,0.0026
ZBTB33,200,0.0026
C21orf58,200,0.0026
UQCRC2,200,0.0026
SELENOI,200,0.0026
SNRNP40,200,0.0026
PON1,200,0.0026
FGFBP2,200,0.0026
TMEM41B,200,0.0026
TIMP4,200,0.0026
INCA1,200,0.0026
PRKAR1B,200,0.0026
PTBP2,199,0.0026
WNT10B,199,0.0026
KHDC3L,199,0.0026
B3GAT1,199,0.0026
NDUFAF5,199,0.0026
FAM153A,199,0.0026
RHNO1,199,0.0026
CTPS1,199,0.0026
ALDH1A2,199,0.0026
NXPH3,199,0.0026
CDK19,199,0.0026
TSSK3,199,0.0026
PHF11,199,0.0026
CD81,199,0.0026
ZFAND2B,199,0.0026
NDUFAF6,199,0.0026
LPAR1,199,0.0026
TPRG1,199,0.0026
ST13,199,0.0026
NGF,199,0.0026
RPL13,199,0.0026
CFAP298,199,0.0026
C17orf99,199,0.0026
RAD23B,199,0.0026
HEXIM1,199,0.0026
MAPKAPK5,199,0.0026
ZFP64,199,0.0026
C19orf67,199,0.0026
TMEM54,199,0.0026
MMADHC,199,0.0026
FITM2,199,0.0026
ADAP2,199,0.0026
C11orf54,199,0.0026
CMTM2,199,0.0026
GRHPR,199,0.0026
LYN,199,0.0026
FOLR3,199,0.0026
CCDC106,199,0.0026
TMEM38A,199,0.0026
ASPHD2,198,0.0026
HPF1,198,0.0026
GPR85,198,0.0026
RCN1,198,0.0026
TFB1M,198,0.0026
GAMT,198,0.0026
ALDH6A1,198,0.0026
RARRES1,198,0.0026
VWC2,198,0.0026
LIN37,198,0.0026
MAOA,198,0.0026
CCDC117,198,0.0026
TRUB2,198,0.0026
AURKA,198,0.0026
GAS2,198,0.0026
HELT,198,0.0026
ARHGEF11,198,0.0026
POU4F1,198,0.0026
HLA-E,198,0.0026
TCP1,198,0.0026
HM13,198,0.0026
LPIN1,198,0.0026
AKR1A1,198,0.0026
GALNT1,198,0.0026
LSAMP,198,0.0026
GABRG3,198,0.0026
PILRB,198,0.0026
SPATA3,198,0.0026
STUB1,198,0.0026
SHISAL1,198,0.0026
RFPL1,198,0.0026
MRM1,198,0.0026
C2orf73,198,0.0026
RASSF2,198,0.0026
ZBTB6,198,0.0026
ACER1,197,0.0026
LRRC74B,197,0.0026
RNF121,197,0.0026
ST8SIA3,197,0.0026
CMA1,197,0.0026
JUND,197,0.0026
TRIB1,197,0.0026
KPLCE,197,0.0026
HSD17B3,197,0.0026
C9orf152,197,0.0026
DRICH1,197,0.0026
EN2,197,0.0026
NODAL,197,0.0026
PRMT2,197,0.0026
CSNK1E,197,0.0026
PAQR3,197,0.0026
DKK1,197,0.0026
BGN,197,0.0026
SIRT2,197,0.0026
DCAKD,197,0.0026
ACADS,197,0.0026
PAK1,197,0.0026
NOVA1,197,0.0026
TNFAIP1,197,0.0026
CHST11,197,0.0026
KPNA6,197,0.0026
LIPT1,197,0.0026
ASB13,197,0.0026
AMDHD2,197,0.0026
DIPK1A,197,0.0026
MS4A15,196,0.0026
ANXA5,196,0.0026
IGLV1-44,196,0.0026
RASD1,196,0.0026
RPP30,196,0.0026
DAZAP1,196,0.0026
VPS26C,196,0.0026
PAX2,196,0.0026
SPRN,196,0.0026
RFC3,196,0.0026
MALSU1,196,0.0026
GATAD1,196,0.0026
RPL6,196,0.0026
RAB40B,196,0.0026
ZBTB12,196,0.0026
TLX3,196,0.0026
TMEM139,196,0.0026
KPNA1,196,0.0026
GZMB,196,0.0026
METTL21C,196,0.0026
FRZB,196,0.0026
OGT,196,0.0026
LUZP4,196,0.0026
PPP4R3C,196,0.0026
PRAMEF20,196,0.0026
CD74,196,0.0026
STX16,196,0.0026
RNF152,196,0.0026
USP22,196,0.0026
MRO,196,0.0026
TFPT,196,0.0026
TTPA,196,0.0026
ACADSB,196,0.0026
ZMAT3,196,0.0026
CD151,196,0.0026
NAT8,196,0.0026
PGAM2,196,0.0026
CRISP1,195,0.0026
KYNU,195,0.0026
BATF2,195,0.0026
CNN1,195,0.0026
LRRC72,195,0.0026
SIX6,195,0.0026
STC2,195,0.0026
GRPR,195,0.0026
FBXL16,195,0.0026
GIMAP7,195,0.0026
ZCCHC3,195,0.0026
CTSO,195,0.0026
TTPAL,195,0.0026
PRG2,195,0.0026
DHX15,195,0.0026
ELOVL5,195,0.0026
DNAAF10,195,0.0026
SSB,195,0.0026
AK3,195,0.0026
DKK2,195,0.0026
GARIN5A,195,0.0026
SRD5A1,195,0.0026
CNPY3,195,0.0026
FAM50B,195,0.0026
RTF2,195,0.0026
PNMA3,195,0.0026
LHPP,195,0.0026
RUNDC3A,194,0.0025
SEC22A,194,0.0025
HACD1,194,0.0025
TMEM52,194,0.0025
MS4A12,194,0.0025
TAMALIN,194,0.0025
SNX16,194,0.0025
NPPA,194,0.0025
PITX3,194,0.0025
CLEC12B,194,0.0025
CSN3,194,0.0025
BABAM1,194,0.0025
CLYBL,194,0.0025
TNNT1,194,0.0025
PIGF,194,0.0025
TLCD3B,194,0.0025
RLN1,194,0.0025
CTRB1,194,0.0025
ZRSR2,194,0.0025
SRP54,194,0.0025
OVOL1,194,0.0025
RUVBL2,194,0.0025
CIDEC,194,0.0025
NLK,194,0.0025
CD80,194,0.0025
NR2F1,194,0.0025
ERP29,194,0.0025
DNAJB11,194,0.0025
SMARCD1,194,0.0025
CSNK1G2,193,0.0025
CCDC177,193,0.0025
C19orf38,193,0.0025
PHF13,193,0.0025
S1PR1,193,0.0025
MDFI,193,0.0025
SKP2,193,0.0025
FOXD4L6,193,0.0025
ELP3,193,0.0025
GSPT2,193,0.0025
ERGIC2,193,0.0025
SARS1,193,0.0025
C1QTNF1,193,0.0025
HOXB6,193,0.0025
SDS,193,0.0025
EAPP,193,0.0025
ST3GAL1,193,0.0025
SLC7A3,193,0.0025
SUSD3,193,0.0025
SEC22C,193,0.0025
UEVLD,193,0.0025
RRAD,193,0.0025
ADCYAP1,193,0.0025
RNF128,193,0.0025
EPHX4,192,0.0025
CFP,192,0.0025
WDR77,192,0.0025
FOLR2,192,0.0025
LBX1,192,0.0025
DNAJC25,192,0.0025
LUC7L2,192,0.0025
SPATA25,192,0.0025
CLDN25,192,0.0025
IGKV1-16,192,0.0025
LCE2C,192,0.0025
ZNF75D,192,0.0025
CBY3,192,0.0025
CCR6,192,0.0025
KCTD13,192,0.0025
C11orf65,192,0.0025
SFXN4,192,0.0025
MCM10,192,0.0025
ABHD10,192,0.0025
RGS9BP,192,0.0025
SULT1B1,192,0.0025
FNDC9,192,0.0025
C1orf35,192,0.0025
FAM167A,192,0.0025
ACOD1,192,0.0025
MLF2,192,0.0025
SKAP2,192,0.0025
RALYL,191,0.0025
MFSD14A,191,0.0025
TMX2,191,0.0025
NR1I3,191,0.0025
PCBP3,191,0.0025
C11orf87,191,0.0025
POU3F2,191,0.0025
MAPK1IP1L,191,0.0025
STARD10,191,0.0025
TBC1D13,191,0.0025
HMBOX1,191,0.0025
HSPA1B,191,0.0025
GMPPA,191,0.0025
RNF208,191,0.0025
ACTA1,191,0.0025
TPGS2,191,0.0025
TSFM,191,0.0025
SPDYC,191,0.0025
CD40,191,0.0025
SBF1,191,0.0025
CELA2A,191,0.0025
BROX,191,0.0025
TOLLIP,191,0.0025
CACNG8,191,0.0025
ATG4B,191,0.0025
CD7,191,0.0025
ZSCAN23,191,0.0025
RNF222,191,0.0025
RLN2,191,0.0025
MTX3,191,0.0025
ZNG1B,191,0.0025
HOXB4,191,0.0025
TMEM247,191,0.0025
IGHV6-1,191,0.0025
CAMLG,191,0.0025
ST6GALNAC3,191,0.0025
MYCT1,190,0.0025
ACAT1,190,0.0025
POLR1C,190,0.0025
KYAT3,190,0.0025
WNT2B,190,0.0025
INPP1,190,0.0025
PACSIN1,190,0.0025
TMEM121,190,0.0025
NUBP2,190,0.0025
TOB1,190,0.0025
SCD,190,0.0025
QTRT1,190,0.0025
CLDN16,190,0.0025
OR2J1,190,0.0025
NDEL1,190,0.0025
OGFOD3,190,0.0025
ACBD6,190,0.0025
PROCR,190,0.0025
ZDHHC22,190,0.0025
CCR10,190,0.0025
HMG20A,190,0.0025
SUGCT,190,0.0025
PRAMEF5,190,0.0025
ADH1A,190,0.0025
CHORDC1,190,0.0025
SDC4,190,0.0025
IL33,190,0.0025
ZBED2,189,0.0025
PABPN1,189,0.0025
RIBC2,189,0.0025
PRIM1,189,0.0025
EED,189,0.0025
KCNJ13,189,0.0025
NUBPL,189,0.0025
NRSN2,189,0.0025
EHF,189,0.0025
VSTM2B,189,0.0025
PPEF1,189,0.0025
IGLV1-51,189,0.0025
TADA2B,189,0.0025
MANSC4,189,0.0025
CACNG2,189,0.0025
SRC,189,0.0025
WSB2,189,0.0025
CLEC4D,189,0.0025
NRM,189,0.0025
CCNG2,189,0.0025
WDR89,189,0.0025
PSMD12,189,0.0025
PHAF1,189,0.0025
TTL,189,0.0025
SOX15,189,0.0025
LIX1L,189,0.0025
CEACAM3,189,0.0025
GABRA5,189,0.0025
OR6J1,189,0.0025
FAM81A,188,0.0025
LUC7L3,188,0.0025
TNFSF9,188,0.0025
ACTL6B,188,0.0025
RAD1,188,0.0025
MAPK10,188,0.0025
AQP8,188,0.0025
SLC35A3,188,0.0025
EBNA1BP2,188,0.0025
GABRA2,188,0.0025
MIS18A,188,0.0025
PCMTD2,188,0.0025
PTER,188,0.0025
TEX264,188,0.0025
WTAP,188,0.0025
RWDD2B,188,0.0025
RASL12,188,0.0025
B3GALT5,188,0.0025
KICS2,188,0.0025
TARM1,188,0.0025
FAM104A,188,0.0025
AK2,188,0.0025
CLDND1,188,0.0025
OLAH,188,0.0025
NKX6-1,188,0.0025
P4HA1,188,0.0025
NEMP2,188,0.0025
RNF144A,188,0.0025
OXCT1,188,0.0025
FOXB1,188,0.0025
ADSL,188,0.0025
ATP6AP1,187,0.0025
M6PR,187,0.0025
ABHD11,187,0.0025
MCMBP,187,0.0025
COLEC10,187,0.0025
ACOX1,187,0.0025
DNAJB9,187,0.0025
OAT,187,0.0025
PM20D2,187,0.0025
HMG20B,187,0.0025
PLPPR5,187,0.0025
SERPINA7,187,0.0025
FOXO6,187,0.0025
MSL3,187,0.0025
FOXO4,187,0.0025
IGHV1-3,187,0.0025
TUBE1,187,0.0025
SEC62,187,0.0025
TRAPPC13,187,0.0025
LAPTM4A,187,0.0025
SIRT3,187,0.0025
HOXC8,187,0.0025
CACNG7,187,0.0025
C1GALT1,187,0.0025
NXPH1,187,0.0025
IGHV4-59,187,0.0025
UBA5,187,0.0025
CNPY4,187,0.0025
BOLL,187,0.0025
PIP4K2B,187,0.0025
ASL,186,0.0024
CALHM5,186,0.0024
GSK3B,186,0.0024
P2RY1,186,0.0024
CCNI2,186,0.0024
DNAJC7,186,0.0024
ORAI3,186,0.0024
HNRNPF,186,0.0024
ZSCAN16,186,0.0024
DDX19A,186,0.0024
STIMATE,186,0.0024
ARRB2,186,0.0024
PON2,186,0.0024
NOL7,186,0.0024
THOC3,186,0.0024
HNMT,186,0.0024
RPIA,186,0.0024
MPIG6B,186,0.0024
HSD17B13,186,0.0024
CD8A,186,0.0024
PDYN,186,0.0024
CYB5R1,186,0.0024
VMP1,186,0.0024
PDK2,186,0.0024
KRCC1,186,0.0024
ENO2,186,0.0024
SHISA6,186,0.0024
CDS2,186,0.0024
KLK3,186,0.0024
EIF3G,186,0.0024
GFOD2,186,0.0024
LRAT,186,0.0024
NT5C3B,186,0.0024
SULT1E1,186,0.0024
ALG5,186,0.0024
TMED8,186,0.0024
SCRN1,186,0.0024
ZC3HAV1L,186,0.0024
SIAH3,186,0.0024
SHMT1,186,0.0024
PNMA5,186,0.0024
IGSF6,186,0.0024
FAHD2B,186,0.0024
CIROP,186,0.0024
PHYKPL,185,0.0024
PIH1D2,185,0.0024
MPLKIP,185,0.0024
USB1,185,0.0024
MAGEC2,185,0.0024
MRI1,185,0.0024
ERP27,185,0.0024
CHTOP,185,0.0024
C18orf54,185,0.0024
KRTAP13-3,185,0.0024
SNX11,185,0.0024
RESP18,185,0.0024
PPP2R5A,185,0.0024
FAM43B,185,0.0024
FAIM2,185,0.0024
NME7,185,0.0024
EBLN1,185,0.0024
OIP5,185,0.0024
MYOG,185,0.0024
METTL27,185,0.0024
FBXL14,185,0.0024
RBM38,185,0.0024
FAM118A,185,0.0024
ERCC1,185,0.0024
TMEM81,185,0.0024
AKR1C2,185,0.0024
METRN,185,0.0024
IGHV3-30,185,0.0024
FBXO32,185,0.0024
MSMO1,185,0.0024
NANS,185,0.0024
DNAJC9,185,0.0024
ALKBH5,185,0.0024
CYB561D1,185,0.0024
UBAC2,184,0.0024
TMEM89,184,0.0024
NUDT13,184,0.0024
ZNF322,184,0.0024
TSPAN18,184,0.0024
GDF1,184,0.0024
MDFIC,184,0.0024
CTSV,184,0.0024
MBD2,184,0.0024
DERL3,184,0.0024
TMEM184C,184,0.0024
TMEM123,184,0.0024
FGF5,184,0.0024
IRAK1BP1,184,0.0024
CSAD,184,0.0024
PRM2,184,0.0024
DCAF4L1,184,0.0024
SDR9C7,184,0.0024
ACTRT1,184,0.0024
ARL6IP4,184,0.0024
CHCT1,184,0.0024
KCTD17,184,0.0024
RTCA,184,0.0024
ANKRD29,184,0.0024
SEC61A2,184,0.0024
ITM2B,183,0.0024
DEPP1,183,0.0024
TMEM235,183,0.0024
LCE2B,183,0.0024
APPBP2,183,0.0024
GZMH,183,0.0024
METAP2,183,0.0024
MACROD1,183,0.0024
USP18,183,0.0024
RBM11,183,0.0024
FAM118B,183,0.0024
SPMIP6,183,0.0024
SYNGR3,183,0.0024
LRRC58,183,0.0024
CLDN18,183,0.0024
SDHD,183,0.0024
MTHFD2L,183,0.0024
LRRC73,183,0.0024
COPG2,183,0.0024
TMEFF2,183,0.0024
TMEM215,183,0.0024
VCPKMT,183,0.0024
HNRNPK,183,0.0024
HS3ST2,183,0.0024
ACTL10,183,0.0024
MRPL4,183,0.0024
PPCS,183,0.0024
RELL1,183,0.0024
PPP3CA,183,0.0024
CD47,183,0.0024
METTL14,183,0.0024
ARK2C,183,0.0024
PLPBP,183,0.0024
RENBP,182,0.0024
SLC10A3,182,0.0024
EVI2A,182,0.0024
FBXO4,182,0.0024
PIK3IP1,182,0.0024
FAM90A10,182,0.0024
CRYZ,182,0.0024
RARG,182,0.0024
STPG4,182,0.0024
HOXB7,182,0.0024
SH3GLB2,182,0.0024
TMEM165,182,0.0024
USP17L15,182,0.0024
MSANTD4,182,0.0024
SIRT6,182,0.0024
EZH2,182,0.0024
KLRC2,182,0.0024
IRF2,182,0.0024
CMSS1,182,0.0024
RLIG1,182,0.0024
ADH6,182,0.0024
BCKDHB,182,0.0024
MARCHF3,182,0.0024
IGFBP7,182,0.0024
ALDH1A3,182,0.0024
SNRNP35,182,0.0024
PLEKHA5,182,0.0024
TMEM40,182,0.0024
PLPP1,182,0.0024
SNAI1,182,0.0024
RRP15,182,0.0024
NPRL2,182,0.0024
NEUROD2,182,0.0024
MRPL9,182,0.0024
MAD2L1BP,182,0.0024
PPP1R7,182,0.0024
POU1F1,182,0.0024
SLX9,182,0.0024
XRCC4,182,0.0024
TMT1B,182,0.0024
SHISAL2A,182,0.0024
RAD51,182,0.0024
DUSP7,181,0.0024
VEGFB,181,0.0024
TBC1D25,181,0.0024
PDCL3,181,0.0024
TBX3,181,0.0024
OPN1LW,181,0.0024
FNTA,181,0.0024
RSPO2,181,0.0024
XIAP,181,0.0024
ODF4,181,0.0024
MTHFD2,181,0.0024
TMEM182,181,0.0024
C8G,181,0.0024
AMTN,181,0.0024
RNF19B,181,0.0024
ARG2,181,0.0024
ZNF346,181,0.0024
UGDH,181,0.0024
CD84,181,0.0024
SBSPON,181,0.0024
WBP2,181,0.0024
DEGS1,181,0.0024
KLK15,181,0.0024
ASB1,181,0.0024
DDX19B,181,0.0024
MS4A7,181,0.0024
TFCP2,180,0.0024
PCID2,180,0.0024
TRMT10C,180,0.0024
MTIF3,180,0.0024
UBXN7,180,0.0024
KCTD7,180,0.0024
ANTKMT,180,0.0024
GIPC2,180,0.0024
AUH,180,0.0024
CLEC18A,180,0.0024
G3BP2,180,0.0024
MAX,180,0.0024
NRBP1,180,0.0024
IL34,180,0.0024
TSPAN2,180,0.0024
LRATD1,180,0.0024
ADM,180,0.0024
HLA-DQA2,180,0.0024
RSPH9,180,0.0024
CCDC122,180,0.0024
GOLPH3L,180,0.0024
DPF1,180,0.0024
AGTR2,180,0.0024
SPOUT1,180,0.0024
MYOZ3,180,0.0024
MAGEA4,180,0.0024
FRAT1,180,0.0024
TRIP13,180,0.0024
CDX1,180,0.0024
C1orf131,180,0.0024
GNMT,180,0.0024
ABHD17A,180,0.0024
KLF7,180,0.0024
TMEM186,180,0.0024
CYTH1,180,0.0024
MAPKAPK2,180,0.0024
C3orf38,180,0.0024
DHRS7,179,0.0024
SYT1,179,0.0024
FBXO16,179,0.0024
ELOVL3,179,0.0024
TGDS,179,0.0024
NCK1,179,0.0024
SYNDIG1L,179,0.0024
DNAJA1,179,0.0024
DUSP1,179,0.0024
CENPP,179,0.0024
UBE2J1,179,0.0024
ABHD14A,179,0.0024
CCT7,179,0.0024
UPF3B,179,0.0024
MPDU1,179,0.0024
TSPAN15,179,0.0024
RNF216,179,0.0024
WNT9B,179,0.0024
FBXW2,179,0.0024
OR14K1,179,0.0024
CELF5,179,0.0024
WDR27,179,0.0024
ERGIC3,179,0.0024
ZBTB14,179,0.0024
GARIN1B,179,0.0024
DHRS7B,179,0.0024
RFPL4AL1,179,0.0024
OTUD7A,179,0.0024
AKR1D1,179,0.0024
ALDH1A1,178,0.0023
PPIB,178,0.0023
MAGEB6B,178,0.0023
ATP5F1B,178,0.0023
IMPACT,178,0.0023
CELF3,178,0.0023
CCDC124,178,0.0023
SSBP3,178,0.0023
EPOP,178,0.0023
NOSIP,178,0.0023
PDGFC,178,0.0023
CD274,178,0.0023
TBL1Y,178,0.0023
PRSS8,178,0.0023
SH3GL3,178,0.0023
DNAJA2,178,0.0023
SSMEM1,178,0.0023
PGA5,178,0.0023
TMEM41A,178,0.0023
GOLGA8R,178,0.0023
BPHL,178,0.0023
TBC1D15,178,0.0023
AP2B1,178,0.0023
TLK2,178,0.0023
PSMD13,178,0.0023
CEPT1,178,0.0023
CBX7,178,0.0023
TWF1,178,0.0023
KRTAP9-3,177,0.0023
DOHH,177,0.0023
CGREF1,177,0.0023
CTRL,177,0.0023
JAM2,177,0.0023
PSMD6,177,0.0023
FBL,177,0.0023
CNOT2,177,0.0023
BSX,177,0.0023
TENT5C,177,0.0023
KRTAP4-8,177,0.0023
TRA2A,177,0.0023
AQP5,177,0.0023
JAGN1,177,0.0023
TNFSF10,177,0.0023
CASP9,177,0.0023
ST8SIA2,177,0.0023
IGHV3-48,177,0.0023
KDELR3,177,0.0023
CTAGE8,177,0.0023
CRYZL1,177,0.0023
CLEC12A,177,0.0023
LHFPL5,177,0.0023
RFNG,177,0.0023
ASB5,177,0.0023
DOK6,177,0.0023
CHCHD6,177,0.0023
MTARC1,177,0.0023
CDK7,177,0.0023
CTDSP1,176,0.0023
DHRS1,176,0.0023
PRR7,176,0.0023
CXorf58,176,0.0023
H3-4,176,0.0023
RPS6KB1,176,0.0023
NOTO,176,0.0023
MSN,176,0.0023
ELAVL3,176,0.0023
MSANTD7,176,0.0023
HSD17B12,176,0.0023
KLF8,176,0.0023
RNF182,176,0.0023
CLDN8,176,0.0023
KRTAP13-4,176,0.0023
STX19,176,0.0023
TYW3,176,0.0023
AGA,176,0.0023
MGARP,176,0.0023
AQP2,176,0.0023
TMEM70,176,0.0023
C1QTNF6,176,0.0023
TUBB1,176,0.0023
ARMCX6,176,0.0023
GOLGA8Q,176,0.0023
HMGCL,176,0.0023
LDB1,176,0.0023
CLDN22,175,0.0023
RTP4,175,0.0023
CAMSAP2,175,0.0023
FAM76B,175,0.0023
RFPL4B,175,0.0023
PSMB4,175,0.0023
TMEM276,175,0.0023
PRSS33,175,0.0023
FBXO27,175,0.0023
SHFL,175,0.0023
SPIC,175,0.0023
ZNF22,175,0.0023
NIT1,175,0.0023
WNT16,175,0.0023
CARNMT1,175,0.0023
ANKRD63,175,0.0023
RAB36,175,0.0023
PIGA,175,0.0023
GZMK,175,0.0023
PRRX2,175,0.0023
PAICS,175,0.0023
CRHBP,175,0.0023
MSC,175,0.0023
CASP8,175,0.0023
RIMOC1,175,0.0023
C19orf73,175,0.0023
MRPS18B,175,0.0023
KLK7,175,0.0023
SLC47A2,175,0.0023
ELP5,175,0.0023
E2F5,174,0.0023
NCK2,174,0.0023
NXF3,174,0.0023
SNX6,174,0.0023
JUNB,174,0.0023
ACVR2A,174,0.0023
THAP11,174,0.0023
IGF2,174,0.0023
RTL4,174,0.0023
LCN1,174,0.0023
CD48,174,0.0023
ACOT8,174,0.0023
SHISA8,174,0.0023
MAGEB2,174,0.0023
BRIX1,174,0.0023
NOL12,174,0.0023
TMEM106B,174,0.0023
ACY3,174,0.0023
PTAR1,174,0.0023
FASLG,174,0.0023
MNAT1,174,0.0023
SLC10A7,174,0.0023
CCDC121,174,0.0023
RBKS,174,0.0023
PLPP5,174,0.0023
BCL7C,174,0.0023
GCH1,174,0.0023
DDC,174,0.0023
GRAP2,174,0.0023
CCNE2,174,0.0023
OGN,174,0.0023
FCN3,174,0.0023
FKBP6,174,0.0023
OSGEPL1,174,0.0023
KRTAP9-8,174,0.0023
IFTAP,174,0.0023
INHBC,174,0.0023
NDRG3,174,0.0023
ERP44,173,0.0023
CYBRD1,173,0.0023
TMEM253,173,0.0023
CSKMT,173,0.0023
AKR1B10,173,0.0023
MIXL1,173,0.0023
TEDDM1,173,0.0023
ECHS1,173,0.0023
ALKBH3,173,0.0023
MESP1,173,0.0023
HES1,173,0.0023
ECI1,173,0.0023
PARP11,173,0.0023
C20orf144,173,0.0023
BCDIN3D,173,0.0023
ABI3,173,0.0023
LGALS9B,173,0.0023
ATXN3,173,0.0023
STOML3,173,0.0023
CBR3,173,0.0023
NXPH4,173,0.0023
MTFR1L,173,0.0023
CHODL,173,0.0023
GATD3,173,0.0023
C1QTNF8,173,0.0023
TIPIN,173,0.0023
BHMT2,173,0.0023
CCNY,173,0.0023
NTMT2,173,0.0023
OPN5,173,0.0023
THAP10,172,0.0023
DHRS2,172,0.0023
ANKRA2,172,0.0023
NAP1L3,172,0.0023
TMEM225,172,0.0023
RNF166,172,0.0023
CD99,172,0.0023
EFNB2,172,0.0023
DBP,172,0.0023
NANOS1,172,0.0023
ARMC1,172,0.0023
SPATA31A5,172,0.0023
VAPB,172,0.0023
CLRN2,172,0.0023
DENND10,172,0.0023
EVI5L,172,0.0023
IST1,172,0.0023
GLUL,172,0.0023
NEK6,172,0.0023
KPNA3,172,0.0023
GPR26,172,0.0023
BCKDHA,172,0.0023
SGMS1,172,0.0023
VSIG1,172,0.0023
METAP1,172,0.0023
AP1AR,172,0.0023
C7orf33,172,0.0023
HACD4,171,0.0022
CXCL16,171,0.0022
EDN1,171,0.0022
TMEM52B,171,0.0022
PSAT1,171,0.0022
CYSLTR1,171,0.0022
STK19,171,0.0022
KLHL2,171,0.0022
USF2,171,0.0022
HDHD3,171,0.0022
MEF2B,171,0.0022
OSR1,171,0.0022
IGFBP4,171,0.0022
CDCA3,171,0.0022
SCRT2,171,0.0022
GP9,171,0.0022
RD3,171,0.0022
ST3GAL6,171,0.0022
SRPRB,171,0.0022
KCNJ4,171,0.0022
VPS26B,171,0.0022
RGN,171,0.0022
PPIAL4G,171,0.0022
C3orf62,171,0.0022
CRLS1,171,0.0022
ZFAND1,171,0.0022
GPX4,170,0.0022
SLC25A44,170,0.0022
ARG1,170,0.0022
TCP10L,170,0.0022
C12orf57,170,0.0022
IGLV1-40,170,0.0022
BMP15,170,0.0022
TVP23A,170,0.0022
IGFBP1,170,0.0022
DIABLO,170,0.0022
CNOT6L,170,0.0022
PNMT,170,0.0022
BAG6,170,0.0022
CAB39L,170,0.0022
PRRX1,170,0.0022
ELMOD1,170,0.0022
ADSS2,170,0.0022
NGDN,170,0.0022
PRNP,170,0.0022
TNNI3,170,0.0022
YIPF5,170,0.0022
RBP4,170,0.0022
DCTN2,170,0.0022
SNX10,170,0.0022
TMEM53,170,0.0022
TOR1B,170,0.0022
CLEC18C,170,0.0022
OR10D3,170,0.0022
MTCH1,170,0.0022
ATXN7L3,170,0.0022
GYPC,169,0.0022
GSK3A,169,0.0022
EPSTI1,169,0.0022
DDIT4L,169,0.0022
COPE,169,0.0022
GMPPB,169,0.0022
JKAMP,169,0.0022
SOX12,169,0.0022
MSI2,169,0.0022
TMEM134,169,0.0022
THG1L,169,0.0022
NME9,169,0.0022
KNL1,169,0.0022
PEX11G,169,0.0022
NFS1,169,0.0022
STX18,169,0.0022
QTRT2,169,0.0022
SEPTIN5,169,0.0022
ELOVL7,169,0.0022
OTULINL,169,0.0022
MAEA,169,0.0022
SLC35A2,169,0.0022
UTF1,169,0.0022
PRRG3,169,0.0022
STX2,169,0.0022
VTCN1,168,0.0022
ANKRD54,168,0.0022
HLA-DOB,168,0.0022
ST8SIA5,168,0.0022
GULP1,168,0.0022
ANXA2R,168,0.0022
RTP3,168,0.0022
LDLRAD1,168,0.0022
GTPBP8,168,0.0022
PLPP4,168,0.0022
KIR2DL4,168,0.0022
FBXL2,168,0.0022
COLEC11,168,0.0022
DACT1,168,0.0022
PORCN,168,0.0022
PLSCR3,168,0.0022
PABIR1,168,0.0022
ETNPPL,168,0.0022
BECN1,167,0.0022
HSPA8,167,0.0022
ZFP36L1,167,0.0022
HHEX,167,0.0022
B4GALT6,167,0.0022
SNAI2,167,0.0022
CBR1,167,0.0022
PDPK1,167,0.0022
FKBPL,167,0.0022
NPVF,167,0.0022
NEUROD6,167,0.0022
STX6,167,0.0022
SEPTIN7,167,0.0022
WNT9A,167,0.0022
DYSF,167,0.0022
GPR88,167,0.0022
STX8,167,0.0022
ALDOC,167,0.0022
MXD3,167,0.0022
MAP7D2,167,0.0022
C3orf33,167,0.0022
TRAT1,167,0.0022
ST3GAL4,167,0.0022
C4BPB,167,0.0022
CA1,167,0.0022
TMEM192,167,0.0022
TRIM43B,167,0.0022
ZNF764,167,0.0022
SNX22,167,0.0022
AP5S1,167,0.0022
LBX2,167,0.0022
PRAMEF7,167,0.0022
MYOZ2,167,0.0022
MGMT,167,0.0022
TUBB8B,167,0.0022
GCDH,167,0.0022
GSG1L2,166,0.0022
KCNJ8,166,0.0022
C1QTNF4,166,0.0022
HMGB4,166,0.0022
CAPZA3,166,0.0022
AGPAT4,166,0.0022
SAE1,166,0.0022
SEC61A1,166,0.0022
TMEM191B,166,0.0022
EEF1AKMT4,166,0.0022
GABPA,166,0.0022
DRG2,166,0.0022
RSU1,166,0.0022
SPSB4,166,0.0022
KRTAP13-1,166,0.0022
CD79A,166,0.0022
MAPK11,166,0.0022
LURAP1,166,0.0022
ECH1,166,0.0022
MS4A18,166,0.0022
GAR1,166,0.0022
NTAQ1,166,0.0022
GNAT3,166,0.0022
MRPS22,166,0.0022
CD164,166,0.0022
ASCL4,166,0.0022
MAGIX,166,0.0022
CASP2,166,0.0022
DKK4,166,0.0022
C1QTNF9,166,0.0022
PLSCR5,166,0.0022
ATPAF2,165,0.0022
CDK3,165,0.0022
PTGR1,165,0.0022
TOMM40,165,0.0022
STX10,165,0.0022
ZNF511,165,0.0022
SDCBP,165,0.0022
MYOZ1,165,0.0022
LCE1E,165,0.0022
PIGC,165,0.0022
CIAPIN1,165,0.0022
FBXO28,165,0.0022
MACROH2A2,165,0.0022
OLR1,165,0.0022
RAB6C,165,0.0022
SPATA9,165,0.0022
CRIP2,165,0.0022
DNAJC27,165,0.0022
TUBA8,165,0.0022
IGFBP5,165,0.0022
NUP37,165,0.0022
SULT1C4,165,0.0022
HDAC11,165,0.0022
CYB561,165,0.0022
APOBEC3A,165,0.0022
SNRNP48,165,0.0022
CFAP73,165,0.0022
PYCR1,165,0.0022
PTPN1,165,0.0022
CFAP418,165,0.0022
PDK3,165,0.0022
TLX1,165,0.0022
TBL1X,165,0.0022
RNF114,165,0.0022
PRSS27,165,0.0022
TMEM106A,165,0.0022
MOSPD3,165,0.0022
IGFBP6,165,0.0022
SRARP,165,0.0022
MRPL12,165,0.0022
TMEM223,165,0.0022
PDCL,164,0.0022
NAP1L2,164,0.0022
SH3YL1,164,0.0022
PRAMEF15,164,0.0022
KPNB1,164,0.0022
IMPDH2,164,0.0022
TRMT10B,164,0.0022
CXorf66,164,0.0022
C17orf113,164,0.0022
DCAF16,164,0.0022
TMEM101,164,0.0022
B3GALNT1,164,0.0022
TUBD1,164,0.0022
EPDR1,164,0.0022
BCAP29,164,0.0022
AGPAT3,164,0.0022
TMEM147,164,0.0022
POMZP3,164,0.0022
KLRC3,164,0.0022
CDK5RAP1,164,0.0022
EMP2,164,0.0022
BLVRA,164,0.0022
TMIGD2,164,0.0022
VSTM2L,164,0.0022
MRPL1,164,0.0022
SOX3,164,0.0022
PPA1,163,0.0021
RIPOR1,163,0.0021
TP53I3,163,0.0021
AKR1B1,163,0.0021
RNF125,163,0.0021
TRIM27,163,0.0021
LIM2,163,0.0021
SHMT2,163,0.0021
C17orf78,163,0.0021
TMEM45A,163,0.0021
MTARC2,163,0.0021
SIVA1,163,0.0021
LCN2,163,0.0021
PDPN,163,0.0021
METAP1D,163,0.0021
ADPRM,163,0.0021
RRAS,163,0.0021
TCAP,163,0.0021
AURKC,163,0.0021
GPD1,163,0.0021
DHPS,163,0.0021
RBM22,163,0.0021
WDR45B,163,0.0021
ACTG1,163,0.0021
DUSP11,163,0.0021
ZCCHC17,163,0.0021
STK38L,163,0.0021
ZMYND12,163,0.0021
PRPF19,163,0.0021
SLBP,163,0.0021
FGF3,163,0.0021
MYD88,163,0.0021
CTSZ,163,0.0021
PPME1,163,0.0021
CCDC184,163,0.0021
NBPF4,163,0.0021
ADIPOR1,163,0.0021
KRTAP4-5,163,0.0021
PRG3,163,0.0021
SLC39A11,162,0.0021
TP53INP1,162,0.0021
THAP3,162,0.0021
IGLV1-47,162,0.0021
ZCCHC12,162,0.0021
MS4A4A,162,0.0021
NSDHL,162,0.0021
GSC,162,0.0021
TRPT1,162,0.0021
YY2,162,0.0021
BUD23,162,0.0021
CLEC3A,162,0.0021
CLEC7A,162,0.0021
PLSCR1,162,0.0021
KLK9,162,0.0021
MAIP1,162,0.0021
RNASEH2A,162,0.0021
CTRB2,162,0.0021
ACTR6,162,0.0021
KATNBL1,162,0.0021
EDA2R,162,0.0021
CEACAM19,162,0.0021
CCER2,162,0.0021
TRARG1,162,0.0021
CIMIP2B,162,0.0021
NKAP,162,0.0021
KLRC1,162,0.0021
TUBAL3,162,0.0021
CDK5R2,162,0.0021
GLTPD2,162,0.0021
HNRNPAB,162,0.0021
FAAP20,162,0.0021
MAT2B,162,0.0021
UPF1,162,0.0021
CPXCR1,162,0.0021
PPIE,162,0.0021
METTL1,162,0.0021
ALG14,161,0.0021
EEF1G,161,0.0021
RDH8,161,0.0021
B4GALT5,161,0.0021
CD3E,161,0.0021
CEND1,161,0.0021
OR4C5,161,0.0021
TSPAN8,161,0.0021
IL1A,161,0.0021
LRRC38,161,0.0021
C20orf141,161,0.0021
CDX4,161,0.0021
TMEM88,161,0.0021
DNAJC5,161,0.0021
REL,161,0.0021
UBFD1,161,0.0021
SPATA12,161,0.0021
SMUG1,161,0.0021
TMUB1,160,0.0021
CD300C,160,0.0021
ELMOD2,160,0.0021
BRI3BP,160,0.0021
DIMT1,160,0.0021
OTUD6B,160,0.0021
TKTL1,160,0.0021
LCE2A,160,0.0021
EMX1,160,0.0021
LANCL3,160,0.0021
NECAP1,160,0.0021
CD63,160,0.0021
STK17B,160,0.0021
STX1B,160,0.0021
UBE2S,160,0.0021
C6orf163,160,0.0021
TM4SF18,160,0.0021
PPM1L,160,0.0021
HRAS,160,0.0021
MRPL10,160,0.0021
PSMB5,160,0.0021
LCE1D,160,0.0021
VOPP1,160,0.0021
PLP1,160,0.0021
OLA1,160,0.0021
NKG7,160,0.0021
GSC2,160,0.0021
NSF,160,0.0021
MARCKSL1,160,0.0021
C9orf78,160,0.0021
FAM163A,160,0.0021
RPL7L1,160,0.0021
NAP1L1,160,0.0021
CCDC127,160,0.0021
HADH,159,0.0021
PCTP,159,0.0021
KCNRG,159,0.0021
CLVS2,159,0.0021
CD200,159,0.0021
ORM1,159,0.0021
SLC25A36,159,0.0021
EDA,159,0.0021
CTSK,159,0.0021
LRRC69,159,0.0021
LYL1,159,0.0021
GMDS,159,0.0021
CLDN17,159,0.0021
SIRPD,159,0.0021
OAZ3,159,0.0021
OLFM1,159,0.0021
GDPD1,159,0.0021
BTLA,159,0.0021
IFT52,159,0.0021
GJD3,159,0.0021
IGHV3-49,159,0.0021
XRCC6,159,0.0021
CPLANE2,159,0.0021
ECHDC2,159,0.0021
BMT2,159,0.0021
SCAI,158,0.0021
NAIP,158,0.0021
TPI1,158,0.0021
ENKUR,158,0.0021
MYMK,158,0.0021
CD79B,158,0.0021
MZT2B,158,0.0021
IGFBP3,158,0.0021
DSN1,158,0.0021
HTATIP2,158,0.0021
SPDYE4,158,0.0021
IQCF1,158,0.0021
H1-10,158,0.0021
CCNYL1,158,0.0021
UROD,158,0.0021
FAM110D,158,0.0021
BCL2L10,158,0.0021
TMEM114,158,0.0021
FLOT1,158,0.0021
KRTAP9-2,158,0.0021
ARIH2,158,0.0021
FANCD2OS,158,0.0021
MRPL24,158,0.0021
ACAA1,158,0.0021
SCNM1,158,0.0021
PPP2R2D,158,0.0021
FKBP8,158,0.0021
CIMAP1C,158,0.0021
SOX14,158,0.0021
CRYBB1,158,0.0021
EGR3,158,0.0021
PSMB7,158,0.0021
SPACA7,157,0.0021
MS4A8,157,0.0021
TPM2,157,0.0021
IZUMO1R,157,0.0021
HORMAD1,157,0.0021
GTF2A1,157,0.0021
VXN,157,0.0021
THTPA,157,0.0021
CRLF2,157,0.0021
PEF1,157,0.0021
HOXB8,157,0.0021
IGFBP2,157,0.0021
PRR32,157,0.0021
CD58,157,0.0021
FRAT2,157,0.0021
HMGCS1,157,0.0021
GLUD1,157,0.0021
LHFPL2,157,0.0021
PLD6,157,0.0021
ANKRD39,157,0.0021
NSMCE4A,157,0.0021
STYXL1,157,0.0021
C21orf91,157,0.0021
MAT1A,157,0.0021
PPP3CC,157,0.0021
MS4A3,157,0.0021
APOBEC1,157,0.0021
PRRG2,157,0.0021
ACADM,156,0.002
CCDC43,156,0.002
BOK,156,0.002
NAA80,156,0.002
TP53INP2,156,0.002
MRPL58,156,0.002
QRFP,156,0.002
OR2T5,156,0.002
PXDC1,156,0.002
CD302,156,0.002
DGLUCY,156,0.002
CAMK1D,156,0.002
ISOC1,156,0.002
ZCCHC18,156,0.002
STX4,156,0.002
ARPC1A,156,0.002
LYPD4,156,0.002
DNTTIP1,156,0.002
NEURL2,156,0.002
HNRNPA1,156,0.002
PXMP2,156,0.002
BAD,156,0.002
UPK2,156,0.002
TCEA1,156,0.002
CSMD2,156,0.002
SELENOS,156,0.002
RDM1,155,0.002
TSSK6,155,0.002
CD96,155,0.002
SRR,155,0.002
FXYD5,155,0.002
ZDHHC3,155,0.002
HAO1,155,0.002
DNAJC5B,155,0.002
GJB7,155,0.002
HDGF,155,0.002
ZFYVE21,155,0.002
HS2ST1,155,0.002
GP2,155,0.002
ATP5PO,155,0.002
GOT1L1,155,0.002
CDK8,155,0.002
POU2AF1,155,0.002
RAB17,155,0.002
POLR3F,155,0.002
ETFA,155,0.002
MT-ND2,155,0.002
CA10,155,0.002
BHLHA15,155,0.002
FYN,154,0.002
CXCR6,154,0.002
EDN2,154,0.002
TMEM178A,154,0.002
MOG,154,0.002
CLDN4,154,0.002
ST8SIA1,154,0.002
C16orf90,154,0.002
MCUB,154,0.002
ASB17,154,0.002
CCS,154,0.002
ZBTB26,154,0.002
HLA-DMA,154,0.002
MTCH2,154,0.002
SEPTIN2,154,0.002
SCRT1,154,0.002
RFC2,154,0.002
FAHD1,154,0.002
MAGEA10,154,0.002
TMEM222,154,0.002
HNRNPH3,154,0.002
EI24,154,0.002
CSTF3,154,0.002
MAPK8,154,0.002
TPGS1,153,0.002
CSRP1,153,0.002
LZTFL1,153,0.002
SYNGR2,153,0.002
TEX35,153,0.002
SLC39A9,153,0.002
TDO2,153,0.002
INAFM1,153,0.002
ELK1,153,0.002
AGAP6,153,0.002
STOML2,153,0.002
TRMT2B,153,0.002
ATP1B2,153,0.002
EFNA3,153,0.002
CALN1,153,0.002
KRTAP5-7,153,0.002
RWDD3,153,0.002
TMEM252,153,0.002
FAM151B,153,0.002
CASP5,153,0.002
CLDN20,153,0.002
HOATZ,153,0.002
RAD51B,153,0.002
CDIP1,153,0.002
C15orf40,153,0.002
CD9,153,0.002
RUFY3,153,0.002
ATF1,153,0.002
TMEM267,153,0.002
E2F6,153,0.002
KLK12,153,0.002
OTC,153,0.002
GMPR,153,0.002
DGCR6,153,0.002
KRTAP4-4,152,0.002
TBCB,152,0.002
ZIC3,152,0.002
ACAT2,152,0.002
RPL8,152,0.002
DHRS3,152,0.002
TPM3,152,0.002
TMEM176A,152,0.002
CUEDC2,152,0.002
TLCD4,152,0.002
UPP2,152,0.002
TMEM190,152,0.002
ZDHHC9,152,0.002
TM4SF4,152,0.002
SDC2,152,0.002
NFU1,152,0.002
OR13H1,152,0.002
TP53TG3D,152,0.002
RBM17,152,0.002
RPL14,152,0.002
SPACA3,152,0.002
PRTN3,152,0.002
SSPN,152,0.002
BARX1,152,0.002
ZNF32,152,0.002
B4GALT4,152,0.002
GPR82,152,0.002
PIP4P2,152,0.002
OLIG2,151,0.002
SLC25A11,151,0.002
KLK13,151,0.002
SLC66A3,151,0.002
PMP22,151,0.002
MYB,151,0.002
ELSPBP1,151,0.002
PRKRA,151,0.002
MAGEA12,151,0.002
DEDD,151,0.002
ABCA2,151,0.002
TSPAN1,151,0.002
TPRX2,151,0.002
CDIPT,151,0.002
PIGL,151,0.002
ADAL,151,0.002
TATDN3,151,0.002
ZNF581,151,0.002
NOG,151,0.002
CSNK2A1,151,0.002
DOC2B,151,0.002
TOMM40L,151,0.002
COMT,151,0.002
FIBP,151,0.002
LYPD5,151,0.002
STX17,151,0.002
DNAJB4,151,0.002
GLUD2,151,0.002
IGHV3-53,151,0.002
CTLA4,151,0.002
RIMKLB,151,0.002
RAB26,151,0.002
KCMF1,150,0.002
ALKBH7,150,0.002
CDCA8,150,0.002
RBBP5,150,0.002
ZNF24,150,0.002
ADH5,150,0.002
OAZ1,150,0.002
TNFAIP6,150,0.002
FRG1,150,0.002
TTC1,150,0.002
PERP,150,0.002
STARD6,150,0.002
APOBEC3C,150,0.002
SGTA,150,0.002
TIMMDC1,150,0.002
KLK1,150,0.002
SEH1L,150,0.002
NAIF1,150,0.002
HNRNPD,150,0.002
BIK,150,0.002
FIGLA,150,0.002
PBX1,150,0.002
ST8SIA4,150,0.002
AASDHPPT,150,0.002
PITPNC1,150,0.002
OTULIN,150,0.002
GM2A,150,0.002
TMEM86A,150,0.002
KLF13,150,0.002
TSPAN19,150,0.002
ADTRP,150,0.002
C1orf74,150,0.002
RFPL4A,150,0.002
GPI,150,0.002
CYB561D2,149,0.002
CTSL,149,0.002
SDHC,149,0.002
IGFBPL1,149,0.002
WNT11,149,0.002
TAF7,149,0.002
GOSR2,149,0.002
PIP4P1,149,0.002
IGLV3-10,149,0.002
NSA2,149,0.002
MRPS7,149,0.002
B9D1,149,0.002
MSI1,149,0.002
MRPL15,149,0.002
UCN3,149,0.002
C1orf216,149,0.002
ACTL6A,149,0.002
MAB21L2,149,0.002
CAPZA1,149,0.002
PRPF38A,149,0.002
PEBP4,149,0.002
KRTAP4-3,149,0.002
FAM3B,149,0.002
EFNA4,149,0.002
TM4SF1,149,0.002
CASP1,149,0.002
NR2F2,149,0.002
ING3,149,0.002
KLF6,149,0.002
SNRPA,149,0.002
SRSF12,149,0.002
LHFPL3,149,0.002
KLK2,149,0.002
HLA-DPA1,149,0.002
HLA-DOA,149,0.002
BRMS1,149,0.002
MXD4,148,0.0019
BCL7A,148,0.0019
CDV3,148,0.0019
FNTB,148,0.0019
KISS1,148,0.0019
RPRD1B,148,0.0019
FAM3D,148,0.0019
IGHV1-46,148,0.0019
SULT2A1,148,0.0019
HVCN1,148,0.0019
LTBP4,148,0.0019
TEX38,148,0.0019
SULT1C3,148,0.0019
OBP2A,148,0.0019
LYSMD1,148,0.0019
MCUR1,148,0.0019
RSPO3,148,0.0019
CLDN15,148,0.0019
LASP1,148,0.0019
SF3A3,148,0.0019
HOXC6,148,0.0019
C16orf54,148,0.0019
AS3MT,148,0.0019
SUPT3H,148,0.0019
C19orf18,148,0.0019
TSG101,148,0.0019
FBXL15,148,0.0019
MRPS34,148,0.0019
HAND2,148,0.0019
KRTAP9-4,148,0.0019
GPIHBP1,148,0.0019
APOA1,148,0.0019
FSTL1,148,0.0019
NAT1,148,0.0019
REEP3,148,0.0019
PDHA2,148,0.0019
LIN28B,148,0.0019
ZFP92,148,0.0019
SCN3B,148,0.0019
CHST7,147,0.0019
ADH1C,147,0.0019
POLDIP2,147,0.0019
KCTD21,147,0.0019
C10orf62,147,0.0019
CSN1S1,147,0.0019
HYLS1,147,0.0019
VPS36,147,0.0019
EHBP1,147,0.0019
DKC1,147,0.0019
FAM163B,147,0.0019
CDCA4,147,0.0019
EID1,147,0.0019
GPR42,147,0.0019
SLA,147,0.0019
PRSS58,147,0.0019
PHETA2,147,0.0019
SFRP2,147,0.0019
IGKV1-9,147,0.0019
NT5C,147,0.0019
MRPS2,147,0.0019
ACADL,147,0.0019
TMEM37,147,0.0019
PBLD,147,0.0019
WNT2,147,0.0019
DERL1,147,0.0019
ERLIN2,147,0.0019
HSD17B6,147,0.0019
NSMCE1,147,0.0019
C20orf203,147,0.0019
ZNF428,147,0.0019
STARD3NL,147,0.0019
TMEM140,147,0.0019
MRPS28,147,0.0019
RNF170,147,0.0019
CASTOR1,147,0.0019
GNA12,147,0.0019
POU3F1,147,0.0019
KCTD14,147,0.0019
THYN1,147,0.0019
CTSG,147,0.0019
HLA-DPB1,147,0.0019
PRR3,147,0.0019
ALKBH2,147,0.0019
STX12,147,0.0019
CD28,147,0.0019
BTBD19,147,0.0019
PPIC,147,0.0019
RNF183,147,0.0019
TMEM106C,147,0.0019
ARIH1,146,0.0019
FADS2,146,0.0019
EIF3M,146,0.0019
GPHN,146,0.0019
ZNF367,146,0.0019
LCN12,146,0.0019
CTPS2,146,0.0019
PSMC4,146,0.0019
CEBPD,146,0.0019
CELA1,146,0.0019
PGD,146,0.0019
NKAIN4,146,0.0019
PDGFB,146,0.0019
CLDN7,146,0.0019
CD3G,146,0.0019
B3GALT1,146,0.0019
GLIPR1,146,0.0019
GARIN6,146,0.0019
MEIS1,146,0.0019
POP4,146,0.0019
CALHM4,146,0.0019
ITM2A,146,0.0019
KPNA4,146,0.0019
RFLNA,146,0.0019
YAE1,146,0.0019
TM4SF5,146,0.0019
TACO1,146,0.0019
IGHV3-74,146,0.0019
VPS26A,146,0.0019
MAGEB1,146,0.0019
GP1BB,146,0.0019
AREG,146,0.0019
KRTAP5-11,146,0.0019
UBA3,145,0.0019
RPL5,145,0.0019
CLDN19,145,0.0019
CTH,145,0.0019
ZC2HC1B,145,0.0019
KRTAP4-7,145,0.0019
HMGN1,145,0.0019
C17orf50,145,0.0019
KCTD5,145,0.0019
TREM1,145,0.0019
ZNRF1,145,0.0019
DECR1,145,0.0019
KLF2,145,0.0019
REC114,145,0.0019
TMEM163,145,0.0019
ADK,145,0.0019
IGLV6-57,145,0.0019
TSPAN17,145,0.0019
TYW5,145,0.0019
OSM,145,0.0019
SLC25A53,145,0.0019
BCL2L11,145,0.0019
KRTAP5-2,145,0.0019
PGAM5,145,0.0019
HSPB7,145,0.0019
TMT1A,145,0.0019
PEX11A,145,0.0019
UPP1,145,0.0019
SLC25A28,144,0.0019
CDC123,144,0.0019
DSCC1,144,0.0019
MBLAC2,144,0.0019
SPEF1,144,0.0019
COPS3,144,0.0019
BID,144,0.0019
LRP2BP,144,0.0019
HDAC2,144,0.0019
CCND3,144,0.0019
IRF1,144,0.0019
MTRFR,144,0.0019
IGLV3-19,144,0.0019
CDCA5,144,0.0019
SCG5,144,0.0019
NRBF2,144,0.0019
GGH,144,0.0019
CDK16,144,0.0019
TBCEL,144,0.0019
TM4SF19,144,0.0019
VPS37D,144,0.0019
LPAR4,144,0.0019
TMEM128,144,0.0019
TBP,143,0.0019
LCE1F,143,0.0019
ERFE,143,0.0019
BLOC1S3,143,0.0019
NCR3,143,0.0019
PNPO,143,0.0019
DTWD1,143,0.0019
ACAD8,143,0.0019
LIN28A,143,0.0019
USF1,143,0.0019
SCGN,143,0.0019
KCTD10,143,0.0019
TRIM64,143,0.0019
MPP1,143,0.0019
R3HDML,143,0.0019
FOXL2NB,143,0.0019
MMP23B,143,0.0019
QDPR,143,0.0019
TUBA3E,143,0.0019
RRP36,143,0.0019
WNT5A,143,0.0019
C14orf28,143,0.0019
ERLIN1,143,0.0019
PDZD9,143,0.0019
DCUN1D3,143,0.0019
LCE2D,143,0.0019
GDF11,143,0.0019
LNP1,143,0.0019
DUXA,143,0.0019
TMEM178B,142,0.0019
CLEC9A,142,0.0019
SRA1,142,0.0019
NAXE,142,0.0019
LGALS4,142,0.0019
LY6G5B,142,0.0019
CD247,142,0.0019
UBE2Q1,142,0.0019
DLG1,142,0.0019
SAYSD1,142,0.0019
PTGDS,142,0.0019
ELOVL1,142,0.0019
HES4,142,0.0019
COX11,142,0.0019
APOBEC2,142,0.0019
NTAN1,142,0.0019
CLDN24,142,0.0019
FNDC4,142,0.0019
GET3,142,0.0019
AIG1,142,0.0019
GDI1,142,0.0019
KCNV1,142,0.0019
FOXR2,142,0.0019
UCK1,142,0.0019
GLYATL3,142,0.0019
KLRB1,142,0.0019
NECAP2,142,0.0019
TCF23,142,0.0019
TRIM74,141,0.0019
ADIPOR2,141,0.0019
SPINT2,141,0.0019
NPL,141,0.0019
INSIG1,141,0.0019
U2AF2,141,0.0019
C18orf21,141,0.0019
RASL11B,141,0.0019
KCNMB2,141,0.0019
ARFIP1,141,0.0019
PPAT,141,0.0019
FKBP3,141,0.0019
ESD,141,0.0019
LAIR2,141,0.0019
TMEM217,141,0.0019
CIMAP1A,141,0.0019
DRG1,141,0.0019
ATP6V0D1,141,0.0019
KDSR,141,0.0019
APOBEC3H,141,0.0019
RASSF3,141,0.0019
LITAF,141,0.0019
TEX101,141,0.0019
DCAF12L1,141,0.0019
LXN,141,0.0019
CDIN1,141,0.0019
IGLV2-8,141,0.0019
TFAM,141,0.0019
DECR2,141,0.0019
CREG2,140,0.0018
HS6ST2,140,0.0018
DTYMK,140,0.0018
EEF1B2,140,0.0018
GABRA3,140,0.0018
NECAB1,140,0.0018
DDI2,140,0.0018
GAPT,140,0.0018
AQP10,140,0.0018
AICDA,140,0.0018
MAGEB4,140,0.0018
NAPA,140,0.0018
PRKAR2B,140,0.0018
SLC25A51,140,0.0018
MAOB,140,0.0018
PPT2,140,0.0018
CDK5R1,140,0.0018
GKN2,140,0.0018
CLP1,140,0.0018
ASPA,140,0.0018
PRSS37,140,0.0018
CFAP96,140,0.0018
SOD3,140,0.0018
EIF3H,140,0.0018
HDHD2,140,0.0018
TSPAN9,139,0.0018
ABHD13,139,0.0018
TMEM150A,139,0.0018
PURG,139,0.0018
STMND1,139,0.0018
PRMT8,139,0.0018
CCND2,139,0.0018
HAUS1,139,0.0018
RCHY1,139,0.0018
RBM39,139,0.0018
TM2D1,139,0.0018
CPLX1,139,0.0018
BEND6,139,0.0018
SUDS3,139,0.0018
CD99L2,139,0.0018
TP53RK,139,0.0018
ZNF449,139,0.0018
HNRNPA0,139,0.0018
MMAB,139,0.0018
DCDC2C,139,0.0018
CD83,139,0.0018
VAPA,139,0.0018
C19orf84,139,0.0018
CTU1,139,0.0018
PGAM1,139,0.0018
SDHAF2,139,0.0018
DNAJC5G,139,0.0018
PGLS,139,0.0018
CACNG3,139,0.0018
POLB,138,0.0018
CA11,138,0.0018
GNB2,138,0.0018
TNP2,138,0.0018
C4orf51,138,0.0018
TREML4,138,0.0018
PEDS1,138,0.0018
CHAC2,138,0.0018
TPRG1L,138,0.0018
PIM1,138,0.0018
LCE1A,138,0.0018
EEF1A1,138,0.0018
TBC1D3I,138,0.0018
UBXN2A,138,0.0018
GPR89B,138,0.0018
SESN3,138,0.0018
SPARC,138,0.0018
CKB,138,0.0018
CLEC4E,138,0.0018
TNFRSF13C,138,0.0018
SLA2,138,0.0018
CLDN10,138,0.0018
EMX2,138,0.0018
BTC,138,0.0018
TPPP,138,0.0018
RTL6,138,0.0018
CCND1,137,0.0018
IFNL3,137,0.0018
SETD9,137,0.0018
TNFSF12,137,0.0018
IGKV1D-8,137,0.0018
LTB,137,0.0018
PDXP,137,0.0018
LHFPL6,137,0.0018
CRYAA,137,0.0018
SEPTIN6,137,0.0018
PRDX5,137,0.0018
KRTAP9-7,137,0.0018
SPAG7,137,0.0018
NRN1L,137,0.0018
ADGRL1,137,0.0018
PSPH,137,0.0018
MEA1,137,0.0018
FAM78B,137,0.0018
GZMA,137,0.0018
ECHDC3,137,0.0018
IDI2,137,0.0018
FOXN3,137,0.0018
SPDYA,137,0.0018
UGCG,137,0.0018
MIP,137,0.0018
FKBP14,137,0.0018
TMEM88B,137,0.0018
PBOV1,137,0.0018
FAM228B,137,0.0018
PMM1,137,0.0018
MXD1,136,0.0018
GOLGA8N,136,0.0018
GPD1L,136,0.0018
TIMM21,136,0.0018
DYRK1A,136,0.0018
PSMB10,136,0.0018
RRAGD,136,0.0018
SMS,136,0.0018
SYP,136,0.0018
ZC3H8,136,0.0018
UNC50,136,0.0018
STARD5,136,0.0018
GOT2,136,0.0018
RAB27A,136,0.0018
SERTAD1,136,0.0018
VDAC2,136,0.0018
ARL6IP1,136,0.0018
SAMD5,136,0.0018
IGLV2-11,136,0.0018
HAO2,136,0.0018
IKBKG,136,0.0018
ZFAND2A,136,0.0018
ARHGDIG,136,0.0018
FBXL3,136,0.0018
CD3D,136,0.0018
MBL2,135,0.0018
ATP6AP2,135,0.0018
TMEM150C,135,0.0018
NSL1,135,0.0018
RAB23,135,0.0018
GJD2,135,0.0018
PLEKHA3,135,0.0018
AHCYL1,135,0.0018
CSTF2,135,0.0018
SSX1,135,0.0018
FAM237A,135,0.0018
MAGEA11,135,0.0018
SPMIP8,135,0.0018
ZNF711,135,0.0018
DGCR6L,135,0.0018
GOLPH3,135,0.0018
DPCD,135,0.0018
THEM5,135,0.0018
KLF16,135,0.0018
LUM,135,0.0018
RANGRF,135,0.0018
INO80C,135,0.0018
DUS4L,135,0.0018
MPV17L,135,0.0018
FAAP24,135,0.0018
LDB2,135,0.0018
PGGT1B,135,0.0018
TMEM187,135,0.0018
INSL4,135,0.0018
MPPED1,135,0.0018
ZDHHC15,135,0.0018
CCNB1IP1,135,0.0018
POTEB3,135,0.0018
GNAO1,135,0.0018
MBNL1,135,0.0018
CAMP,134,0.0018
NXPH2,134,0.0018
ZG16B,134,0.0018
MSANTD3,134,0.0018
ACAA2,134,0.0018
CLDND2,134,0.0018
MRPL50,134,0.0018
AKIP1,134,0.0018
RRAGC,134,0.0018
ATP6V1C1,134,0.0018
TPD52L2,134,0.0018
CLDN1,134,0.0018
CST8,134,0.0018
DIO3,134,0.0018
ZNRF2,134,0.0018
MVB12B,134,0.0018
EAF2,134,0.0018
TMEM179,134,0.0018
EFNB1,134,0.0018
TGIF2,134,0.0018
PRPS1L1,134,0.0018
GOLGA6L9,134,0.0018
AGMAT,134,0.0018
CSNKA2IP,134,0.0018
CIBAR1,134,0.0018
PIGX,134,0.0018
EREG,134,0.0018
FERD3L,134,0.0018
TECR,134,0.0018
ISCU,134,0.0018
RP9,134,0.0018
SIGLECL1,134,0.0018
GMNN,134,0.0018
HLF,134,0.0018
KDELR2,134,0.0018
MIF4GD,134,0.0018
GPN2,134,0.0018
ENDOG,134,0.0018
TTC33,134,0.0018
IGKV1-17,133,0.0017
PRIM2,133,0.0017
RGS7BP,133,0.0017
FAM76A,133,0.0017
PRR18,133,0.0017
TDGF1,133,0.0017
C1QTNF7,133,0.0017
LDHAL6A,133,0.0017
KRTAP15-1,133,0.0017
NACA2,133,0.0017
OSTF1,133,0.0017
SFT2D3,133,0.0017
PACRGL,133,0.0017
PRH2,133,0.0017
KRTAP4-1,133,0.0017
SOX21,133,0.0017
CORT,133,0.0017
C1orf43,133,0.0017
NAP1L5,133,0.0017
SLC38A5,133,0.0017
KCNMB1,133,0.0017
EAF1,133,0.0017
UTP11,133,0.0017
KITLG,133,0.0017
NR2E1,133,0.0017
HLA-DMB,133,0.0017
CST4,133,0.0017
SSR1,133,0.0017
LCMT1,133,0.0017
IAH1,133,0.0017
ZNF84,133,0.0017
LCE1C,133,0.0017
MYL3,133,0.0017
BLMH,133,0.0017
KCNJ6,133,0.0017
DUSP29,132,0.0017
IGLV8-61,132,0.0017
RHOU,132,0.0017
BRS3,132,0.0017
GNB1,132,0.0017
MPZL1,132,0.0017
LGALS8,132,0.0017
IDH3A,132,0.0017
MKRN2OS,132,0.0017
NUDT7,132,0.0017
CCNG1,132,0.0017
SAMD8,132,0.0017
TMBIM6,132,0.0017
KRTAP12-2,132,0.0017
KIAA1522,132,0.0017
COQ10A,132,0.0017
IMPA2,132,0.0017
ATXN3L,132,0.0017
OR2AJ1,132,0.0017
FOXD4L4,132,0.0017
RS1,132,0.0017
LPGAT1,132,0.0017
DLX1,132,0.0017
LRRC20,132,0.0017
NUDT8,132,0.0017
NOXRED1,132,0.0017
RFC5,132,0.0017
PRKAG1,132,0.0017
FMR1NB,132,0.0017
IGHV2-26,132,0.0017
GNAI1,132,0.0017
THAP2,132,0.0017
GNAI3,132,0.0017
TMEM68,132,0.0017
RWDD2A,132,0.0017
PPP2R2C,132,0.0017
HNRNPH1,132,0.0017
PNP,132,0.0017
MORN3,132,0.0017
C1QL2,131,0.0017
MPV17L2,131,0.0017
ARR3,131,0.0017
NONO,131,0.0017
VDAC1,131,0.0017
PURB,131,0.0017
RAB34,131,0.0017
OLIG1,131,0.0017
GPR174,131,0.0017
SPI1,131,0.0017
PGRMC2,131,0.0017
CMBL,131,0.0017
EID2,131,0.0017
PYCR2,131,0.0017
CCDC71L,131,0.0017
C17orf100,131,0.0017
KCNK12,131,0.0017
TMEM249,131,0.0017
CRKL,131,0.0017
JPT2,131,0.0017
NBPF11,131,0.0017
LEUTX,131,0.0017
IGSF23,131,0.0017
CMTM6,131,0.0017
GADD45GIP1,131,0.0017
TRIM73,131,0.0017
HGH1,131,0.0017
RCN2,131,0.0017
MBNL3,131,0.0017
IFITM5,131,0.0017
SOD2,131,0.0017
CFAP161,131,0.0017
CMTM8,131,0.0017
INTS3,131,0.0017
TM2D2,131,0.0017
IGKV2-30,131,0.0017
AIDA,131,0.0017
ATP1B4,131,0.0017
HESX1,131,0.0017
AARD,130,0.0017
GGPS1,130,0.0017
SPG21,130,0.0017
SEBOX,130,0.0017
GPN3,130,0.0017
HORMAD2,130,0.0017
ATG12,130,0.0017
ANKRD45,130,0.0017
SPACA9,130,0.0017
FAM209A,130,0.0017
PAXX,130,0.0017
FBXL20,130,0.0017
CYTH2,130,0.0017
KLHL15,130,0.0017
RPA2,130,0.0017
RBMX2,130,0.0017
MED27,130,0.0017
PPP1R3E,130,0.0017
PTPRB,130,0.0017
CALB2,130,0.0017
TMED9,130,0.0017
TARDBP,130,0.0017
SPEGNB,130,0.0017
GNA13,130,0.0017
SPPL3,130,0.0017
RPF2,130,0.0017
VEGFD,130,0.0017
FGF14,130,0.0017
IYD,130,0.0017
TPM4,129,0.0017
DIO2,129,0.0017
SPATA19,129,0.0017
WDR45,129,0.0017
CHFR,129,0.0017
ACMSD,129,0.0017
ARMCX1,129,0.0017
DERA,129,0.0017
FGF21,129,0.0017
CYTH3,129,0.0017
IGKV1-8,129,0.0017
TUBA3D,129,0.0017
AFF1,129,0.0017
TRMT61A,129,0.0017
ARL14EP,129,0.0017
CNN3,129,0.0017
LDHC,129,0.0017
SFR1,129,0.0017
PRR4,129,0.0017
RPL7,129,0.0017
BCAT1,129,0.0017
NRF1,129,0.0017
SCAND1,129,0.0017
CXorf38,129,0.0017
ZCCHC10,129,0.0017
H2AC7,129,0.0017
PHOSPHO1,129,0.0017
SF3B4,129,0.0017
PACRG,129,0.0017
YIPF4,129,0.0017
SOST,129,0.0017
PPP1R2,129,0.0017
H1-0,129,0.0017
RPL7A,129,0.0017
RPLP0,129,0.0017
PRXL2A,128,0.0017
MACIR,128,0.0017
PRND,128,0.0017
ITGB1BP2,128,0.0017
EEF1AKMT2,128,0.0017
ARL14,128,0.0017
CHCHD2,128,0.0017
PHETA1,128,0.0017
KCNIP3,128,0.0017
CRIP3,128,0.0017
C14orf180,128,0.0017
GPR34,128,0.0017
SMCO3,128,0.0017
FAM90A26,128,0.0017
KRTAP9-6,128,0.0017
RNF224,128,0.0017
NABP1,128,0.0017
MRTO4,128,0.0017
PSMG2,128,0.0017
DBNDD1,128,0.0017
NFYA,128,0.0017
LDHD,128,0.0017
KCTD2,128,0.0017
NANOS2,128,0.0017
C3orf52,128,0.0017
SLC50A1,128,0.0017
ANKRD9,128,0.0017
IGBP1C,128,0.0017
CSK,128,0.0017
MTRES1,128,0.0017
FADD,128,0.0017
ELP6,127,0.0017
RGS18,127,0.0017
ANKRD22,127,0.0017
TNFSF14,127,0.0017
THRA,127,0.0017
GSTA2,127,0.0017
LIPT2,127,0.0017
NRIP3,127,0.0017
DRAP1,127,0.0017
FAM228A,127,0.0017
RGS2,127,0.0017
NTPCR,127,0.0017
NIT2,127,0.0017
RAE1,127,0.0017
VTI1B,127,0.0017
PRDX3,127,0.0017
MEST,127,0.0017
CHCHD10,127,0.0017
PQBP1,127,0.0017
IZUMO4,127,0.0017
EMC7,127,0.0017
TMEM154,127,0.0017
CD53,127,0.0017
TANGO2,127,0.0017
GPR173,127,0.0017
PHYHD1,127,0.0017
KLRK1,127,0.0017
RPAIN,127,0.0017
PSMD4,127,0.0017
IGKV1D-13,127,0.0017
CENPK,127,0.0017
CRADD,127,0.0017
MBLAC1,127,0.0017
SPACDR,127,0.0017
ACTR3B,126,0.0017
WFDC3,126,0.0017
C1QBP,126,0.0017
BCAT2,126,0.0017
RPS6,126,0.0017
UBLCP1,126,0.0017
AKT3,126,0.0017
CLIC3,126,0.0017
DOLPP1,126,0.0017
CIDEB,126,0.0017
NOVA2,126,0.0017
GALT,126,0.0017
CS,126,0.0017
KRTAP5-8,126,0.0017
XK,126,0.0017
OR2T29,126,0.0017
ZFAND3,126,0.0017
MBD3L1,126,0.0017
SH3GLB1,126,0.0017
RASD2,126,0.0017
AHSA1,126,0.0017
CD69,126,0.0017
RBM24,126,0.0017
DUSP19,126,0.0017
LCE1B,126,0.0017
UBTD1,126,0.0017
PPP1R8,126,0.0017
MRAP,126,0.0017
SSX7,126,0.0017
PSMD11,126,0.0017
CRYBB3,126,0.0017
TMEM91,126,0.0017
CD300E,126,0.0017
CFAP300,126,0.0017
THAP6,126,0.0017
UPK3BL2,126,0.0017
ALAD,125,0.0016
C1QA,125,0.0016
NEURL3,125,0.0016
TUBB8,125,0.0016
FDX2,125,0.0016
FLT3LG,125,0.0016
MAGT1,125,0.0016
RAB3D,125,0.0016
CD300LD,125,0.0016
C6orf120,125,0.0016
NANP,125,0.0016
PSMC2,125,0.0016
ORAI2,125,0.0016
IMP4,125,0.0016
CLDN5,125,0.0016
IMPA1,125,0.0016
VMO1,125,0.0016
HES6,125,0.0016
TATDN1,125,0.0016
TUBA3C,125,0.0016
DDX6,125,0.0016
ZNF771,125,0.0016
ATPAF1,125,0.0016
IGKV1D-43,125,0.0016
ASCL1,125,0.0016
USE1,125,0.0016
EXOSC6,125,0.0016
LCE5A,125,0.0016
FOXL3,125,0.0016
SAP30BP,125,0.0016
ABCE1,125,0.0016
NSMCE2,125,0.0016
CD164L2,124,0.0016
SCAMP1,124,0.0016
CDKN2B,124,0.0016
CLDN12,124,0.0016
ARHGEF10,124,0.0016
ING2,124,0.0016
SPDYE6,124,0.0016
CISH,124,0.0016
CLEC4A,124,0.0016
MAGEB17,124,0.0016
MTX2,124,0.0016
MZT2A,124,0.0016
TEF,124,0.0016
BAX,124,0.0016
TEX30,124,0.0016
FBXO8,124,0.0016
FKBP11,124,0.0016
RIPPLY3,124,0.0016
COMMD10,124,0.0016
ASCL3,124,0.0016
NMNAT1,124,0.0016
IGKV1-6,124,0.0016
CABP2,124,0.0016
TRNAU1AP,124,0.0016
RPRD1A,124,0.0016
IGHV3-20,124,0.0016
WNT5B,124,0.0016
EXOSC7,124,0.0016
MED28,124,0.0016
KLRF1,124,0.0016
LEMD1,123,0.0016
C1QTNF5,123,0.0016
CLDN3,123,0.0016
HSPB2,123,0.0016
PTHLH,123,0.0016
PHOSPHO2,123,0.0016
EMP1,123,0.0016
OR4F21,123,0.0016
LCE3D,123,0.0016
PLEKHB2,123,0.0016
RAB40C,123,0.0016
VDAC3,123,0.0016
RUVBL1,123,0.0016
DUSP28,123,0.0016
CKMT1B,123,0.0016
FAM168B,123,0.0016
CDK11A,123,0.0016
IRF5,123,0.0016
SPR,123,0.0016
RNASE10,123,0.0016
NPPB,123,0.0016
CACFD1,123,0.0016
FUT9,123,0.0016
MRRF,123,0.0016
TSPAN31,123,0.0016
TAF9,122,0.0016
CAB39,122,0.0016
PSTPIP2,122,0.0016
EMG1,122,0.0016
MAGEB3,122,0.0016
NAT14,122,0.0016
DDX39A,122,0.0016
HBEGF,122,0.0016
GAL,122,0.0016
IGLV7-46,122,0.0016
SYF2,122,0.0016
BCL2L1,122,0.0016
ID4,122,0.0016
PRTFDC1,122,0.0016
MRM2,122,0.0016
COPRS,122,0.0016
RAB27B,122,0.0016
STX7,122,0.0016
MAGEA8,122,0.0016
TPMT,122,0.0016
POPDC3,122,0.0016
CASP4,122,0.0016
PRRG4,122,0.0016
ATG13,122,0.0016
SMR3A,122,0.0016
KRTAP1-5,122,0.0016
FAM174A,122,0.0016
KLHDC10,121,0.0016
RIT1,121,0.0016
QPRT,121,0.0016
MYL10,121,0.0016
PLET1,121,0.0016
H4C2,121,0.0016
WNT6,121,0.0016
RGS1,121,0.0016
ITCH,121,0.0016
PRKACA,121,0.0016
OR2A1,121,0.0016
KRTAP5-6,121,0.0016
BZW1,121,0.0016
SETD7,121,0.0016
SYCP3,121,0.0016
ARHGAP25,121,0.0016
ACRV1,121,0.0016
ARFIP2,121,0.0016
DCK,121,0.0016
POU2AF3,121,0.0016
EXOSC5,121,0.0016
FEV,121,0.0016
CCDC169,121,0.0016
KCNJ3,121,0.0016
SNRPA1,121,0.0016
NDUFV2,121,0.0016
HAGHL,121,0.0016
CRISP2,121,0.0016
PPIF,121,0.0016
PHF6,121,0.0016
DNAJC15,121,0.0016
POM121C,121,0.0016
TCEANC,121,0.0016
CST5,121,0.0016
PECR,121,0.0016
CRYL1,121,0.0016
CAV3,121,0.0016
BIN3,120,0.0016
SAMD12,120,0.0016
GCG,120,0.0016
ACER3,120,0.0016
CAPNS1,120,0.0016
CREB1,120,0.0016
SKIC8,120,0.0016
IL37,120,0.0016
GPX1,120,0.0016
NOPCHAP1,120,0.0016
CGB7,120,0.0016
GPR119,120,0.0016
CRK,120,0.0016
RAB20,120,0.0016
TMEM126B,120,0.0016
LIN7B,120,0.0016
RABGGTB,120,0.0016
NQO1,120,0.0016
PPP1R17,120,0.0016
CST1,120,0.0016
CUL1,120,0.0016
BCL2,120,0.0016
IL1B,120,0.0016
GOT1,120,0.0016
RAB3B,120,0.0016
ANXA7,120,0.0016
CRH,120,0.0016
NTF4,120,0.0016
ETHE1,120,0.0016
BRMS1L,120,0.0016
RNF113A,120,0.0016
C1QC,120,0.0016
CST2,120,0.0016
BNIP1,119,0.0016
BMF,119,0.0016
LHFPL7,119,0.0016
MOB3A,119,0.0016
TMEM250,119,0.0016
NEK7,119,0.0016
PDXK,119,0.0016
DYNLT4,119,0.0016
ATOH7,119,0.0016
TMEM92,119,0.0016
HSD17B11,119,0.0016
DPPA3,119,0.0016
HOMER1,119,0.0016
IQCF3,119,0.0016
DCUN1D2,119,0.0016
PRR29,119,0.0016
ARPIN,119,0.0016
IL17C,119,0.0016
H3C1,119,0.0016
RAB33B,119,0.0016
EFNA1,119,0.0016
SNRPB,119,0.0016
NAMPT,119,0.0016
TFPI,119,0.0016
CCDC134,119,0.0016
MMD2,119,0.0016
TMED6,119,0.0016
RAB40AL,119,0.0016
PAFAH1B3,119,0.0016
NHSL1,119,0.0016
CCDC160,119,0.0016
DPRX,119,0.0016
FKBP7,119,0.0016
METTL6,118,0.0016
DCUN1D4,118,0.0016
CCDC172,118,0.0016
ZEB1,118,0.0016
SIT1,118,0.0016
GKN1,118,0.0016
IFITM10,118,0.0016
RBM45,118,0.0016
RBBP9,118,0.0016
SHLD1,118,0.0016
CIMAP1B,118,0.0016
PHOX2A,118,0.0016
BCL10,118,0.0016
PARK7,118,0.0016
PLA2G12A,118,0.0016
JDP2,118,0.0016
LCE3E,118,0.0016
TNFSF15,118,0.0016
RAB32,118,0.0016
PRR13,118,0.0016
TMEM207,118,0.0016
DNAJC12,118,0.0016
C3orf80,118,0.0016
VTI1A,118,0.0016
GEMIN8,118,0.0016
ZNF705B,118,0.0016
CYB5D1,118,0.0016
NUDT16,118,0.0016
TVP23B,118,0.0016
TBC1D3L,118,0.0016
ERI3,118,0.0016
CFC1,118,0.0016
PHYHIP,118,0.0016
C2orf68,117,0.0015
C2orf72,117,0.0015
COQ7,117,0.0015
ATAD3A,117,0.0015
HSCB,117,0.0015
NPM1,117,0.0015
RHOF,117,0.0015
TSPAN13,117,0.0015
CHAC1,117,0.0015
DAB1,117,0.0015
CFAP299,117,0.0015
DNAJC8,117,0.0015
MSGN1,117,0.0015
CXCR3,117,0.0015
TSPAN3,117,0.0015
DIO1,117,0.0015
IFI30,117,0.0015
SASH3,117,0.0015
NAPG,117,0.0015
MRPS10,117,0.0015
RASL11A,117,0.0015
CATSPERZ,117,0.0015
ANKRD49,117,0.0015
TOMM34,117,0.0015
DGAT2L6,117,0.0015
AMMECR1,117,0.0015
N6AMT1,117,0.0015
C3orf84,117,0.0015
MED6,117,0.0015
RPS19BP1,117,0.0015
RNASE11,117,0.0015
ADIPOQ,116,0.0015
PDHB,116,0.0015
N4BP2L1,116,0.0015
TEX19,116,0.0015
HCFC1R1,116,0.0015
HMGN5,116,0.0015
DLEU7,116,0.0015
GSTA1,116,0.0015
OCIAD1,116,0.0015
HCCS,116,0.0015
ACTR3C,116,0.0015
LRRC10B,116,0.0015
GNLY,116,0.0015
C7orf50,116,0.0015
NAA11,116,0.0015
PLLP,116,0.0015
HIF1AN,116,0.0015
CHCHD3,116,0.0015
RAB37,116,0.0015
CD300LB,116,0.0015
TSPAN33,116,0.0015
CMAS,116,0.0015
PIRT,116,0.0015
RHOJ,116,0.0015
KLK8,116,0.0015
C3orf22,116,0.0015
FST,116,0.0015
NANOGNB,116,0.0015
RNF212B,116,0.0015
MDH1,116,0.0015
NT5M,116,0.0015
ASB8,116,0.0015
RCAN3,116,0.0015
PSMD9,116,0.0015
GAPDH,115,0.0015
DUSP9,115,0.0015
THEM4,115,0.0015
LAT,115,0.0015
GMPR2,115,0.0015
CLTA,115,0.0015
GEMIN6,115,0.0015
CTDSP2,115,0.0015
RND2,115,0.0015
CLEC4C,115,0.0015
CLEC6A,115,0.0015
KRTAP1-1,115,0.0015
IGKV2-24,115,0.0015
ZFY,115,0.0015
SARNP,115,0.0015
TMLHE,115,0.0015
PPIAL4A,115,0.0015
COQ10B,115,0.0015
NXNL1,115,0.0015
MAP2K4,115,0.0015
WNT7B,115,0.0015
DRAM1,115,0.0015
NMS,115,0.0015
ICOS,115,0.0015
MS4A5,115,0.0015
ZMAT4,115,0.0015
FXN,115,0.0015
METTL21A,115,0.0015
BLVRB,115,0.0015
IGLV4-3,115,0.0015
PHF21A,114,0.0015
NAPB,114,0.0015
CALU,114,0.0015
LHFPL4,114,0.0015
MAPRE1,114,0.0015
KRTAP5-9,114,0.0015
CAPZA2,114,0.0015
PCP2,114,0.0015
USP17L8,114,0.0015
RNF2,114,0.0015
AQP3,114,0.0015
RLN3,114,0.0015
ZNG1E,114,0.0015
RPP25,114,0.0015
MTHFS,114,0.0015
PPP1R1B,114,0.0015
FAM3C,114,0.0015
TMEM33,114,0.0015
PMVK,114,0.0015
LACTB2,114,0.0015
ATG10,114,0.0015
PLAC8L1,114,0.0015
RBMX,114,0.0015
BCL7B,114,0.0015
NUCKS1,114,0.0015
ODAPH,114,0.0015
C15orf62,114,0.0015
MS4A6E,114,0.0015
RTRAF,114,0.0015
REEP5,113,0.0015
PSMC3,113,0.0015
HACD2,113,0.0015
UNC119,113,0.0015
MAP2K6,113,0.0015
TNFSF13,113,0.0015
PPM1A,113,0.0015
PPP2R5E,113,0.0015
PSMA3,113,0.0015
ZNF740,113,0.0015
TMEM225B,113,0.0015
RPE,113,0.0015
KLRD1,113,0.0015
HAPSTR1,113,0.0015
TIRAP,113,0.0015
SAMD10,113,0.0015
KLK6,113,0.0015
SBDS,113,0.0015
KLF9,113,0.0015
CKMT1A,113,0.0015
UQCC1,113,0.0015
KLHDC3,113,0.0015
REXO2,113,0.0015
APH1A,113,0.0015
CLTB,113,0.0015
VGLL1,113,0.0015
FLYWCH2,113,0.0015
IGKV1-12,113,0.0015
BTG3,113,0.0015
APOD,113,0.0015
GSTA5,113,0.0015
GSTA3,113,0.0015
PCMTD1,113,0.0015
MRPL47,113,0.0015
ARGLU1,113,0.0015
IZUMO3,113,0.0015
ANXA8L1,113,0.0015
CD8B,113,0.0015
EIF2B2,113,0.0015
FAM133B,113,0.0015
AMMECR1L,113,0.0015
KLRF2,113,0.0015
MRPL35,113,0.0015
MYL2,113,0.0015
GID4,113,0.0015
SAP30,112,0.0015
SOWAHD,112,0.0015
GLIPR1L1,112,0.0015
NDUFS7,112,0.0015
PDCL2,112,0.0015
EIF3I,112,0.0015
MRPL16,112,0.0015
DMC1,112,0.0015
PSORS1C1,112,0.0015
IGKV3D-11,112,0.0015
RAB6D,112,0.0015
TEX29,112,0.0015
EBAG9,112,0.0015
FAM219B,112,0.0015
GUCA1A,112,0.0015
NAA60,112,0.0015
H2BC11,112,0.0015
RP2,112,0.0015
ALAS2,112,0.0015
TVP23C,112,0.0015
CLIC4,112,0.0015
RHBDF2,112,0.0015
ACTG2,112,0.0015
VMAC,111,0.0015
USP17L18,111,0.0015
TH,111,0.0015
EIF3J,111,0.0015
CYB5B,111,0.0015
IQCM,111,0.0015
OXLD1,111,0.0015
RABL3,111,0.0015
PPP1R27,111,0.0015
FSBP,111,0.0015
TWIST1,111,0.0015
CHP2,111,0.0015
NPPC,111,0.0015
CCSAP,111,0.0015
CLEC5A,111,0.0015
RGS19,111,0.0015
ARL6IP5,111,0.0015
TMEM236,111,0.0015
IGKV1D-17,111,0.0015
HSD11B1,111,0.0015
MRPS12,111,0.0015
CRYM,111,0.0015
LIN7A,111,0.0015
HLA-DRA,111,0.0015
EXOSC8,111,0.0015
CSRP2,111,0.0015
C21orf62,111,0.0015
MAGEB18,111,0.0015
NDUFS2,111,0.0015
PRMT1,111,0.0015
ARL11,111,0.0015
GET1,110,0.0014
EFNA5,110,0.0014
ANKRD30BL,110,0.0014
WFDC8,110,0.0014
HBD,110,0.0014
IQCF2,110,0.0014
LCN15,110,0.0014
SRGAP2C,110,0.0014
TMEM69,110,0.0014
MITD1,110,0.0014
MTAP,110,0.0014
BAK1,110,0.0014
ADO,110,0.0014
ASPDH,110,0.0014
NFAT5,110,0.0014
MAGEB10,110,0.0014
RRM2,110,0.0014
EEF1AKMT3,110,0.0014
TPPP2,110,0.0014
RABAC1,110,0.0014
C5orf24,110,0.0014
MOCS2,110,0.0014
NMRK1,110,0.0014
NMNAT2,110,0.0014
CTHRC1,110,0.0014
UBALD1,110,0.0014
P2RY10,110,0.0014
PDC,110,0.0014
CDK11B,110,0.0014
PTTG1IP,110,0.0014
CFLAR,110,0.0014
CYB561A3,110,0.0014
IGHV4-61,110,0.0014
OBP2B,110,0.0014
CSHL1,110,0.0014
APCS,110,0.0014
EEF1AKMT1,109,0.0014
PTTG2,109,0.0014
CTDSPL,109,0.0014
GNAI2,109,0.0014
NSG1,109,0.0014
GLRX2,109,0.0014
TCEANC2,109,0.0014
DYNLT2,109,0.0014
GREM1,109,0.0014
CMTM4,109,0.0014
ARL10,109,0.0014
HBB,109,0.0014
AWAT1,109,0.0014
MRPS11,109,0.0014
ASRGL1,109,0.0014
UBE2J2,109,0.0014
RHEX,109,0.0014
CUTC,109,0.0014
PSMB9,109,0.0014
UTP23,109,0.0014
ATF3,109,0.0014
IGLV9-49,109,0.0014
RBPMS2,109,0.0014
PSMG1,109,0.0014
WDR13,109,0.0014
RNF141,109,0.0014
H2AC4,108,0.0014
LRRC57,108,0.0014
SGTB,108,0.0014
BMERB1,108,0.0014
PRRT1,108,0.0014
PSME3IP1,108,0.0014
CLEC2D,108,0.0014
PHB2,108,0.0014
PABPC5,108,0.0014
OR2A42,108,0.0014
COMMD5,108,0.0014
NDUFS3,108,0.0014
GHRL,108,0.0014
SLC17A3,108,0.0014
GTF2H3,108,0.0014
CPSF4L,108,0.0014
NRSN1,108,0.0014
RND1,108,0.0014
HSPB9,108,0.0014
PYCARD,108,0.0014
MYL4,108,0.0014
IGLV3-9,108,0.0014
C1orf105,108,0.0014
NUDT16L1,108,0.0014
DEFA4,108,0.0014
TSPAN14,108,0.0014
RNF5,108,0.0014
ABHD14B,108,0.0014
USP12,108,0.0014
FGF6,108,0.0014
CDC34,108,0.0014
ZFAND6,108,0.0014
STRAP,108,0.0014
LYSMD2,108,0.0014
PRKX,108,0.0014
AZIN1,108,0.0014
ZNG1F,108,0.0014
VSTM5,108,0.0014
RAB11B,108,0.0014
EIF2B1,108,0.0014
CST11,108,0.0014
SZRD1,108,0.0014
PNCK,107,0.0014
VKORC1,107,0.0014
CYYR1,107,0.0014
MINDY4B,107,0.0014
WNT8B,107,0.0014
TRIM4,107,0.0014
TIPRL,107,0.0014
UNC119B,107,0.0014
ANP32B,107,0.0014
CACYBP,107,0.0014
PTRH1,107,0.0014
ARL6,107,0.0014
THAP1,107,0.0014
RAB19,107,0.0014
CKLF,107,0.0014
STK26,107,0.0014
PLA2G12B,107,0.0014
LCN6,107,0.0014
NMNAT3,107,0.0014
HSD17B14,107,0.0014
RPEL1,107,0.0014
SYAP1,107,0.0014
NDUFB10,107,0.0014
LDHB,107,0.0014
SSX5,107,0.0014
RNF4,107,0.0014
EIF4E1B,107,0.0014
FNDC5,107,0.0014
RRM2B,107,0.0014
CYGB,107,0.0014
TNMD,107,0.0014
KRTAP11-1,107,0.0014
GFOD1,107,0.0014
CCDC153,106,0.0014
SLC25A14,106,0.0014
KDM1A,106,0.0014
RAMP1,106,0.0014
NABP2,106,0.0014
YRDC,106,0.0014
HAAO,106,0.0014
ACOXL,106,0.0014
TMEM126A,106,0.0014
KRTAP1-3,106,0.0014
REG1B,106,0.0014
MRPL32,106,0.0014
ANKRD66,106,0.0014
DNASE1L1,106,0.0014
C4orf33,106,0.0014
IGHV3-43,106,0.0014
TMED1,106,0.0014
APOOL,106,0.0014
CA5B,106,0.0014
C17orf107,106,0.0014
PSMB6,106,0.0014
BTF3,106,0.0014
PPIL1,106,0.0014
ANKRD37,106,0.0014
NDUFAB1,106,0.0014
GGTLC1,106,0.0014
LDHA,106,0.0014
BPGM,106,0.0014
GSTO1,106,0.0014
USP46,106,0.0014
STOM,106,0.0014
ATP23,106,0.0014
PCNP,106,0.0014
ESM1,106,0.0014
POLR2E,106,0.0014
CA2,106,0.0014
VPREB3,106,0.0014
ADM5,106,0.0014
PURA,106,0.0014
H2BC1,106,0.0014
HIBADH,105,0.0014
SHISA4,105,0.0014
IGKV1-27,105,0.0014
PI15,105,0.0014
SCAMP5,105,0.0014
CTAG2,105,0.0014
LYG2,105,0.0014
SOD1,105,0.0014
MCU,105,0.0014
IGHV3-66,105,0.0014
SPDYE2,105,0.0014
PRM3,105,0.0014
APOM,105,0.0014
NPM3,105,0.0014
STX1A,105,0.0014
HES3,105,0.0014
ATG3,105,0.0014
CLNS1A,105,0.0014
CPSF7,105,0.0014
STH,105,0.0014
FAM204A,105,0.0014
RGS4,105,0.0014
CIAO2A,105,0.0014
IGLV7-43,105,0.0014
ISY1,105,0.0014
REG3G,105,0.0014
IL27,105,0.0014
TASP1,105,0.0014
SPRING1,104,0.0014
PCYT1B,104,0.0014
ANKRD7,104,0.0014
ACTB,104,0.0014
RMND5A,104,0.0014
AMN1,104,0.0014
PPIL3,104,0.0014
AKTIP,104,0.0014
TCF15,104,0.0014
WNT7A,104,0.0014
HSPB3,104,0.0014
UBTD2,104,0.0014
KCNJ9,104,0.0014
ITPA,104,0.0014
AQP12B,104,0.0014
SERPINB12,104,0.0014
NMU,104,0.0014
EBPL,104,0.0014
C8orf89,104,0.0014
TUBA1C,104,0.0014
PIM2,104,0.0014
EIF3E,104,0.0014
GPM6A,104,0.0014
CEBPG,104,0.0014
PCSK1N,104,0.0014
TCEAL6,104,0.0014
RAB38,104,0.0014
ZNHIT3,104,0.0014
TCF21,104,0.0014
ASB11,104,0.0014
SNAP23,103,0.0014
ZNRD2,103,0.0014
PRPF18,103,0.0014
CTSS,103,0.0014
BST2,103,0.0014
TFPI2,103,0.0014
SIRT5,103,0.0014
CYREN,103,0.0014
TGFA,103,0.0014
RHOXF1,103,0.0014
SAR1B,103,0.0014
PRXL2B,103,0.0014
ACTR1A,103,0.0014
GSTO2,103,0.0014
RPS2,103,0.0014
ETFBKMT,103,0.0014
RPL13A,103,0.0014
REG3A,103,0.0014
CYS1,103,0.0014
AK1,103,0.0014
STARD4,103,0.0014
SRSF7,103,0.0014
DEFB125,103,0.0014
MOBP,103,0.0014
LSMEM2,103,0.0014
CCDC90B,103,0.0014
PRRG1,103,0.0014
ZNF146,102,0.0013
TP53AIP1,102,0.0013
TEX13D,102,0.0013
C2orf74,102,0.0013
CLDN11,102,0.0013
C11orf21,102,0.0013
GRPEL2,102,0.0013
TMEM208,102,0.0013
TMEM240,102,0.0013
PRKRIP1,102,0.0013
CIAO2B,102,0.0013
EID2B,102,0.0013
IGKV1D-16,102,0.0013
IGHV4-28,102,0.0013
EIF3C,102,0.0013
C1orf52,102,0.0013
SFN,102,0.0013
MT-ND1,102,0.0013
PSMC6,102,0.0013
CST9L,102,0.0013
PRR15,102,0.0013
ZMYND19,102,0.0013
CABYR,102,0.0013
FBF1,102,0.0013
QKI,102,0.0013
MT-ND4,101,0.0013
RCAN1,101,0.0013
CPLX4,101,0.0013
GSTM5,101,0.0013
ARL3,101,0.0013
GIMD1,101,0.0013
SLIRP,101,0.0013
ZCCHC24,101,0.0013
CAPNS2,101,0.0013
C1orf50,101,0.0013
ETFB,101,0.0013
CPNE7,101,0.0013
ZNF705D,101,0.0013
PCBP1,101,0.0013
TGIF2LX,101,0.0013
LRRC3B,101,0.0013
DDIT3,101,0.0013
IGHV7-81,101,0.0013
OR14A2,101,0.0013
PGP,101,0.0013
SCIMP,101,0.0013
SYCE2,101,0.0013
CYSRT1,101,0.0013
SPANXN2,101,0.0013
GRPEL1,101,0.0013
FAM209B,101,0.0013
PDAP1,101,0.0013
CRYGC,101,0.0013
C1QL4,101,0.0013
KRTAP6-3,100,0.0013
MRAS,100,0.0013
SSX3,100,0.0013
FGFR1OP2,100,0.0013
LGALS3,100,0.0013
PXMP4,100,0.0013
ARFRP1,100,0.0013
C1orf54,100,0.0013
MPV17,100,0.0013
MFAP5,100,0.0013
TSSK4,100,0.0013
SOCS1,100,0.0013
ACOT6,100,0.0013
LRRC51,100,0.0013
MAGEB16,100,0.0013
IGHV3-72,100,0.0013
SPATA24,100,0.0013
OOSP2,100,0.0013
HDAC9,100,0.0013
IMMP1L,100,0.0013
COMMD8,100,0.0013
HNRNPA3,100,0.0013
NICN1,100,0.0013
MAPRE3,100,0.0013
CEP19,100,0.0013
NOXO1,100,0.0013
PRIMA1,100,0.0013
C6orf226,100,0.0013
TNFSF13B,100,0.0013
UBL4B,100,0.0013
CD40LG,100,0.0013
C10orf105,100,0.0013
NOD2,100,0.0013
GTSF1L,100,0.0013
CCDC152,100,0.0013
AP1M1,100,0.0013
PRPSAP2,100,0.0013
DEFA6,100,0.0013
DEFB118,100,0.0013
CA8,99,0.0013
ZCRB1,99,0.0013
DUSP26,99,0.0013
FAM210B,99,0.0013
MAL2,99,0.0013
KCNIP4,99,0.0013
ZNF576,99,0.0013
ZNF664,99,0.0013
TIFAB,99,0.0013
FGF10,99,0.0013
TYROBP,99,0.0013
GTF2B,99,0.0013
RPS3A,99,0.0013
C17orf49,99,0.0013
MFAP4,99,0.0013
CDNF,99,0.0013
C19orf53,99,0.0013
GOLGA6L24,99,0.0013
HMGB1P1,99,0.0013
MS4A13,99,0.0013
PPP2R2A,99,0.0013
MAP6D1,99,0.0013
NKAIN2,99,0.0013
BAALC,99,0.0013
GDNF,99,0.0013
INSIG2,99,0.0013
EVA1B,99,0.0013
GUCA1C,99,0.0013
IRGM,98,0.0013
PLEKHF2,98,0.0013
FGF17,98,0.0013
RPL29,98,0.0013
CAPSL,98,0.0013
TEX36,98,0.0013
METTL23,98,0.0013
RIMS4,98,0.0013
SPIN2A,98,0.0013
RAB21,98,0.0013
TMBIM4,98,0.0013
PPP3CB,98,0.0013
BPNT1,98,0.0013
EFHD1,98,0.0013
PTPMT1,98,0.0013
MAF1,98,0.0013
TICAM2,98,0.0013
GFER,98,0.0013
DEFA5,98,0.0013
C19orf81,98,0.0013
GNA11,98,0.0013
OOEP,98,0.0013
PNOC,98,0.0013
H2BC14,98,0.0013
DYDC1,97,0.0013
BOD1L2,97,0.0013
HDDC2,97,0.0013
UCMA,97,0.0013
BOD1,97,0.0013
C22orf23,97,0.0013
C11orf91,97,0.0013
MRPL22,97,0.0013
SSR3,97,0.0013
EIF4H,97,0.0013
PRLH,97,0.0013
DERL2,97,0.0013
KCTD4,97,0.0013
SPCS2,97,0.0013
POMP,97,0.0013
MED4,97,0.0013
AVPI1,97,0.0013
TIMM22,97,0.0013
NPW,97,0.0013
MAGEA1,97,0.0013
VIP,97,0.0013
RND3,97,0.0013
CMTM3,97,0.0013
HDAC8,97,0.0013
NPIPB7,97,0.0013
ATP5PB,97,0.0013
BDNF,97,0.0013
INSL3,97,0.0013
CSTF1,97,0.0013
ZNF26,96,0.0013
AADAT,96,0.0013
RGS16,96,0.0013
SUV39H2,96,0.0013
ACBD4,96,0.0013
KCNAB1,96,0.0013
CAV2,96,0.0013
KRTAP19-3,96,0.0013
RAB3C,96,0.0013
RNF41,96,0.0013
PSMD7,96,0.0013
MPPED2,96,0.0013
RHOXF2,96,0.0013
CYC1,96,0.0013
POLR3H,96,0.0013
NFKB1,96,0.0013
TMEM158,96,0.0013
TEAD2,96,0.0013
CALCA,96,0.0013
C5orf47,96,0.0013
PA2G4,96,0.0013
MAFK,96,0.0013
LCNL1,96,0.0013
AURKAIP1,96,0.0013
TXNL1,96,0.0013
EIF3K,96,0.0013
PGLYRP1,96,0.0013
MOB3C,96,0.0013
C1orf185,96,0.0013
TAF10,96,0.0013
FAM174B,96,0.0013
C3orf18,96,0.0013
ALKBH6,96,0.0013
NFYC,96,0.0013
TMEM138,96,0.0013
PSMB1,96,0.0013
RBM18,95,0.0012
ERGIC1,95,0.0012
IL17RC,95,0.0012
COPS7B,95,0.0012
PRAMEF8,95,0.0012
EDARADD,95,0.0012
SPRR3,95,0.0012
EFNA2,95,0.0012
CCDC50,95,0.0012
TSPAN5,95,0.0012
HBM,95,0.0012
C11orf71,95,0.0012
TRIM39,95,0.0012
TUBB6,95,0.0012
TP53BP1,95,0.0012
CYB5A,95,0.0012
ARMH2,95,0.0012
FAM9B,95,0.0012
IQSEC1,95,0.0012
C1QL1,95,0.0012
KRTAP19-1,95,0.0012
GATD1,95,0.0012
DIRAS3,95,0.0012
PSMC3IP,95,0.0012
SDR42E2,95,0.0012
ZC4H2,94,0.0012
TTC9B,94,0.0012
TBC1D3K,94,0.0012
CRP,94,0.0012
FSTL3,94,0.0012
MRPS26,94,0.0012
BLOC1S5,94,0.0012
H2BC8,94,0.0012
RASL10A,94,0.0012
PGRMC1,94,0.0012
SPANXD,94,0.0012
IGKV1D-42,94,0.0012
MSRB2,94,0.0012
CDK6,94,0.0012
CD160,94,0.0012
NKX1-1,94,0.0012
CDK2,94,0.0012
SIAH2,94,0.0012
IZUMO2,94,0.0012
PMP2,94,0.0012
RAB2B,94,0.0012
RAB5C,94,0.0012
MAGEB5,94,0.0012
SLC4A9,94,0.0012
ILF2,94,0.0012
TERB2,94,0.0012
TNFSF8,94,0.0012
NUPR1,94,0.0012
TLDC2,94,0.0012
RERG,94,0.0012
HSD11B1L,93,0.0012
ANP32E,93,0.0012
TIMP3,93,0.0012
TMEM199,93,0.0012
SPRYD4,93,0.0012
IFT46,93,0.0012
COPZ2,93,0.0012
INSL5,93,0.0012
ROPN1L,93,0.0012
DCXR,93,0.0012
TMEM212,93,0.0012
ARL15,93,0.0012
CRYBA2,93,0.0012
CALY,93,0.0012
ATP5F1C,93,0.0012
HMGB2,93,0.0012
HPGD,93,0.0012
AK4,93,0.0012
RNF122,93,0.0012
RNF185,93,0.0012
CLTRN,93,0.0012
MT-CO1,93,0.0012
FTMT,93,0.0012
ABI1,93,0.0012
OPALIN,93,0.0012
C9orf40,93,0.0012
PYM1,93,0.0012
TENT5D,93,0.0012
PYY,93,0.0012
CLPP,93,0.0012
TUBB3,93,0.0012
CSTL1,93,0.0012
PPP1R2B,93,0.0012
CRYGB,93,0.0012
CAV1,92,0.0012
LCE3A,92,0.0012
FGF11,92,0.0012
PYCR3,92,0.0012
SIGMAR1,92,0.0012
ASMT,92,0.0012
CFAP276,92,0.0012
GCSAM,92,0.0012
NPM2,92,0.0012
ADCK1,92,0.0012
TMEM170A,92,0.0012
H2BC7,92,0.0012
CLIC1,92,0.0012
SPOCK3,92,0.0012
SYT7,92,0.0012
CSNK2A2,92,0.0012
CD244,92,0.0012
ARL4A,92,0.0012
SRSF2,92,0.0012
SNF8,92,0.0012
MRPL36,92,0.0012
IGKV3-7,92,0.0012
HDAC3,92,0.0012
CA3,92,0.0012
MEI4,92,0.0012
SLC25A43,92,0.0012
RNF181,92,0.0012
PGAM4,91,0.0012
AGTRAP,91,0.0012
PLAAT3,91,0.0012
METTL9,91,0.0012
BCL2L15,91,0.0012
RAB5A,91,0.0012
WDR5,91,0.0012
MYL5,91,0.0012
XNDC1N,91,0.0012
TRA2B,91,0.0012
IGLV3-16,91,0.0012
SNX24,91,0.0012
STC1,91,0.0012
TMEM17,91,0.0012
ARMC7,91,0.0012
AMY1C,91,0.0012
UTS2,91,0.0012
LYZL2,91,0.0012
JPT1,91,0.0012
DPH5,91,0.0012
SCML1,91,0.0012
IFITM2,91,0.0012
EIF2S3,91,0.0012
NIP7,91,0.0012
PMCH,91,0.0012
TPK1,91,0.0012
UBE2T,91,0.0012
ARMCX3,91,0.0012
C1GALT1C1,91,0.0012
TXNDC9,91,0.0012
NAT9,90,0.0012
IGKV3D-15,90,0.0012
THEM6,90,0.0012
GUCA2A,90,0.0012
SMCO1,90,0.0012
TSPO2,90,0.0012
HAUS2,90,0.0012
CRCT1,90,0.0012
CFAP126,90,0.0012
FTSJ1,90,0.0012
GCSH,90,0.0012
SOSTDC1,90,0.0012
CYRIA,90,0.0012
EPGN,90,0.0012
GH2,90,0.0012
EMP3,90,0.0012
PUDP,90,0.0012
CETN1,90,0.0012
PLAAT1,90,0.0012
SHISAL2B,90,0.0012
CENPH,90,0.0012
KLRC4,90,0.0012
GIP,90,0.0012
CSH2,90,0.0012
PSMC1,90,0.0012
WT1,90,0.0012
C3orf49,90,0.0012
NAA40,90,0.0012
CABP7,90,0.0012
ATG4A,89,0.0012
TMEM217B,89,0.0012
SERTAD3,89,0.0012
H3-7,89,0.0012
COMTD1,89,0.0012
RIT2,89,0.0012
CITED4,89,0.0012
TSLP,89,0.0012
OARD1,89,0.0012
CDC42EP5,89,0.0012
WNT4,89,0.0012
DNALI1,89,0.0012
TAGLN,89,0.0012
MRAP2,89,0.0012
SRSF9,89,0.0012
MB,89,0.0012
PTN,89,0.0012
CST9,89,0.0012
IGKV2D-26,89,0.0012
FAM241B,89,0.0012
CENPQ,89,0.0012
CST7,89,0.0012
CIB1,89,0.0012
GPSM3,89,0.0012
HPGDS,89,0.0012
CCDC32,89,0.0012
ID2,89,0.0012
MARCHF5,89,0.0012
EIF4A1,89,0.0012
KRTAP4-2,89,0.0012
ICMT,89,0.0012
PRAP1,89,0.0012
ARHGDIA,89,0.0012
HOMER2,89,0.0012
ANKRD46,89,0.0012
ZBED3,89,0.0012
FAM199X,89,0.0012
DDAH2,89,0.0012
PHPT1,89,0.0012
MRPL18,89,0.0012
CYBC1,89,0.0012
KRTAP19-5,89,0.0012
EIF4E3,88,0.0012
AKIRIN1,88,0.0012
ABCB8,88,0.0012
RARRES2,88,0.0012
RPL23A,88,0.0012
COA7,88,0.0012
NPIPA2,88,0.0012
SRGN,88,0.0012
CRYGD,88,0.0012
IL11,88,0.0012
FAM133A,88,0.0012
SKA1,88,0.0012
SRM,88,0.0012
RAB3A,88,0.0012
IGKV2D-30,88,0.0012
AANAT,88,0.0012
LIN7C,88,0.0012
IFNL2,88,0.0012
NRTN,88,0.0012
IGLV3-12,88,0.0012
WNT3A,88,0.0012
MUTYH,88,0.0012
SURF4,88,0.0012
SLC25A5,88,0.0012
OTUD6A,88,0.0012
NSG2,88,0.0012
CDRT4,88,0.0012
SCT,88,0.0012
SMCP,88,0.0012
RHOV,88,0.0012
NMB,88,0.0012
MAP3K12,88,0.0012
GSTM4,88,0.0012
UFD1,88,0.0012
H2BC26,88,0.0012
IGKV1-33,88,0.0012
ATP1B3,88,0.0012
TREX2,88,0.0012
TRPM1,88,0.0012
POLR3GL,88,0.0012
ATP1B1,88,0.0012
PRKAB1,88,0.0012
CLEC2L,87,0.0011
CSDC2,87,0.0011
C19orf33,87,0.0011
TMEM100,87,0.0011
RAB40A,87,0.0011
NHLH1,87,0.0011
DDAH1,87,0.0011
COMMD3,87,0.0011
ZNF580,87,0.0011
ANP32D,87,0.0011
COX6A1,87,0.0011
IGLV10-54,87,0.0011
GSTP1,87,0.0011
CKAP2,87,0.0011
DNLZ,87,0.0011
RDH10,87,0.0011
SAA2,87,0.0011
AGPAT1,87,0.0011
RPS7,87,0.0011
TNFRSF12A,87,0.0011
C1orf115,87,0.0011
PHLDA2,87,0.0011
RPP25L,87,0.0011
RILPL2,87,0.0011
CGB2,87,0.0011
MAPK14,87,0.0011
AWAT2,87,0.0011
VPREB1,86,0.0011
NUTM1,86,0.0011
MUCL1,86,0.0011
TTR,86,0.0011
POTEB2,86,0.0011
MYL7,86,0.0011
GLIS3,86,0.0011
FBXO45,86,0.0011
DHDDS,86,0.0011
TIGAR,86,0.0011
FABP9,86,0.0011
MDK,86,0.0011
GAST,86,0.0011
GOLGA6L7,86,0.0011
PANK3,86,0.0011
TEX13B,86,0.0011
EMC8,86,0.0011
GPX5,86,0.0011
FBLL1,86,0.0011
TEX50,86,0.0011
IMP3,86,0.0011
SNORC,86,0.0011
KCNIP2,86,0.0011
RIBC1,86,0.0011
MAT2A,86,0.0011
COMMD1,86,0.0011
MARVELD1,86,0.0011
GCLM,86,0.0011
IGKV1D-12,85,0.0011
C6orf62,85,0.0011
TMEM205,85,0.0011
H2BC6,85,0.0011
CBR4,85,0.0011
RHOXF2B,85,0.0011
PFDN2,85,0.0011
CLEC2A,85,0.0011
TMEM220,85,0.0011
CRYBA1,85,0.0011
NPIPB8,85,0.0011
IMMP2L,85,0.0011
C8orf82,85,0.0011
TSPAN6,85,0.0011
C6orf52,85,0.0011
RNF187,85,0.0011
SHLD3,85,0.0011
EIF2S1,85,0.0011
NIPSNAP3B,85,0.0011
ZFAND5,85,0.0011
NUDCD2,85,0.0011
BCL2L2,85,0.0011
C21orf140,85,0.0011
REELD1,85,0.0011
DPT,85,0.0011
HSPB6,85,0.0011
TTC9,85,0.0011
TNNC1,85,0.0011
TMEM42,85,0.0011
LMO1,85,0.0011
UCHL1,85,0.0011
RAB28,85,0.0011
VWC2L,84,0.0011
IQCJ,84,0.0011
CFAP77,84,0.0011
EIF2S2,84,0.0011
IGKV2D-29,84,0.0011
IGHV1-58,84,0.0011
XG,84,0.0011
H2BC9,84,0.0011
ASIP,84,0.0011
PDIK1L,84,0.0011
MRPL21,84,0.0011
DAND5,84,0.0011
AGR3,84,0.0011
GNAZ,84,0.0011
GUCD1,84,0.0011
SGF29,84,0.0011
TCEAL2,84,0.0011
TMEM11,84,0.0011
LLPH,84,0.0011
RAB29,84,0.0011
SIRT4,84,0.0011
PHB1,84,0.0011
PCGF3,84,0.0011
RPA4,84,0.0011
ID3,84,0.0011
NTS,84,0.0011
SLC51B,84,0.0011
MRPL27,84,0.0011
TAF11,84,0.0011
GNAQ,84,0.0011
MRPS15,84,0.0011
GRP,84,0.0011
MLEC,84,0.0011
NAT8L,84,0.0011
NQO2,84,0.0011
SULT4A1,84,0.0011
HMMR,84,0.0011
RPS10,84,0.0011
APIP,84,0.0011
CD70,83,0.0011
RPSA2,83,0.0011
XBP1,83,0.0011
SAP30L,83,0.0011
JAZF1,83,0.0011
PRM1,83,0.0011
RCVRN,83,0.0011
RNF138,83,0.0011
EVA1A,83,0.0011
EMC2,83,0.0011
SLC25A3,83,0.0011
BNIP3L,83,0.0011
TNF,83,0.0011
DEFB116,83,0.0011
EMID1,83,0.0011
IDNK,83,0.0011
ZMAT5,83,0.0011
C9orf85,83,0.0011
FABP3,83,0.0011
PSPN,83,0.0011
EBP,83,0.0011
NIPSNAP3A,83,0.0011
LYPLA1,83,0.0011
PTH2,83,0.0011
SPMIP5,83,0.0011
LLCFC1,83,0.0011
MRTFB,83,0.0011
DMBX1,83,0.0011
ACTR3,83,0.0011
LACRT,82,0.0011
CCDC74B,82,0.0011
KCNE5,82,0.0011
MCC,82,0.0011
KRTAP6-1,82,0.0011
HGD,82,0.0011
MAL,82,0.0011
TMEM160,82,0.0011
BHLHA9,82,0.0011
BMI1,82,0.0011
TTC36,82,0.0011
HSD17B8,82,0.0011
IFNL1,82,0.0011
PRXL2C,82,0.0011
SPRR4,82,0.0011
PRELID1,82,0.0011
METTL26,82,0.0011
TRGV3,82,0.0011
TXN2,82,0.0011
EMSY,82,0.0011
PAFAH1B2,82,0.0011
ATG5,82,0.0011
ZNG1C,82,0.0011
HPRT1,82,0.0011
C5orf52,82,0.0011
FAM50A,82,0.0011
CENPM,81,0.0011
PHGR1,81,0.0011
DHRS11,81,0.0011
CUTA,81,0.0011
CRYBB2,81,0.0011
HDGFL3,81,0.0011
RAB42,81,0.0011
TMEM98,81,0.0011
DDX3Y,81,0.0011
TNFSF18,81,0.0011
SST,81,0.0011
IGLV3-22,81,0.0011
GEMIN7,81,0.0011
GPX8,81,0.0011
TMEM65,81,0.0011
EIF1AD,81,0.0011
IGKV2D-24,81,0.0011
CBLN3,81,0.0011
DEFB129,81,0.0011
TIAL1,81,0.0011
PAEP,81,0.0011
UTS2B,81,0.0011
SPMIP9,81,0.0011
CA13,81,0.0011
POLR3G,81,0.0011
NOP16,81,0.0011
FAM107A,81,0.0011
IQANK1,81,0.0011
PSMA1,81,0.0011
ZCCHC13,81,0.0011
ZNF615,81,0.0011
PARP2,81,0.0011
STYX,81,0.0011
MAPK1,81,0.0011
RWDD1,81,0.0011
GSTM3,81,0.0011
PNPLA4,81,0.0011
TPD52L1,80,0.0011
DNAL1,80,0.0011
REP15,80,0.0011
SMU1,80,0.0011
MT-CO3,80,0.0011
UPK3BL1,80,0.0011
TMED3,80,0.0011
ADISSP,80,0.0011
DYDC2,80,0.0011
NPIPA8,80,0.0011
OTUB1,80,0.0011
CST3,80,0.0011
RHOC,80,0.0011
YWHAG,80,0.0011
PARD6A,80,0.0011
SYS1,80,0.0011
LDAF1,80,0.0011
RAB13,80,0.0011
PRDX1,80,0.0011
ASF1B,80,0.0011
ATP6V1E2,80,0.0011
STXBP6,80,0.0011
RASSF1,80,0.0011
ALKAL2,80,0.0011
BAIAP3,80,0.0011
TPPP3,80,0.0011
MBD3L3,80,0.0011
TMEM9B,80,0.0011
SFT2D1,80,0.0011
KIAA1143,80,0.0011
URAD,80,0.0011
COPS4,80,0.0011
HSFX3,80,0.0011
RER1,80,0.0011
SIKE1,80,0.0011
TAF9B,80,0.0011
TAFA4,80,0.0011
USP27X,80,0.0011
RAC3,80,0.0011
KDELR1,80,0.0011
IFITM3,80,0.0011
CBLN2,80,0.0011
ROPN1B,80,0.0011
RHOD,80,0.0011
MZB1,79,0.001
SFT2D2,79,0.001
TAC3,79,0.001
ISG15,79,0.001
DAPP1,79,0.001
RAB5B,79,0.001
FATE1,79,0.001
ENOPH1,79,0.001
CRYGA,79,0.001
IGLC3,79,0.001
PSMC5,79,0.001
NTMT1,79,0.001
LY6K,79,0.001
PRKAB2,79,0.001
REX1BD,79,0.001
H2AC15,79,0.001
MMD,79,0.001
CRYBA4,79,0.001
DUSP22,79,0.001
MAFF,79,0.001
RAB4A,79,0.001
SMIM17,79,0.001
RAMAC,79,0.001
REG4,79,0.001
KCTD9,79,0.001
LYPD2,79,0.001
MXRA7,78,0.001
JOSD2,78,0.001
NDFIP1,78,0.001
DYNLT5,78,0.001
RAB31,78,0.001
IQCF5,78,0.001
PLAC1,78,0.001
AP2M1,78,0.001
KLRG1,78,0.001
TMCO2,78,0.001
CFAP95,78,0.001
IGLV1-36,78,0.001
FABP12,78,0.001
IGHV3-35,78,0.001
MYL6B,78,0.001
PPP1R14B,78,0.001
LHFPL1,78,0.001
TWSG1,78,0.001
ACTR2,78,0.001
APRT,78,0.001
TEX47,78,0.001
TK1,78,0.001
IGBP1,78,0.001
NOTCH2NLA,78,0.001
DIRAS1,77,0.001
RBP2,77,0.001
RD3L,77,0.001
SYNPO,77,0.001
OSTN,77,0.001
SMIM23,77,0.001
TMEM185A,77,0.001
FGF20,77,0.001
RIPPLY2,77,0.001
ORMDL3,77,0.001
TRAV30,77,0.001
PLAAT4,77,0.001
ABITRAM,77,0.001
MYBPC1,77,0.001
ABHD17C,77,0.001
RAB41,77,0.001
ORMDL2,77,0.001
GPS1,77,0.001
MGAT4D,77,0.001
PNPLA7,77,0.001
TMED4,77,0.001
SNRPN,77,0.001
GLIPR2,77,0.001
MINAR2,77,0.001
RPP21,77,0.001
ADM2,77,0.001
TRNP1,77,0.001
DNPH1,77,0.001
TAGLN2,76,0.001
GSTK1,76,0.001
COPS7A,76,0.001
KNCN,76,0.001
PPP1R1A,76,0.001
MOB1B,76,0.001
TEX261,76,0.001
IFNK,76,0.001
WFDC12,76,0.001
PCGF1,76,0.001
H2AC11,76,0.001
SELENOF,76,0.001
GUCA1B,76,0.001
CDK5,76,0.001
RBPMS,76,0.001
EIF4A3,76,0.001
PGA3,76,0.001
TSNAX,76,0.001
ING5,76,0.001
PSMB2,76,0.001
TXNDC12,76,0.001
MORN5,76,0.001
KRTAP21-1,76,0.001
CNPY2,76,0.001
SPIN3,76,0.001
CPLX2,76,0.001
NDUFS4,76,0.001
LECT2,75,0.001
CRABP1,75,0.001
DUT,75,0.001
ALOX5AP,75,0.001
GTF2F2,75,0.001
GGTLC2,75,0.001
H2AC12,75,0.001
KRTAP6-2,75,0.001
GSTM1,75,0.001
ATP5MC3,75,0.001
TMEM229B,75,0.001
NKAIN1,75,0.001
CPLX3,75,0.001
SLC31A1,75,0.001
PHC3,75,0.001
RAB25,75,0.001
TMED7,75,0.001
CHIC1,75,0.001
IGLV5-52,75,0.001
MCF2L,75,0.001
ATG101,75,0.001
SPAG11B,75,0.001
CDKN1A,75,0.001
ELAVL1,75,0.001
KRTAP25-1,75,0.001
CGB5,75,0.001
RAB15,75,0.001
VAMP4,75,0.001
IGLV3-27,75,0.001
IGHV3-38,75,0.001
PLAAT2,75,0.001
AKIRIN2,75,0.001
UBE2F,75,0.001
TRAV38-1,75,0.001
TCF24,74,0.001
PPP6C,74,0.001
CRYGN,74,0.001
SAA4,74,0.001
CCDC182,74,0.001
SCP2D1,74,0.001
CDO1,74,0.001
ACP1,74,0.001
YWHAQ,74,0.001
TMEM95,74,0.001
SMAGP,74,0.001
UPRT,74,0.001
RAB43,74,0.001
IER3,74,0.001
PAGE1,74,0.001
TXNL4B,74,0.001
H3C13,74,0.001
NPIPA7,74,0.001
COPS8,74,0.001
UQCC4,74,0.001
HMSD,74,0.001
MLANA,74,0.001
OPN1MW2,74,0.001
NDUFAF3,74,0.001
RAB4B,74,0.001
AGR2,74,0.001
SENP8,74,0.001
MED8,74,0.001
TMEM97,74,0.001
P3R3URF,74,0.001
NIPSNAP1,74,0.001
COA1,74,0.001
LYSET,74,0.001
IFI27L2,74,0.001
PPP1CA,74,0.001
CST6,74,0.001
GSTA4,74,0.001
ANP32A,73,0.001
SMIM21,73,0.001
MAPRE2,73,0.001
BATF,73,0.001
ARTN,73,0.001
SNRNP27,73,0.001
EMC3,73,0.001
IGKV3D-20,73,0.001
BCAP31,73,0.001
SPOP,73,0.001
LIMD2,73,0.001
TUBB4A,73,0.001
FREY1,73,0.001
MBD3L2B,73,0.001
RBP5,73,0.001
TRGV5,73,0.001
KRTAP19-4,73,0.001
MAP3K7CL,73,0.001
TNFSF4,73,0.001
H2AC1,73,0.001
LCOR,73,0.001
TIFA,73,0.001
LY86,73,0.001
PITPNA,73,0.001
UQCRFS1,73,0.001
RAMP3,73,0.001
POP7,73,0.001
CCDC74A,73,0.001
H4C4,73,0.001
GCA,73,0.001
RPL9,73,0.001
TASL,73,0.001
OPA3,73,0.001
SREK1IP1,73,0.001
YBEY,73,0.001
SPX,73,0.001
CLXN,73,0.001
SPSB1,73,0.001
SDF2L1,72,0.0009
SRP14,72,0.0009
ASCL2,72,0.0009
TTC32,72,0.0009
MRPL30,72,0.0009
MFAP2,72,0.0009
NHLH2,72,0.0009
GGCT,72,0.0009
EXOSC1,72,0.0009
MRPL11,72,0.0009
ARL13A,72,0.0009
TMEM272,72,0.0009
TCEAL3,72,0.0009
MYL1,72,0.0009
MRGBP,72,0.0009
PSMD10,72,0.0009
NDUFV3,72,0.0009
TNFAIP8,72,0.0009
BDH2,72,0.0009
RPL10L,72,0.0009
RHOQ,72,0.0009
LCE4A,72,0.0009
PRDX4,72,0.0009
PLAAT5,72,0.0009
FGF18,72,0.0009
COMMD4,71,0.0009
NCMAP,71,0.0009
IGLV2-18,71,0.0009
TMEM234,71,0.0009
H2BC17,71,0.0009
H3-5,71,0.0009
DUSP18,71,0.0009
PAGE4,71,0.0009
NUDT1,71,0.0009
PDHA1,71,0.0009
IKBIP,71,0.0009
WDR17,71,0.0009
PCNA,71,0.0009
CMTM7,71,0.0009
ARL4D,71,0.0009
SEPHS1,71,0.0009
PMF1,71,0.0009
ISG20,71,0.0009
PPP1R14D,71,0.0009
RAMP2,71,0.0009
USP17L27,71,0.0009
GPX3,71,0.0009
C15orf61,71,0.0009
UBE2C,71,0.0009
GLRX5,71,0.0009
CPSF4,71,0.0009
CDKN2D,71,0.0009
DMAC1,71,0.0009
ASB9,71,0.0009
LYPLA2,71,0.0009
C11orf98,71,0.0009
DUXB,71,0.0009
BNIP3,71,0.0009
YME1L1,71,0.0009
C2orf80,70,0.0009
PIN1,70,0.0009
BORCS5,70,0.0009
CRIPT,70,0.0009
FAM3A,70,0.0009
CCDC28B,70,0.0009
MRPL17,70,0.0009
TYMS,70,0.0009
NIPSNAP2,70,0.0009
ZNF302,70,0.0009
ARHGDIB,70,0.0009
ZNF33A,70,0.0009
AVP,70,0.0009
PPP1R14A,70,0.0009
CCDC12,70,0.0009
SLC31A2,70,0.0009
C2orf50,70,0.0009
GCSAML,70,0.0009
ERFL,70,0.0009
NDUFS6,70,0.0009
KHDC1L,70,0.0009
MARCHF8,70,0.0009
ZNF534,70,0.0009
HEBP2,70,0.0009
IGF1,70,0.0009
ADAT2,70,0.0009
DAZAP2,70,0.0009
RPL26,69,0.0009
TP53I11,69,0.0009
EIF4E2,69,0.0009
INS,69,0.0009
KRTAP20-2,69,0.0009
MRPL40,69,0.0009
GALP,69,0.0009
RAB18,69,0.0009
MBD3L2,69,0.0009
SINHCAF,69,0.0009
HMGN2,69,0.0009
NRAS,69,0.0009
PPP1R14C,69,0.0009
GREM2,69,0.0009
PPIH,69,0.0009
AMELX,69,0.0009
IGHV3-73,69,0.0009
ITGB3BP,69,0.0009
PI3,69,0.0009
RPSA,69,0.0009
PTPN20,69,0.0009
VAMP5,69,0.0009
TSPAN7,69,0.0009
FGF22,69,0.0009
GTF2H2,69,0.0009
IL36B,69,0.0009
THY1,69,0.0009
HES7,69,0.0009
GSTM2,69,0.0009
UCN,69,0.0009
IGLV5-37,69,0.0009
TRAPPC6A,68,0.0009
MAD2L2,68,0.0009
HMGN4,68,0.0009
LYPD6,68,0.0009
MPHOSPH6,68,0.0009
CHRDL1,68,0.0009
TMEM31,68,0.0009
SPC25,68,0.0009
CXCL6,68,0.0009
SUGT1,68,0.0009
ILRUN,68,0.0009
H3C6,68,0.0009
PIP,68,0.0009
GPX6,68,0.0009
RAB39A,68,0.0009
TRBV4-2,68,0.0009
PLA2G2D,68,0.0009
NPY,68,0.0009
FAM180A,68,0.0009
METTL5,68,0.0009
KCNMB4,68,0.0009
ARMS2,68,0.0009
TRAV22,68,0.0009
FOXA2,68,0.0009
C1orf146,68,0.0009
ETF1,68,0.0009
NKIRAS1,68,0.0009
SELENOT,68,0.0009
MRPL49,67,0.0009
XAGE5,67,0.0009
GML,67,0.0009
CAMK2A,67,0.0009
PDE6G,67,0.0009
TRGV4,67,0.0009
PLP2,67,0.0009
CES1,67,0.0009
IFI27,67,0.0009
NGB,67,0.0009
ISOC2,67,0.0009
MED20,67,0.0009
TMEM244,67,0.0009
SRXN1,67,0.0009
CNBP,67,0.0009
SRP19,67,0.0009
UBE2Z,67,0.0009
GH1,67,0.0009
UCK2,67,0.0009
SNAP25,67,0.0009
C1QL3,67,0.0009
CDKN3,67,0.0009
CALML5,67,0.0009
KCNE1,67,0.0009
FRG2C,67,0.0009
ISCA2,67,0.0009
MAFG,67,0.0009
TAFA3,67,0.0009
VAMP2,67,0.0009
NKAPD1,67,0.0009
LSMEM1,67,0.0009
RNASEH2C,67,0.0009
NME5,67,0.0009
TRGV2,67,0.0009
FIBIN,67,0.0009
YIPF6,67,0.0009
MED18,67,0.0009
IGHV1-45,67,0.0009
AGRP,67,0.0009
SAA1,66,0.0009
JOSD1,66,0.0009
TRAV10,66,0.0009
GFRA4,66,0.0009
RAB1B,66,0.0009
HIKESHI,66,0.0009
YAF2,66,0.0009
TSBP1,66,0.0009
EIF4A2,66,0.0009
LBHD1,66,0.0009
BTG1,66,0.0009
CLEC3B,66,0.0009
TMEM107,66,0.0009
CCNC,66,0.0009
HBE1,66,0.0009
ZNF772,66,0.0009
PPP3R2,66,0.0009
CARD19,66,0.0009
REEP2,66,0.0009
PEBP1,66,0.0009
TCEAL5,66,0.0009
TRPS1,66,0.0009
CCNJ,66,0.0009
KCNT1,66,0.0009
CDKN2C,66,0.0009
CYRIB,66,0.0009
YWHAB,66,0.0009
COMMD7,66,0.0009
HNRNPH2,66,0.0009
FAM89A,66,0.0009
MED29,66,0.0009
FABP5,66,0.0009
MND1,66,0.0009
RAC2,66,0.0009
OTUB2,66,0.0009
RAD51AP1,66,0.0009
SELENOH,66,0.0009
GTF3C6,65,0.0009
WNT3,65,0.0009
TMEM18,65,0.0009
TNNI2,65,0.0009
H4C8,65,0.0009
CINP,65,0.0009
NDUFAF2,65,0.0009
GNPDA2,65,0.0009
TRAV9-2,65,0.0009
DTD1,65,0.0009
ZG16,65,0.0009
EMC9,65,0.0009
PITPNB,65,0.0009
RPL19,65,0.0009
COX8C,65,0.0009
GPX7,65,0.0009
SDF2,65,0.0009
UBALD2,65,0.0009
DAPL1,65,0.0009
CLDN34,65,0.0009
PDGFA,65,0.0009
TMED5,65,0.0009
GNRH1,65,0.0009
SPRR2D,65,0.0009
C11orf58,65,0.0009
FAM177B,65,0.0009
FABP2,65,0.0009
ORMDL1,65,0.0009
TMEM254,65,0.0009
GGACT,65,0.0009
USP17L3,65,0.0009
TRAV17,65,0.0009
OMP,65,0.0009
H2BC4,64,0.0008
TMEM9,64,0.0008
PLA2G5,64,0.0008
DCD,64,0.0008
IGKV6D-21,64,0.0008
PRADC1,64,0.0008
TMEM255A,64,0.0008
NHP2,64,0.0008
PTRHD1,64,0.0008
IGLV11-55,64,0.0008
CT55,64,0.0008
GAGE10,64,0.0008
RNF24,64,0.0008
TRAV36DV7,64,0.0008
H2BC3,64,0.0008
MEAF6,64,0.0008
PINLYP,64,0.0008
GOLGA7B,64,0.0008
TRGV9,64,0.0008
DENR,64,0.0008
EMC4,64,0.0008
EFCAB11,64,0.0008
TUBA4B,64,0.0008
MFSD2A,64,0.0008
TTC9C,64,0.0008
FNDC10,64,0.0008
KRTAP19-7,64,0.0008
CRABP2,64,0.0008
PTP4A3,64,0.0008
TRAV13-2,64,0.0008
RPL27,64,0.0008
HBA2,64,0.0008
SPRYD7,64,0.0008
TIMP2,63,0.0008
EFHD2,63,0.0008
COX7A2L,63,0.0008
RAB24,63,0.0008
CASP7,63,0.0008
UCHL5,63,0.0008
MGST1,63,0.0008
IFT27,63,0.0008
PGPEP1,63,0.0008
MRPL54,63,0.0008
SSNA1,63,0.0008
TEX22,63,0.0008
IL1RN,63,0.0008
H2BC12,63,0.0008
OTUD5,63,0.0008
MRPL48,63,0.0008
NDUFA7,63,0.0008
PTTG1,63,0.0008
ASB7,63,0.0008
ASCC1,63,0.0008
VAMP7,63,0.0008
MCRIP2,63,0.0008
BLOC1S1,63,0.0008
DNAAF6,63,0.0008
NPFF,63,0.0008
DHFR,63,0.0008
MAD2L1,63,0.0008
HBA1,63,0.0008
DYNLT1,63,0.0008
SELENOM,63,0.0008
C1orf53,63,0.0008
ABHD17B,63,0.0008
MRPS18A,63,0.0008
APOC4,63,0.0008
LMO4,63,0.0008
FABP4,63,0.0008
GOLT1B,63,0.0008
YKT6,62,0.0008
WASHC3,62,0.0008
TUBB4B,62,0.0008
LCN10,62,0.0008
OPN1MW,62,0.0008
PSMA4,62,0.0008
H3C8,62,0.0008
NBL1,62,0.0008
KRTCAP2,62,0.0008
IL21,62,0.0008
DEFB128,62,0.0008
C12orf54,62,0.0008
ANAPC10,62,0.0008
CD59,62,0.0008
CNOT8,62,0.0008
RPL26L1,62,0.0008
HMGB1,62,0.0008
FGF19,62,0.0008
DEFB115,62,0.0008
KXD1,62,0.0008
CCDC126,62,0.0008
DAOA,62,0.0008
DCUN1D1,62,0.0008
SPMIP2,62,0.0008
COTL1,62,0.0008
TRAV21,62,0.0008
RWDD4,62,0.0008
DUSP14,62,0.0008
CAPZB,62,0.0008
GOLGA6L25,62,0.0008
PDCD6,62,0.0008
IGHV3-64,62,0.0008
C11orf52,62,0.0008
ARL5C,62,0.0008
PHLDA3,61,0.0008
MANBAL,61,0.0008
B9D2,61,0.0008
TRAV38-2DV8,61,0.0008
CXorf65,61,0.0008
LBH,61,0.0008
CGB3,61,0.0008
IFITM1,61,0.0008
TRDV2,61,0.0008
FAM167B,61,0.0008
MSRB1,61,0.0008
SYCN,61,0.0008
CCDC25,61,0.0008
TAFAZZIN,61,0.0008
KRTAP2-1,61,0.0008
TRBV20-1,61,0.0008
TCTA,61,0.0008
CLIC2,61,0.0008
POLR2C,61,0.0008
KRTAP21-2,61,0.0008
UPK3B,61,0.0008
RRAGA,61,0.0008
NR2C2AP,61,0.0008
CHMP4C,61,0.0008
PAM16,61,0.0008
PTRH2,61,0.0008
LSM12,61,0.0008
CCL21,61,0.0008
TIMM29,61,0.0008
KRTAP1-4,61,0.0008
HDDC3,61,0.0008
CITED1,61,0.0008
TSACC,61,0.0008
MAGEH1,61,0.0008
SPIN4,61,0.0008
PRELID3B,61,0.0008
CALB1,61,0.0008
ELOVL6,61,0.0008
PSMA7,61,0.0008
REG1A,61,0.0008
TUBB2A,61,0.0008
BTF3L4,61,0.0008
ROPN1,61,0.0008
SCX,61,0.0008
ZFTRAF1,61,0.0008
TWIST2,60,0.0008
FABP6,60,0.0008
RBBP7,60,0.0008
H2BC5,60,0.0008
BCL2A1,60,0.0008
TMEM210,60,0.0008
ZNHIT1,60,0.0008
TUBA4A,60,0.0008
FAM180B,60,0.0008
CREG1,60,0.0008
CASP14,60,0.0008
IGHV3-16,60,0.0008
RGS21,60,0.0008
DPH6,60,0.0008
MRPL23,60,0.0008
CCL28,60,0.0008
YY1AP1,60,0.0008
HLA-DQA1,60,0.0008
LKAAEAR1,60,0.0008
DDX39B,60,0.0008
TMEM164,60,0.0008
PPBP,60,0.0008
C1orf122,60,0.0008
NPIPB12,60,0.0008
FAM216B,60,0.0008
TNNC2,60,0.0008
TRAPPC3L,60,0.0008
ATP5MC2,60,0.0008
RGS17,60,0.0008
NXNL2,60,0.0008
HES2,60,0.0008
SPANXN3,60,0.0008
LYZL1,60,0.0008
MANF,60,0.0008
CSH1,60,0.0008
SMIM24,60,0.0008
HSFX4,60,0.0008
POP5,60,0.0008
SYNJ2BP,60,0.0008
RPLP2,60,0.0008
MDP1,60,0.0008
APOO,60,0.0008
TMIE,59,0.0008
TRAV27,59,0.0008
TAGLN3,59,0.0008
KRTAP19-8,59,0.0008
NRG4,59,0.0008
PIR,59,0.0008
LYPD1,59,0.0008
MIEN1,59,0.0008
FAM219A,59,0.0008
ZNF839,59,0.0008
COPS2,59,0.0008
MRPS24,59,0.0008
TRAV6,59,0.0008
LYG1,59,0.0008
GJE1,59,0.0008
PIGH,59,0.0008
NT5C1B,59,0.0008
TRAPPC5,59,0.0008
LY6G6D,59,0.0008
GLTP,59,0.0008
PCGF5,59,0.0008
RPL12,59,0.0008
PRELID3A,59,0.0008
ZMYND8,59,0.0008
SPATA20,59,0.0008
MYL11,59,0.0008
TRAV20,59,0.0008
LTC4S,59,0.0008
CEP20,59,0.0008
IDH3G,59,0.0008
CCL24,59,0.0008
OXR1,59,0.0008
CALML6,59,0.0008
RAB7A,59,0.0008
TMEM273,58,0.0008
CBY1,58,0.0008
MREG,58,0.0008
SLX1A,58,0.0008
TRAV34,58,0.0008
ANXA8,58,0.0008
LY6E,58,0.0008
TRAV19,58,0.0008
DHRS7C,58,0.0008
FDX1,58,0.0008
IFNW1,58,0.0008
CCK,58,0.0008
ECRG4,58,0.0008
COMMD9,58,0.0008
SPATA13,58,0.0008
KRTAP20-1,58,0.0008
EIF5AL1,58,0.0008
TRIR,58,0.0008
PREPL,58,0.0008
TRAV8-4,58,0.0008
PPIAL4D,57,0.0007
SPC24,57,0.0007
TRAPPC3,57,0.0007
IFT22,57,0.0007
GARIN1A,57,0.0007
LZIC,57,0.0007
NDUFB5,57,0.0007
RBP7,57,0.0007
LCE3C,57,0.0007
ARPC2,57,0.0007
RGS10,57,0.0007
DHFR2,57,0.0007
HBQ1,57,0.0007
CLPS,57,0.0007
ERAS,57,0.0007
RAB6B,57,0.0007
BAG2,57,0.0007
RASL10B,57,0.0007
BECN2,57,0.0007
DCTPP1,57,0.0007
CPTP,57,0.0007
H2AC17,57,0.0007
H2BC21,57,0.0007
TMEM238,57,0.0007
MORF4L2,57,0.0007
SDHAF4,57,0.0007
PYURF,57,0.0007
CTF1,57,0.0007
PTMS,57,0.0007
SPA17,57,0.0007
GNPDA1,57,0.0007
RHOH,56,0.0007
H2AC14,56,0.0007
EVL,56,0.0007
C1orf210,56,0.0007
SOCS3,56,0.0007
TRAV26-2,56,0.0007
TUBG2,56,0.0007
TUBB2B,56,0.0007
HPCAL4,56,0.0007
TMEM242,56,0.0007
RGS8,56,0.0007
CALCB,56,0.0007
TMA16,56,0.0007
GAGE2A,56,0.0007
SLC48A1,56,0.0007
ARL2,56,0.0007
TRAV7,56,0.0007
HEBP1,56,0.0007
EPO,56,0.0007
CTDNEP1,56,0.0007
NAA38,56,0.0007
TCEAL4,56,0.0007
POLE3,56,0.0007
MRPS23,56,0.0007
ZNF738,56,0.0007
UCHL3,56,0.0007
CDK2AP2,56,0.0007
RACK1,56,0.0007
ERVH48-1,56,0.0007
USP50,56,0.0007
GYPB,56,0.0007
CCDC85B,56,0.0007
IL17B,56,0.0007
PHACTR2,56,0.0007
NKIRAS2,55,0.0007
PCLAF,55,0.0007
TNFAIP8L1,55,0.0007
FGF8,55,0.0007
DEFB135,55,0.0007
TRBV2,55,0.0007
SUV39H1,55,0.0007
DESI2,55,0.0007
KRTAP17-1,55,0.0007
CGB8,55,0.0007
PRDX2,55,0.0007
TMEM80,55,0.0007
RABL2A,55,0.0007
LYNX1,55,0.0007
TAL2,55,0.0007
TMEM216,55,0.0007
ZNF211,55,0.0007
RRAS2,55,0.0007
ARL5A,55,0.0007
GTSF1,55,0.0007
NUP62CL,55,0.0007
PPP1CC,55,0.0007
PPTC7,55,0.0007
TESC,55,0.0007
DYNC1I1,55,0.0007
OCIAD2,55,0.0007
FAM89B,55,0.0007
BRI3,55,0.0007
ITGB1BP1,55,0.0007
VHLL,55,0.0007
MEMO1,55,0.0007
ZNF207,55,0.0007
LY6D,55,0.0007
TLE5,55,0.0007
GAB3,55,0.0007
MECP2,55,0.0007
MRPS25,55,0.0007
TRBV28,55,0.0007
LYZL4,55,0.0007
IGLV5-48,55,0.0007
EIF3CL,55,0.0007
MED30,55,0.0007
COMMD2,55,0.0007
SMIM19,54,0.0007
RNASE13,54,0.0007
EEF1E1,54,0.0007
DUSP23,54,0.0007
C4orf46,54,0.0007
TRAV16,54,0.0007
ARL14EPL,54,0.0007
CLPSL1,54,0.0007
TRAV12-3,54,0.0007
COPS6,54,0.0007
TP53BP2,54,0.0007
WDR83OS,54,0.0007
TRIM49D1,54,0.0007
AMY1A,54,0.0007
PPP1R2C,54,0.0007
CXCL9,54,0.0007
IGKV6D-41,54,0.0007
C8orf88,54,0.0007
KRAS,54,0.0007
SPANXN4,54,0.0007
SMDT1,54,0.0007
SPINK1,54,0.0007
CDK1,54,0.0007
SNRPB2,54,0.0007
IFI6,54,0.0007
TRBV7-1,54,0.0007
TRAV3,54,0.0007
CCL25,54,0.0007
IFT25,54,0.0007
SPIN1,54,0.0007
TRAV24,54,0.0007
MILR1,54,0.0007
CHMP2B,54,0.0007
TRBV27,54,0.0007
KRTAP19-6,54,0.0007
KRTAP9-9,54,0.0007
RPS11,54,0.0007
RNF227,54,0.0007
RALB,54,0.0007
NUDT15,53,0.0007
MSMP,53,0.0007
SPRR1A,53,0.0007
RPL18,53,0.0007
CYSTM1,53,0.0007
HTD2,53,0.0007
NENF,53,0.0007
H2BC10,53,0.0007
FAM24B,53,0.0007
TAC1,53,0.0007
RUNDC3B,53,0.0007
BGLAP,53,0.0007
CT45A10,53,0.0007
C16orf87,53,0.0007
FKBP1C,53,0.0007
DNAJC24,53,0.0007
CIB2,53,0.0007
IGLV1-50,53,0.0007
DEFB127,53,0.0007
BET1L,53,0.0007
H4C3,53,0.0007
PAK3,53,0.0007
TNNT3,53,0.0007
RPS3,53,0.0007
SPRR2F,53,0.0007
KRTAP7-1,53,0.0007
SOCS2,53,0.0007
SETDB2,53,0.0007
RPL17,53,0.0007
LTA,53,0.0007
CCL16,53,0.0007
IGLV2-33,53,0.0007
RNF11,53,0.0007
IL3,53,0.0007
TRAV4,53,0.0007
TRBV29-1,53,0.0007
SNCA,53,0.0007
TRBV25-1,53,0.0007
STEEP1,53,0.0007
HAMP,53,0.0007
ECE2,53,0.0007
DCTD,53,0.0007
RABIF,53,0.0007
EDDM3A,53,0.0007
DNAJC19,53,0.0007
RAB8B,53,0.0007
MED9,53,0.0007
SLC4A7,53,0.0007
CHCHD4,53,0.0007
FAM174C,53,0.0007
KCTD6,52,0.0007
C22orf15,52,0.0007
H3C3,52,0.0007
SPANXC,52,0.0007
OTX2,52,0.0007
NEDD4,52,0.0007
NXF2B,52,0.0007
KRTAP12-4,52,0.0007
GTF2H2C,52,0.0007
ANG,52,0.0007
C2orf88,52,0.0007
CBLN1,52,0.0007
PRR9,52,0.0007
TAX1BP3,52,0.0007
RAB35,52,0.0007
RGCC,52,0.0007
BET1,52,0.0007
DEFB126,52,0.0007
TRBV4-1,52,0.0007
RPL21,52,0.0007
CWC15,52,0.0007
RALA,52,0.0007
DEXI,52,0.0007
TOMM20L,52,0.0007
GOLT1A,52,0.0007
H2BC18,52,0.0007
JTB,52,0.0007
SPACA4,52,0.0007
PTH,52,0.0007
H2AC25,52,0.0007
MCCD1,52,0.0007
RAB22A,52,0.0007
MRPL53,52,0.0007
TRAV8-2,52,0.0007
RABL2B,52,0.0007
NME6,52,0.0007
NDUFB2,52,0.0007
CXCL17,52,0.0007
SPRR2E,52,0.0007
UBE2E1,52,0.0007
TSPY2,52,0.0007
CCDC163,52,0.0007
C6orf136,52,0.0007
GYPE,52,0.0007
TMEM50A,52,0.0007
NHLRC4,52,0.0007
NME4,52,0.0007
HINT2,52,0.0007
SPMIP1,52,0.0007
LRCOL1,51,0.0007
LY6G5C,51,0.0007
TXNDC17,51,0.0007
MACROH2A1,51,0.0007
MRPS18C,51,0.0007
POLE4,51,0.0007
CRB3,51,0.0007
POLD4,51,0.0007
RASAL2,51,0.0007
HDAC7,51,0.0007
RGS5,51,0.0007
MGP,51,0.0007
CCNQ,51,0.0007
IL32,51,0.0007
SSR4,51,0.0007
MYL9,51,0.0007
KRTAP8-1,51,0.0007
IGLC2,51,0.0007
NINJ1,51,0.0007
TRBV5-1,51,0.0007
PPP2CB,51,0.0007
WFDC13,51,0.0007
ASF1A,51,0.0007
CIMAP3,51,0.0007
SMNDC1,51,0.0007
MOSMO,51,0.0007
RPS12,51,0.0007
TMEM265,51,0.0007
AP3S2,51,0.0007
GPX2,51,0.0007
TGIF2LY,51,0.0007
BLOC1S4,51,0.0007
DUSP21,51,0.0007
CBX3,51,0.0007
TMEM60,51,0.0007
H4C5,51,0.0007
PTGES3,51,0.0007
RPL24,50,0.0007
CLCF1,50,0.0007
SERTM1,50,0.0007
RPL18A,50,0.0007
VKORC1L1,50,0.0007
PSCA,50,0.0007
RNASE3,50,0.0007
MTFP1,50,0.0007
TRAV5,50,0.0007
DCTN6,50,0.0007
KRTAP3-2,50,0.0007
TRGV8,50,0.0007
H2BC13,50,0.0007
B2M,50,0.0007
TRAV18,50,0.0007
ALKAL1,50,0.0007
KRTAP19-2,50,0.0007
EIF6,50,0.0007
KRTAP2-4,50,0.0007
ACOT13,50,0.0007
MRPL14,50,0.0007
GAGE12H,50,0.0007
DEFB131A,50,0.0007
CD52,50,0.0007
NUDT2,50,0.0007
MED7,50,0.0007
GHRH,50,0.0007
CFL2,50,0.0007
VAMP3,50,0.0007
EIF4E,50,0.0007
PCMT1,50,0.0007
RBM8A,50,0.0007
TMEM213,50,0.0007
DIRAS2,50,0.0007
YWHAE,50,0.0007
IGFL3,50,0.0007
HMGA2,50,0.0007
C1orf159,50,0.0007
NDUFA6,50,0.0007
HES5,50,0.0007
U2AF1,50,0.0007
SMIM13,50,0.0007
GABPB1,50,0.0007
USP17L17,50,0.0007
MRPL43,50,0.0007
FAM241A,50,0.0007
FABP7,50,0.0007
MRPL34,50,0.0007
CBLN4,50,0.0007
HPCAL1,50,0.0007
TRBV24-1,49,0.0006
GOLGA7,49,0.0006
SEC11C,49,0.0006
LYPD8,49,0.0006
MRPS17,49,0.0006
RPL15,49,0.0006
PATE1,49,0.0006
TIMM10B,49,0.0006
MED22,49,0.0006
MGST2,49,0.0006
RPS4X,49,0.0006
FGF7,49,0.0006
H4C6,49,0.0006
YWHAH,49,0.0006
PPDPF,49,0.0006
LST1,49,0.0006
TRAV1-1,49,0.0006
BSPH1,49,0.0006
TRAPPC4,49,0.0006
BTG2,49,0.0006
IFNE,49,0.0006
PPCDC,49,0.0006
IGKV2D-28,49,0.0006
TEX48,49,0.0006
GINS2,49,0.0006
PLA2G1B,49,0.0006
SNAPC5,49,0.0006
LAGE3,49,0.0006
SPMAP1,49,0.0006
TIMM23,49,0.0006
RUNX1,49,0.0006
NME3,49,0.0006
IL17D,49,0.0006
MID1IP1,49,0.0006
HMGB3,49,0.0006
TMEM47,49,0.0006
CARTPT,49,0.0006
DTD2,48,0.0006
LY6G6C,48,0.0006
IL36A,48,0.0006
LCE6A,48,0.0006
AK6,48,0.0006
TRAV23DV6,48,0.0006
PPY,48,0.0006
CHMP5,48,0.0006
EIF4EBP2,48,0.0006
IL7,48,0.0006
FBXO36,48,0.0006
RHOB,48,0.0006
ING4,48,0.0006
FUNDC2,48,0.0006
CDK2AP1,48,0.0006
SEC11A,48,0.0006
SNURF,48,0.0006
DAP,48,0.0006
PPDPFL,48,0.0006
IL15,48,0.0006
WDR82,48,0.0006
SREK1,48,0.0006
CABP5,48,0.0006
NCBP2L,48,0.0006
SNRPC,48,0.0006
H4C9,48,0.0006
DEFB108B,48,0.0006
SMIM34,47,0.0006
DUSP3,47,0.0006
OR4F17,47,0.0006
CARNS1,47,0.0006
ANAPC15,47,0.0006
IL36G,47,0.0006
IFNA17,47,0.0006
VAMP1,47,0.0006
ANGPTL8,47,0.0006
SPRR2B,47,0.0006
HCRT,47,0.0006
PFN3,47,0.0006
USP47,47,0.0006
UCN2,47,0.0006
NDUFB7,47,0.0006
FABP1,47,0.0006
CNIH4,47,0.0006
MOB4,47,0.0006
PRDX6,47,0.0006
LY6L,47,0.0006
TMEM35B,47,0.0006
TMEM35A,47,0.0006
IL9,47,0.0006
PSMA8,47,0.0006
MYL12A,47,0.0006
CDKN1C,47,0.0006
AMD1,47,0.0006
RGS13,46,0.0006
SPDYE2B,46,0.0006
PDE6H,46,0.0006
CZIB,46,0.0006
PSMA6,46,0.0006
COPZ1,46,0.0006
TFF2,46,0.0006
PNRC2,46,0.0006
AAMDC,46,0.0006
ERICH4,46,0.0006
XAGE3,46,0.0006
PPP2CA,46,0.0006
RHEBL1,46,0.0006
IL22,46,0.0006
HTN1,46,0.0006
TIMP1,46,0.0006
GMFG,46,0.0006
FGF1,46,0.0006
MYCBPAP,46,0.0006
BCAS2,46,0.0006
PLEKHJ1,46,0.0006
BLOC1S2,46,0.0006
NDUFS8,46,0.0006
REPIN1,46,0.0006
IL6,46,0.0006
DCUN1D5,46,0.0006
OTOR,46,0.0006
NRN1,46,0.0006
UBE2L6,46,0.0006
NPS,46,0.0006
PXT1,46,0.0006
RBBP4,46,0.0006
SPINK9,46,0.0006
CETN3,46,0.0006
PAX6,46,0.0006
RAB9A,45,0.0006
TRAV9-1,45,0.0006
SULT1A3,45,0.0006
PITHD1,45,0.0006
STATH,45,0.0006
CALML3,45,0.0006
STUM,45,0.0006
DEFB1,45,0.0006
HBG1,45,0.0006
NAA10,45,0.0006
TRAV41,45,0.0006
EDDM3B,45,0.0006
MLN,45,0.0006
XCL2,45,0.0006
IFNB1,45,0.0006
PTS,45,0.0006
LSM4,45,0.0006
SMIM14,45,0.0006
CABP1,45,0.0006
CYTL1,45,0.0006
PPIAL4E,45,0.0006
PTCHD4,45,0.0006
CCHCR1,45,0.0006
SSR2,45,0.0006
PAGE2,45,0.0006
CHCHD1,45,0.0006
SIAH1,45,0.0006
NINJ2,45,0.0006
LAYN,45,0.0006
GNRH2,45,0.0006
ARL8B,45,0.0006
TRAV13-1,45,0.0006
MISP3,45,0.0006
CHIC2,45,0.0006
TSN,45,0.0006
ATP6V1E1,45,0.0006
IRAG1,44,0.0006
LYZ,44,0.0006
XCL1,44,0.0006
CAST,44,0.0006
C1orf162,44,0.0006
GLRX,44,0.0006
NDUFB9,44,0.0006
PBDC1,44,0.0006
PPP4C,44,0.0006
UBD,44,0.0006
PFN4,44,0.0006
FAM229A,44,0.0006
HINT3,44,0.0006
PDZK1IP1,44,0.0006
H2AC16,44,0.0006
CFAP107,44,0.0006
IGLV3-32,44,0.0006
RPS8,44,0.0006
KRTAP2-2,44,0.0006
GMFB,44,0.0006
NDUFA2,44,0.0006
NDUFA11,44,0.0006
GINS3,44,0.0006
RBM3,44,0.0006
ARL5B,44,0.0006
KRTAP3-1,44,0.0006
TRAV14DV4,44,0.0006
FAM72C,44,0.0006
TSPO,44,0.0006
CNOT9,44,0.0006
FAM9C,44,0.0006
SH3D21,43,0.0006
BOLA1,43,0.0006
CLEC2B,43,0.0006
UBE2E2,43,0.0006
RAB8A,43,0.0006
NPC2,43,0.0006
G0S2,43,0.0006
C8orf90,43,0.0006
PF4V1,43,0.0006
CPEB2,43,0.0006
IGHV4-4,43,0.0006
SPRR2A,43,0.0006
IL31RA,43,0.0006
TMED10,43,0.0006
TAFA1,43,0.0006
C1orf21,43,0.0006
RAB30,43,0.0006
RAB11A,43,0.0006
RSL24D1,43,0.0006
KRTAP2-3,43,0.0006
FUOM,43,0.0006
TRAV12-1,43,0.0006
PROK2,43,0.0006
PAGE2B,43,0.0006
TUBA1A,43,0.0006
VPS28,43,0.0006
C17orf58,43,0.0006
UFC1,43,0.0006
GMEB1,43,0.0006
KRTDAP,43,0.0006
SCGB1C1,43,0.0006
PLA2G2E,43,0.0006
RNASE7,43,0.0006
TRBV6-1,43,0.0006
CASP3,43,0.0006
TAFA2,43,0.0006
TRMT112,43,0.0006
PARP9,43,0.0006
NCBP2,43,0.0006
VPS25,43,0.0006
TRAV39,43,0.0006
RBIS,43,0.0006
SPINK4,43,0.0006
DEFA3,43,0.0006
EPPIN,43,0.0006
RNASE1,43,0.0006
H3C4,43,0.0006
CCDC33,43,0.0006
SAR1A,43,0.0006
ZNF593,43,0.0006
ATP5F1D,43,0.0006
PTGES,42,0.0006
PSME1,42,0.0006
H2AC13,42,0.0006
COPS5,42,0.0006
RPS27A,42,0.0006
TRBV19,42,0.0006
LCE3B,42,0.0006
IGFL2,42,0.0006
TEX46,42,0.0006
FGF9,42,0.0006
BOLA3,42,0.0006
PPP1CB,42,0.0006
CRIP1,42,0.0006
RPS19,42,0.0006
BLOC1S6,42,0.0006
BATF3,42,0.0006
IL12A,42,0.0006
C14orf132,42,0.0006
COA4,42,0.0006
IFNA2,42,0.0006
ARPC3,42,0.0006
PSME3,42,0.0006
LAMTOR1,42,0.0006
IGKV1D-33,42,0.0006
FAM162A,42,0.0006
NDUFB8,42,0.0006
NFYB,42,0.0006
TRAV2,42,0.0006
SRI,42,0.0006
RHOG,42,0.0006
TCEAL8,42,0.0006
FAM90A8,42,0.0006
HCST,42,0.0006
IGKV2-28,41,0.0005
INAFM2,41,0.0005
SPINK13,41,0.0005
RAB14,41,0.0005
ZNF875,41,0.0005
MCEE,41,0.0005
TIMM13,41,0.0005
SMR3B,41,0.0005
RAB1A,41,0.0005
TRDV1,41,0.0005
ZNF721,41,0.0005
FGF4,41,0.0005
RPRML,41,0.0005
FAM24A,41,0.0005
SNTN,41,0.0005
RETNLB,41,0.0005
TMEM50B,41,0.0005
COG5,41,0.0005
FAM168A,41,0.0005
RFK,41,0.0005
TOMM22,41,0.0005
FUNDC1,41,0.0005
TXNDC2,41,0.0005
EGLN3,41,0.0005
GAGE1,41,0.0005
PIN4,41,0.0005
FBXO48,41,0.0005
CLDN2,41,0.0005
POLR1H,41,0.0005
H2AC21,41,0.0005
ECSCR,41,0.0005
PPIA,41,0.0005
TRAV26-1,41,0.0005
MORN4,41,0.0005
IGKV6-21,41,0.0005
DESI1,41,0.0005
PDCD10,41,0.0005
PANK2,40,0.0005
FAM90A5P,40,0.0005
TRBV30,40,0.0005
CENPV,40,0.0005
STEAP3,40,0.0005
TMEM266,40,0.0005
TRAPPC6B,40,0.0005
HSD17B10,40,0.0005
B4GALNT2,40,0.0005
CNTF,40,0.0005
NPIPB13,40,0.0005
SPANXN1,40,0.0005
TRAV40,40,0.0005
FGF13,40,0.0005
PCBD2,40,0.0005
UBL4A,40,0.0005
LELP1,40,0.0005
PTP4A1,40,0.0005
RPRM,40,0.0005
CGGBP1,40,0.0005
CIB4,40,0.0005
TMPRSS6,40,0.0005
IL36RN,40,0.0005
MRPL55,40,0.0005
MIGA1,40,0.0005
IFNA7,40,0.0005
RPS20,40,0.0005
MRPS33,40,0.0005
KCNK10,40,0.0005
SPIN2B,40,0.0005
H2AC6,40,0.0005
CDCA7,39,0.0005
GADD45G,39,0.0005
EXOSC4,39,0.0005
GADD45A,39,0.0005
SCGB3A1,39,0.0005
MYDGF,39,0.0005
FCF1,39,0.0005
TBC1D3H,39,0.0005
PTMA,39,0.0005
MMGT1,39,0.0005
EOLA2,39,0.0005
TRDV3,39,0.0005
TSPY4,39,0.0005
COX7A2,39,0.0005
COX5A,39,0.0005
CCDC112,39,0.0005
ARPC5L,39,0.0005
CNOT7,39,0.0005
IL26,39,0.0005
MRPS14,39,0.0005
CSNK2B,39,0.0005
UXS1,39,0.0005
RPS16,39,0.0005
HMGA1,39,0.0005
IFNA4,39,0.0005
TRAV8-1,39,0.0005
FIS1,39,0.0005
TAF12,39,0.0005
GON7,39,0.0005
TMTC4,39,0.0005
HEPN1,39,0.0005
H2AC8,39,0.0005
SSU72L6,39,0.0005
COMMD6,38,0.0005
STMN3,38,0.0005
CIB3,38,0.0005
SAPCD1,38,0.0005
ACBD5,38,0.0005
ZFP57,38,0.0005
MLLT11,38,0.0005
PRDM15,38,0.0005
FXYD1,38,0.0005
THOC7,38,0.0005
TNNI1,38,0.0005
PSORS1C2,38,0.0005
TRAV1-2,38,0.0005
DYNLT2B,38,0.0005
MIS12,38,0.0005
C17orf67,38,0.0005
TSR2,38,0.0005
WFDC11,38,0.0005
CRYGS,38,0.0005
TMEM14B,38,0.0005
MOSPD1,38,0.0005
PPP1R1C,38,0.0005
POU2F1,37,0.0005
CT47A6,37,0.0005
RPS4Y2,37,0.0005
CISD2,37,0.0005
CCL11,37,0.0005
IFNA16,37,0.0005
TRAV25,37,0.0005
NUDT10,37,0.0005
RMI2,37,0.0005
SH3BGRL3,37,0.0005
TRBV23-1,37,0.0005
TSTD1,37,0.0005
PLA2G2A,37,0.0005
PKIB,37,0.0005
INIP,37,0.0005
MAGOHB,37,0.0005
IFNA14,37,0.0005
TSEN15,37,0.0005
GOLGA6L26,37,0.0005
TOX2,37,0.0005
CHMP1A,37,0.0005
GINS4,37,0.0005
CXCL5,37,0.0005
OR10G6,37,0.0005
FKBP2,37,0.0005
ZNF112,37,0.0005
FAM162B,37,0.0005
TRAPPC2L,37,0.0005
STARD8,37,0.0005
PRELID2,37,0.0005
HYPK,37,0.0005
TMEM233,37,0.0005
H3C10,37,0.0005
SH3BGRL2,37,0.0005
UMAD1,37,0.0005
LRRFIP1,37,0.0005
SRSF1,37,0.0005
UQCRHL,37,0.0005
TCIM,37,0.0005
CHCHD5,36,0.0005
PRL,36,0.0005
NDUFA12,36,0.0005
SPINK8,36,0.0005
IL17F,36,0.0005
CASP6,36,0.0005
PGA4,36,0.0005
TEN1,36,0.0005
APOC2,36,0.0005
SMLR1,36,0.0005
RPL22L1,36,0.0005
H4C12,36,0.0005
CBX1,36,0.0005
RAP2A,36,0.0005
CCL15,36,0.0005
ARF5,36,0.0005
CXCL1,36,0.0005
IL31,36,0.0005
HIC1,36,0.0005
ZNF557,36,0.0005
ZNF701,36,0.0005
CHP1,36,0.0005
ARL4C,36,0.0005
DEFB4A,36,0.0005
TMEM262,36,0.0005
MRPS36,36,0.0005
PVALB,36,0.0005
GINS1,36,0.0005
NUDT4,36,0.0005
SPANXB1,36,0.0005
IL18,36,0.0005
ZBTB8OS,36,0.0005
MBD3L5,36,0.0005
PRR23D1,36,0.0005
FXYD3,36,0.0005
RNASE6,36,0.0005
PGAP2,36,0.0005
DPPA5,35,0.0005
PROK1,35,0.0005
ACACA,35,0.0005
PCBP2,35,0.0005
MCFD2,35,0.0005
MAP1LC3C,35,0.0005
SNCG,35,0.0005
APOC3,35,0.0005
MZT1,35,0.0005
RPLP1,35,0.0005
C5orf46,35,0.0005
LIF,35,0.0005
IFNG,35,0.0005
PFDN6,35,0.0005
U2AF1L4,35,0.0005
SIMC1,35,0.0005
TRBV3-1,35,0.0005
IGFL1,35,0.0005
SRY,35,0.0005
CDA,35,0.0005
C16orf74,35,0.0005
DCTN3,35,0.0005
IFI27L1,35,0.0005
ATP6V1D,35,0.0005
PLAC8,35,0.0005
LEAP2,35,0.0005
POLR2D,35,0.0005
IL24,35,0.0005
MTURN,35,0.0005
MRPL13,35,0.0005
AP3S1,35,0.0005
HBG2,35,0.0005
PLAC9,34,0.0004
PHTF2,34,0.0004
POLR2F,34,0.0004
SLC12A5,34,0.0004
PF4,34,0.0004
FAU,34,0.0004
ARL2BP,34,0.0004
S100A14,34,0.0004
PLA2G2C,34,0.0004
AIRIM,34,0.0004
NCALD,34,0.0004
SPINK7,34,0.0004
SCGB3A2,34,0.0004
MOB3B,34,0.0004
CDC42,34,0.0004
RAP2B,34,0.0004
SSBP1,34,0.0004
PRAF2,34,0.0004
COX5B,34,0.0004
EIF5A2,34,0.0004
DNAJC6,34,0.0004
CA7,34,0.0004
TAF1,34,0.0004
TFF1,34,0.0004
IL13,34,0.0004
TRAV12-2,34,0.0004
RPL32,34,0.0004
PAIP2B,34,0.0004
GRB2,34,0.0004
NHERF4,34,0.0004
WFDC2,34,0.0004
MEF2A,33,0.0004
EFCAB9,33,0.0004
ARL1,33,0.0004
SEC61B,33,0.0004
DPP9,33,0.0004
UBE2M,33,0.0004
SAT2,33,0.0004
SNN,33,0.0004
IL4,33,0.0004
BEX1,33,0.0004
GADD45B,33,0.0004
AGAP3,33,0.0004
CXCL2,33,0.0004
CT45A7,33,0.0004
OSCP1,33,0.0004
VPS29,33,0.0004
TPD52L3,33,0.0004
FHIT,33,0.0004
APOA2,33,0.0004
AMY1B,33,0.0004
LEP,33,0.0004
MIA,33,0.0004
PPIAL4C,33,0.0004
GSTT2B,33,0.0004
C18orf32,33,0.0004
SLC2A11,33,0.0004
TRAV29DV5,33,0.0004
RTL8A,33,0.0004
CARD16,33,0.0004
KLHL5,33,0.0004
PNMA6A,33,0.0004
SMIM5,33,0.0004
RPS9,33,0.0004
NUDT14,33,0.0004
SNCB,33,0.0004
CISD1,33,0.0004
RAD17,33,0.0004
CDPF1,33,0.0004
SUB1,33,0.0004
ZNF623,32,0.0004
PRPF4,32,0.0004
CHRAC1,32,0.0004
ZMAT2,32,0.0004
BBIP1,32,0.0004
CBX5,32,0.0004
CHMP4B,32,0.0004
CFAP68,32,0.0004
TPT1,32,0.0004
CRCP,32,0.0004
TSPY8,32,0.0004
C19orf25,32,0.0004
CCDC120,32,0.0004
RAB6A,32,0.0004
RNASE4,32,0.0004
FDCSP,32,0.0004
OSTC,32,0.0004
OXT,32,0.0004
CSNK1A1,32,0.0004
PRPS1,32,0.0004
PLPPR4,32,0.0004
KCNE2,32,0.0004
CCDC9B,32,0.0004
CNFN,32,0.0004
CHMP4A,32,0.0004
MT-ND6,32,0.0004
FXYD6,32,0.0004
SPINK6,32,0.0004
DR1,32,0.0004
DCAF7,32,0.0004
RAB33A,32,0.0004
IPCEF1,32,0.0004
CCL23,32,0.0004
SETSIP,32,0.0004
CCL14,32,0.0004
SPRR1B,32,0.0004
INAVA,32,0.0004
NUDT3,32,0.0004
GPHA2,32,0.0004
TOMM6,31,0.0004
RNF7,31,0.0004
TMEM170B,31,0.0004
FXYD4,31,0.0004
HPCA,31,0.0004
RPA3,31,0.0004
DDX31,31,0.0004
IMPDH1,31,0.0004
H2AC20,31,0.0004
RIMBP3C,31,0.0004
PDE1A,31,0.0004
TEX51,31,0.0004
GPR15LG,31,0.0004
RAB39B,31,0.0004
UQCRH,31,0.0004
YWHAZ,31,0.0004
LYZL6,31,0.0004
HTN3,31,0.0004
MICOS13,31,0.0004
NUDT5,31,0.0004
COX17,31,0.0004
HBZ,31,0.0004
AP4S1,31,0.0004
PGF,31,0.0004
CHMP1B,31,0.0004
CHMP6,31,0.0004
KRTAP3-3,31,0.0004
H2AP,31,0.0004
H2AJ,31,0.0004
PCP4L1,31,0.0004
IFNA10,31,0.0004
IL10,31,0.0004
HSFX1,31,0.0004
LALBA,31,0.0004
ATP6V1G3,31,0.0004
PDCD5,31,0.0004
IFNA1,31,0.0004
ARPC5,31,0.0004
SMIM32,31,0.0004
CSAG3,31,0.0004
PTP4A2,31,0.0004
LSM10,30,0.0004
CREBL2,30,0.0004
NAA50,30,0.0004
ATP6V1G2,30,0.0004
COL4A6,30,0.0004
LTO1,30,0.0004
SLC3A2,30,0.0004
DMRTC1,30,0.0004
ATP5IF1,30,0.0004
NDUFAF4,30,0.0004
CCDC194,30,0.0004
LMO3,30,0.0004
POLR1D,30,0.0004
CCL22,30,0.0004
HMGCLL1,30,0.0004
NANOS3,30,0.0004
EDF1,30,0.0004
RNASE8,30,0.0004
SRSF10,30,0.0004
OTOS,30,0.0004
H4C7,30,0.0004
C19orf12,30,0.0004
SMIM22,30,0.0004
OAZ2,30,0.0004
ARL8A,30,0.0004
VAMP8,30,0.0004
CXCL3,30,0.0004
RAB10,30,0.0004
TMEM239,30,0.0004
WBP1L,30,0.0004
HNF4A,30,0.0004
WFDC9,30,0.0004
HGSNAT,30,0.0004
SMIM1,30,0.0004
IAPP,30,0.0004
LY96,30,0.0004
H4C16,30,0.0004
APOLD1,30,0.0004
SH3BGRL,29,0.0004
PCBD1,29,0.0004
PRAMEF25,29,0.0004
ATP5MC1,29,0.0004
MLX,29,0.0004
SULT1A4,29,0.0004
RHBDL1,29,0.0004
MGST3,29,0.0004
IFNA8,29,0.0004
GID8,29,0.0004
DEFB113,29,0.0004
RRAGB,29,0.0004
PDE6D,29,0.0004
BEX4,29,0.0004
LGALS1,29,0.0004
FXYD2,29,0.0004
TUBB,29,0.0004
MDGA2,29,0.0004
VSNL1,29,0.0004
CCL8,29,0.0004
PAIP2,29,0.0004
THRSP,29,0.0004
FAM229B,29,0.0004
EIF4EBP1,29,0.0004
CCDC115,29,0.0004
TRIM2,29,0.0004
SPANXN5,29,0.0004
C11orf68,29,0.0004
ISCA1,29,0.0004
USP17L22,29,0.0004
TOMM20,29,0.0004
TMED2,29,0.0004
TRAV8-3,29,0.0004
TIMM23B,29,0.0004
RPL37,29,0.0004
IRAG2,29,0.0004
TRAF3IP2,29,0.0004
TCEAL1,29,0.0004
H4C13,29,0.0004
LGALSL,29,0.0004
CNRIP1,29,0.0004
RAB2A,28,0.0004
H3C11,28,0.0004
DEFB132,28,0.0004
MSMB,28,0.0004
MCF2,28,0.0004
TAC4,28,0.0004
YEATS4,28,0.0004
SLPI,28,0.0004
GUCA2B,28,0.0004
GAGE2E,28,0.0004
IFNA21,28,0.0004
C2orf15,28,0.0004
TRIM6,28,0.0004
TPRKB,28,0.0004
C20orf202,28,0.0004
MON1A,28,0.0004
GPR17,28,0.0004
TMEM218,28,0.0004
ATP6V1G1,28,0.0004
ATP5PF,28,0.0004
UBE2G2,28,0.0004
AKAP14,28,0.0004
UBE2R2,28,0.0004
SPRR2G,28,0.0004
NUPR2,28,0.0004
H2BC15,28,0.0004
CAPS,28,0.0004
TRIM49D2,28,0.0004
BEX2,28,0.0004
JCHAIN,28,0.0004
FAM32A,28,0.0004
SDHAF1,28,0.0004
GRAP,28,0.0004
NUDT21,28,0.0004
AP1S1,28,0.0004
TBC1D30,28,0.0004
LGALS2,28,0.0004
TRGV1,28,0.0004
TRAV8-6,28,0.0004
GLO1,28,0.0004
BTD,28,0.0004
IL19,28,0.0004
GATC,28,0.0004
NPB,27,0.0004
ARF4,27,0.0004
SMIM18,27,0.0004
MRPS16,27,0.0004
RPS25,27,0.0004
NRGN,27,0.0004
DEFB114,27,0.0004
WFDC5,27,0.0004
LY6S,27,0.0004
RAP1B,27,0.0004
MRFAP1,27,0.0004
TXN,27,0.0004
TMEM203,27,0.0004
ENOX2,27,0.0004
OCM,27,0.0004
PAGE3,27,0.0004
EOLA1,27,0.0004
PSMA2,27,0.0004
ANKRD28,27,0.0004
SPANXA2,27,0.0004
DEFB110,27,0.0004
SPATA33,27,0.0004
SRPK2,27,0.0004
RETN,27,0.0004
ZNF493,27,0.0004
MAJIN,27,0.0004
MYL12B,27,0.0004
DLG2,27,0.0004
CBFA2T2,27,0.0004
SMIM9,27,0.0004
TBPL1,27,0.0004
H3C12,27,0.0004
SMIM2,27,0.0004
RPS4Y1,27,0.0004
IGFL4,26,0.0003
TSPY1,26,0.0003
MRPL42,26,0.0003
GAGE13,26,0.0003
RPS27,26,0.0003
APOC1,26,0.0003
C14orf119,26,0.0003
COX8A,26,0.0003
PJA1,26,0.0003
PATE4,26,0.0003
NDUFC1,26,0.0003
KIAA0040,26,0.0003
RBMY1E,26,0.0003
PTPA,26,0.0003
RPL35A,26,0.0003
SNX3,26,0.0003
VPS39,26,0.0003
LHB,26,0.0003
SPCS3,26,0.0003
AIF1,26,0.0003
CHMP2A,26,0.0003
GSN,26,0.0003
SFTA2,26,0.0003
UBE2E3,26,0.0003
RPS15,26,0.0003
CRNKL1,26,0.0003
PITX2,26,0.0003
MALL,26,0.0003
IFNA6,26,0.0003
PRR15L,26,0.0003
TMA7,26,0.0003
C1QTNF3,26,0.0003
ZNF41,26,0.0003
EXOC1L,26,0.0003
BLCAP,26,0.0003
MORF4L1,26,0.0003
UBE3A,26,0.0003
RNASE2,26,0.0003
FAM90A14,26,0.0003
COX4I2,26,0.0003
GAGE12J,26,0.0003
RPS13,26,0.0003
RPL34,26,0.0003
IGIP,26,0.0003
SLURP1,26,0.0003
H4C11,25,0.0003
DEFB119,25,0.0003
HLCS,25,0.0003
CTBP1,25,0.0003
IGKV1D-37,25,0.0003
C5orf63,25,0.0003
DEFB121,25,0.0003
MAP1LC3B,25,0.0003
MT-ATP8,25,0.0003
PSMB3,25,0.0003
LGALS14,25,0.0003
DPP8,25,0.0003
NUDT11,25,0.0003
MPC1L,25,0.0003
NDUFB11,25,0.0003
BUD31,25,0.0003
CCL7,25,0.0003
SPINT3,25,0.0003
UBE2D4,25,0.0003
PNMA6F,25,0.0003
TEX12,25,0.0003
COA3,25,0.0003
KCNE3,25,0.0003
APOL3,25,0.0003
CENPA,25,0.0003
PSMA5,25,0.0003
VBP1,25,0.0003
PSME2,25,0.0003
H2AX,25,0.0003
ENHO,25,0.0003
MOB1A,25,0.0003
CARS1,25,0.0003
H3C7,24,0.0003
BEX5,24,0.0003
SRSF3,24,0.0003
CASTOR2,24,0.0003
DEF8,24,0.0003
CDC26,24,0.0003
RAB3IP,24,0.0003
HAPSTR2,24,0.0003
TRPC5OS,24,0.0003
ANAPC16,24,0.0003
MPG,24,0.0003
NKX2-1,24,0.0003
IGKV1-39,24,0.0003
CXCL13,24,0.0003
RPS24,24,0.0003
RHEB,24,0.0003
EIF4EBP3,24,0.0003
LGALS13,24,0.0003
GRIFIN,24,0.0003
XPNPEP1,24,0.0003
AP1S3,24,0.0003
CT45A9,24,0.0003
NXF2,24,0.0003
DEFB134,24,0.0003
DEFB136,24,0.0003
PFDN5,24,0.0003
TIMM17A,24,0.0003
PFDN4,24,0.0003
RIPPLY1,24,0.0003
TUBG1,24,0.0003
TMEM14C,24,0.0003
SP8,24,0.0003
DPEP2NB,24,0.0003
RPL11,24,0.0003
STMN4,24,0.0003
SCGB1D1,24,0.0003
F8A1,24,0.0003
CCL26,24,0.0003
TDRD3,24,0.0003
SH2D1A,24,0.0003
RBMY1A1,24,0.0003
TIMM8B,24,0.0003
MTPN,23,0.0003
CARD18,23,0.0003
KRTAP21-3,23,0.0003
ATOX1,23,0.0003
TAFA5,23,0.0003
KRTAP12-3,23,0.0003
CSF3,23,0.0003
CNIH3,23,0.0003
RARB,23,0.0003
PKIG,23,0.0003
RPP14,23,0.0003
RAC1,23,0.0003
RAB9B,23,0.0003
CBFB,23,0.0003
CCL17,23,0.0003
ZBTB18,23,0.0003
PECAM1,23,0.0003
ERG28,23,0.0003
GSKIP,23,0.0003
H4C1,23,0.0003
FAM181A,23,0.0003
SCGB2B2,23,0.0003
UBA52,23,0.0003
CYCS,23,0.0003
CLC,23,0.0003
RORB,23,0.0003
ENTREP1,23,0.0003
OCM2,23,0.0003
NDP,23,0.0003
LSM5,23,0.0003
BSCL2,23,0.0003
SCGB2A1,23,0.0003
UQCC2,22,0.0003
RPL10A,22,0.0003
TSHB,22,0.0003
ELOB,22,0.0003
CADM2,22,0.0003
GYG2,22,0.0003
TRAPPC2B,22,0.0003
TMEM256,22,0.0003
MAP1LC3B2,22,0.0003
CETN2,22,0.0003
LSM3,22,0.0003
CHMP3,22,0.0003
DSTN,22,0.0003
PRPS2,22,0.0003
SPINK14,22,0.0003
MRFAP1L1,22,0.0003
CXCL12,22,0.0003
SLC25A25,22,0.0003
PDE4C,22,0.0003
SPMIP10,22,0.0003
DEFB4B,22,0.0003
SKP1,22,0.0003
MYL6,22,0.0003
MRPL51,22,0.0003
RPL28,22,0.0003
IL1F10,22,0.0003
FCER1G,22,0.0003
SPTSSA,22,0.0003
BORCS8,22,0.0003
ACSL6,22,0.0003
HINT1,22,0.0003
RPS5,22,0.0003
DUSP15,21,0.0003
PATE2,21,0.0003
STMN2,21,0.0003
SCGB1D2,21,0.0003
PATE3,21,0.0003
PDRG1,21,0.0003
KRTAP12-1,21,0.0003
SNPH,21,0.0003
CCL18,21,0.0003
PYDC1,21,0.0003
F7,21,0.0003
H2AZ2,21,0.0003
SVIP,21,0.0003
USP33,21,0.0003
ZNF841,21,0.0003
KAT5,21,0.0003
DPM3,21,0.0003
IFNA5,21,0.0003
COX4I1,21,0.0003
PTBP3,21,0.0003
ZNF669,21,0.0003
NCS1,21,0.0003
MED31,21,0.0003
MCTS1,21,0.0003
NR1H4,21,0.0003
KLHL13,21,0.0003
ZNF385A,21,0.0003
BRCC3,21,0.0003
ADI1,21,0.0003
SMIM10,21,0.0003
SSX4B,21,0.0003
DAD1,21,0.0003
GNPNAT1,21,0.0003
LGALS7B,21,0.0003
KCNMB3,21,0.0003
CENPS,21,0.0003
SLC2A14,21,0.0003
PPP1R11,21,0.0003
SH2D1B,21,0.0003
ZNF619,21,0.0003
POLR2G,21,0.0003
SCGB1A1,21,0.0003
PIERCE2,21,0.0003
FTH1,20,0.0003
GGTA1,20,0.0003
SNRPD2,20,0.0003
ZNF548,20,0.0003
CMTM1,20,0.0003
NDUFAF8,20,0.0003
PLGRKT,20,0.0003
RPUSD3,20,0.0003
CNEP1R1,20,0.0003
CIMIP1,20,0.0003
RAP1A,20,0.0003
CUL4B,20,0.0003
SDHAF3,20,0.0003
SLC6A9,20,0.0003
MRPL20,20,0.0003
HNRNPA2B1,20,0.0003
LHX8,20,0.0003
SLC35F3,20,0.0003
IL23A,20,0.0003
COX7B2,20,0.0003
C1orf232,20,0.0003
ALDOA,20,0.0003
C10orf53,20,0.0003
LDOC1,20,0.0003
UQCRB,20,0.0003
ACOT9,20,0.0003
CCDC167,20,0.0003
MIER1,20,0.0003
RTL8B,20,0.0003
PRKG1,20,0.0003
MRPL52,20,0.0003
HSFX2,20,0.0003
RNASE12,20,0.0003
TMEM14A,20,0.0003
DBI,20,0.0003
CCL5,20,0.0003
TGFBR3L,19,0.0002
CALM2,19,0.0002
DCTN5,19,0.0002
MCRIP1,19,0.0002
CRMP1,19,0.0002
LYRM2,19,0.0002
UBE2B,19,0.0002
CCL4,19,0.0002
APTX,19,0.0002
RPS27L,19,0.0002
USP17L13,19,0.0002
PFN1,19,0.0002
SMN1,19,0.0002
H3-3A,19,0.0002
CD300H,19,0.0002
COX6A2,19,0.0002
KRTAP20-3,19,0.0002
ARPP19,19,0.0002
MT-CO2,19,0.0002
PNLDC1,19,0.0002
SCRG1,19,0.0002
HIGD1A,19,0.0002
NME2,19,0.0002
DDA1,19,0.0002
CTBP2,19,0.0002
DEFB131B,19,0.0002
FAM72B,19,0.0002
CSTB,19,0.0002
C4orf3,19,0.0002
SLX1B,19,0.0002
NPIPB3,19,0.0002
ACYP1,19,0.0002
CALM3,18,0.0002
UBE2V2,18,0.0002
PIERCE1,18,0.0002
UBE2V1,18,0.0002
SNAPIN,18,0.0002
DEFB105A,18,0.0002
COX19,18,0.0002
TFF3,18,0.0002
UBE2H,18,0.0002
FSHB,18,0.0002
EIF1AY,18,0.0002
MIX23,18,0.0002
CLIC5,18,0.0002
RAP2C,18,0.0002
KRBOX4,18,0.0002
ENSA,18,0.0002
DEFB104A,18,0.0002
RPL22,18,0.0002
POLR2K,18,0.0002
SESN1,18,0.0002
PRAC2,18,0.0002
ARF1,18,0.0002
GABARAPL2,18,0.0002
IL5,18,0.0002
COX20,18,0.0002
CTXN1,18,0.0002
CT83,18,0.0002
DNAL4,18,0.0002
FKBP1A,18,0.0002
SNX7,18,0.0002
RAB5IF,18,0.0002
CXCL11,18,0.0002
CCL13,18,0.0002
ELOC,18,0.0002
C20orf204,18,0.0002
C2orf76,18,0.0002
NELFB,18,0.0002
KLK11,18,0.0002
TNP1,18,0.0002
SVBP,18,0.0002
PMAIP1,18,0.0002
PKIA,18,0.0002
SAT1,18,0.0002
CSF2,18,0.0002
MRFAP1L2,18,0.0002
SLURP2,18,0.0002
EXD1,17,0.0002
GAGE12F,17,0.0002
MDM2,17,0.0002
GLOD5,17,0.0002
ARF3,17,0.0002
SCGB1D4,17,0.0002
TRIM36,17,0.0002
LAMTOR3,17,0.0002
SPTSSB,17,0.0002
ADIRF,17,0.0002
CCL27,17,0.0002
WFDC10B,17,0.0002
UBE2W,17,0.0002
COX6B2,17,0.0002
RPL31,17,0.0002
MAGEA9B,17,0.0002
SELENOW,17,0.0002
BBLN,17,0.0002
SERP1,17,0.0002
RPL27A,17,0.0002
KREMEN1,17,0.0002
WFDC10A,17,0.0002
NT5DC2,17,0.0002
PSMG4,17,0.0002
H3C2,17,0.0002
USP17L11,17,0.0002
DYNLT3,17,0.0002
LGALS16,17,0.0002
ATP5ME,17,0.0002
SEPTIN4,17,0.0002
NFKBID,17,0.0002
HIGD1B,17,0.0002
TNFAIP8L2,17,0.0002
UXT,16,0.0002
DEFB104B,16,0.0002
CFL1,16,0.0002
FRG2,16,0.0002
BORCS7,16,0.0002
FMC1,16,0.0002
H2BW2,16,0.0002
SELENOK,16,0.0002
SF3B6,16,0.0002
SPADH,16,0.0002
NME1,16,0.0002
ROMO1,16,0.0002
PRICKLE4,16,0.0002
H2AB1,16,0.0002
IL20,16,0.0002
MED10,16,0.0002
GPHB5,16,0.0002
APLN,16,0.0002
PLA2G10,16,0.0002
C22orf39,16,0.0002
CXCL8,16,0.0002
PHF8,16,0.0002
CTXN3,16,0.0002
ACBD7,16,0.0002
RPS14,16,0.0002
NATD1,16,0.0002
BLID,16,0.0002
CCL20,16,0.0002
DPY30,16,0.0002
CENPX,16,0.0002
SMIM7,16,0.0002
PFDN1,16,0.0002
RHOA,15,0.0002
TIMM17B,15,0.0002
C11orf97,15,0.0002
ARL17A,15,0.0002
HRK,15,0.0002
C9orf153,15,0.0002
TMEM243,15,0.0002
RGPD6,15,0.0002
MRPL57,15,0.0002
KCTD11,15,0.0002
NPFFR2,15,0.0002
ZSWIM7,15,0.0002
CCL3,15,0.0002
SMPX,15,0.0002
LSM1,15,0.0002
TMEM263,15,0.0002
POLR2J2,15,0.0002
SSX4,15,0.0002
AIF1L,15,0.0002
CTXN2,15,0.0002
POLR3K,15,0.0002
GPM6B,15,0.0002
PSENEN,15,0.0002
ASIC2,15,0.0002
COA5,15,0.0002
SCGB2A2,15,0.0002
APOL4,15,0.0002
PSMD14,15,0.0002
EFCAB2,15,0.0002
PEA15,15,0.0002
XAGE2,15,0.0002
VMA21,15,0.0002
SPINT4,15,0.0002
POLR2I,15,0.0002
CXCL10,15,0.0002
ANAPC13,15,0.0002
C4orf36,15,0.0002
TRIQK,15,0.0002
CFC1B,15,0.0002
CCL2,15,0.0002
CCL1,15,0.0002
TMEM167A,15,0.0002
NELFCD,15,0.0002
KRTAP22-2,15,0.0002
COX7B,15,0.0002
ELOF1,15,0.0002
CFAP20,15,0.0002
USP17L19,15,0.0002
ZNF415,14,0.0002
UBE2A,14,0.0002
FTL,14,0.0002
TMEM141,14,0.0002
RPL10,14,0.0002
C3orf85,14,0.0002
TUSC2,14,0.0002
UBL3,14,0.0002
NAA20,14,0.0002
ZNF250,14,0.0002
KHDC1,14,0.0002
FAM240C,14,0.0002
UQCC3,14,0.0002
TRAPPC1,14,0.0002
RCOR3,14,0.0002
MT3,14,0.0002
GSPT1,14,0.0002
EIF1AX,14,0.0002
IL2,14,0.0002
CDKN2AIPNL,14,0.0002
ANXA4,14,0.0002
UBB,14,0.0002
C1D,14,0.0002
GLOD4,14,0.0002
HILPDA,14,0.0002
SAP18,14,0.0002
OLFM3,14,0.0002
ACSL4,14,0.0002
PET100,14,0.0002
OSGIN2,14,0.0002
NDUFB3,14,0.0002
CLPSL2,14,0.0002
CISD3,14,0.0002
KRTAP20-4,14,0.0002
RFX8,14,0.0002
NREP,14,0.0002
LYRM4,14,0.0002
FXYD7,14,0.0002
POLR2J,13,0.0002
MPC1,13,0.0002
S100A7,13,0.0002
RPS26,13,0.0002
RPL30,13,0.0002
CEP15,13,0.0002
FKBP1B,13,0.0002
CENPW,13,0.0002
LMNTD1,13,0.0002
PYDC2,13,0.0002
ATP6V0B,13,0.0002
COA6,13,0.0002
TEX11,13,0.0002
MEIG1,13,0.0002
FAM72A,13,0.0002
EEF1D,13,0.0002
KCNE4,13,0.0002
S100A7A,13,0.0002
SET,13,0.0002
PCP4,13,0.0002
PSMG3,13,0.0002
IFT20,13,0.0002
IL17A,13,0.0002
KCNJ1,13,0.0002
MPC2,13,0.0002
FAM131B,13,0.0002
COX7A1,13,0.0002
HIGD1C,13,0.0002
CSAG1,13,0.0002
ALDH9A1,13,0.0002
TCEAL7,13,0.0002
MPST,13,0.0002
FAM90A9,12,0.0002
CMC1,12,0.0002
SSU72,12,0.0002
RAN,12,0.0002
C4orf48,12,0.0002
MRPL33,12,0.0002
MATCAP2,12,0.0002
ARF6,12,0.0002
EIF1,12,0.0002
SNRPD3,12,0.0002
INSC,12,0.0002
SUMO4,12,0.0002
MAP1LC3A,12,0.0002
DPYSL3,12,0.0002
FHL1,12,0.0002
RIDA,12,0.0002
ELAVL4,12,0.0002
HTR3D,12,0.0002
CFAP97D1,12,0.0002
TTC39A,12,0.0002
PFN2,12,0.0002
EDDM13,12,0.0002
CCL19,12,0.0002
CCL3L3,12,0.0002
COX7C,12,0.0002
MUSTN1,12,0.0002
ECHDC1,12,0.0002
CSTA,12,0.0002
SMKR1,12,0.0002
NXT2,12,0.0002
MFF,12,0.0002
ACOT7,12,0.0002
KCNIP1,12,0.0002
SNRPD1,12,0.0002
TCEAL9,12,0.0002
CDC42SE1,11,0.0001
URM1,11,0.0001
SUMO1,11,0.0001
SMIM8,11,0.0001
UBE2QL1,11,0.0001
UBE2D1,11,0.0001
CT45A1,11,0.0001
TAF7L,11,0.0001
ZNF222,11,0.0001
ENY2,11,0.0001
CREM,11,0.0001
KRTAP23-1,11,0.0001
SPDYE10,11,0.0001
ASPRV1,11,0.0001
UBE2G1,11,0.0001
KMT5A,11,0.0001
SMIM11,11,0.0001
PRCD,11,0.0001
MED21,11,0.0001
EFCAB10,11,0.0001
PEMT,11,0.0001
RPL37A,11,0.0001
LEPROT,11,0.0001
CD200R1L,11,0.0001
TUBA1B,11,0.0001
KRTAP22-1,11,0.0001
CFAP90,11,0.0001
CHURC1,11,0.0001
LIMS1,10,0.0001
DNAJB5,10,0.0001
HNRNPC,10,0.0001
RBX1,10,0.0001
BANF2,10,0.0001
SMIM26,10,0.0001
LYRM1,10,0.0001
HIGD2B,10,0.0001
DEFB123,10,0.0001
SERF2,10,0.0001
GTF2A2,10,0.0001
TMEM230,10,0.0001
TRAPPC2,10,0.0001
FTHL17,10,0.0001
SEC22B,10,0.0001
AGAP9,10,0.0001
ZNF565,10,0.0001
DHRS12,10,0.0001
NDUFA13,10,0.0001
MT1B,10,0.0001
CALM1,10,0.0001
CDYL,10,0.0001
RNASE9,10,0.0001
RNF39,10,0.0001
RPS18,10,0.0001
RPS23,10,0.0001
TIMM9,10,0.0001
MYCBP,10,0.0001
TCL1B,10,0.0001
SYPL1,10,0.0001
RPL36AL,10,0.0001
MEIKIN,10,0.0001
PDZD11,10,0.0001
LCLAT1,10,0.0001
AMELY,10,0.0001
KRBOX5,10,0.0001
S100A13,10,0.0001
TIMM10,10,0.0001
RPL23,10,0.0001
CCNA1,10,0.0001
KRBOX1,10,0.0001
PABPC1L2B,9,0.0001
FAM177A1,9,0.0001
MT-ND3,9,0.0001
PID1,9,0.0001
USP17L5,9,0.0001
NEU3,9,0.0001
TRIAP1,9,0.0001
MAGOH,9,0.0001
YPEL4,9,0.0001
UBE2K,9,0.0001
DEFB130A,9,0.0001
CIMIP2C,9,0.0001
NDUFC2,9,0.0001
ING1,9,0.0001
PLGLB2,9,0.0001
SNX12,9,0.0001
ETS1,9,0.0001
H2BW1,9,0.0001
STK24,9,0.0001
FGF16,9,0.0001
PRR23D2,9,0.0001
NRARP,9,0.0001
SMN2,9,0.0001
ZNF625,9,0.0001
DEFB106A,9,0.0001
SPMIP11,9,0.0001
S100A12,9,0.0001
TAF13,9,0.0001
C12orf75,9,0.0001
H3-3B,9,0.0001
MXI1,9,0.0001
TBC1D3C,9,0.0001
TGIF1,9,0.0001
CMC2,9,0.0001
RBMY1F,9,0.0001
HSPE1,8,0.0001
RBPJ,8,0.0001
TMCO1,8,0.0001
EMC6,8,0.0001
PRSS3,8,0.0001
IDI1,8,0.0001
MRPS6,8,0.0001
ADIG,8,0.0001
PVALEF,8,0.0001
ZNF17,8,0.0001
EIF1B,8,0.0001
LAMTOR2,8,0.0001
TSTD3,8,0.0001
DMRTC1B,8,0.0001
RASSF6,8,0.0001
ABRACL,8,0.0001
ELF5,8,0.0001
SPATA45,8,0.0001
NXT1,8,0.0001
PRPSAP1,8,0.0001
SMIM30,8,0.0001
ZNF641,8,0.0001
MICOS10,8,0.0001
GOLGA8A,8,0.0001
SNRPE,8,0.0001
TMEM167B,8,0.0001
EIF5A,8,0.0001
SMIM10L1,8,0.0001
IGKV1-37,8,0.0001
UFSP1,8,0.0001
DEFB106B,8,0.0001
SUPT4H1,8,0.0001
LAPTM4B,8,0.0001
COX16,8,0.0001
HIGD2A,8,0.0001
BANF1,7,0.0001
GNAL,7,0.0001
ZNF706,7,0.0001
DEFB124,7,0.0001
S100A16,7,0.0001
ETFRF1,7,0.0001
MT-ND4L,7,0.0001
STMP1,7,0.0001
IGLJ1,7,0.0001
TIMM8A,7,0.0001
ARL17B,7,0.0001
RPL35,7,0.0001
HSBP1L1,7,0.0001
SGCD,7,0.0001
ATXN7L3B,7,0.0001
UBE2N,7,0.0001
USP17L26,7,0.0001
NNAT,7,0.0001
CNIH1,7,0.0001
MAGED4,7,0.0001
TPD52,7,0.0001
DEFB107A,7,0.0001
POLR2H,7,0.0001
MT1G,7,0.0001
TMIGD3,7,0.0001
ASDURF,7,0.0001
CDC42SE2,7,0.0001
S100Z,7,0.0001
CNIH2,7,0.0001
FAM90A23,7,0.0001
TMEM276-ZFTRAF1,7,0.0001
GABARAPL1,6,0.0001
LYPD6B,6,0.0001
KCNAB2,6,0.0001
PIGP,6,0.0001
S100A11,6,0.0001
DPH3,6,0.0001
CMC4,6,0.0001
TMEM116,6,0.0001
MSRB3,6,0.0001
SKA2,6,0.0001
IGKV1D-39,6,0.0001
CCL4L2,6,0.0001
NCBP2AS2,6,0.0001
USP17L23,6,0.0001
TRGV11,6,0.0001
NDUFA8,6,0.0001
FBXO9,6,0.0001
SGK1,6,0.0001
STMN1,6,0.0001
RIIAD1,6,0.0001
TXNL4A,6,0.0001
GEMIN2,6,0.0001
LGALS7,6,0.0001
CT45A6,6,0.0001
SERF1B,6,0.0001
GAGE12G,6,0.0001
TBCA,6,0.0001
SPDYE9,6,0.0001
SGCZ,6,0.0001
AKR1B15,6,0.0001
COX6B1,6,0.0001
TSPY3,5,0.0001
RBMY1D,5,0.0001
GCNT7,5,0.0001
S100B,5,0.0001
RBMY1J,5,0.0001
DBNDD2,5,0.0001
LYRM9,5,0.0001
SUMO3,5,0.0001
LEPROTL1,5,0.0001
SS18L2,5,0.0001
PPP3R1,5,0.0001
RPS15A,5,0.0001
S100A5,5,0.0001
DYNLRB1,5,0.0001
AHSP,5,0.0001
NPIPA9,5,0.0001
NDUFB4,5,0.0001
DAZ3,5,0.0001
ATP5PD,5,0.0001
ZNF182,5,0.0001
PRR20B,5,0.0001
GAGE12D,5,0.0001
FAM156B,5,0.0001
PHF5A,5,0.0001
LY6H,5,0.0001
OPCML,5,0.0001
PAGE5,5,0.0001
SMIM29,5,0.0001
ATP5MF,5,0.0001
FAM107B,5,0.0001
DLX6,5,0.0001
LCN8,5,0.0001
NDUFA4L2,5,0.0001
MRPL41,5,0.0001
PLSCR2,5,0.0001
S100G,5,0.0001
RPL36A,5,0.0001
SMIM3,5,0.0001
NDUFA4,5,0.0001
SCHIP1,5,0.0001
PPIAL4F,5,0.0001
RCAN2,5,0.0001
S100A3,5,0.0001
ATP5MK,4,0.0001
CT47A1,4,0.0001
PABPC1L2A,4,0.0001
TSPY10,4,0.0001
LGALS12,4,0.0001
SPACA5B,4,0.0001
PGPEP1L,4,0.0001
ASB12,4,0.0001
SSX2,4,0.0001
ATP6V0E2,4,0.0001
ATP6V1F,4,0.0001
RGPD5,4,0.0001
MIF,4,0.0001
S100P,4,0.0001
H2AZ1,4,0.0001
LAMTOR4,4,0.0001
CRISP3,4,0.0001
USP17L24,4,0.0001
ATP5MG,4,0.0001
PIGY,4,0.0001
SPMIP3,4,0.0001
DYNLRB2,4,0.0001
CCDC179,4,0.0001
MOB2,4,0.0001
UBE2I,4,0.0001
MT2A,4,0.0001
GGTLC3,4,0.0001
BPY2C,4,0.0001
PRKACB,4,0.0001
SPANXA1,4,0.0001
RFLNB,4,0.0001
UBE2L3,4,0.0001
RYBP,4,0.0001
CCDC201,4,0.0001
UQCC6,4,0.0001
C16orf92,4,0.0001
CGA,4,0.0001
NPY4R2,4,0.0001
CHCHD7,4,0.0001
LHX6,4,0.0001
PANO1,3,0.0
UBE2D2,3,0.0
KCNJ18,3,0.0
CDY2A,3,0.0
MCEMP1,3,0.0
NUTF2,3,0.0
LYRM7,3,0.0
SUMO2,3,0.0
YPEL5,3,0.0
FAM25C,3,0.0
DYNLL1,3,0.0
HOPX,3,0.0
DEFB107B,3,0.0
FAM240A,3,0.0
SNRPF,3,0.0
DAZ1,3,0.0
SPACA5,3,0.0
YPEL1,3,0.0
PRAC1,3,0.0
SNU13,3,0.0
CT45A3,3,0.0
AP2S1,3,0.0
GAGE12C,3,0.0
SYCE3,3,0.0
NTF3,3,0.0
SMIM15,3,0.0
SYNPR,3,0.0
CMPK1,3,0.0
UBE2D3,3,0.0
NDUFA5,3,0.0
ANKRD40CL,3,0.0
S100A8,2,0.0
ATP5MGL,2,0.0
MT1E,2,0.0
DYNLL2,2,0.0
CT47A7,2,0.0
NDUFA3,2,0.0
USP17L25,2,0.0
CPHXL,2,0.0
FGF12,2,0.0
S100A6,2,0.0
RPS29,2,0.0
AKAIN1,2,0.0
MBD3L4,2,0.0
SPDYE13,2,0.0
ANAPC11,2,0.0
RPL36,2,0.0
CFAP144,2,0.0
S100A2,2,0.0
GAGE12E,2,0.0
S100A1,2,0.0
LENEP,2,0.0
S100A9,2,0.0
FAM72D,2,0.0
FAM90A7,2,0.0
MT1F,2,0.0
MTCP1,2,0.0
BEX3,2,0.0
S100A4,1,0.0
ATP6V0C,1,0.0
TSC22D3,1,0.0
SSX2B,1,0.0
PLA2G2F,1,0.0
LSM7,1,0.0
RFESD,1,0.0
SPDYE15,1,0.0
ASAH2B,1,0.0
USP17L29,1,0.0
ATP6V0E1,1,0.0
PLN,1,0.0
TRGV10,1,0.0
TBC1D3,1,0.0
LSM2,1,0.0
BRK1,1,0.0
NDUFB1,1,0.0
MT1M,1,0.0
FAIM,1,0.0
ARPC4,1,0.0
YPEL2,1,0.0
SCGB1C2,1,0.0
LSM8,1,0.0
MT1HL1,1,0.0
MT1A,1,0.0
CDY2B,1,0.0
MT1H,1,0.0
UBL5,1,0.0
CGB1,1,0.0
DPM2,1,0.0
FAM90A13P,1,0.0
DEFB130B,1,0.0
TOMM5,1,0.0
C5orf58,1,0.0
CKS1B,1,0.0
CFAP141,1,0.0
SERTM2,1,0.0
TMEM275,1,0.0
NEDD8,1,0.0
DUX4,1,0.0
SMIM6,1,0.0
ATP5MJ,1,0.0
H2AL3,1,0.0
SPDYE16,1,0.0
LSM6,1,0.0
RPL38,1,0.0
