SWISSPROT,Count,Proportion(%)
Q99102,14521,0.1908
Q8IVF2,10231,0.1344
P20930,9273,0.1218
Q8NF91,8993,0.1181
P20929,8491,0.1115
Q13315,8296,0.109
P25054,8064,0.1059
Q9HC84,7495,0.0985
P98161,7158,0.094
P21817,6944,0.0912
O75445,6872,0.0903
Q8WXG9,6763,0.0888
Q8WXH0,6500,0.0854
Q685J3,6231,0.0819
P51587,6108,0.0802
Q8TCU4,5914,0.0777
Q09666,5880,0.0772
Q07864,5880,0.0772
O14686,5855,0.0769
P21359,5815,0.0764
Q96DT5,5775,0.0759
Q92736,5704,0.0749
Q96RW7,5598,0.0735
Q9Y6V0,5388,0.0708
P04114,5177,0.068
P98160,5100,0.067
Q96PZ7,5025,0.066
P49815,5000,0.0657
Q9UFH2,4919,0.0646
Q8NDH2,4806,0.0631
P22105,4787,0.0629
P52701,4761,0.0625
P78527,4760,0.0625
Q8IWN7,4719,0.062
Q86YZ3,4707,0.0618
Q8TE73,4634,0.0609
Q14517,4591,0.0603
O15230,4576,0.0601
Q9H251,4543,0.0597
Q5CZC0,4499,0.0591
Q9UQ35,4402,0.0578
P08F94,4357,0.0572
P35555,4341,0.057
Q9NU22,4279,0.0562
P98164,4279,0.0562
P12111,4229,0.0556
Q15413,4210,0.0553
Q8NEZ4,4187,0.055
O95613,4114,0.054
O95180,4103,0.0539
Q9NZJ4,4100,0.0539
Q92508,4097,0.0538
Q01484,4047,0.0532
Q9NYQ8,4044,0.0531
P15924,4030,0.0529
Q9NRC6,4024,0.0529
Q99996,3974,0.0522
Q15911,3939,0.0517
Q9NYC9,3922,0.0515
O75417,3862,0.0507
Q14315,3858,0.0507
Q9UKN7,3842,0.0505
Q9P2D7,3831,0.0503
O94761,3828,0.0503
O60494,3816,0.0501
Q4G0P3,3780,0.0497
P24043,3764,0.0494
Q9P2P6,3754,0.0493
Q9UM73,3739,0.0491
Q99698,3722,0.0489
Q8TDW7,3709,0.0487
P78509,3702,0.0486
Q5T011,3672,0.0482
Q96M86,3658,0.0481
O95714,3655,0.048
Q86WI1,3641,0.0478
Q9UPY3,3617,0.0475
Q9UPA5,3594,0.0472
P13611,3568,0.0469
Q02388,3559,0.0468
Q5THJ4,3533,0.0464
Q6UB99,3504,0.046
Q12955,3479,0.0457
Q96JQ0,3475,0.0457
Q8IZT6,3460,0.0455
Q9P225,3440,0.0452
Q5S007,3420,0.0449
Q99715,3387,0.0445
Q86TB3,3386,0.0445
Q8NCM8,3354,0.0441
Q8N3K9,3353,0.044
Q709C8,3351,0.044
P35556,3339,0.0439
O15417,3306,0.0434
Q8WXX0,3283,0.0431
Q9NZR2,3262,0.0429
Q5SZK8,3257,0.0428
P58107,3256,0.0428
Q9NR09,3231,0.0424
P46531,3220,0.0423
Q5T4S7,3211,0.0422
P25391,3197,0.042
Q15772,3176,0.0417
Q75N90,3157,0.0415
Q15751,3150,0.0414
O15360,3124,0.041
P46013,3107,0.0408
Q6ZRS2,3103,0.0408
P12883,3086,0.0405
Q6V1P9,3065,0.0403
Q96JI7,3028,0.0398
Q9P2D1,3001,0.0394
Q5T1H1,2997,0.0394
Q16787,2993,0.0393
Q13635,2991,0.0393
Q86YC2,2972,0.039
P13569,2969,0.039
P78363,2949,0.0387
P38398,2921,0.0384
P54278,2913,0.0383
Q7Z407,2897,0.0381
P01266,2894,0.038
Q13402,2892,0.038
Q9BX63,2889,0.038
Q92878,2888,0.0379
Q4LDE5,2882,0.0379
A2RRP1,2880,0.0378
Q7Z5N4,2872,0.0377
Q13535,2871,0.0377
Q96T58,2864,0.0376
P20585,2845,0.0374
Q14204,2823,0.0371
P46939,2819,0.037
P49792,2812,0.0369
Q8NF50,2811,0.0369
Q9Y493,2798,0.0368
Q8IUG5,2793,0.0367
Q12802,2779,0.0365
Q8IY92,2764,0.0363
Q9HCU4,2755,0.0362
P04275,2755,0.0362
P54132,2753,0.0362
Q07283,2751,0.0361
Q7Z333,2745,0.0361
Q07954,2742,0.036
O95359,2736,0.0359
Q6P3W6,2726,0.0358
P35749,2709,0.0356
Q5H8C1,2693,0.0354
Q9UMN6,2686,0.0353
Q9NYQ7,2674,0.0351
O75369,2661,0.035
O00555,2661,0.035
Q8IYD8,2658,0.0349
Q8IZY2,2657,0.0349
Q15154,2628,0.0345
Q8TDX9,2627,0.0345
P02549,2624,0.0345
Q9Y5Y9,2620,0.0344
P08581,2620,0.0344
O43451,2611,0.0343
P28340,2603,0.0342
Q15858,2597,0.0341
Q8WUY3,2588,0.034
O75970,2583,0.0339
Q9NY15,2574,0.0338
Q14191,2570,0.0338
Q13698,2567,0.0337
O43149,2565,0.0337
Q86XX4,2563,0.0337
P13533,2558,0.0336
O15027,2539,0.0334
Q9H2D6,2539,0.0334
O75592,2538,0.0333
P49454,2536,0.0333
O60437,2520,0.0331
P54296,2504,0.0329
Q9HCE0,2490,0.0327
Q5HYC2,2488,0.0327
Q96RL7,2486,0.0327
Q96L96,2485,0.0326
O00468,2483,0.0326
Q5TZA2,2479,0.0326
Q9Y618,2477,0.0325
Q6WRI0,2477,0.0325
P51532,2475,0.0325
P43246,2471,0.0325
Q70CQ2,2454,0.0322
Q68DK2,2454,0.0322
Q7Z7M0,2449,0.0322
P35498,2449,0.0322
Q6ZNJ1,2444,0.0321
Q8WWQ8,2434,0.032
Q9C0G6,2413,0.0317
O15018,2409,0.0316
P49327,2406,0.0316
P12830,2402,0.0316
Q15652,2392,0.0314
P56715,2390,0.0314
Q9UHC1,2390,0.0314
Q7Z5J4,2390,0.0314
Q6W4X9,2377,0.0312
Q9HCM3,2373,0.0312
P48634,2368,0.0311
Q92817,2367,0.0311
Q9Y2T1,2365,0.0311
Q8NFC6,2364,0.0311
Q6ZS81,2362,0.031
Q9HC10,2361,0.031
Q99973,2361,0.031
P07949,2350,0.0309
Q8IYW2,2350,0.0309
Q14896,2345,0.0308
P15822,2339,0.0307
P18583,2329,0.0306
O75147,2321,0.0305
O75962,2314,0.0304
Q9BV73,2311,0.0304
Q92793,2311,0.0304
P35499,2311,0.0304
Q15746,2310,0.0303
O15078,2302,0.0302
Q9UM47,2301,0.0302
P42858,2301,0.0302
Q96HP0,2297,0.0302
Q6UVK1,2285,0.03
P02751,2277,0.0299
O95996,2274,0.0299
Q6N022,2267,0.0298
Q92574,2261,0.0297
P20908,2252,0.0296
O15020,2226,0.0292
Q96Q15,2220,0.0292
Q8N201,2220,0.0292
O60333,2217,0.0291
Q96L73,2206,0.029
Q14207,2199,0.0289
Q6ZQQ2,2193,0.0288
Q5JSZ5,2191,0.0288
O60522,2186,0.0287
Q5VT06,2184,0.0287
A6H8Y1,2175,0.0286
P31629,2175,0.0286
P78559,2172,0.0285
Q9Y4G6,2169,0.0285
Q5D862,2166,0.0285
Q96KV7,2163,0.0284
O75691,2160,0.0284
Q9ULI4,2158,0.0283
P24821,2157,0.0283
P54098,2157,0.0283
Q9BTC0,2152,0.0283
Q99728,2149,0.0282
O76024,2149,0.0282
Q5T1R4,2149,0.0282
Q9NT68,2147,0.0282
Q9P1Y6,2147,0.0282
P12107,2142,0.0281
Q09472,2141,0.0281
O60673,2140,0.0281
Q5UIP0,2139,0.0281
Q04721,2135,0.028
O60318,2135,0.028
Q86YV5,2131,0.028
P11277,2127,0.0279
O60281,2125,0.0279
O15021,2125,0.0279
Q9H4A3,2123,0.0279
P16234,2110,0.0277
Q14678,2106,0.0277
P14410,2098,0.0276
Q9Y6N6,2091,0.0275
Q9P219,2090,0.0275
Q9Y3R5,2090,0.0275
Q6YHU6,2083,0.0274
Q8IZC6,2076,0.0273
Q86VV8,2067,0.0272
P35670,2066,0.0271
Q14767,2062,0.0271
O75443,2058,0.027
A6NMZ7,2058,0.027
Q5VWN6,2057,0.027
Q8IZQ1,2049,0.0269
O95425,2048,0.0269
O75161,2045,0.0269
P11717,2044,0.0269
Q9BYW2,2043,0.0268
P52179,2031,0.0267
O43497,2028,0.0266
P40692,2025,0.0266
Q4AC94,2021,0.0265
Q2KJY2,2013,0.0264
Q8IZJ3,2009,0.0264
Q5VW36,2008,0.0264
Q14687,2006,0.0264
Q8N6G6,2002,0.0263
Q9NZM1,2000,0.0263
Q96N23,1996,0.0262
Q9C0G0,1994,0.0262
Q9NZ71,1991,0.0262
Q2M1P5,1990,0.0261
Q96PE2,1986,0.0261
Q92794,1975,0.0259
Q9ULV0,1968,0.0259
Q96RY7,1966,0.0258
Q96QB1,1964,0.0258
Q8IWT3,1964,0.0258
Q3ZCN5,1963,0.0258
Q8TEP8,1962,0.0258
O94915,1962,0.0258
O75197,1958,0.0257
Q9P273,1957,0.0257
P55268,1955,0.0257
P16144,1955,0.0257
Q8TD84,1944,0.0255
Q8N653,1942,0.0255
Q86UK0,1938,0.0255
B2RTY4,1934,0.0254
Q7Z2Z1,1931,0.0254
Q58EX2,1926,0.0253
P00533,1923,0.0253
Q14980,1921,0.0252
Q12923,1917,0.0252
Q9BZZ2,1915,0.0252
Q9C0F0,1914,0.0251
Q13023,1913,0.0251
Q9UI33,1913,0.0251
Q4ZHG4,1913,0.0251
Q96RT7,1904,0.025
P02461,1895,0.0249
P21333,1891,0.0248
O00763,1891,0.0248
O95255,1889,0.0248
Q9HCK1,1886,0.0248
Q9BXM0,1885,0.0248
Q702N8,1883,0.0247
P12259,1882,0.0247
Q6Q759,1878,0.0247
Q92673,1874,0.0246
Q14573,1869,0.0246
Q9NZ56,1869,0.0246
Q8N4C6,1866,0.0245
Q14643,1865,0.0245
Q9Y6X0,1865,0.0245
Q8TF72,1865,0.0245
Q5TBA9,1863,0.0245
Q5VUA4,1862,0.0245
Q96JM2,1856,0.0244
Q2TAZ0,1853,0.0243
P10071,1853,0.0243
Q9ULD2,1850,0.0243
Q9ULL5,1848,0.0243
Q8TE60,1848,0.0243
Q9BQG0,1843,0.0242
Q8WYP5,1840,0.0242
Q9UKX3,1840,0.0242
Q9UGU0,1835,0.0241
O15015,1831,0.0241
P12110,1830,0.024
Q5T5P2,1828,0.024
Q9C0D2,1825,0.024
Q9C0A1,1821,0.0239
Q15878,1819,0.0239
Q8TEM1,1816,0.0239
Q7Z7A1,1816,0.0239
O60292,1815,0.0238
P35573,1815,0.0238
Q9H254,1815,0.0238
P53420,1812,0.0238
Q8NB66,1811,0.0238
Q9P212,1809,0.0238
O60287,1807,0.0237
Q86WG5,1805,0.0237
Q562E7,1803,0.0237
O95477,1798,0.0236
Q9UHC6,1797,0.0236
Q02224,1796,0.0236
P49750,1795,0.0236
Q9UKP4,1790,0.0235
Q96SN8,1789,0.0235
Q8TE82,1788,0.0235
Q9HD67,1787,0.0235
O00411,1787,0.0235
Q8IVL0,1785,0.0234
Q7RTP6,1782,0.0234
Q68DQ2,1781,0.0234
Q00975,1780,0.0234
P23471,1780,0.0234
Q96RV3,1776,0.0233
O75095,1775,0.0233
Q9Y2F5,1774,0.0233
Q4ZG55,1774,0.0233
O14497,1773,0.0233
Q13439,1772,0.0233
Q01668,1772,0.0233
Q8WVB6,1771,0.0233
P82279,1769,0.0232
P07942,1767,0.0232
P10253,1766,0.0232
A6NKB5,1766,0.0232
Q86VF7,1766,0.0232
Q8NFW1,1766,0.0232
P41180,1765,0.0232
P42345,1764,0.0232
O14746,1764,0.0232
P35658,1763,0.0232
Q76NI1,1763,0.0232
P08123,1762,0.0231
Q6ZU64,1761,0.0231
Q96Q06,1761,0.0231
Q86TC9,1756,0.0231
A6NGG8,1755,0.0231
Q7Z443,1753,0.023
Q9H3S7,1751,0.023
O96017,1751,0.023
P08519,1750,0.023
Q9UKX2,1749,0.023
Q3L8U1,1748,0.023
Q9HBL0,1748,0.023
Q9Y238,1746,0.0229
P02458,1743,0.0229
Q9H583,1741,0.0229
Q6KC79,1740,0.0229
O75185,1738,0.0228
O60303,1736,0.0228
Q9NTG1,1733,0.0228
Q9Y6J0,1731,0.0227
O94759,1730,0.0227
P01130,1729,0.0227
O14513,1728,0.0227
Q9P2N4,1728,0.0227
Q9H9J4,1724,0.0226
O60934,1723,0.0226
P11055,1722,0.0226
Q8WYB5,1721,0.0226
Q14524,1719,0.0226
Q9HCK8,1718,0.0226
P46821,1718,0.0226
Q96N67,1716,0.0225
Q14966,1712,0.0225
P10721,1709,0.0225
Q99758,1707,0.0224
Q9C0C2,1704,0.0224
O15054,1702,0.0224
Q8NEV8,1702,0.0224
Q7Z7G8,1701,0.0223
Q5SXM2,1699,0.0223
E9PAV3,1699,0.0223
Q14686,1699,0.0223
Q8TD26,1698,0.0223
Q8IZF6,1692,0.0222
Q9HCM1,1690,0.0222
P12882,1690,0.0222
Q9Y623,1689,0.0222
Q14160,1686,0.0221
P59510,1685,0.0221
Q92616,1682,0.0221
Q86UK5,1681,0.0221
Q9NR99,1681,0.0221
Q9H6A9,1681,0.0221
Q9NVI1,1680,0.0221
Q9UPS8,1678,0.022
P02462,1678,0.022
Q2M3C7,1673,0.022
Q99250,1673,0.022
Q5TGY3,1672,0.022
Q8IYB7,1672,0.022
Q6ZUB1,1670,0.0219
Q92614,1668,0.0219
A8K2U0,1667,0.0219
Q9H9B1,1666,0.0219
Q86UR5,1663,0.0218
P23468,1661,0.0218
Q68DE3,1660,0.0218
P25940,1657,0.0218
Q38SD2,1652,0.0217
P02452,1651,0.0217
Q13459,1650,0.0217
O43157,1649,0.0217
Q9P2K1,1648,0.0216
Q9C093,1646,0.0216
Q14126,1644,0.0216
Q8IZD2,1644,0.0216
O15047,1641,0.0216
Q9UIW2,1641,0.0216
Q12789,1640,0.0215
P08572,1637,0.0215
Q14571,1637,0.0215
Q9UPZ6,1630,0.0214
Q71F56,1628,0.0214
Q14667,1626,0.0214
O43345,1626,0.0214
Q01082,1625,0.0213
Q9NY46,1625,0.0213
Q96BY7,1624,0.0213
Q9UPV0,1623,0.0213
Q5JPB2,1623,0.0213
Q13332,1620,0.0213
Q14999,1618,0.0213
Q9UG01,1618,0.0213
Q01955,1616,0.0212
P16157,1615,0.0212
Q8IZX4,1615,0.0212
O75140,1613,0.0212
Q5VTT5,1613,0.0212
O15061,1609,0.0211
Q9UMD9,1608,0.0211
P59046,1606,0.0211
P10586,1605,0.0211
A3KMH1,1604,0.0211
Q8NFU7,1602,0.021
Q12809,1602,0.021
Q8IXJ9,1598,0.021
Q9P2R6,1596,0.021
Q92766,1595,0.021
Q14766,1594,0.0209
P50748,1594,0.0209
Q86V15,1593,0.0209
Q15643,1589,0.0209
P06400,1586,0.0208
Q5JRA6,1584,0.0208
O95153,1583,0.0208
Q9UJ55,1582,0.0208
Q5TH69,1581,0.0208
A4D0S4,1581,0.0208
Q14028,1580,0.0208
Q86YA3,1578,0.0207
Q6N021,1575,0.0207
Q9Y566,1575,0.0207
P53804,1573,0.0207
Q14676,1572,0.0207
P05997,1571,0.0206
Q9HAZ2,1571,0.0206
Q9UIF8,1570,0.0206
Q2WGJ9,1569,0.0206
Q8NDV7,1567,0.0206
Q5T481,1567,0.0206
Q6TFL3,1567,0.0206
Q96BY6,1566,0.0206
P0C091,1565,0.0206
Q5T5U3,1564,0.0205
Q9NR48,1564,0.0205
Q96Q89,1563,0.0205
Q9Y2I6,1563,0.0205
Q92621,1562,0.0205
Q9BXP8,1561,0.0205
Q3T8J9,1561,0.0205
Q8TDM6,1560,0.0205
O75051,1557,0.0205
Q92576,1554,0.0204
Q08378,1548,0.0203
Q12879,1548,0.0203
P16885,1546,0.0203
P13535,1546,0.0203
P10745,1546,0.0203
Q99466,1542,0.0203
Q7Z6Z7,1541,0.0202
Q9Y4D7,1539,0.0202
P42704,1537,0.0202
Q5VV67,1537,0.0202
Q9Y2I7,1536,0.0202
Q9H792,1536,0.0202
Q96HA7,1535,0.0202
Q8TD43,1533,0.0201
Q6DT37,1531,0.0201
Q9UKK3,1530,0.0201
Q5RHP9,1530,0.0201
Q7Z3J3,1530,0.0201
Q5THK1,1528,0.0201
O75376,1527,0.0201
P82987,1525,0.02
Q8IWK6,1523,0.02
O75038,1523,0.02
P59047,1523,0.02
A6NKT7,1522,0.02
Q14690,1520,0.02
O60566,1520,0.02
Q6UB98,1518,0.0199
Q6P1J6,1518,0.0199
Q0VF96,1516,0.0199
Q8N2Y8,1516,0.0199
D6RIA3,1513,0.0199
Q2NKJ3,1512,0.0199
Q9UHV7,1511,0.0198
Q9UKA4,1509,0.0198
Q17RW2,1506,0.0198
E5RHQ5,1504,0.0198
Q9P2P1,1502,0.0197
Q6ZRV2,1501,0.0197
O75096,1499,0.0197
A6QL64,1498,0.0197
O75165,1498,0.0197
Q02952,1497,0.0197
Q02505,1496,0.0197
Q9GZU2,1495,0.0196
Q09428,1495,0.0196
Q86UU0,1495,0.0196
Q9H4Z2,1494,0.0196
Q92887,1493,0.0196
P42695,1493,0.0196
Q9Y3Q4,1490,0.0196
Q9BXA9,1488,0.0195
A1KZ92,1487,0.0195
A6NE01,1487,0.0195
Q96JM4,1484,0.0195
Q8NEV4,1483,0.0195
Q8WZ64,1482,0.0195
A6NIJ5,1480,0.0194
Q5DID0,1479,0.0194
Q8N1P7,1476,0.0194
Q9UPS6,1475,0.0194
P35579,1475,0.0194
Q9H7D0,1474,0.0194
P0DPF3,1472,0.0193
Q6ZNL6,1469,0.0193
Q96AY4,1465,0.0192
O60423,1461,0.0192
Q8TF17,1461,0.0192
Q5SRE5,1461,0.0192
O60469,1460,0.0192
Q68CZ1,1460,0.0192
Q8IVE3,1460,0.0192
Q9P2D3,1459,0.0192
Q99814,1458,0.0192
Q9Y490,1458,0.0192
Q9NZM4,1457,0.0191
P12109,1456,0.0191
Q14203,1455,0.0191
P11137,1454,0.0191
Q70J99,1454,0.0191
Q8IVF5,1453,0.0191
Q9NQX4,1452,0.0191
Q9UPX8,1451,0.0191
Q5JWR5,1450,0.019
O15438,1450,0.019
P12270,1450,0.019
Q9BXW9,1448,0.019
A6NHR9,1447,0.019
Q8TE56,1447,0.019
O94986,1447,0.019
A1L4H1,1446,0.019
Q9C000,1444,0.019
Q86VI3,1444,0.019
Q8N2E2,1442,0.0189
P42356,1441,0.0189
Q86WI3,1440,0.0189
Q5VYJ5,1439,0.0189
Q9BYX4,1439,0.0189
O14924,1439,0.0189
Q9C0D5,1437,0.0189
Q9NXG0,1435,0.0189
P35221,1435,0.0189
Q6F5E8,1434,0.0188
Q9NRJ4,1434,0.0188
Q6EMB2,1432,0.0188
Q07092,1430,0.0188
O43683,1430,0.0188
Q2M3G0,1429,0.0188
Q9P2F8,1428,0.0188
Q9Y6N7,1428,0.0188
Q6P0Q8,1428,0.0188
Q03468,1426,0.0187
Q5K651,1425,0.0187
P12821,1424,0.0187
A6NC98,1424,0.0187
Q9NQT8,1423,0.0187
O15056,1422,0.0187
Q8TER5,1421,0.0187
O43299,1420,0.0187
Q9Y4F5,1417,0.0186
Q13029,1417,0.0186
O94823,1416,0.0186
Q5THR3,1416,0.0186
Q9H7P9,1416,0.0186
O15118,1415,0.0186
Q7Z745,1413,0.0186
Q9P218,1413,0.0186
O14976,1411,0.0185
Q2PPJ7,1411,0.0185
Q27J81,1411,0.0185
Q9UQP3,1410,0.0185
Q05707,1410,0.0185
Q9NRD9,1405,0.0185
Q7Z591,1405,0.0185
P39059,1404,0.0184
O95602,1403,0.0184
Q8IVG5,1402,0.0184
O60312,1402,0.0184
Q6ZMQ8,1400,0.0184
Q9C0A6,1399,0.0184
Q5T3U5,1396,0.0183
Q3V6T2,1395,0.0183
Q6ZMW3,1394,0.0183
Q86US8,1393,0.0183
P27708,1392,0.0183
Q7Z3S7,1390,0.0183
Q8N1W1,1389,0.0182
Q9UQD0,1389,0.0182
Q9NS15,1389,0.0182
Q9P0X4,1388,0.0182
Q8N1G1,1387,0.0182
Q13751,1385,0.0182
P01024,1381,0.0181
Q9ULH0,1380,0.0181
O60449,1380,0.0181
Q5IJ48,1379,0.0181
Q9BX84,1378,0.0181
Q14112,1377,0.0181
P11047,1375,0.0181
O14647,1375,0.0181
Q6UY14,1373,0.018
Q9NYF8,1368,0.018
O00512,1367,0.018
Q9ULT8,1367,0.018
Q5T8A7,1366,0.0179
Q96MS0,1364,0.0179
Q07889,1364,0.0179
P46100,1363,0.0179
Q8TEK3,1361,0.0179
Q02487,1361,0.0179
Q9UGM3,1360,0.0179
Q4G0X9,1360,0.0179
Q9BXX3,1358,0.0178
Q711Q0,1358,0.0178
A0AVI2,1353,0.0178
Q96J66,1352,0.0178
O75128,1352,0.0178
Q03164,1345,0.0177
O15534,1345,0.0177
Q9P266,1345,0.0177
Q2UY09,1344,0.0177
Q149M9,1344,0.0177
Q6ZP82,1342,0.0176
E2RYF6,1340,0.0176
Q9P2E9,1340,0.0176
Q8WXX7,1340,0.0176
Q14146,1339,0.0176
Q8IWY9,1338,0.0176
Q9BXL6,1337,0.0176
Q96HA1,1337,0.0176
Q96KN7,1337,0.0176
Q9Y6C5,1336,0.0176
Q5SYB0,1336,0.0176
Q9UPT8,1335,0.0175
O94964,1335,0.0175
Q13009,1335,0.0175
Q9C0I4,1334,0.0175
O60500,1333,0.0175
Q01118,1332,0.0175
Q96PC5,1332,0.0175
P49790,1332,0.0175
Q9BYE9,1332,0.0175
O95163,1331,0.0175
Q8NEM0,1329,0.0175
O94911,1327,0.0174
Q9C0A0,1327,0.0174
P23470,1327,0.0174
H7BZ55,1325,0.0174
Q8TEQ6,1322,0.0174
Q9Y6Y1,1322,0.0174
P58397,1321,0.0174
Q9NSI6,1320,0.0173
O60610,1318,0.0173
P09848,1317,0.0173
Q04912,1316,0.0173
Q6P158,1316,0.0173
Q8WWN8,1316,0.0173
Q8TDZ2,1315,0.0173
O43151,1313,0.0172
Q9P2E3,1311,0.0172
Q9NX02,1311,0.0172
Q8N3C0,1311,0.0172
Q13395,1311,0.0172
Q68CQ1,1310,0.0172
Q07890,1310,0.0172
Q96QP1,1308,0.0172
Q92626,1308,0.0172
Q66K79,1308,0.0172
P0DKV0,1306,0.0172
Q9UPQ9,1306,0.0172
Q9NZM3,1305,0.0171
Q7Z6E9,1305,0.0171
Q96RG2,1304,0.0171
Q96JH8,1304,0.0171
Q8N139,1302,0.0171
P35568,1300,0.0171
Q63HR2,1299,0.0171
Q9Y2X0,1299,0.0171
O00750,1299,0.0171
Q8WXS8,1299,0.0171
O95450,1299,0.0171
Q8IWU2,1299,0.0171
O76041,1298,0.0171
Q9NQ11,1296,0.017
P43146,1295,0.017
O75179,1293,0.017
Q96JA1,1293,0.017
P48681,1292,0.017
Q86UW6,1292,0.017
Q5T5Y3,1291,0.017
Q6ZTR5,1291,0.017
O14841,1290,0.0169
Q14324,1289,0.0169
Q6ZU35,1289,0.0169
P01031,1288,0.0169
Q9Y4C4,1288,0.0169
Q92618,1288,0.0169
Q8IWJ2,1288,0.0169
Q68CZ2,1287,0.0169
Q92608,1287,0.0169
O95071,1286,0.0169
Q13813,1285,0.0169
Q9UDY2,1285,0.0169
Q9H5P4,1285,0.0169
A7MBM2,1284,0.0169
Q9HCM2,1284,0.0169
O95428,1283,0.0169
P29597,1283,0.0169
Q92545,1282,0.0168
O43933,1281,0.0168
O75037,1279,0.0168
Q7Z4L5,1279,0.0168
P53675,1278,0.0168
P98088,1278,0.0168
Q8WXD9,1278,0.0168
Q9P2K9,1277,0.0168
P14543,1276,0.0168
Q9BZV3,1273,0.0167
Q8WZ74,1273,0.0167
Q14147,1272,0.0167
Q7Z494,1272,0.0167
O00443,1271,0.0167
O60391,1271,0.0167
Q96Q42,1269,0.0167
Q96MT7,1269,0.0167
P33527,1269,0.0167
Q8IZD9,1268,0.0167
A6NES4,1268,0.0167
A8K8P3,1267,0.0166
Q8NDM7,1266,0.0166
O75094,1264,0.0166
P55265,1264,0.0166
Q9Y2G9,1264,0.0166
Q5JR59,1264,0.0166
Q9BQS8,1262,0.0166
P57679,1261,0.0166
Q02846,1260,0.0166
P38935,1259,0.0165
Q8IUL8,1259,0.0165
Q92954,1258,0.0165
O15031,1257,0.0165
Q68DA7,1257,0.0165
Q9NSC2,1256,0.0165
Q9Y6D5,1255,0.0165
Q7RTR2,1251,0.0164
O00255,1250,0.0164
A1L390,1247,0.0164
A6NN14,1247,0.0164
Q13219,1247,0.0164
Q8N3D4,1246,0.0164
Q5VU65,1244,0.0163
Q15058,1244,0.0163
Q5VZP5,1243,0.0163
Q96F81,1243,0.0163
Q9Y2I1,1241,0.0163
Q9P2M7,1241,0.0163
Q96KG7,1241,0.0163
Q96P48,1240,0.0163
Q2M1Z3,1239,0.0163
Q96PN6,1239,0.0163
Q9H1H9,1239,0.0163
O15040,1238,0.0163
Q6AHZ1,1237,0.0163
Q7Z3B3,1237,0.0163
Q92560,1236,0.0162
Q68CP9,1235,0.0162
O60293,1235,0.0162
Q15021,1235,0.0162
Q8N157,1234,0.0162
Q8IY33,1233,0.0162
Q7Z3T8,1231,0.0162
Q9NZQ8,1229,0.0161
Q6PGP7,1227,0.0161
Q7RTX0,1226,0.0161
O43593,1226,0.0161
Q9HD43,1223,0.0161
Q9UKJ3,1223,0.0161
Q6ZVD8,1223,0.0161
Q5JTH9,1221,0.016
Q14050,1221,0.016
Q86UU1,1221,0.016
Q96RT1,1221,0.016
O60346,1220,0.016
O95342,1220,0.016
Q6XZF7,1219,0.016
Q02413,1217,0.016
P31040,1217,0.016
Q6PJG6,1217,0.016
Q8TDN2,1216,0.016
Q5TCS8,1214,0.0159
Q8IWZ3,1213,0.0159
Q9Y2E5,1212,0.0159
P49959,1210,0.0159
Q9UQ52,1210,0.0159
Q76N89,1209,0.0159
Q4ADV7,1209,0.0159
Q96C45,1209,0.0159
Q13018,1209,0.0159
Q96J92,1209,0.0159
Q8WWZ4,1208,0.0159
P49588,1208,0.0159
Q8IUA7,1208,0.0159
Q8WXR4,1208,0.0159
Q8TEW8,1206,0.0158
Q9ULD9,1205,0.0158
Q9HC77,1205,0.0158
Q68DX3,1204,0.0158
Q8NFD5,1204,0.0158
Q6YHK3,1204,0.0158
Q9C0D6,1203,0.0158
O94827,1203,0.0158
Q9NUX5,1202,0.0158
Q9Y5E2,1202,0.0158
Q9BWH6,1202,0.0158
P08603,1202,0.0158
Q96PE1,1201,0.0158
P20742,1201,0.0158
P14616,1201,0.0158
Q8WXE0,1199,0.0158
P35125,1199,0.0158
Q9UPU5,1198,0.0157
Q9Y4F3,1197,0.0157
Q9Y5S2,1197,0.0157
Q9H1A4,1197,0.0157
A4D1E1,1195,0.0157
Q04637,1195,0.0157
Q6ZSZ5,1194,0.0157
P29375,1193,0.0157
Q9UGL1,1192,0.0157
Q6NUQ1,1192,0.0157
Q14689,1190,0.0156
Q9NZW4,1188,0.0156
Q8TDI0,1188,0.0156
O00192,1188,0.0156
Q66K74,1188,0.0156
Q8N7X0,1187,0.0156
Q4KMG0,1187,0.0156
Q9P241,1186,0.0156
O75420,1183,0.0155
O00159,1183,0.0155
Q14674,1180,0.0155
Q13045,1179,0.0155
P11215,1179,0.0155
Q9H7N4,1178,0.0155
Q9ULL1,1177,0.0155
Q9Y5H6,1176,0.0154
P11274,1174,0.0154
P51805,1174,0.0154
P78504,1174,0.0154
Q9HCH0,1172,0.0154
Q5JYT7,1172,0.0154
Q14004,1171,0.0154
Q6P1M3,1171,0.0154
Q14703,1170,0.0154
Q9P2S2,1168,0.0153
Q9P275,1167,0.0153
Q96QE3,1166,0.0153
Q14997,1166,0.0153
Q13576,1165,0.0153
O15055,1164,0.0153
Q9H2M9,1164,0.0153
Q9Y5H5,1163,0.0153
P55291,1162,0.0153
Q8WWZ7,1162,0.0153
Q5H8A4,1161,0.0153
P42694,1161,0.0153
Q96JN8,1159,0.0152
Q13428,1157,0.0152
P20849,1157,0.0152
Q8IY21,1157,0.0152
Q4VC44,1157,0.0152
P35916,1157,0.0152
Q70Z35,1156,0.0152
O94885,1154,0.0152
P36894,1154,0.0152
Q8IYF1,1153,0.0151
Q70EL1,1153,0.0151
Q9P2P5,1153,0.0151
O60503,1153,0.0151
Q14005,1153,0.0151
Q8TEU7,1152,0.0151
Q9HBR0,1152,0.0151
O60290,1152,0.0151
Q9P202,1151,0.0151
P22681,1150,0.0151
Q86VH2,1149,0.0151
Q9HCE6,1149,0.0151
Q2TAC6,1149,0.0151
A6NKG5,1149,0.0151
Q8IWV7,1148,0.0151
O75129,1147,0.0151
P35609,1147,0.0151
Q63HM2,1146,0.0151
Q8IZF2,1146,0.0151
Q9HB75,1146,0.0151
P08069,1145,0.015
Q9UNS1,1143,0.015
Q92752,1142,0.015
O75339,1142,0.015
Q9HBB8,1142,0.015
Q6ZVH7,1141,0.015
Q8TE57,1140,0.015
Q5VZ46,1139,0.015
O95049,1138,0.0149
Q8WX93,1138,0.0149
Q76L83,1136,0.0149
Q8IUX7,1136,0.0149
Q9UI47,1135,0.0149
Q96PQ0,1135,0.0149
P35523,1135,0.0149
Q460N5,1134,0.0149
Q9C0D4,1134,0.0149
Q14692,1134,0.0149
Q8TEQ8,1133,0.0149
Q5XPI4,1133,0.0149
Q8IWB4,1133,0.0149
O15303,1133,0.0149
P18206,1132,0.0149
Q5XKL5,1132,0.0149
Q9ULL4,1131,0.0149
Q9NR16,1131,0.0149
Q9NPG4,1131,0.0149
Q9Y219,1131,0.0149
Q15831,1130,0.0148
Q01974,1130,0.0148
Q9BX26,1129,0.0148
Q12873,1129,0.0148
P38570,1128,0.0148
P57678,1127,0.0148
P28290,1127,0.0148
Q92620,1126,0.0148
P36776,1126,0.0148
O94822,1125,0.0148
Q7Z4S6,1123,0.0148
Q8TDY2,1122,0.0147
Q96QT4,1122,0.0147
Q9UN67,1121,0.0147
O15069,1121,0.0147
O14594,1121,0.0147
O14559,1121,0.0147
Q12913,1120,0.0147
Q9UHN6,1120,0.0147
Q96DN6,1120,0.0147
Q6BDS2,1119,0.0147
Q9UPX0,1118,0.0147
Q9NQC3,1118,0.0147
O14802,1117,0.0147
Q96JP9,1117,0.0147
A4FU69,1116,0.0147
Q9UK61,1116,0.0147
Q49AJ0,1116,0.0147
O75146,1114,0.0146
Q9UBG0,1114,0.0146
P29322,1114,0.0146
O75643,1114,0.0146
Q14008,1113,0.0146
O75155,1113,0.0146
Q69YN4,1113,0.0146
Q13224,1113,0.0146
Q8ND23,1112,0.0146
Q9UN73,1112,0.0146
Q8TCU6,1112,0.0146
Q8IZF0,1111,0.0146
Q13753,1111,0.0146
Q8TER0,1111,0.0146
Q8N0W3,1111,0.0146
Q16825,1110,0.0146
O75808,1110,0.0146
O00754,1110,0.0146
Q13233,1109,0.0146
Q6WKZ4,1109,0.0146
Q7Z4H7,1109,0.0146
P09619,1108,0.0146
O14529,1108,0.0146
Q6ZU65,1108,0.0146
P08575,1108,0.0146
Q502W6,1107,0.0145
Q99590,1107,0.0145
Q75V66,1107,0.0145
Q92932,1106,0.0145
Q10570,1106,0.0145
Q9NPG3,1106,0.0145
Q5T9A4,1106,0.0145
Q9UN72,1105,0.0145
Q9UPR6,1105,0.0145
Q93100,1105,0.0145
Q9UPP2,1105,0.0145
Q9ULI3,1103,0.0145
Q13201,1102,0.0145
Q8N766,1100,0.0145
Q9NZP6,1100,0.0145
P20702,1099,0.0144
O94813,1099,0.0144
P35913,1099,0.0144
Q8N1G0,1098,0.0144
Q9BXT8,1098,0.0144
Q92610,1098,0.0144
Q13129,1098,0.0144
Q8IXZ2,1096,0.0144
P55017,1095,0.0144
Q8NHU2,1094,0.0144
Q2VIQ3,1094,0.0144
Q5TYW1,1094,0.0144
O43896,1093,0.0144
P35968,1093,0.0144
O15090,1091,0.0143
O43861,1090,0.0143
O95644,1090,0.0143
O43526,1090,0.0143
Q9HCC9,1090,0.0143
Q13608,1089,0.0143
Q99569,1089,0.0143
Q8NFG4,1089,0.0143
Q8WZ75,1089,0.0143
Q9P2K8,1087,0.0143
O14640,1087,0.0143
Q9UPQ7,1087,0.0143
Q9UKX5,1087,0.0143
Q96RY5,1087,0.0143
O75093,1087,0.0143
O43426,1083,0.0142
Q53TS8,1083,0.0142
Q8N9V7,1081,0.0142
Q13127,1081,0.0142
Q9ULT0,1081,0.0142
Q10571,1080,0.0142
O94887,1080,0.0142
Q92698,1080,0.0142
Q92833,1080,0.0142
Q86UL8,1079,0.0142
Q9BXL7,1079,0.0142
Q92859,1079,0.0142
O15014,1078,0.0142
Q5TB80,1078,0.0142
O95271,1077,0.0141
O60242,1077,0.0141
Q00597,1076,0.0141
O75112,1076,0.0141
P00451,1076,0.0141
Q9UQ90,1075,0.0141
Q6P4R8,1075,0.0141
Q9Y5H9,1074,0.0141
Q8N9H8,1074,0.0141
P78357,1073,0.0141
Q9H6S0,1073,0.0141
Q5SW79,1072,0.0141
Q9P227,1072,0.0141
Q12866,1071,0.0141
Q9Y4R8,1071,0.0141
Q05481,1071,0.0141
O60309,1071,0.0141
Q03701,1071,0.0141
O94779,1070,0.0141
Q9NYU1,1069,0.014
Q04671,1068,0.014
P07814,1067,0.014
Q86UT6,1067,0.014
Q9Y5F0,1066,0.014
Q86W25,1066,0.014
P01814,1065,0.014
Q9Y2H5,1065,0.014
A2PYH4,1065,0.014
Q9UPZ3,1065,0.014
Q9HBG6,1065,0.014
P52824,1064,0.014
O60706,1064,0.014
P51172,1064,0.014
Q9Y5F1,1064,0.014
P56945,1063,0.014
Q5T7B8,1063,0.014
Q9NRP7,1063,0.014
Q9Y5G7,1062,0.014
O43490,1062,0.014
Q9Y613,1062,0.014
O15357,1062,0.014
Q5TCY1,1061,0.0139
Q9Y5I2,1060,0.0139
Q2KHR2,1060,0.0139
Q18PE1,1060,0.0139
P02545,1059,0.0139
Q9P2H5,1059,0.0139
Q9UN66,1059,0.0139
P07202,1059,0.0139
Q9Y6R4,1059,0.0139
Q70CQ4,1058,0.0139
A4D2P6,1057,0.0139
P30414,1057,0.0139
Q86SJ6,1056,0.0139
Q5T848,1056,0.0139
O95382,1056,0.0139
Q6ZV73,1056,0.0139
Q9Y6Q9,1055,0.0139
Q9Y5I1,1054,0.0138
Q149N8,1054,0.0138
Q86SQ0,1054,0.0138
Q7Z570,1054,0.0138
P53355,1053,0.0138
Q6ZU69,1052,0.0138
P35590,1052,0.0138
Q76LX8,1052,0.0138
Q96NH3,1052,0.0138
Q8N1F8,1049,0.0138
O15072,1049,0.0138
Q3BBV0,1049,0.0138
Q9UL54,1049,0.0138
Q96F46,1049,0.0138
Q8N5C6,1048,0.0138
Q9Y4H2,1048,0.0138
Q9P2J2,1047,0.0138
Q14118,1047,0.0138
Q7Z6L1,1046,0.0137
Q8NEZ3,1046,0.0137
Q5VT52,1046,0.0137
P28715,1045,0.0137
Q13349,1044,0.0137
Q9UN74,1043,0.0137
P48552,1043,0.0137
O60885,1043,0.0137
Q9Y6K5,1043,0.0137
Q8N3T6,1042,0.0137
P42702,1042,0.0137
O60343,1042,0.0137
Q5T6F2,1041,0.0137
Q15477,1041,0.0137
Q9NRM1,1041,0.0137
Q15811,1040,0.0137
Q9BX66,1040,0.0137
Q8TDY8,1039,0.0136
P12036,1039,0.0136
P29400,1038,0.0136
Q24JP5,1038,0.0136
Q2YD98,1038,0.0136
P46940,1037,0.0136
O75581,1037,0.0136
Q9Y5G8,1037,0.0136
Q12770,1036,0.0136
Q6ZMZ3,1035,0.0136
O60241,1034,0.0136
P51531,1034,0.0136
Q9Y5H8,1034,0.0136
Q9P243,1034,0.0136
Q3T906,1033,0.0136
Q6ZU80,1033,0.0136
Q9H0B3,1032,0.0136
P29474,1032,0.0136
Q4VNC1,1031,0.0135
Q12767,1031,0.0135
Q8IWE5,1031,0.0135
O15553,1031,0.0135
Q96Q05,1030,0.0135
Q6R327,1030,0.0135
Q5VY43,1030,0.0135
Q86W28,1029,0.0135
Q9H3U1,1029,0.0135
Q9H7Z3,1029,0.0135
Q17R60,1029,0.0135
Q9Y3M8,1029,0.0135
Q6ZUX3,1029,0.0135
Q2M2H8,1029,0.0135
Q9NQ38,1028,0.0135
Q7Z6I6,1028,0.0135
Q8IZJ1,1026,0.0135
Q96AX9,1026,0.0135
Q7Z392,1026,0.0135
Q92619,1025,0.0135
Q9UN75,1024,0.0135
P22607,1024,0.0135
Q8WUJ3,1024,0.0135
Q8N393,1023,0.0134
Q9Y2E4,1023,0.0134
P49641,1022,0.0134
Q9H6K5,1022,0.0134
Q9ULM0,1022,0.0134
O75054,1022,0.0134
Q9P283,1021,0.0134
Q13136,1020,0.0134
P15918,1019,0.0134
O15067,1019,0.0134
P41252,1019,0.0134
P46063,1018,0.0134
P13671,1018,0.0134
Q86YN6,1017,0.0134
Q96PV0,1016,0.0133
Q9H6R4,1016,0.0133
P08151,1016,0.0133
Q9NSV4,1015,0.0133
Q5VYM1,1015,0.0133
Q6IQ32,1014,0.0133
Q8TF21,1014,0.0133
P53708,1014,0.0133
Q96L93,1014,0.0133
Q92628,1014,0.0133
O94851,1013,0.0133
A0JNW5,1013,0.0133
Q96JE7,1013,0.0133
Q14993,1012,0.0133
Q6IEE7,1012,0.0133
A8MXY4,1012,0.0133
Q53SF7,1011,0.0133
P54259,1011,0.0133
Q9Y3T9,1010,0.0133
P98196,1009,0.0133
Q6ZN30,1009,0.0133
Q96T23,1009,0.0133
Q9ULM3,1009,0.0133
Q9H3R0,1008,0.0132
O75064,1008,0.0132
Q59H18,1008,0.0132
Q86UP2,1008,0.0132
Q14C87,1006,0.0132
O75694,1006,0.0132
Q7Z403,1006,0.0132
Q9H221,1006,0.0132
Q92889,1006,0.0132
Q7Z5J8,1006,0.0132
Q8WWQ0,1005,0.0132
Q3MJ13,1005,0.0132
Q9H2T7,1005,0.0132
Q6IQ55,1004,0.0132
P08514,1004,0.0132
O60732,1004,0.0132
O95817,1004,0.0132
Q9NS56,1003,0.0132
Q8NEP3,1003,0.0132
O94989,1002,0.0132
Q02246,1002,0.0132
P54760,1002,0.0132
P39880,1002,0.0132
Q6P1N0,1001,0.0131
Q92543,1001,0.0131
Q5VU97,1001,0.0131
Q8WVS4,1000,0.0131
Q86VM9,999,0.0131
Q05469,999,0.0131
Q9Y2L5,998,0.0131
O75385,998,0.0131
Q5JRX3,998,0.0131
Q15648,998,0.0131
Q2VWP7,997,0.0131
O00160,997,0.0131
Q9Y446,997,0.0131
Q13393,996,0.0131
Q4VNC0,996,0.0131
Q9HCN3,996,0.0131
O95405,995,0.0131
Q9BZF9,995,0.0131
Q9Y5H7,995,0.0131
Q9HBA0,995,0.0131
A5YKK6,994,0.0131
Q9NPP4,993,0.013
P01023,993,0.013
Q8WW38,993,0.013
O43511,992,0.013
Q9Y666,992,0.013
Q8N944,992,0.013
Q7Z3U7,992,0.013
Q8IXK2,992,0.013
Q9Y5G6,992,0.013
Q66GS9,991,0.013
Q02880,991,0.013
O14522,991,0.013
Q8TEQ0,990,0.013
Q15788,990,0.013
Q8IY37,990,0.013
Q5HYA8,989,0.013
A5A3E0,989,0.013
Q9NYU2,988,0.013
Q9Y5E1,988,0.013
Q9Y2L6,988,0.013
Q6P2Q9,988,0.013
Q9Y6L7,988,0.013
Q7Z5M5,988,0.013
P57737,988,0.013
O95622,987,0.013
Q6ZMY3,987,0.013
P04626,986,0.013
Q86T65,985,0.0129
Q14152,984,0.0129
Q9HAW4,984,0.0129
O60721,984,0.0129
Q14679,984,0.0129
Q5TIA1,983,0.0129
Q9Y5H1,983,0.0129
Q9Y2U8,982,0.0129
Q8TB24,982,0.0129
P31327,982,0.0129
A6NCI4,981,0.0129
P51787,981,0.0129
P52790,981,0.0129
P98073,981,0.0129
P20807,980,0.0129
Q9BTW9,980,0.0129
P04629,979,0.0129
Q9P2D6,979,0.0129
O94983,979,0.0129
P30622,979,0.0129
Q9Y2H9,978,0.0128
Q6PL18,978,0.0128
Q15596,978,0.0128
Q12931,977,0.0128
Q9Y5I3,977,0.0128
Q9Y5F2,977,0.0128
Q9Y5G5,976,0.0128
Q8IX07,976,0.0128
Q15714,976,0.0128
Q96MN2,976,0.0128
Q8WXH2,976,0.0128
Q9Y4E6,976,0.0128
P15923,975,0.0128
Q6ZMP0,975,0.0128
O60315,975,0.0128
Q674R7,975,0.0128
Q0VD83,975,0.0128
Q9NZV1,975,0.0128
Q5M775,974,0.0128
Q92547,974,0.0128
Q9Y4F1,974,0.0128
Q8TF62,974,0.0128
Q9ULJ7,974,0.0128
P21860,974,0.0128
Q9BZ76,972,0.0128
Q9P1Y5,972,0.0128
P07333,971,0.0128
Q5TCZ1,971,0.0128
Q9Y2M0,971,0.0128
P22223,971,0.0128
P01133,971,0.0128
P17948,970,0.0127
Q9NQW1,970,0.0127
Q8WX94,970,0.0127
Q93074,970,0.0127
P47989,969,0.0127
Q5TCQ9,969,0.0127
O43379,969,0.0127
Q6ZSZ6,969,0.0127
P21709,968,0.0127
Q9UBC5,968,0.0127
Q5T7N3,968,0.0127
Q96EP0,967,0.0127
Q9Y4C8,967,0.0127
Q13796,967,0.0127
Q8WTW3,967,0.0127
O14983,967,0.0127
Q12772,966,0.0127
Q6S8J3,966,0.0127
P51826,964,0.0127
P27987,964,0.0127
P52333,964,0.0127
O95140,964,0.0127
O15439,963,0.0127
Q8N3P4,963,0.0127
Q9P2E2,963,0.0127
P12755,963,0.0127
Q9NRE2,963,0.0127
Q13017,963,0.0127
P47897,963,0.0127
Q92823,962,0.0126
P00519,962,0.0126
P0C869,962,0.0126
Q70E73,962,0.0126
Q15303,960,0.0126
Q12965,960,0.0126
Q8N130,960,0.0126
Q58EX7,960,0.0126
O00562,960,0.0126
Q56UN5,959,0.0126
Q9Y5G3,959,0.0126
Q6MZM0,958,0.0126
Q6AWC2,958,0.0126
Q86UP3,958,0.0126
Q14839,958,0.0126
Q7Z3K3,958,0.0126
P14923,958,0.0126
Q04656,958,0.0126
O14514,957,0.0126
Q13733,957,0.0126
Q9NS87,957,0.0126
Q96M83,957,0.0126
P35442,956,0.0126
O43525,956,0.0126
Q9NYV4,955,0.0125
Q13488,955,0.0125
Q6DN12,955,0.0125
A6NNT2,955,0.0125
Q6ZMN7,955,0.0125
Q9Y5H0,954,0.0125
Q6ZRH7,954,0.0125
Q86WZ0,953,0.0125
Q00722,953,0.0125
Q9P203,953,0.0125
P10321,953,0.0125
Q12768,953,0.0125
Q9UPX6,952,0.0125
O00203,952,0.0125
P80192,951,0.0125
Q9Y5I0,950,0.0125
Q400G9,950,0.0125
Q9Y4B4,950,0.0125
Q14432,950,0.0125
O75578,950,0.0125
Q9C091,950,0.0125
O14939,949,0.0125
Q6P0N0,949,0.0125
O14917,948,0.0125
Q9Y283,948,0.0125
Q9P265,948,0.0125
Q69YH5,948,0.0125
Q9ULG1,948,0.0125
Q9UBS9,948,0.0125
Q9UJQ4,948,0.0125
Q5JZY3,947,0.0124
Q9Y5B0,947,0.0124
Q76FK4,946,0.0124
Q9Y5Q5,946,0.0124
Q9Y345,946,0.0124
Q5VWQ8,946,0.0124
P18074,946,0.0124
Q6IQ26,945,0.0124
Q2KHT3,945,0.0124
Q15334,945,0.0124
Q86W24,944,0.0124
P32927,944,0.0124
Q6L9W6,943,0.0124
Q9Y5G1,943,0.0124
Q8NCV1,943,0.0124
Q9Y5E9,943,0.0124
Q969F9,943,0.0124
O94901,943,0.0124
Q8TDD1,942,0.0124
P00450,942,0.0124
Q15678,942,0.0124
Q8IWV8,941,0.0124
P40145,941,0.0124
Q13370,939,0.0123
Q9Y6C2,939,0.0123
Q6ZRQ5,939,0.0123
Q9HCE9,938,0.0123
Q9Y4I1,938,0.0123
Q9UGT4,938,0.0123
Q63ZY3,938,0.0123
Q96H55,938,0.0123
O15399,937,0.0123
P57059,937,0.0123
Q8N960,937,0.0123
Q5T2S8,937,0.0123
Q9BZ71,937,0.0123
Q92797,936,0.0123
Q8NDL9,936,0.0123
O15265,936,0.0123
O43520,935,0.0123
Q14151,935,0.0123
Q5VV43,935,0.0123
P19835,935,0.0123
O14646,935,0.0123
Q8ND30,935,0.0123
Q32MK0,934,0.0123
Q9Y2J2,934,0.0123
Q9NSY1,934,0.0123
P78316,933,0.0123
Q5C9Z4,933,0.0123
Q6ZRS4,933,0.0123
Q8TBY8,933,0.0123
Q9Y239,932,0.0122
Q86Y56,932,0.0122
Q96MR6,931,0.0122
Q96JF6,931,0.0122
Q09MP3,931,0.0122
Q96NW4,931,0.0122
Q86SQ4,930,0.0122
Q9UPN6,930,0.0122
Q6PIJ6,930,0.0122
Q07837,929,0.0122
Q53GL7,929,0.0122
Q8IVT2,929,0.0122
Q9Y5E4,929,0.0122
Q8TE23,929,0.0122
P10643,928,0.0122
Q9UPM8,927,0.0122
Q8N4W9,926,0.0122
Q8NHM5,926,0.0122
Q76MJ5,926,0.0122
Q99665,926,0.0122
Q16821,925,0.0122
Q9NTJ4,925,0.0122
Q13563,924,0.0121
P17813,924,0.0121
Q7L576,924,0.0121
Q9NRJ7,923,0.0121
Q8WY21,923,0.0121
P25092,922,0.0121
Q9H0D2,922,0.0121
Q6AI08,922,0.0121
P33991,922,0.0121
P48553,922,0.0121
Q92896,922,0.0121
O75882,922,0.0121
Q9C0E4,922,0.0121
Q9BSJ8,921,0.0121
Q5EBL2,921,0.0121
P0C7H9,918,0.0121
Q6UXX5,918,0.0121
P36956,917,0.012
Q96EV2,916,0.012
Q08043,916,0.012
Q86YR7,916,0.012
Q9NTJ3,916,0.012
Q8WYP3,916,0.012
Q494U1,915,0.012
Q5TIE3,915,0.012
Q9NVR5,915,0.012
Q13591,915,0.012
P19022,914,0.012
Q9C0B9,914,0.012
Q9P0V3,914,0.012
Q12774,914,0.012
Q8NHY3,913,0.012
Q9C0C7,913,0.012
Q7Z7B0,913,0.012
Q9NQW6,913,0.012
Q96S38,911,0.012
Q8NB90,911,0.012
O96028,910,0.012
Q6W2J9,910,0.012
O94991,910,0.012
Q8NDX1,909,0.0119
Q8IZU8,909,0.0119
Q9UMS6,908,0.0119
P16499,908,0.0119
Q9BQ52,908,0.0119
Q5QGS0,907,0.0119
Q17RS7,907,0.0119
P04920,906,0.0119
O60674,906,0.0119
P53814,906,0.0119
Q8IX01,906,0.0119
O60518,906,0.0119
Q6R6M4,905,0.0119
Q9NQS7,905,0.0119
P18858,905,0.0119
Q5VYS8,905,0.0119
Q8NE09,905,0.0119
Q7Z3V4,905,0.0119
Q8IZL2,904,0.0119
Q9ULE4,904,0.0119
P08183,904,0.0119
Q8NG08,904,0.0119
P78524,903,0.0119
Q9H2P0,903,0.0119
Q9NQW8,903,0.0119
Q9NQV7,902,0.0118
Q7Z2Y5,902,0.0118
P29376,902,0.0118
Q9UNY4,902,0.0118
P51530,902,0.0118
Q9Y5H4,901,0.0118
Q8N283,901,0.0118
Q68CR7,901,0.0118
Q6PCD5,901,0.0118
Q96JN2,901,0.0118
Q5VV63,900,0.0118
P20936,900,0.0118
Q9NUA8,900,0.0118
P48751,900,0.0118
Q93033,900,0.0118
Q9ULU8,899,0.0118
Q9UMZ2,899,0.0118
O75132,899,0.0118
Q8NBP7,899,0.0118
Q8TD16,899,0.0118
Q8IZL8,898,0.0118
Q7Z2K8,898,0.0118
Q7LBC6,897,0.0118
Q06190,897,0.0118
Q9NZN5,897,0.0118
A6NNN8,897,0.0118
P26640,897,0.0118
P13497,896,0.0118
Q86UW7,896,0.0118
Q12840,896,0.0118
Q52LW3,896,0.0118
P06213,896,0.0118
Q5JTZ9,896,0.0118
O60330,896,0.0118
Q9H222,895,0.0118
Q9Y5G9,895,0.0118
O60284,895,0.0118
Q68DD2,895,0.0118
Q63HK5,895,0.0118
Q96JQ2,894,0.0117
Q8TCU5,894,0.0117
P54707,894,0.0117
Q8TBY9,894,0.0117
Q9Y6A5,894,0.0117
O43306,894,0.0117
Q8NDG6,893,0.0117
Q96IR2,893,0.0117
Q96R06,893,0.0117
Q14055,893,0.0117
P0CG39,893,0.0117
Q53EP0,893,0.0117
Q8IX03,892,0.0117
Q9UHW9,892,0.0117
Q5W0Q7,892,0.0117
Q92585,892,0.0117
Q9H582,891,0.0117
Q96JK9,891,0.0117
Q562F6,891,0.0117
O00444,891,0.0117
Q8N961,890,0.0117
P51788,890,0.0117
Q9Y4C1,890,0.0117
Q5VT97,890,0.0117
Q5T601,890,0.0117
P29475,890,0.0117
O43304,890,0.0117
O95197,890,0.0117
Q9BR39,889,0.0117
Q9BX69,889,0.0117
Q9P253,889,0.0117
Q3YEC7,889,0.0117
Q13724,889,0.0117
Q9Y5E3,888,0.0117
P11678,888,0.0117
Q9H2E6,888,0.0117
Q9NRM7,887,0.0117
P49917,887,0.0117
P35240,887,0.0117
Q9C0B7,886,0.0116
Q16827,886,0.0116
Q8IWY4,886,0.0116
Q9UPU3,886,0.0116
Q9H2B4,885,0.0116
P32926,885,0.0116
Q86X10,885,0.0116
Q9UHX3,885,0.0116
Q5TAG4,885,0.0116
Q659A1,884,0.0116
Q7RTR0,884,0.0116
O75717,884,0.0116
O95932,883,0.0116
Q9H0X9,883,0.0116
P23769,882,0.0116
P56199,882,0.0116
Q9NSE4,882,0.0116
Q63HK3,882,0.0116
P35228,882,0.0116
Q9HCL0,881,0.0116
A1X283,881,0.0116
A4D0V7,881,0.0116
Q86XL3,881,0.0116
Q9H158,881,0.0116
Q6Q4G3,881,0.0116
P51828,880,0.0116
Q9BXX0,880,0.0116
Q5T1M5,880,0.0116
Q9BYN7,880,0.0116
Q15155,880,0.0116
Q6UWE0,880,0.0116
O75437,880,0.0116
Q8N398,879,0.0115
P35475,878,0.0115
Q9UPV9,878,0.0115
O75309,878,0.0115
O95104,878,0.0115
Q6ZRI6,878,0.0115
Q9UP95,878,0.0115
Q9UPN7,877,0.0115
Q9NZC7,877,0.0115
Q6P5Z2,876,0.0115
P04439,876,0.0115
Q8NCX0,876,0.0115
P22735,875,0.0115
O94898,875,0.0115
B1AK53,875,0.0115
Q8N163,874,0.0115
Q96KQ4,874,0.0115
O75362,874,0.0115
Q60I27,874,0.0115
O94762,873,0.0115
Q5T0W9,873,0.0115
Q9UDT6,873,0.0115
Q8WU66,873,0.0115
Q6VMQ6,873,0.0115
P51797,872,0.0115
Q8IXT5,872,0.0115
Q76KP1,872,0.0115
Q8NCN5,872,0.0115
Q9H9D4,872,0.0115
Q9HD20,871,0.0114
O15063,870,0.0114
Q9NQ66,870,0.0114
Q16512,870,0.0114
Q9NRL2,870,0.0114
Q9H8Y5,870,0.0114
O14981,870,0.0114
Q9ULJ3,869,0.0114
Q15735,869,0.0114
Q99062,869,0.0114
Q9UPW8,869,0.0114
B7Z6K7,869,0.0114
Q9HCE3,869,0.0114
Q9Y5G2,868,0.0114
Q8TE58,868,0.0114
Q7KZ85,868,0.0114
O60486,868,0.0114
Q9HC35,868,0.0114
Q8TEV9,867,0.0114
Q2KHM9,867,0.0114
Q8N137,867,0.0114
Q9UN71,867,0.0114
Q2VPB7,866,0.0114
Q9NZC9,866,0.0114
Q4G0N8,866,0.0114
Q14574,866,0.0114
Q2TB90,866,0.0114
P11217,865,0.0114
O95347,865,0.0114
Q9BYX2,865,0.0114
Q8NCG7,865,0.0114
Q8TF46,865,0.0114
Q9NXL9,865,0.0114
P0CJ92,864,0.0114
Q6QNK2,863,0.0113
P48736,863,0.0113
Q9P2F6,863,0.0113
A6NGR9,863,0.0113
Q9NNW5,863,0.0113
Q6IPM2,863,0.0113
Q9NZJ5,863,0.0113
P78549,862,0.0113
Q8NFA0,862,0.0113
B0I1T2,862,0.0113
Q5T0Z8,862,0.0113
A6NE52,862,0.0113
Q9UQB3,862,0.0113
O95398,861,0.0113
Q96RT6,861,0.0113
Q8WUM0,861,0.0113
Q3KR16,861,0.0113
Q9NTI2,861,0.0113
P33151,861,0.0113
Q9P2G4,860,0.0113
Q15075,860,0.0113
Q9P2Q2,860,0.0113
Q01831,859,0.0113
Q7Z2Z2,859,0.0113
Q96K83,859,0.0113
O94985,859,0.0113
P17301,858,0.0113
Q86V48,857,0.0113
Q8NBS3,857,0.0113
Q9Y5E8,857,0.0113
Q9Y4G2,857,0.0113
O75762,856,0.0112
Q8WYL5,856,0.0112
Q5VUB5,856,0.0112
P19827,856,0.0112
Q86Y13,856,0.0112
Q9Y2H2,856,0.0112
Q9ULJ6,855,0.0112
Q86XP0,855,0.0112
A8MYU2,855,0.0112
Q5H9F3,855,0.0112
Q8N612,854,0.0112
O75976,854,0.0112
Q96C12,854,0.0112
Q8IWV2,854,0.0112
O76082,853,0.0112
O15440,853,0.0112
Q9H4D0,853,0.0112
Q9GZR1,853,0.0112
Q14957,853,0.0112
Q13308,852,0.0112
Q96DR7,852,0.0112
P98155,852,0.0112
Q9NP58,852,0.0112
P82094,851,0.0112
O60308,851,0.0112
Q12788,851,0.0112
Q9Y4A8,851,0.0112
Q9BYH1,851,0.0112
Q96S06,851,0.0112
Q9BQT9,850,0.0112
Q8TBB6,850,0.0112
Q9ULE3,850,0.0112
Q86Y38,850,0.0112
Q5T1A1,850,0.0112
Q8TEX9,850,0.0112
Q9BZ72,850,0.0112
Q99570,849,0.0112
Q9H211,849,0.0112
O95206,849,0.0112
Q96RD9,849,0.0112
Q96CC6,849,0.0112
Q9HCR9,848,0.0111
Q16760,848,0.0111
Q99959,847,0.0111
A2RUB6,847,0.0111
Q13485,847,0.0111
Q96DN2,847,0.0111
Q8TAB3,847,0.0111
P20701,847,0.0111
Q99550,846,0.0111
Q9BZQ8,846,0.0111
Q8WWL2,845,0.0111
O43156,845,0.0111
Q5VZK9,845,0.0111
P78325,845,0.0111
Q99575,844,0.0111
Q12968,844,0.0111
Q9Y3R0,844,0.0111
O43424,844,0.0111
Q9UNA0,843,0.0111
O14727,843,0.0111
Q7Z5Q5,843,0.0111
Q13061,842,0.0111
P48357,842,0.0111
Q15361,841,0.011
Q04756,841,0.011
Q8N7X1,841,0.011
O94804,840,0.011
O15146,840,0.011
Q13469,840,0.011
Q8N5Q1,840,0.011
P04637,840,0.011
Q2M389,840,0.011
Q8N4C8,840,0.011
Q0VG06,840,0.011
P55283,840,0.011
Q02763,839,0.011
Q6P4F7,839,0.011
Q93084,839,0.011
Q9UKM7,838,0.011
Q9P2H0,838,0.011
O95427,838,0.011
Q8IY82,838,0.011
Q8TEA7,838,0.011
Q9UM54,838,0.011
Q9H2X6,838,0.011
Q6UW60,837,0.011
O94979,837,0.011
Q4L235,837,0.011
Q9BZH6,837,0.011
P49736,836,0.011
Q92562,836,0.011
P16403,836,0.011
Q9P1Z0,836,0.011
Q9Y5H2,836,0.011
Q5ST30,836,0.011
Q16706,836,0.011
Q13615,835,0.011
Q9BQN1,835,0.011
P29317,835,0.011
Q9Y4L1,835,0.011
Q9H3S1,835,0.011
Q6Y7W6,835,0.011
Q8NEN9,835,0.011
Q9UBZ9,835,0.011
P11216,833,0.0109
Q96GW7,833,0.0109
Q9ULT6,833,0.0109
Q9ULD4,833,0.0109
Q13255,833,0.0109
O95789,832,0.0109
Q13797,832,0.0109
Q8NI60,832,0.0109
Q6ZVC0,832,0.0109
Q6UX68,832,0.0109
Q13472,831,0.0109
Q7Z2W7,831,0.0109
Q01970,831,0.0109
Q6ZW76,830,0.0109
Q5XX13,830,0.0109
Q68DC2,830,0.0109
Q5VTJ3,830,0.0109
Q9H4M7,830,0.0109
Q6UXM1,830,0.0109
Q8NFM4,829,0.0109
Q15849,829,0.0109
Q6P2E9,829,0.0109
Q8IYL2,829,0.0109
Q9BWT7,829,0.0109
Q08289,829,0.0109
Q9Y5G4,829,0.0109
Q6UXY8,828,0.0109
P21439,828,0.0109
Q08999,828,0.0109
A5PKW4,828,0.0109
Q01538,828,0.0109
Q6ZTQ4,827,0.0109
O43166,827,0.0109
Q6ZN28,827,0.0109
Q5VZR2,826,0.0109
Q9Y5G0,826,0.0109
Q14289,826,0.0109
Q6ZVF9,826,0.0109
Q99650,826,0.0109
Q9HC56,826,0.0109
Q8TDI7,825,0.0108
Q6ZSI9,825,0.0108
A0FGR9,825,0.0108
Q9H4Q3,824,0.0108
Q8IXH8,824,0.0108
O14526,823,0.0108
P40189,823,0.0108
Q9UFD9,823,0.0108
Q12791,823,0.0108
Q5FWF4,823,0.0108
Q9BY12,823,0.0108
Q13111,822,0.0108
A6QL63,822,0.0108
Q9Y5E5,821,0.0108
P53621,821,0.0108
Q9NYI0,820,0.0108
Q9UPR3,820,0.0108
Q68D06,820,0.0108
Q6ZMI0,820,0.0108
Q7RTU9,820,0.0108
Q9H422,819,0.0108
O00462,819,0.0108
Q92888,819,0.0108
Q9H2X0,819,0.0108
H0YM25,818,0.0107
Q9UKY4,818,0.0107
Q12986,818,0.0107
Q5H9R4,817,0.0107
Q9C0H5,817,0.0107
Q6ZNA4,817,0.0107
Q9Y5F8,816,0.0107
Q66K14,816,0.0107
Q9Y2K6,816,0.0107
Q8IU68,816,0.0107
Q9BU23,814,0.0107
Q86YV9,814,0.0107
Q9NS98,814,0.0107
P50570,813,0.0107
Q6UXG2,813,0.0107
Q9P2E7,812,0.0107
P01889,812,0.0107
Q8IWB9,812,0.0107
P80108,812,0.0107
Q9ULI1,812,0.0107
P07996,812,0.0107
Q9P2J5,811,0.0107
P29374,811,0.0107
Q96A65,811,0.0107
Q16281,811,0.0107
Q9UHB7,811,0.0107
O43491,811,0.0107
Q5H9T9,811,0.0107
Q5JSL3,810,0.0106
Q8N895,810,0.0106
Q70EK8,810,0.0106
P02812,810,0.0106
Q9UJW7,810,0.0106
O43823,810,0.0106
Q15397,810,0.0106
Q7Z3G6,810,0.0106
Q8N715,810,0.0106
Q9BRR8,809,0.0106
O60266,809,0.0106
Q8TET4,809,0.0106
Q9ULK0,809,0.0106
Q8IY81,809,0.0106
Q9P2E5,809,0.0106
Q8NEE8,809,0.0106
P23634,809,0.0106
Q8N423,809,0.0106
Q86XN7,808,0.0106
Q5FWE3,808,0.0106
P59045,808,0.0106
P55157,808,0.0106
P31639,808,0.0106
P48960,808,0.0106
Q96P31,808,0.0106
P11464,808,0.0106
Q9C099,808,0.0106
Q96RS0,807,0.0106
Q6PJI9,807,0.0106
Q14934,807,0.0106
Q92622,807,0.0106
Q9BXT4,807,0.0106
Q9H2Y9,806,0.0106
Q8IUD2,806,0.0106
Q9Y5E7,806,0.0106
Q7Z7L1,806,0.0106
Q68DV7,806,0.0106
Q86YV0,805,0.0106
Q08554,805,0.0106
Q96SE7,805,0.0106
P50993,805,0.0106
Q3SYG4,805,0.0106
O43313,805,0.0106
Q9BY79,804,0.0106
Q63HQ2,804,0.0106
Q14865,804,0.0106
P04259,804,0.0106
Q76M96,804,0.0106
Q8N9W4,804,0.0106
Q13873,804,0.0106
P19823,804,0.0106
Q9UIG0,804,0.0106
Q9P217,803,0.0105
Q9UHI8,803,0.0105
Q5K4L6,803,0.0105
Q5GFL6,803,0.0105
O60504,802,0.0105
Q8IX21,802,0.0105
Q9UPQ3,802,0.0105
Q8N196,802,0.0105
Q9Y5F9,802,0.0105
Q8ND61,802,0.0105
P00439,802,0.0105
Q9UP79,801,0.0105
Q5VWP3,801,0.0105
P56192,801,0.0105
Q68CR1,801,0.0105
Q9UEF7,800,0.0105
Q96FC9,800,0.0105
Q8TDG4,800,0.0105
O95786,800,0.0105
Q9BXT6,800,0.0105
Q9Y2H6,800,0.0105
O14617,800,0.0105
Q12766,800,0.0105
Q14694,800,0.0105
Q9Y6Q2,800,0.0105
O95235,799,0.0105
Q14246,799,0.0105
P43681,799,0.0105
Q9H987,799,0.0105
Q9P278,799,0.0105
Q86XI2,799,0.0105
Q9UQ84,799,0.0105
Q9H6S3,799,0.0105
P0CG38,799,0.0105
Q8TC59,798,0.0105
Q8NCM2,798,0.0105
Q9H0A0,798,0.0105
Q8N6Y0,798,0.0105
Q69YQ0,797,0.0105
Q8IY63,797,0.0105
Q5TEA3,797,0.0105
Q2VPK5,797,0.0105
Q92539,797,0.0105
Q6NSJ5,797,0.0105
Q9NRI5,796,0.0105
Q9ULD6,796,0.0105
Q8NER1,796,0.0105
P51798,796,0.0105
Q9UFE4,796,0.0105
Q9NVE4,796,0.0105
Q8IXW0,795,0.0104
Q9UQ74,794,0.0104
Q9H8L6,794,0.0104
Q96AE7,794,0.0104
Q9NYT6,794,0.0104
Q9Y6D6,794,0.0104
P42684,793,0.0104
Q9Y2G1,793,0.0104
Q9H159,793,0.0104
Q8N8E3,793,0.0104
Q9Y2J4,792,0.0104
Q9BXU1,792,0.0104
Q9UBC3,792,0.0104
Q15020,792,0.0104
O75081,792,0.0104
Q70EL4,792,0.0104
Q6P9B9,792,0.0104
Q5T1B0,792,0.0104
O43918,791,0.0104
Q7Z2K6,791,0.0104
Q14624,791,0.0104
O94972,791,0.0104
Q9NRR6,791,0.0104
Q8NEL9,790,0.0104
Q8TCN5,790,0.0104
O43295,790,0.0104
Q86XM0,790,0.0104
Q58DX5,790,0.0104
P61129,790,0.0104
Q8IVU1,790,0.0104
Q9HBX8,789,0.0104
Q8TBB5,789,0.0104
Q6ZN55,789,0.0104
Q4G176,789,0.0104
Q9UBW7,789,0.0104
O75310,789,0.0104
Q9NRR4,789,0.0104
A1A5B4,788,0.0104
P18564,788,0.0104
Q9H0K4,788,0.0104
P60484,788,0.0104
Q86WJ1,788,0.0104
Q9P2D0,787,0.0103
Q8NFY4,787,0.0103
P55198,787,0.0103
P22460,787,0.0103
Q6ZT12,787,0.0103
Q9NPR2,787,0.0103
Q17R98,787,0.0103
Q96RL6,786,0.0103
Q0ZGT2,786,0.0103
Q96DN5,786,0.0103
Q8N6Y1,786,0.0103
Q9H7T0,786,0.0103
P54253,786,0.0103
Q96Q04,785,0.0103
P06756,785,0.0103
Q13621,785,0.0103
P49747,785,0.0103
Q9P2R3,784,0.0103
Q9Y5E6,784,0.0103
Q8IZH2,784,0.0103
Q8WVT3,784,0.0103
Q8IY18,784,0.0103
Q7Z3E5,784,0.0103
Q9NRY4,783,0.0103
Q96T60,783,0.0103
Q06278,783,0.0103
Q96JB6,783,0.0103
Q07075,782,0.0103
Q8TBP0,782,0.0103
Q9NXL6,782,0.0103
Q92985,782,0.0103
Q9BRB3,781,0.0103
Q6NSJ0,780,0.0102
A8MZA4,780,0.0102
Q9Y5Y6,780,0.0102
Q96SD1,779,0.0102
Q9Y2G3,779,0.0102
O15169,778,0.0102
Q14587,778,0.0102
Q9NSB2,778,0.0102
Q6ZVD7,778,0.0102
P55011,778,0.0102
P22670,777,0.0102
Q5VZL5,777,0.0102
O15041,777,0.0102
Q9Y4K0,776,0.0102
Q9P107,776,0.0102
Q9C0J8,776,0.0102
Q8IXI1,775,0.0102
Q5UE93,775,0.0102
P35443,775,0.0102
Q9C0H9,774,0.0102
Q8TF40,774,0.0102
A3KN83,774,0.0102
Q8NET8,774,0.0102
Q8IZS8,774,0.0102
Q76N32,773,0.0102
A1L443,773,0.0102
P56730,773,0.0102
P78332,773,0.0102
Q9H2C0,773,0.0102
Q96HU1,773,0.0102
P35869,773,0.0102
O95185,773,0.0102
Q8NHU6,773,0.0102
Q6ZN16,772,0.0101
Q6ZP01,772,0.0101
Q92832,772,0.0101
Q13046,772,0.0101
Q9Y5H3,772,0.0101
Q6UXC1,772,0.0101
O94832,772,0.0101
Q8WWM7,771,0.0101
Q9C0C9,771,0.0101
Q9H6E5,771,0.0101
Q96L42,771,0.0101
P06737,771,0.0101
P30530,771,0.0101
Q7Z478,771,0.0101
O75473,771,0.0101
Q8IYM0,771,0.0101
Q6PJP8,770,0.0101
O43909,770,0.0101
Q9NR96,770,0.0101
P55290,770,0.0101
Q9Y6R6,770,0.0101
P98095,770,0.0101
Q08AN1,770,0.0101
P37173,770,0.0101
Q8TD08,770,0.0101
Q6P179,770,0.0101
P53992,769,0.0101
Q13936,769,0.0101
O75173,768,0.0101
Q86VS3,768,0.0101
O75106,768,0.0101
Q96KM6,768,0.0101
Q53EL9,768,0.0101
P28698,768,0.0101
Q5VVP1,768,0.0101
P55160,767,0.0101
Q01804,767,0.0101
Q32MH5,766,0.0101
Q9H0M5,766,0.0101
O15455,766,0.0101
Q8NAP3,766,0.0101
P15144,765,0.01
Q2TBA0,765,0.01
Q03252,765,0.01
Q8N271,765,0.01
Q86Z02,765,0.01
Q4LE39,765,0.01
P17643,765,0.01
Q32M88,764,0.01
P28749,764,0.01
P07197,764,0.01
P28329,764,0.01
Q9UMX1,764,0.01
Q8N7U6,764,0.01
Q06033,764,0.01
Q5SV97,764,0.01
Q96FS4,763,0.01
Q8NB25,763,0.01
O43541,763,0.01
O95155,763,0.01
Q8N554,763,0.01
Q9ULE6,763,0.01
Q969U6,762,0.01
O60741,762,0.01
Q96BJ8,762,0.01
P21580,762,0.01
Q9Y6X8,761,0.01
P17040,761,0.01
Q5HY64,761,0.01
Q8IXT1,761,0.01
P22455,761,0.01
O15353,761,0.01
Q9Y2A4,760,0.01
O60306,760,0.01
Q8TE68,760,0.01
P54802,759,0.01
P26006,759,0.01
Q9UK96,759,0.01
P14222,759,0.01
Q68D51,759,0.01
Q9NYZ3,758,0.01
P29320,758,0.01
Q9Y5F6,758,0.01
Q8IVL5,758,0.01
P36888,758,0.01
Q13671,758,0.01
Q92667,757,0.0099
P20648,757,0.0099
Q92902,757,0.0099
Q96PU5,757,0.0099
O60811,757,0.0099
P17035,757,0.0099
P23276,757,0.0099
Q9Y334,757,0.0099
Q01814,757,0.0099
O00534,756,0.0099
Q12860,756,0.0099
Q9BQI7,756,0.0099
Q96BD0,756,0.0099
Q9NS62,756,0.0099
Q66K89,756,0.0099
Q8NFW9,756,0.0099
Q5VYP0,756,0.0099
Q99708,755,0.0099
Q96MT3,755,0.0099
Q16849,755,0.0099
O00268,755,0.0099
O94988,755,0.0099
Q6NUT3,755,0.0099
Q9NT22,755,0.0099
P05164,754,0.0099
Q96T37,754,0.0099
P33993,754,0.0099
O15195,754,0.0099
P35858,754,0.0099
Q96M69,754,0.0099
P14780,754,0.0099
Q6ZNA1,754,0.0099
Q9UN70,753,0.0099
P06401,752,0.0099
P42701,752,0.0099
P52569,752,0.0099
Q9H694,752,0.0099
Q86VQ0,752,0.0099
Q7RTT9,751,0.0099
Q9P2F5,751,0.0099
P09874,751,0.0099
Q96TA1,750,0.0099
Q6JQN1,750,0.0099
Q96EK7,750,0.0099
Q99683,750,0.0099
Q6EMK4,750,0.0099
Q86XN6,750,0.0099
Q92738,750,0.0099
Q9H1B7,750,0.0099
Q8WZA1,749,0.0098
P26045,749,0.0098
P51610,749,0.0098
Q93052,749,0.0098
P11388,748,0.0098
Q9UBP0,748,0.0098
O94933,747,0.0098
O95487,747,0.0098
Q8N823,747,0.0098
O95528,747,0.0098
Q6NSJ2,747,0.0098
P14679,747,0.0098
P54219,747,0.0098
A6NM11,747,0.0098
Q9Y2H0,747,0.0098
Q13099,747,0.0098
Q8NB14,747,0.0098
P16109,747,0.0098
Q6AI14,747,0.0098
Q17RC7,747,0.0098
O60291,747,0.0098
O75969,747,0.0098
P05106,746,0.0098
Q14CN2,746,0.0098
Q8N8A6,746,0.0098
Q6XUX3,746,0.0098
Q6ZVT0,745,0.0098
Q9Y4E5,745,0.0098
Q96JM3,745,0.0098
Q495T6,744,0.0098
Q9H5Y7,744,0.0098
O95677,744,0.0098
P16383,744,0.0098
Q9Y5I4,744,0.0098
Q8NET4,743,0.0098
Q9HCJ5,743,0.0098
Q15031,743,0.0098
Q9UL12,743,0.0098
Q15042,743,0.0098
Q9P2B2,743,0.0098
Q9NW08,742,0.0097
P08582,742,0.0097
Q9H4I2,742,0.0097
P29323,742,0.0097
A5PLK6,742,0.0097
Q96ST8,742,0.0097
P54803,742,0.0097
Q9UQC9,742,0.0097
A0AV02,742,0.0097
P01715,741,0.0097
Q96GX1,741,0.0097
Q6P5W5,741,0.0097
Q96ST3,741,0.0097
Q92854,741,0.0097
Q96ED9,741,0.0097
P50895,741,0.0097
Q9P232,741,0.0097
P05165,741,0.0097
Q9BZ11,741,0.0097
Q13444,741,0.0097
Q8NF64,740,0.0097
Q9NPY3,740,0.0097
Q00889,740,0.0097
Q96T76,740,0.0097
Q5BJE1,740,0.0097
P16435,739,0.0097
Q92994,739,0.0097
Q008S8,738,0.0097
O94855,738,0.0097
O00339,738,0.0097
Q9BY31,738,0.0097
Q14159,738,0.0097
Q8N4X5,738,0.0097
Q5T7N2,738,0.0097
Q96KQ7,738,0.0097
Q86UE3,737,0.0097
P08648,737,0.0097
Q9HCG7,737,0.0097
Q8HWS3,737,0.0097
Q9H0H3,737,0.0097
Q2NL82,736,0.0097
Q9Y6Y8,736,0.0097
Q6ZT07,736,0.0097
Q9Y2L1,736,0.0097
Q86SP6,736,0.0097
Q86V87,736,0.0097
Q9BQI6,736,0.0097
Q8NFI3,736,0.0097
P54753,736,0.0097
Q96QH2,735,0.0097
P54762,735,0.0097
O60237,735,0.0097
Q9Y6X9,735,0.0097
Q03692,735,0.0097
Q9BYV9,735,0.0097
A8K7I4,734,0.0096
P02730,734,0.0096
Q9BT22,734,0.0096
O95754,734,0.0096
Q8TCG1,734,0.0096
P46019,734,0.0096
O75127,734,0.0096
P33897,734,0.0096
P19021,733,0.0096
Q13415,733,0.0096
P20273,733,0.0096
P51801,733,0.0096
Q02779,733,0.0096
Q08345,732,0.0096
O43897,732,0.0096
Q14807,732,0.0096
Q08AF3,732,0.0096
P07357,732,0.0096
O60813,732,0.0096
Q12950,731,0.0096
P46020,731,0.0096
Q5VUG0,731,0.0096
P84550,731,0.0096
Q15149,731,0.0096
Q5T1N1,730,0.0096
Q9NPA2,730,0.0096
Q9H2G2,730,0.0096
Q9NP78,730,0.0096
Q8IUH8,730,0.0096
Q6TDP4,730,0.0096
Q9Y6H5,730,0.0096
Q92922,729,0.0096
Q01954,729,0.0096
A0AUZ9,729,0.0096
Q9BY07,729,0.0096
Q9UKQ2,729,0.0096
Q8NDV3,729,0.0096
O14964,728,0.0096
Q04844,728,0.0096
Q9BQK8,728,0.0096
P54277,727,0.0096
Q14764,727,0.0096
O60716,727,0.0096
Q9Y487,727,0.0096
P17661,727,0.0096
O60271,727,0.0096
Q6MZW2,727,0.0096
Q86UU5,727,0.0096
O75427,727,0.0096
Q12864,727,0.0096
O60294,726,0.0095
Q8NHX9,726,0.0095
Q9Y6K1,726,0.0095
Q7RTX1,726,0.0095
A5D8W1,726,0.0095
P24394,726,0.0095
Q9BVI4,726,0.0095
Q765P7,726,0.0095
Q4G0U5,725,0.0095
P52732,725,0.0095
Q14527,725,0.0095
P00747,725,0.0095
P49746,725,0.0095
Q8IWU6,725,0.0095
Q6NV74,725,0.0095
Q6ECI4,725,0.0095
Q5JTC6,725,0.0095
P16671,724,0.0095
E7EW31,723,0.0095
Q8IVU3,723,0.0095
O75074,723,0.0095
Q8TF76,723,0.0095
Q32MQ0,723,0.0095
Q4KMQ2,722,0.0095
Q8N436,722,0.0095
Q9HBJ7,721,0.0095
Q16099,721,0.0095
Q9BZ95,721,0.0095
P10635,721,0.0095
Q68BL7,721,0.0095
O75150,721,0.0095
Q15139,721,0.0095
Q7Z4V0,720,0.0095
Q8IZF3,720,0.0095
Q8IYT8,720,0.0095
Q9NYB0,720,0.0095
O14709,720,0.0095
P55197,719,0.0094
Q9NY74,719,0.0094
Q86Y91,719,0.0094
Q05DH4,719,0.0094
Q9NRF2,719,0.0094
Q96IV0,719,0.0094
Q9P0L9,719,0.0094
Q8N441,718,0.0094
Q99707,718,0.0094
Q96KG9,718,0.0094
Q8TDN1,718,0.0094
Q8WUT4,718,0.0094
P0C671,718,0.0094
Q7Z5H3,717,0.0094
Q9GZR7,717,0.0094
Q8NCD3,717,0.0094
Q5T7W0,717,0.0094
Q7Z7M9,717,0.0094
Q96KW2,716,0.0094
Q8IX30,716,0.0094
Q9UII4,716,0.0094
Q5VV41,716,0.0094
Q8NEC5,716,0.0094
Q9ULC8,715,0.0094
Q17RG1,715,0.0094
Q9BY89,715,0.0094
Q9BQ70,715,0.0094
Q9NPD5,715,0.0094
Q86VB7,715,0.0094
Q5XXA6,715,0.0094
Q03112,715,0.0094
Q96RT8,714,0.0094
Q8IVF7,714,0.0094
Q93008,714,0.0094
Q5T655,714,0.0094
Q16584,714,0.0094
P37088,714,0.0094
Q96MC2,714,0.0094
A6ND36,714,0.0094
Q8N3F8,714,0.0094
P49916,713,0.0094
P59827,713,0.0094
Q7Z6B7,713,0.0094
Q8N4N8,713,0.0094
Q8N9T8,713,0.0094
O60296,713,0.0094
Q6DN14,712,0.0094
Q9ULH4,712,0.0094
Q9NP73,712,0.0094
Q01546,712,0.0094
Q8N9C0,712,0.0094
Q8N3X1,712,0.0094
Q9NS39,712,0.0094
P29122,711,0.0093
Q8TBE0,711,0.0093
Q9UMX9,711,0.0093
P49619,711,0.0093
Q9BVN2,711,0.0093
Q92625,711,0.0093
Q9HA65,711,0.0093
O14827,711,0.0093
A6NNF4,710,0.0093
Q9BYZ6,710,0.0093
P20023,710,0.0093
Q2M3G4,710,0.0093
Q9NRA8,710,0.0093
Q8N1I0,710,0.0093
Q8IUC6,710,0.0093
Q70JA7,710,0.0093
Q06495,709,0.0093
Q14162,709,0.0093
Q9P209,709,0.0093
P11362,709,0.0093
P41250,709,0.0093
Q5R3F8,709,0.0093
Q13191,708,0.0093
Q99567,708,0.0093
Q6UXH9,708,0.0093
Q2WGJ6,708,0.0093
Q8IWY8,708,0.0093
Q8WUF5,708,0.0093
Q86SQ7,708,0.0093
Q96NL6,708,0.0093
Q9Y6D9,708,0.0093
Q7Z4F1,707,0.0093
O00418,707,0.0093
Q8TF30,707,0.0093
Q96P44,707,0.0093
Q6ZRK6,707,0.0093
O95886,706,0.0093
Q08188,706,0.0093
Q7Z3J2,706,0.0093
Q8IWF2,706,0.0093
P09172,706,0.0093
Q2TAK8,706,0.0093
C9J069,706,0.0093
Q14D04,705,0.0093
Q5T6X5,705,0.0093
Q32P28,705,0.0093
A6NCI8,705,0.0093
Q8N149,705,0.0093
P17038,705,0.0093
Q14697,705,0.0093
Q96PF1,705,0.0093
Q695T7,705,0.0093
Q9NQU5,705,0.0093
Q14644,705,0.0093
Q9UJA3,705,0.0093
P13612,705,0.0093
P29590,704,0.0092
Q9BSJ2,704,0.0092
Q9UGJ0,704,0.0092
Q16557,704,0.0092
Q96RN1,704,0.0092
P16278,704,0.0092
Q8IYE0,704,0.0092
Q6VY07,704,0.0092
Q9HBD1,704,0.0092
Q9Y250,703,0.0092
Q9UBM7,703,0.0092
P51160,703,0.0092
Q9UPU7,703,0.0092
Q96QT6,703,0.0092
Q14C86,703,0.0092
Q58F21,703,0.0092
Q8NFD2,703,0.0092
P51178,703,0.0092
O15484,702,0.0092
Q8NI77,702,0.0092
Q12929,702,0.0092
Q9NX65,702,0.0092
P58215,702,0.0092
A4D1B5,702,0.0092
Q8IWU5,701,0.0092
P21917,701,0.0092
Q7Z4T9,701,0.0092
Q9Y2W3,701,0.0092
Q14244,700,0.0092
Q5VZ89,700,0.0092
A6NJL1,700,0.0092
P46087,700,0.0092
Q96AP0,700,0.0092
O95835,700,0.0092
Q9ULI0,700,0.0092
Q09013,700,0.0092
Q9ULP9,699,0.0092
O75665,699,0.0092
P52735,699,0.0092
Q12815,699,0.0092
O00329,698,0.0092
Q9NQG7,698,0.0092
Q8TEC5,698,0.0092
Q8NFP4,698,0.0092
Q6R2W3,698,0.0092
O75916,698,0.0092
Q9H3T2,698,0.0092
O75815,698,0.0092
Q9H5V8,698,0.0092
Q93073,698,0.0092
O43361,698,0.0092
Q14166,697,0.0092
Q06418,697,0.0092
Q3B7T1,697,0.0092
Q9NZT2,697,0.0092
Q8IYB3,697,0.0092
Q96QZ7,697,0.0092
Q6ULP2,697,0.0092
Q9NQV8,697,0.0092
Q5JU85,697,0.0092
Q9UL01,697,0.0092
Q8TCS8,697,0.0092
Q8IYG6,697,0.0092
Q8IW35,697,0.0092
Q9HA77,696,0.0091
Q5K4E3,696,0.0091
Q9C0B6,696,0.0091
Q8IW93,696,0.0091
Q8WZA2,696,0.0091
P78364,696,0.0091
O60524,696,0.0091
O14638,696,0.0091
Q92826,696,0.0091
Q9BYJ1,696,0.0091
Q01167,696,0.0091
Q9H347,695,0.0091
P41594,695,0.0091
P0C7U0,695,0.0091
Q05BV3,695,0.0091
Q6T4P5,695,0.0091
O95466,695,0.0091
Q8IV53,694,0.0091
Q6NX49,694,0.0091
P02788,694,0.0091
Q2QGD7,694,0.0091
Q13107,694,0.0091
Q9NTI5,694,0.0091
O14786,693,0.0091
Q96HW7,693,0.0091
P21980,693,0.0091
O14773,693,0.0091
P22413,693,0.0091
Q9NP71,693,0.0091
O14641,693,0.0091
Q9Y3M9,693,0.0091
Q0P6D6,692,0.0091
O95436,692,0.0091
Q8TED9,692,0.0091
O43246,692,0.0091
Q9NWH9,691,0.0091
P20594,691,0.0091
O75366,691,0.0091
Q86YD7,691,0.0091
O43150,691,0.0091
O95259,691,0.0091
Q9NZ08,691,0.0091
Q8TDX6,691,0.0091
P51841,691,0.0091
Q5SY80,690,0.0091
Q15111,690,0.0091
Q9Y5R5,690,0.0091
Q8N9B5,690,0.0091
O95479,690,0.0091
Q96GE5,690,0.0091
Q96K78,690,0.0091
C9JR72,689,0.0091
Q9H2U9,689,0.0091
P33992,689,0.0091
Q5SVZ6,689,0.0091
Q9HAU5,689,0.0091
Q68BL8,689,0.0091
Q8TDY4,689,0.0091
P16402,689,0.0091
Q96GE4,689,0.0091
Q5VTH9,689,0.0091
Q9UBK8,688,0.009
Q13049,688,0.009
Q96MR9,688,0.009
Q86V71,688,0.009
Q969P6,688,0.009
O43303,688,0.009
P19174,687,0.009
Q8TAM1,687,0.009
P07358,687,0.009
Q01726,687,0.009
Q5VVW2,687,0.009
Q6IV72,687,0.009
O75448,687,0.009
Q14721,686,0.009
P59923,686,0.009
O14926,686,0.009
Q9Y2W1,686,0.009
Q5T197,686,0.009
Q96T21,686,0.009
P25440,685,0.009
Q9UKE5,685,0.009
Q6AI39,685,0.009
Q5QJ38,685,0.009
Q6T4R5,685,0.009
Q8IYX7,684,0.009
Q13501,684,0.009
Q71SY5,684,0.009
Q8N122,684,0.009
O00548,684,0.009
Q659C4,684,0.009
P28799,684,0.009
A8MW92,684,0.009
Q6P1X5,683,0.009
Q5TCX8,683,0.009
P52740,683,0.009
Q8IZA0,683,0.009
O00222,683,0.009
Q15468,683,0.009
O00308,683,0.009
Q96P50,683,0.009
Q9Y5F7,683,0.009
Q2M385,683,0.009
Q9HCU0,683,0.009
Q5T749,683,0.009
Q9H4L5,683,0.009
P52849,683,0.009
Q03938,682,0.009
Q12872,682,0.009
Q9Y2P5,682,0.009
Q8NHY6,682,0.009
A6NI56,682,0.009
P52789,682,0.009
Q8NH83,681,0.0089
Q7Z7K2,681,0.0089
Q9UPW5,681,0.0089
Q8NFM7,681,0.0089
Q9H257,681,0.0089
Q5TZJ5,680,0.0089
Q9NTZ6,680,0.0089
P34059,680,0.0089
P04049,680,0.0089
Q9UFC0,680,0.0089
Q6RI45,680,0.0089
P41002,680,0.0089
Q9ULV3,679,0.0089
Q6NUJ1,679,0.0089
O00391,679,0.0089
Q8IYR2,679,0.0089
P48668,679,0.0089
Q9ULL8,679,0.0089
Q9ULZ9,679,0.0089
Q8NCU4,678,0.0089
Q86XH1,678,0.0089
Q14511,678,0.0089
Q12967,678,0.0089
O94993,678,0.0089
Q8NFZ0,678,0.0089
Q6ZW61,678,0.0089
H3BSY2,677,0.0089
Q641Q2,677,0.0089
Q08174,677,0.0089
P32004,677,0.0089
P32418,677,0.0089
P51800,677,0.0089
P10412,677,0.0089
Q9H706,677,0.0089
Q6ZUJ8,677,0.0089
Q969R2,677,0.0089
Q9P1Z3,676,0.0089
Q6ZNB6,676,0.0089
Q96NZ8,676,0.0089
O43548,676,0.0089
P78314,676,0.0089
O75151,676,0.0089
Q76B58,675,0.0089
Q13087,675,0.0089
Q9H7R5,675,0.0089
P41218,675,0.0089
P17405,674,0.0089
P23378,674,0.0089
Q6ZUT9,674,0.0089
Q9H9Y6,674,0.0089
Q6PKG0,674,0.0089
Q9UQ05,674,0.0089
P35908,673,0.0088
Q8N8E2,673,0.0088
Q8WTR7,673,0.0088
Q13342,673,0.0088
Q9BRZ2,673,0.0088
Q6PCB5,673,0.0088
Q16853,673,0.0088
Q08J23,672,0.0088
P08235,672,0.0088
Q01780,672,0.0088
Q8ND04,672,0.0088
Q5TC82,672,0.0088
O60733,672,0.0088
O60462,671,0.0088
Q9UM07,671,0.0088
Q86Z14,671,0.0088
Q9HCS5,671,0.0088
O00291,671,0.0088
Q6N043,671,0.0088
Q14831,671,0.0088
Q9HCI6,670,0.0088
Q9BYT9,670,0.0088
O75460,670,0.0088
P21802,670,0.0088
Q8IWG1,670,0.0088
P19801,670,0.0088
B5MCY1,670,0.0088
Q96LB3,670,0.0088
O60841,669,0.0088
Q12851,669,0.0088
P09327,669,0.0088
Q9H0E9,669,0.0088
P51511,669,0.0088
Q9NXB0,669,0.0088
Q8N2N9,669,0.0088
P40818,668,0.0088
Q9BQF6,668,0.0088
A7XYQ1,668,0.0088
Q7Z2W4,668,0.0088
Q8NG48,668,0.0088
Q9HBG4,668,0.0088
Q9HCS7,668,0.0088
Q96N87,668,0.0088
Q96EN8,668,0.0088
P78385,667,0.0088
Q15399,667,0.0088
Q8WY36,667,0.0088
P41440,667,0.0088
Q5SW24,667,0.0088
Q9P2V4,667,0.0088
Q9Y6L6,667,0.0088
Q8TEJ3,667,0.0088
Q4KMQ1,667,0.0088
A0AVK6,667,0.0088
Q02318,667,0.0088
Q7RTY8,666,0.0087
Q13164,666,0.0087
O95876,666,0.0087
P07476,666,0.0087
Q8IWZ5,666,0.0087
P40879,666,0.0087
Q9UH99,666,0.0087
Q7RTM1,666,0.0087
Q3MIS6,666,0.0087
P48764,666,0.0087
P11498,666,0.0087
Q8N841,666,0.0087
O75334,666,0.0087
P46059,665,0.0087
Q8N475,665,0.0087
Q6XPR3,665,0.0087
Q8N5U6,665,0.0087
P56180,664,0.0087
Q9NR82,664,0.0087
O60393,664,0.0087
Q96PV6,664,0.0087
Q9Y227,664,0.0087
O15296,664,0.0087
Q00839,664,0.0087
Q17RD7,664,0.0087
Q9BTV4,664,0.0087
Q68CJ6,664,0.0087
P07911,664,0.0087
O43795,663,0.0087
Q14392,663,0.0087
Q2TBE0,663,0.0087
Q5JTW2,663,0.0087
Q6ZN06,663,0.0087
Q13206,663,0.0087
Q9H1B5,663,0.0087
Q99965,663,0.0087
Q7Z736,662,0.0087
P06681,662,0.0087
Q68EM7,662,0.0087
Q14833,662,0.0087
O15060,662,0.0087
P42336,662,0.0087
Q8IVF6,662,0.0087
Q14739,661,0.0087
Q5SWA1,660,0.0087
Q9UI46,660,0.0087
O75398,660,0.0087
Q86XD8,660,0.0087
O75019,660,0.0087
P47974,660,0.0087
Q86SU0,660,0.0087
P07204,660,0.0087
O95980,660,0.0087
Q15269,659,0.0087
Q9BSA9,659,0.0087
Q9H1R3,659,0.0087
A8MQ14,659,0.0087
Q8IYX3,659,0.0087
Q8IYA6,659,0.0087
Q9P2N5,658,0.0086
Q06732,658,0.0086
P02538,658,0.0086
Q9Y2X9,658,0.0086
Q9BPX3,658,0.0086
Q86VI1,658,0.0086
Q6NUJ5,658,0.0086
P22079,658,0.0086
Q6P3X3,658,0.0086
Q9UQC2,658,0.0086
Q9H013,658,0.0086
O15049,657,0.0086
Q9UKF5,657,0.0086
Q8IY85,657,0.0086
P18084,657,0.0086
Q8TDI8,657,0.0086
Q8TF50,657,0.0086
Q9HAB3,657,0.0086
Q8N3L3,657,0.0086
Q5JVL4,656,0.0086
Q9H3T3,656,0.0086
Q1XH10,656,0.0086
Q9C0I3,656,0.0086
Q13574,656,0.0086
Q8NI08,656,0.0086
Q8N6M6,656,0.0086
A1L4K1,656,0.0086
Q8N5H7,656,0.0086
Q8TBB1,656,0.0086
Q9Y4D2,656,0.0086
O43502,656,0.0086
Q7LBE3,655,0.0086
O14715,655,0.0086
Q9P1Q0,655,0.0086
Q9P2K2,655,0.0086
O95625,655,0.0086
Q9H9S5,655,0.0086
Q8N309,655,0.0086
Q9NY33,655,0.0086
Q8IYY4,655,0.0086
Q6ZUM4,655,0.0086
Q86TY3,654,0.0086
O94856,654,0.0086
Q6PCB7,654,0.0086
Q15386,654,0.0086
O95672,654,0.0086
Q86XP1,654,0.0086
Q15833,654,0.0086
Q8IVL6,654,0.0086
Q5T6L9,653,0.0086
Q9ULW8,653,0.0086
Q96SK3,653,0.0086
Q9UL68,653,0.0086
Q8TF61,653,0.0086
O60810,653,0.0086
A6NEL2,653,0.0086
P27815,653,0.0086
Q00888,652,0.0086
Q9H361,652,0.0086
B3KS81,652,0.0086
O95486,652,0.0086
Q6GQQ9,652,0.0086
Q16819,652,0.0086
Q8TC21,652,0.0086
O75891,652,0.0086
Q8TDR0,652,0.0086
P20916,651,0.0086
Q9NYV6,651,0.0086
Q93063,651,0.0086
Q9BZF2,651,0.0086
Q8IUR5,650,0.0085
Q8N3T1,650,0.0085
Q08050,650,0.0085
Q9UIQ6,650,0.0085
Q9BVG8,650,0.0085
Q96II8,650,0.0085
Q2WGN9,649,0.0085
Q53TQ3,649,0.0085
Q05996,649,0.0085
Q14139,649,0.0085
P07196,649,0.0085
P23109,649,0.0085
Q9UQL6,649,0.0085
Q75QN2,649,0.0085
P07359,649,0.0085
Q9H329,649,0.0085
Q8NEN0,648,0.0085
O95985,648,0.0085
Q86X52,648,0.0085
P25205,648,0.0085
Q9BQI5,648,0.0085
Q99435,648,0.0085
Q6ZMV9,648,0.0085
P42566,648,0.0085
Q9Y2Q0,647,0.0085
Q8IXF0,647,0.0085
Q9HBT6,647,0.0085
O95678,647,0.0085
Q86VD1,647,0.0085
Q4VX76,647,0.0085
Q9Y3X0,646,0.0085
Q5JTV8,646,0.0085
Q9Y3Q7,646,0.0085
Q0VAK6,646,0.0085
Q96GX5,646,0.0085
Q9HAV4,646,0.0085
Q15398,646,0.0085
O94850,645,0.0085
Q4G0A6,645,0.0085
Q9HCE1,645,0.0085
Q6NUN7,645,0.0085
Q5JY77,645,0.0085
Q2M243,645,0.0085
P15538,645,0.0085
A6NDA9,645,0.0085
Q9C0K0,645,0.0085
Q96EX3,644,0.0085
Q76KD6,644,0.0085
O14490,644,0.0085
P13647,643,0.0084
Q96DY7,643,0.0084
Q9Y620,643,0.0084
Q9NP80,643,0.0084
O43283,643,0.0084
Q9UGR2,643,0.0084
Q68CK6,643,0.0084
Q5TAP6,643,0.0084
Q17RM4,643,0.0084
Q9HAQ2,643,0.0084
Q6UB35,642,0.0084
Q9UBB9,642,0.0084
Q5T5X7,642,0.0084
Q9Y6B7,642,0.0084
Q75T13,642,0.0084
O94806,642,0.0084
O15327,642,0.0084
Q8IZ41,642,0.0084
O00337,642,0.0084
Q8N307,642,0.0084
P23458,642,0.0084
Q6UWL6,641,0.0084
Q8N1F7,641,0.0084
Q8WUM4,641,0.0084
Q01973,641,0.0084
Q8TCX5,641,0.0084
Q9HCG8,641,0.0084
A6NHA9,641,0.0084
Q6P2H3,640,0.0084
Q969P0,640,0.0084
Q8NC74,640,0.0084
Q86YC3,640,0.0084
Q3V5L5,640,0.0084
Q15582,640,0.0084
Q9BZL4,639,0.0084
Q96NJ3,639,0.0084
P52742,639,0.0084
Q9NW13,639,0.0084
P51168,639,0.0084
Q9HCB6,639,0.0084
Q8NDB2,639,0.0084
Q8WXE1,639,0.0084
Q496J9,639,0.0084
Q8N8U9,638,0.0084
Q96LC7,638,0.0084
O94886,638,0.0084
O14830,638,0.0084
Q9Y6Q6,638,0.0084
Q9H1I8,638,0.0084
Q96AV8,638,0.0084
Q9BQS7,638,0.0084
Q9BRK4,638,0.0084
P83436,638,0.0084
Q9UKA2,638,0.0084
P51816,638,0.0084
Q07617,638,0.0084
Q04725,638,0.0084
O95822,637,0.0084
P55289,637,0.0084
Q03519,637,0.0084
O76090,637,0.0084
Q86WZ6,637,0.0084
Q9BXC9,637,0.0084
Q9H330,637,0.0084
Q8WXW3,637,0.0084
Q13823,637,0.0084
Q9Y592,637,0.0084
Q08AH3,637,0.0084
Q12816,637,0.0084
Q16587,637,0.0084
Q7L0X2,636,0.0084
Q86YF9,636,0.0084
Q07973,636,0.0084
Q6UWJ1,636,0.0084
O14978,636,0.0084
Q15822,636,0.0084
Q8IYS4,636,0.0084
Q9BVI0,636,0.0084
Q96PQ1,636,0.0084
Q9UNA4,636,0.0084
Q9HAP2,636,0.0084
Q3SXY7,636,0.0084
P01833,636,0.0084
A8MWY0,635,0.0083
P16050,635,0.0083
Q08ER8,635,0.0083
Q9UBC2,635,0.0083
Q9Y6U3,635,0.0083
Q9Y5F3,635,0.0083
O75410,635,0.0083
O14901,635,0.0083
Q674X7,635,0.0083
Q8TCY9,634,0.0083
P02748,634,0.0083
Q6NUP7,634,0.0083
Q16678,634,0.0083
Q8NHS3,634,0.0083
Q96G01,634,0.0083
Q9BXP2,634,0.0083
Q14416,634,0.0083
Q16799,634,0.0083
P18850,634,0.0083
O60568,633,0.0083
O75899,633,0.0083
Q9BYP7,633,0.0083
O60231,633,0.0083
Q16822,633,0.0083
Q16549,633,0.0083
Q03923,633,0.0083
Q02446,633,0.0083
P00751,633,0.0083
O15245,632,0.0083
O00187,632,0.0083
P81408,632,0.0083
Q8WVM7,632,0.0083
Q8N0Z3,631,0.0083
O60477,631,0.0083
Q5TGY1,631,0.0083
Q96MT8,631,0.0083
Q5SZL2,631,0.0083
Q9H4G0,631,0.0083
Q9ULC6,631,0.0083
O95995,631,0.0083
Q9UBT6,631,0.0083
Q9UL51,631,0.0083
Q96JH7,630,0.0083
Q6UWX4,630,0.0083
P54764,630,0.0083
P19367,630,0.0083
Q9BXW6,630,0.0083
Q9NZ52,630,0.0083
Q02809,630,0.0083
P26010,629,0.0083
Q5U623,629,0.0083
Q03167,629,0.0083
Q16666,629,0.0083
P81133,629,0.0083
Q93075,629,0.0083
Q9UK10,628,0.0082
P08473,628,0.0082
Q6PD62,628,0.0082
Q8N394,628,0.0082
Q8IWR0,628,0.0082
Q9ULD8,628,0.0082
Q8TF05,628,0.0082
Q9UK23,628,0.0082
Q8IZP9,627,0.0082
P10912,627,0.0082
Q14596,627,0.0082
Q9NYJ7,627,0.0082
O75843,627,0.0082
Q9H201,627,0.0082
Q9H7U1,627,0.0082
Q5VT25,627,0.0082
Q8N6C5,627,0.0082
O75116,626,0.0082
Q6P1M0,626,0.0082
Q9NR64,626,0.0082
Q6T423,626,0.0082
Q5VTL7,626,0.0082
P17020,626,0.0082
O94929,626,0.0082
Q8NFN8,626,0.0082
Q9Y263,626,0.0082
Q8IZ69,626,0.0082
Q9BZF3,625,0.0082
Q96SB8,625,0.0082
P51659,625,0.0082
Q7RTS7,625,0.0082
Q96AD5,625,0.0082
P16066,625,0.0082
P07332,625,0.0082
Q9UHB4,625,0.0082
O14678,625,0.0082
Q5T5S1,625,0.0082
Q6UXZ4,624,0.0082
Q8IYE1,624,0.0082
P38435,624,0.0082
Q6VAB6,624,0.0082
O14511,624,0.0082
Q9BXB1,624,0.0082
P05067,623,0.0082
Q8TCT7,623,0.0082
Q8WTT2,623,0.0082
P50443,623,0.0082
O95201,623,0.0082
Q00887,623,0.0082
Q7Z6J4,623,0.0082
Q8IZ52,623,0.0082
Q9UJT2,623,0.0082
P06865,623,0.0082
Q9NQ75,622,0.0082
Q5T5C0,622,0.0082
O75373,622,0.0082
Q9H3D4,622,0.0082
Q6ZSB9,622,0.0082
Q05682,622,0.0082
Q96M29,622,0.0082
Q8IZ83,622,0.0082
Q9UH90,622,0.0082
Q9Y2N7,622,0.0082
Q96S15,622,0.0082
P60852,621,0.0082
Q6ZNH5,621,0.0082
Q32P44,621,0.0082
Q92959,621,0.0082
Q9UBK2,621,0.0082
P21918,621,0.0082
Q99558,621,0.0082
Q9UKP5,621,0.0082
Q9BZQ6,621,0.0082
Q92750,621,0.0082
Q8WUH2,621,0.0082
P55287,620,0.0081
Q7L0X0,620,0.0081
Q9UP52,620,0.0081
Q9NZQ3,620,0.0081
Q14520,620,0.0081
Q9UKN1,620,0.0081
A1IGU5,619,0.0081
Q2M2Z5,619,0.0081
Q99835,619,0.0081
Q96EY7,619,0.0081
Q9UHI6,619,0.0081
Q14781,619,0.0081
Q96DU7,619,0.0081
Q14134,619,0.0081
Q8NFT8,618,0.0081
Q96ME1,618,0.0081
Q5VVJ2,618,0.0081
P56696,618,0.0081
Q13275,618,0.0081
Q9NU02,617,0.0081
Q504Y0,617,0.0081
Q9BRD0,617,0.0081
Q8TBZ0,617,0.0081
Q8NDT2,617,0.0081
O15457,617,0.0081
Q8NBJ9,617,0.0081
Q8N3E9,617,0.0081
Q9NZB2,617,0.0081
Q96SM3,617,0.0081
Q8NC60,616,0.0081
P07225,616,0.0081
Q5T619,616,0.0081
O95453,616,0.0081
P15056,616,0.0081
Q7Z5L9,616,0.0081
Q5TD94,616,0.0081
Q9UI40,616,0.0081
P28827,615,0.0081
Q03188,615,0.0081
Q8IZQ8,615,0.0081
Q2M3M2,615,0.0081
Q14156,615,0.0081
Q0D2K2,615,0.0081
Q6P9B6,615,0.0081
P20853,615,0.0081
Q9H269,615,0.0081
Q9BXM7,615,0.0081
Q14D33,615,0.0081
Q9Y2V7,615,0.0081
Q8TCG5,615,0.0081
Q96PH1,615,0.0081
Q9H0B8,614,0.0081
Q92974,614,0.0081
Q9H0X4,614,0.0081
Q9NYW8,614,0.0081
Q8N264,614,0.0081
Q9BWV1,614,0.0081
Q86YT6,614,0.0081
Q9NY59,614,0.0081
O43290,613,0.0081
Q92729,613,0.0081
Q9P272,613,0.0081
Q92908,613,0.0081
Q8N350,613,0.0081
P12035,613,0.0081
O60240,613,0.0081
Q13634,613,0.0081
Q92636,613,0.0081
Q9NXC5,613,0.0081
Q7Z6J0,613,0.0081
Q9UNX4,612,0.008
O43790,612,0.008
O15397,612,0.008
Q9UPQ8,612,0.008
O95521,612,0.008
Q6TGC4,612,0.008
Q9NSB4,612,0.008
Q92995,611,0.008
Q9BW04,611,0.008
Q96F45,611,0.008
Q13443,611,0.008
Q3B820,611,0.008
Q8IYQ7,611,0.008
O14639,611,0.008
Q9UQQ1,610,0.008
Q52M93,610,0.008
Q96M32,610,0.008
Q14393,610,0.008
A8MUZ8,610,0.008
Q12882,610,0.008
Q53HC5,610,0.008
Q9C0C4,610,0.008
P50416,610,0.008
Q9P0W8,610,0.008
Q13286,609,0.008
Q96KP1,609,0.008
Q9BZQ2,609,0.008
Q9Y210,609,0.008
Q5T447,609,0.008
Q13421,609,0.008
O60304,609,0.008
Q8N878,609,0.008
Q5T3J3,609,0.008
Q8TEU8,609,0.008
Q8NA54,608,0.008
P98082,608,0.008
Q8ND71,608,0.008
Q96PD2,608,0.008
O75467,608,0.008
Q02410,608,0.008
P13637,608,0.008
Q9H334,608,0.008
Q15063,608,0.008
Q8IYW5,608,0.008
O75157,608,0.008
Q6DHV5,608,0.008
Q6P3W7,608,0.008
Q7Z794,608,0.008
P15502,608,0.008
P50542,608,0.008
A5D8V7,607,0.008
Q02383,607,0.008
Q2VPA4,607,0.008
Q9H7R0,607,0.008
P55884,607,0.008
P22102,607,0.008
Q6P597,607,0.008
Q5TAH2,607,0.008
Q9NZV5,606,0.008
Q6NUN0,606,0.008
Q7Z5K2,606,0.008
Q96P69,606,0.008
P78412,606,0.008
Q96JA4,606,0.008
Q96QC0,606,0.008
Q494V2,606,0.008
O15287,606,0.008
P51688,606,0.008
Q9UGP4,606,0.008
Q8IYT3,606,0.008
Q9BVQ7,606,0.008
O94874,606,0.008
Q9NS40,606,0.008
Q8IYB9,605,0.0079
P17066,605,0.0079
Q9BY64,605,0.0079
Q8NI51,605,0.0079
Q6PJW8,605,0.0079
P51451,605,0.0079
O96013,605,0.0079
Q96MY7,605,0.0079
Q9Y5T5,605,0.0079
P57075,605,0.0079
O15083,605,0.0079
O43506,605,0.0079
Q9BZV2,605,0.0079
Q8N556,605,0.0079
Q9ULN7,604,0.0079
Q86WN1,604,0.0079
B9A064,604,0.0079
O60443,604,0.0079
Q8WUA4,604,0.0079
Q9UI26,604,0.0079
Q6ZRF8,604,0.0079
Q92835,604,0.0079
Q96S55,604,0.0079
Q15942,604,0.0079
Q86VW1,603,0.0079
Q6AW86,603,0.0079
Q9GZN6,603,0.0079
Q86YT5,603,0.0079
Q9H5L6,603,0.0079
Q9BXP5,603,0.0079
P17039,603,0.0079
P62805,603,0.0079
Q9P0K7,603,0.0079
P33261,603,0.0079
P13807,603,0.0079
Q8NCE2,603,0.0079
P19447,603,0.0079
Q5H9R7,602,0.0079
Q96RQ3,602,0.0079
P02671,602,0.0079
Q6P1J9,602,0.0079
Q86UW9,602,0.0079
Q8NE63,602,0.0079
Q9UMF0,602,0.0079
Q5FWF5,601,0.0079
Q8IWD5,601,0.0079
Q16572,601,0.0079
Q86UG4,601,0.0079
Q8WYR1,601,0.0079
P22310,601,0.0079
Q8WU76,601,0.0079
Q14728,601,0.0079
O60658,601,0.0079
Q9BXR6,601,0.0079
P04264,601,0.0079
Q96KT7,601,0.0079
A6NMD2,601,0.0079
Q86Y46,601,0.0079
O00461,601,0.0079
Q96N22,601,0.0079
O43296,601,0.0079
Q9BXS9,600,0.0079
Q8N8A2,600,0.0079
Q9BW71,600,0.0079
Q9Y2P0,600,0.0079
Q9BV36,600,0.0079
Q14566,600,0.0079
P35052,600,0.0079
Q9HCG1,600,0.0079
A8MRT5,600,0.0079
P35712,599,0.0079
Q8N7J2,599,0.0079
P09871,599,0.0079
Q9BZD2,599,0.0079
Q15375,599,0.0079
Q13144,599,0.0079
Q9Y216,599,0.0079
Q0P670,598,0.0079
O95170,598,0.0079
O43314,598,0.0079
Q9P0L1,598,0.0079
Q8IXB1,598,0.0079
Q8TE77,598,0.0079
Q12836,598,0.0079
O76094,598,0.0079
P21399,598,0.0079
Q12889,598,0.0079
Q13510,598,0.0079
P48382,598,0.0079
Q9NX78,597,0.0078
Q5SNT2,597,0.0078
Q6AZY7,597,0.0078
Q8TF45,597,0.0078
Q14114,597,0.0078
P20592,597,0.0078
Q9Y561,597,0.0078
Q9UHC3,596,0.0078
Q8TEW0,596,0.0078
P16422,596,0.0078
Q14157,596,0.0078
O95935,596,0.0078
Q08AG5,596,0.0078
Q96H40,596,0.0078
Q16394,596,0.0078
Q9UEY8,595,0.0078
Q9UHD8,595,0.0078
A2RTX5,595,0.0078
Q9Y2J0,595,0.0078
Q6UWZ7,595,0.0078
Q8NE28,594,0.0078
Q96NA8,594,0.0078
P11171,594,0.0078
P17097,594,0.0078
Q8TF01,594,0.0078
Q9HCZ1,594,0.0078
P11586,594,0.0078
Q8N3Y3,594,0.0078
O95202,594,0.0078
Q16288,594,0.0078
P36537,594,0.0078
P52630,594,0.0078
Q9H0W5,594,0.0078
Q5W041,594,0.0078
Q9BWN1,594,0.0078
Q9BVA0,594,0.0078
Q9ULQ0,594,0.0078
Q16348,593,0.0078
Q8NGL9,593,0.0078
P07602,593,0.0078
Q5W0B1,593,0.0078
Q9UJX0,593,0.0078
Q9HCM4,593,0.0078
Q9Y5W7,593,0.0078
A0AVT1,592,0.0078
Q14978,592,0.0078
Q9NUQ8,592,0.0078
O96018,592,0.0078
Q8IYI8,592,0.0078
Q9NQ79,592,0.0078
P02786,592,0.0078
Q63ZE4,592,0.0078
O14578,592,0.0078
Q9HBI6,592,0.0078
Q9NRA0,592,0.0078
Q8N531,591,0.0078
Q16538,591,0.0078
P26012,591,0.0078
Q9NYL2,591,0.0078
P06731,591,0.0078
Q5JSP0,591,0.0078
Q8TF66,591,0.0078
Q96JK2,591,0.0078
P08133,591,0.0078
Q9UKJ8,591,0.0078
Q14003,591,0.0078
Q9ULK4,591,0.0078
Q8WWR8,591,0.0078
Q8N7Q3,591,0.0078
Q9UJX6,590,0.0078
Q9UKW4,590,0.0078
Q6ZU52,590,0.0078
Q9NZL3,590,0.0078
Q6P4Q7,590,0.0078
Q00G26,590,0.0078
O75110,589,0.0077
P03971,589,0.0077
Q8IWA5,589,0.0077
P23327,589,0.0077
Q8IW92,589,0.0077
Q8IYH5,589,0.0077
Q9NXH9,589,0.0077
Q8WWX8,589,0.0077
P57103,589,0.0077
Q86W26,589,0.0077
Q53R41,589,0.0077
Q9Y2L8,588,0.0077
Q8NA82,588,0.0077
Q9H1K0,588,0.0077
Q8TD19,588,0.0077
Q15424,588,0.0077
P52848,588,0.0077
Q14CN4,588,0.0077
Q7Z3C6,588,0.0077
Q8IZU9,588,0.0077
Q7L8L6,587,0.0077
Q96N46,587,0.0077
Q7Z340,587,0.0077
Q12980,587,0.0077
P41226,587,0.0077
Q5VWT5,586,0.0077
Q96N58,586,0.0077
Q6UWL2,586,0.0077
P52888,586,0.0077
Q9GZT9,586,0.0077
P35558,586,0.0077
Q8N103,586,0.0077
Q5TF21,586,0.0077
P15085,586,0.0077
Q8N442,586,0.0077
Q9UC07,586,0.0077
Q86WA9,586,0.0077
Q6UXK5,585,0.0077
Q8TEL6,585,0.0077
Q9Y2J8,585,0.0077
Q0VDD7,585,0.0077
O75154,585,0.0077
Q92496,585,0.0077
Q96Q27,585,0.0077
Q8N4N3,585,0.0077
Q00653,585,0.0077
Q8WV44,585,0.0077
Q8N8Z6,585,0.0077
Q7Z6J9,584,0.0077
O75807,584,0.0077
Q9BXR5,584,0.0077
Q96JG6,584,0.0077
Q86SG6,584,0.0077
Q9UMQ6,584,0.0077
Q92997,584,0.0077
Q9Y2G8,584,0.0077
Q9UKF2,584,0.0077
P0C2W7,584,0.0077
Q03518,584,0.0077
Q8IVH8,584,0.0077
Q9UJ99,584,0.0077
Q6P3V2,584,0.0077
Q53GD3,584,0.0077
O00294,584,0.0077
Q08AM6,584,0.0077
Q13546,583,0.0077
Q7Z3V5,583,0.0077
P43629,583,0.0077
Q04446,583,0.0077
P19961,583,0.0077
Q96CN9,583,0.0077
P46199,583,0.0077
Q96QU8,583,0.0077
Q569K6,583,0.0077
Q6NSI8,583,0.0077
Q68EA5,582,0.0076
P13667,582,0.0076
P49221,582,0.0076
Q9BQL6,582,0.0076
Q96JK4,582,0.0076
Q6PXP3,582,0.0076
Q96J84,582,0.0076
Q9BSW2,582,0.0076
P01042,582,0.0076
Q99884,582,0.0076
Q96S65,581,0.0076
P43121,581,0.0076
Q86XK2,581,0.0076
Q4ZIN3,581,0.0076
P29973,581,0.0076
O43196,581,0.0076
Q5TB30,581,0.0076
Q00610,581,0.0076
O60299,581,0.0076
A4FU28,581,0.0076
O15033,581,0.0076
O95696,581,0.0076
Q8NAT1,581,0.0076
Q9NPI8,581,0.0076
Q96RR1,581,0.0076
Q13651,581,0.0076
P11150,580,0.0076
Q9ULE0,580,0.0076
Q3SY84,580,0.0076
Q9H2U1,580,0.0076
P36508,580,0.0076
Q9NVH2,580,0.0076
Q9H501,580,0.0076
Q5T8P6,580,0.0076
O43187,580,0.0076
Q9UDR5,579,0.0076
Q9NSG2,579,0.0076
Q8NB91,579,0.0076
Q8IVM8,579,0.0076
Q96HQ0,579,0.0076
Q96CN5,579,0.0076
P0C7T5,579,0.0076
Q9ULD5,579,0.0076
Q6PJG9,579,0.0076
Q6P2C0,579,0.0076
O15211,579,0.0076
O14920,578,0.0076
O75626,578,0.0076
Q7Z7L9,578,0.0076
Q5JVG2,578,0.0076
O94973,578,0.0076
Q02040,577,0.0076
O95025,577,0.0076
P78536,577,0.0076
C9JH25,577,0.0076
Q8NB50,577,0.0076
Q9NWN3,577,0.0076
Q0VGE8,577,0.0076
Q9HBG7,577,0.0076
Q9H091,577,0.0076
Q9P2G1,576,0.0076
Q01813,576,0.0076
Q96S37,576,0.0076
P49715,576,0.0076
A1A4S6,576,0.0076
Q9BX79,576,0.0076
Q8N434,576,0.0076
Q01432,576,0.0076
Q96Q11,576,0.0076
Q13423,576,0.0076
Q5T5J6,575,0.0076
O15381,575,0.0076
Q15935,575,0.0076
Q9P1W3,575,0.0076
Q6ZWE6,575,0.0076
Q9H094,575,0.0076
Q96AQ6,575,0.0076
O95402,575,0.0076
Q9NQL9,575,0.0076
A8MVX0,575,0.0076
Q9NRU3,575,0.0076
P33981,575,0.0076
Q9GZX3,574,0.0075
Q9HCS2,574,0.0075
O94927,574,0.0075
P09958,574,0.0075
Q9Y6R1,574,0.0075
O14815,574,0.0075
Q9Y426,574,0.0075
Q9H1D0,574,0.0075
Q5U5Z8,574,0.0075
Q86VR7,574,0.0075
Q9H8X9,574,0.0075
Q08380,574,0.0075
P35503,573,0.0075
Q8N1N4,573,0.0075
Q13064,573,0.0075
Q8N2H3,573,0.0075
O95461,573,0.0075
P25100,573,0.0075
Q14586,573,0.0075
A6PVS8,573,0.0075
Q86XJ1,573,0.0075
Q969N2,573,0.0075
Q9UNQ0,573,0.0075
Q8IWX7,573,0.0075
P11465,572,0.0075
Q9ULQ1,572,0.0075
O75342,572,0.0075
Q9UI17,572,0.0075
P07954,572,0.0075
O14974,572,0.0075
Q9Y5L0,572,0.0075
Q12934,572,0.0075
Q9BWU0,572,0.0075
Q8IWT6,572,0.0075
Q9BVL4,572,0.0075
Q13822,571,0.0075
Q96GR2,571,0.0075
P19099,571,0.0075
Q9C0D7,571,0.0075
Q8TBA6,571,0.0075
Q9UPN4,571,0.0075
O60279,571,0.0075
Q5HY92,571,0.0075
P48449,571,0.0075
O75298,571,0.0075
Q6PG37,571,0.0075
Q9Y608,571,0.0075
Q6ZW31,571,0.0075
Q8N302,571,0.0075
Q5VIR6,571,0.0075
Q86U38,571,0.0075
Q9H5N1,571,0.0075
Q7Z402,571,0.0075
O43167,571,0.0075
O95171,571,0.0075
Q4KMP7,571,0.0075
O15394,571,0.0075
P05362,571,0.0075
Q9HC96,571,0.0075
Q14533,570,0.0075
Q9NP91,570,0.0075
Q96PX1,570,0.0075
O00522,570,0.0075
Q9HB58,570,0.0075
Q99453,570,0.0075
P05060,570,0.0075
O15244,570,0.0075
Q16478,570,0.0075
Q2M2I3,570,0.0075
Q96CP6,570,0.0075
Q9UKU6,570,0.0075
Q9HBE5,570,0.0075
Q8WXB4,569,0.0075
Q9HCL2,569,0.0075
Q6ZRP7,569,0.0075
Q8NCN4,569,0.0075
Q9H089,569,0.0075
Q06481,568,0.0075
Q05823,568,0.0075
Q9H0K1,568,0.0075
P24557,568,0.0075
Q9NSA0,568,0.0075
O94892,568,0.0075
Q7L2E3,568,0.0075
Q15283,568,0.0075
Q9ULB5,567,0.0074
O75113,567,0.0074
Q5JPH6,567,0.0074
O00206,567,0.0074
Q6P9A3,567,0.0074
Q9HB96,567,0.0074
Q9NYB5,567,0.0074
Q96DT7,567,0.0074
O75290,567,0.0074
Q99743,567,0.0074
O76039,567,0.0074
Q9C0I9,566,0.0074
Q9NVU7,566,0.0074
P51957,566,0.0074
P09917,566,0.0074
O95954,566,0.0074
Q08477,566,0.0074
Q7Z5L7,565,0.0074
Q6ZMY9,565,0.0074
Q6NT32,565,0.0074
Q6J4K2,565,0.0074
A6H8M9,565,0.0074
Q9NVU0,565,0.0074
Q13003,565,0.0074
O00341,565,0.0074
Q8NAG6,565,0.0074
Q15046,565,0.0074
P16070,565,0.0074
Q8NE18,565,0.0074
Q9UHM6,565,0.0074
Q96N76,565,0.0074
Q8N9W5,565,0.0074
Q8IVW8,565,0.0074
Q13263,565,0.0074
Q96MX3,565,0.0074
P86452,565,0.0074
Q96M89,564,0.0074
Q8IWW6,564,0.0074
Q8IXL6,564,0.0074
A2RUB1,564,0.0074
Q92953,564,0.0074
Q9H892,564,0.0074
A7MD48,564,0.0074
P59901,564,0.0074
Q8N1N0,564,0.0074
P49321,564,0.0074
H3BPF8,564,0.0074
Q96RL1,564,0.0074
A4FU01,564,0.0074
Q1KMD3,564,0.0074
O75864,563,0.0074
Q6SJ93,563,0.0074
Q99549,563,0.0074
O15117,563,0.0074
P23142,563,0.0074
P29728,563,0.0074
Q6ZN44,563,0.0074
Q5FVE4,563,0.0074
Q969Y2,563,0.0074
Q9P2M4,563,0.0074
O15240,563,0.0074
Q9HCX4,563,0.0074
Q6ZNB7,563,0.0074
Q8NBR6,563,0.0074
Q96SQ5,563,0.0074
Q86V21,563,0.0074
Q9UHL4,563,0.0074
D6REC4,563,0.0074
Q6ZQN7,563,0.0074
Q6PIW4,563,0.0074
Q8N807,562,0.0074
Q5VTR2,562,0.0074
Q9BXB5,562,0.0074
Q8N1K5,562,0.0074
Q9HBM0,562,0.0074
Q9H093,562,0.0074
P11509,562,0.0074
Q9ULX6,562,0.0074
Q6P3X8,562,0.0074
Q9NXF1,562,0.0074
Q9BZE9,561,0.0074
Q8WWL7,561,0.0074
Q08828,561,0.0074
Q9H8Y1,561,0.0074
Q13207,561,0.0074
Q96PZ2,561,0.0074
P41229,560,0.0074
P35527,560,0.0074
Q3KQV3,560,0.0074
Q8IZW8,560,0.0074
Q7RTS6,560,0.0074
P16581,560,0.0074
Q8TBC3,560,0.0074
Q6UXK2,560,0.0074
Q9Y267,560,0.0074
O00459,560,0.0074
Q8WUQ7,560,0.0074
Q96LX7,560,0.0074
P32298,560,0.0074
Q99985,559,0.0073
P06312,559,0.0073
Q99797,559,0.0073
Q9UER7,559,0.0073
Q9H0K6,559,0.0073
Q8N0X2,559,0.0073
Q8IYT1,559,0.0073
Q8IZM8,559,0.0073
P49190,559,0.0073
Q9ULK2,559,0.0073
Q8TC56,559,0.0073
Q7Z4V5,559,0.0073
Q8WYA0,559,0.0073
O00634,558,0.0073
Q6MZZ7,558,0.0073
Q9Y2B5,558,0.0073
Q92805,558,0.0073
Q8TAV3,558,0.0073
P55199,558,0.0073
P22304,558,0.0073
Q9HBY0,558,0.0073
P0CG20,558,0.0073
Q8TC27,558,0.0073
Q15051,558,0.0073
P54840,557,0.0073
O75170,557,0.0073
Q96JL9,557,0.0073
Q8TAT5,557,0.0073
Q8WW52,557,0.0073
Q9Y3P9,557,0.0073
Q8NFJ9,557,0.0073
P22888,557,0.0073
O75164,557,0.0073
Q86SQ6,557,0.0073
Q5KSL6,557,0.0073
Q5VWG9,557,0.0073
P20062,557,0.0073
Q8NCI6,557,0.0073
Q9H6R7,557,0.0073
Q9UMS5,556,0.0073
Q6P996,556,0.0073
O15427,556,0.0073
O75069,556,0.0073
P35680,556,0.0073
Q8IYT2,556,0.0073
Q92615,556,0.0073
O60331,556,0.0073
Q8N6Q8,556,0.0073
P29120,556,0.0073
Q6UWH4,555,0.0073
O15037,555,0.0073
Q6N069,555,0.0073
Q9BZE4,555,0.0073
Q9BR84,555,0.0073
P0C7P3,555,0.0073
O15234,555,0.0073
Q6NUS6,555,0.0073
P46721,555,0.0073
Q6IA86,555,0.0073
P55895,554,0.0073
P05156,554,0.0073
P43304,554,0.0073
O00238,554,0.0073
Q8N865,554,0.0073
P05187,554,0.0073
Q9HBZ2,554,0.0073
Q96NE9,554,0.0073
Q8NH70,554,0.0073
Q12948,554,0.0073
Q14532,554,0.0073
Q8IWB1,553,0.0073
P40238,553,0.0073
O43847,553,0.0073
Q96P56,553,0.0073
Q86VD9,553,0.0073
Q50LG9,553,0.0073
Q7Z304,553,0.0073
Q70EL2,553,0.0073
Q8N427,553,0.0073
Q9H2K2,553,0.0073
Q658N2,553,0.0073
O60641,553,0.0073
P00488,552,0.0073
Q5VIY5,552,0.0073
Q8NEG5,552,0.0073
Q8IUM7,552,0.0073
Q9Y223,552,0.0073
Q9NZM5,552,0.0073
Q5MY95,552,0.0073
O14523,551,0.0072
P16871,551,0.0072
Q96G91,551,0.0072
Q6ZMW2,551,0.0072
Q96L91,551,0.0072
Q9H3R1,551,0.0072
Q8IX12,551,0.0072
Q9NRG9,551,0.0072
Q15437,550,0.0072
Q99856,550,0.0072
Q9NSD5,550,0.0072
Q8NBH2,550,0.0072
Q9UL59,550,0.0072
O43164,550,0.0072
O95407,550,0.0072
Q9NYY8,550,0.0072
Q8N3C7,550,0.0072
Q5T0F9,550,0.0072
Q5T4T6,550,0.0072
A0PJK1,549,0.0072
O60269,549,0.0072
P50995,549,0.0072
Q9H0J9,549,0.0072
O76015,549,0.0072
Q6NUM9,549,0.0072
Q9BZV1,549,0.0072
Q96C10,549,0.0072
P19338,549,0.0072
Q9UKN5,549,0.0072
Q32M45,549,0.0072
O00507,549,0.0072
Q15431,548,0.0072
P11166,548,0.0072
Q5ZPR3,548,0.0072
A1YPR0,548,0.0072
A6NHZ5,548,0.0072
Q4G0T1,548,0.0072
Q14590,548,0.0072
Q9Y3L3,548,0.0072
P78413,548,0.0072
Q9UJS0,548,0.0072
Q8N8K9,548,0.0072
P43243,547,0.0072
Q9H6R3,547,0.0072
Q08462,547,0.0072
O43592,547,0.0072
Q5T2N8,547,0.0072
Q7Z3Z4,547,0.0072
O43868,547,0.0072
O75204,547,0.0072
Q8NE00,547,0.0072
Q9Y473,547,0.0072
Q5U651,546,0.0072
Q8N1W2,546,0.0072
O14867,546,0.0072
P22004,546,0.0072
O43264,546,0.0072
Q8NGM1,546,0.0072
Q9Y226,546,0.0072
Q7RTZ2,546,0.0072
Q6NY19,546,0.0072
P42338,546,0.0072
Q6UXI9,546,0.0072
Q8N6P7,546,0.0072
P98153,546,0.0072
P19320,546,0.0072
Q96T51,546,0.0072
Q14494,546,0.0072
P57740,546,0.0072
Q9C0B5,545,0.0072
Q68CZ6,545,0.0072
Q6UWP8,545,0.0072
Q16832,545,0.0072
D6RF30,545,0.0072
Q8NFF2,545,0.0072
Q9P246,545,0.0072
Q6P2P2,545,0.0072
P37268,545,0.0072
Q8IZ08,545,0.0072
Q96MK3,545,0.0072
P04196,545,0.0072
Q2M2I8,544,0.0071
Q86X53,544,0.0071
O14782,544,0.0071
Q7KZF4,544,0.0071
P16591,544,0.0071
Q9H808,544,0.0071
Q9HBW9,544,0.0071
Q9HAW8,544,0.0071
Q9NX95,544,0.0071
Q96SA4,544,0.0071
P78386,543,0.0071
Q16720,543,0.0071
Q9BZE0,543,0.0071
Q8TDB6,543,0.0071
A2CJ06,543,0.0071
Q8IUC4,543,0.0071
Q6NUT2,543,0.0071
Q8NBP5,543,0.0071
Q8IV36,543,0.0071
O60347,543,0.0071
Q9H611,543,0.0071
O43663,543,0.0071
Q6UWU2,543,0.0071
O76009,543,0.0071
P36897,543,0.0071
Q13438,543,0.0071
Q7Z3E2,542,0.0071
P21757,542,0.0071
Q96HY7,542,0.0071
Q9ULW2,542,0.0071
Q9UK13,542,0.0071
Q13433,542,0.0071
P03951,542,0.0071
O75145,542,0.0071
Q99767,542,0.0071
Q96D71,541,0.0071
Q6ZTA4,541,0.0071
Q8IWC1,541,0.0071
Q9Y2G4,541,0.0071
P05177,541,0.0071
Q6ZMD2,541,0.0071
Q6NV75,541,0.0071
Q9H714,541,0.0071
P0CJ78,541,0.0071
Q8WU58,541,0.0071
P37023,541,0.0071
Q14929,540,0.0071
Q9H116,540,0.0071
P08253,540,0.0071
P23497,540,0.0071
Q9Y5S1,540,0.0071
O60260,540,0.0071
P20591,540,0.0071
Q6ZSS7,540,0.0071
Q7L0J3,540,0.0071
O75325,540,0.0071
P53396,540,0.0071
Q5F1R6,540,0.0071
Q96I76,540,0.0071
Q460N3,540,0.0071
Q9BWV7,540,0.0071
Q9P255,540,0.0071
Q969S9,540,0.0071
Q13884,539,0.0071
Q02297,539,0.0071
Q6H9L7,539,0.0071
O15350,539,0.0071
Q9H992,539,0.0071
P06133,539,0.0071
P57772,539,0.0071
Q14940,539,0.0071
P23786,539,0.0071
Q8WXD0,539,0.0071
P23219,539,0.0071
Q5MIZ7,539,0.0071
Q16647,539,0.0071
Q9ULB4,538,0.0071
Q9BRC7,538,0.0071
Q7LGC8,538,0.0071
Q7Z3F1,538,0.0071
A1A5D9,538,0.0071
Q8NCL4,538,0.0071
Q5KU26,538,0.0071
O00267,538,0.0071
Q5T089,538,0.0071
Q10567,537,0.0071
Q8N4F4,537,0.0071
Q9UFB7,537,0.0071
Q8N448,537,0.0071
Q02928,537,0.0071
Q96GW9,537,0.0071
P10244,537,0.0071
Q15642,537,0.0071
P06276,537,0.0071
Q5VSL9,537,0.0071
Q9H900,536,0.007
Q5XKE5,536,0.007
P08779,536,0.007
P59826,536,0.007
Q15835,536,0.007
Q9H307,536,0.007
Q14164,536,0.007
P18848,536,0.007
Q15025,536,0.007
Q5TG30,536,0.007
Q6ZNE9,536,0.007
Q8TB72,536,0.007
Q96A19,536,0.007
O00213,536,0.007
O94880,536,0.007
Q6NUQ4,536,0.007
P11712,535,0.007
Q9Y4B6,535,0.007
P11597,535,0.007
Q96JS3,535,0.007
P08047,535,0.007
Q8TC71,535,0.007
Q16696,535,0.007
Q15003,535,0.007
Q9NXL2,535,0.007
Q7L1I2,535,0.007
Q9ULH1,534,0.007
Q6NZY4,534,0.007
O15389,534,0.007
P16452,534,0.007
Q147U1,534,0.007
Q86VP3,534,0.007
Q9C0H2,534,0.007
Q9P2N2,534,0.007
Q9BTN0,534,0.007
Q9BZW7,533,0.007
Q9NW38,533,0.007
P78329,533,0.007
P48165,533,0.007
Q8TAU3,533,0.007
P10074,533,0.007
Q96CT2,533,0.007
Q9UJC3,533,0.007
Q9BYT8,533,0.007
Q9Y6N8,533,0.007
Q29RF7,532,0.007
Q9UIU6,532,0.007
Q6P995,532,0.007
Q12797,532,0.007
Q6P3S1,532,0.007
Q15029,532,0.007
O60656,532,0.007
A6NF34,532,0.007
Q9H8H0,532,0.007
P60372,532,0.007
Q02386,532,0.007
Q9H9F9,532,0.007
Q5TCH4,532,0.007
Q6ZMH5,531,0.007
Q96PX8,531,0.007
Q15262,531,0.007
Q9UBS0,531,0.007
Q9NXD2,531,0.007
P14735,531,0.007
O95834,531,0.007
Q12884,531,0.007
P27487,531,0.007
Q8N344,531,0.007
Q9NQX1,531,0.007
Q9Y5L3,531,0.007
Q9UBN4,531,0.007
Q17RB8,530,0.007
P42226,530,0.007
O95757,530,0.007
P17017,530,0.007
P10275,530,0.007
P51170,530,0.007
O75676,530,0.007
P49279,530,0.007
Q6UXF1,530,0.007
Q5VZB9,530,0.007
Q9ULW0,530,0.007
O00410,530,0.007
Q6ZR37,530,0.007
Q9NVM4,530,0.007
P78333,530,0.007
Q9NY91,529,0.0069
Q86XR8,529,0.0069
Q96PJ5,529,0.0069
Q6UUV7,529,0.0069
P00748,529,0.0069
Q9Y4W6,529,0.0069
Q9Y2Q1,529,0.0069
Q6XQN6,529,0.0069
Q99572,529,0.0069
Q9BUR4,529,0.0069
Q8NCL9,529,0.0069
Q6NXP0,529,0.0069
Q9P286,529,0.0069
Q9HDC5,528,0.0069
P07384,528,0.0069
Q9UL16,528,0.0069
Q9H1C4,528,0.0069
O75072,528,0.0069
P35789,528,0.0069
Q4FZB7,528,0.0069
O75030,528,0.0069
Q15276,528,0.0069
Q99661,528,0.0069
Q9UPU9,528,0.0069
Q9H0D6,528,0.0069
P22492,528,0.0069
Q9NRM0,528,0.0069
Q7L7V1,528,0.0069
Q8N7R1,528,0.0069
Q8IVH2,527,0.0069
Q9NPR9,527,0.0069
Q68DY1,527,0.0069
Q6ZN84,527,0.0069
Q03431,527,0.0069
Q9Y2A7,527,0.0069
Q9Y678,527,0.0069
Q9H4A4,527,0.0069
Q9Y5Y0,527,0.0069
Q99467,527,0.0069
Q9H8W5,527,0.0069
Q14562,526,0.0069
Q6ZWL3,526,0.0069
Q01638,526,0.0069
P30989,526,0.0069
P36269,526,0.0069
O75881,526,0.0069
O43292,526,0.0069
Q9NY28,526,0.0069
Q92764,525,0.0069
Q9UL58,525,0.0069
Q96EA4,525,0.0069
P16662,525,0.0069
Q96I34,525,0.0069
Q2VY69,525,0.0069
P24903,525,0.0069
Q8N4P2,525,0.0069
Q5T160,524,0.0069
O60496,524,0.0069
Q07001,524,0.0069
P57058,524,0.0069
Q92968,524,0.0069
Q86YE8,524,0.0069
Q5VWQ0,524,0.0069
Q6ZMB5,524,0.0069
P48378,524,0.0069
Q9UQQ2,524,0.0069
O75593,524,0.0069
P14784,524,0.0069
Q13464,524,0.0069
Q14149,524,0.0069
P30531,524,0.0069
Q92542,523,0.0069
Q9BZA7,523,0.0069
P18887,523,0.0069
O94844,523,0.0069
Q99640,523,0.0069
O14975,523,0.0069
P27448,523,0.0069
Q9Y253,523,0.0069
Q9UKY1,523,0.0069
Q99593,523,0.0069
Q13002,523,0.0069
Q8NEP9,523,0.0069
Q9H165,523,0.0069
P52952,522,0.0069
O60603,522,0.0069
Q9BY15,522,0.0069
Q96NL3,522,0.0069
Q53ET0,522,0.0069
O95294,522,0.0069
Q12830,522,0.0069
Q9H6R0,522,0.0069
A2RU67,522,0.0069
Q9BQI3,522,0.0069
P13521,522,0.0069
Q14588,522,0.0069
P19013,522,0.0069
Q9BSJ5,522,0.0069
O76011,522,0.0069
Q6ZMT4,521,0.0068
A6NGD5,521,0.0068
Q02108,521,0.0068
Q92911,521,0.0068
Q8N0X7,521,0.0068
O75152,521,0.0068
Q8IWA0,521,0.0068
Q8IV61,521,0.0068
Q2Q1W2,521,0.0068
P43630,521,0.0068
Q6ZMS7,521,0.0068
Q5JTD0,521,0.0068
Q9NWB1,521,0.0068
P40967,521,0.0068
Q49MG5,521,0.0068
Q86WB7,520,0.0068
P15391,520,0.0068
P05186,520,0.0068
Q9NRL3,520,0.0068
Q8WZA9,520,0.0068
P98171,520,0.0068
Q8IWQ3,520,0.0068
P04217,520,0.0068
Q9UGQ3,520,0.0068
Q8NEM7,520,0.0068
P15498,520,0.0068
Q9NY47,520,0.0068
Q969M2,520,0.0068
P54136,519,0.0068
Q15198,519,0.0068
O95263,519,0.0068
Q9H3Y6,519,0.0068
Q8NG66,519,0.0068
O95522,519,0.0068
Q9NZ20,519,0.0068
P51654,519,0.0068
O43159,519,0.0068
Q71RC2,519,0.0068
P48200,519,0.0068
Q96CW5,519,0.0068
Q9Y5B6,519,0.0068
A4GXA9,519,0.0068
O60941,519,0.0068
Q96JM7,519,0.0068
Q9HAT2,518,0.0068
Q96NY9,518,0.0068
Q9Y2P4,518,0.0068
Q9BRH9,518,0.0068
Q04695,518,0.0068
Q14671,518,0.0068
Q16665,518,0.0068
Q8N6R0,518,0.0068
Q9ULF5,518,0.0068
A6NHN6,518,0.0068
Q5VWK5,518,0.0068
Q6P1W5,518,0.0068
Q9UID3,517,0.0068
Q9H8V3,517,0.0068
P35520,517,0.0068
Q9BZL6,517,0.0068
Q9NP74,517,0.0068
Q6UWB4,517,0.0068
Q16134,517,0.0068
Q96PQ6,517,0.0068
Q9HBX9,517,0.0068
Q8IWZ8,517,0.0068
Q96JB2,517,0.0068
P18054,517,0.0068
P08236,517,0.0068
A6NK53,517,0.0068
Q8NDX2,516,0.0068
A8MX76,516,0.0068
Q5T124,516,0.0068
B4DXR9,516,0.0068
Q9BSA4,516,0.0068
Q86SX3,516,0.0068
Q6UWV6,516,0.0068
Q4G0J3,516,0.0068
Q86TV6,515,0.0068
Q8NEB9,515,0.0068
Q86Y07,515,0.0068
Q9P1V8,515,0.0068
Q9BT81,515,0.0068
Q6Y2X3,515,0.0068
P32942,515,0.0068
P26374,515,0.0068
P42898,515,0.0068
Q9NPI1,515,0.0068
Q68D10,515,0.0068
Q6PF15,515,0.0068
P04798,514,0.0068
P13591,514,0.0068
Q05193,514,0.0068
P28908,514,0.0068
Q96MH7,514,0.0068
Q8NFT6,514,0.0068
Q01201,514,0.0068
P36507,514,0.0068
Q8NGK5,514,0.0068
O43155,514,0.0068
O43312,514,0.0068
Q8N1M1,514,0.0068
Q6ZN04,514,0.0068
Q05209,514,0.0068
Q96FL8,514,0.0068
Q13523,514,0.0068
Q8IVB4,514,0.0068
Q9NSC7,513,0.0067
Q9UHP3,513,0.0067
Q16513,513,0.0067
Q9P1Z2,513,0.0067
Q9HAW9,513,0.0067
P0DTE5,513,0.0067
O43516,513,0.0067
Q9Y215,513,0.0067
Q9NPH5,513,0.0067
Q9P2H3,513,0.0067
Q8TDF6,513,0.0067
Q7Z417,513,0.0067
Q9Y6I3,513,0.0067
Q9UHL9,513,0.0067
P85037,512,0.0067
Q9Y2C9,512,0.0067
Q9NW15,512,0.0067
Q9BW19,512,0.0067
Q5TEJ8,512,0.0067
Q2M2I5,512,0.0067
Q75VX8,512,0.0067
Q96PX6,512,0.0067
Q5SVQ8,512,0.0067
Q6UY18,512,0.0067
O15354,512,0.0067
Q99958,512,0.0067
Q9UNK9,512,0.0067
O75771,511,0.0067
Q8NE62,511,0.0067
O75582,511,0.0067
Q9UM82,511,0.0067
Q14684,511,0.0067
Q8N5V2,511,0.0067
Q86T82,511,0.0067
Q6PI73,511,0.0067
P49754,511,0.0067
Q9H1V8,511,0.0067
P0DQW0,511,0.0067
Q96K58,511,0.0067
P50607,511,0.0067
Q9UHD2,511,0.0067
Q9UQF2,511,0.0067
Q8N3A8,511,0.0067
Q1X8D7,510,0.0067
Q58A45,510,0.0067
Q9ULG6,510,0.0067
Q9NY99,510,0.0067
Q9NRB3,510,0.0067
Q9NWS1,510,0.0067
Q969R5,510,0.0067
Q8IZ21,510,0.0067
Q9Y463,510,0.0067
Q9Y2P7,510,0.0067
B2RN74,510,0.0067
Q15345,510,0.0067
Q9Y5K6,510,0.0067
P11802,510,0.0067
Q8ND24,510,0.0067
Q96KR1,510,0.0067
Q8NB78,509,0.0067
O95800,509,0.0067
Q9P2Y4,509,0.0067
Q96P70,509,0.0067
P33176,509,0.0067
P42261,509,0.0067
Q8NH04,509,0.0067
Q16659,509,0.0067
Q86WS4,509,0.0067
Q96BV0,508,0.0067
O75820,508,0.0067
Q96S53,508,0.0067
Q8TE54,508,0.0067
Q8TB69,508,0.0067
O60882,508,0.0067
Q9NV70,508,0.0067
Q92935,508,0.0067
Q8TAA9,508,0.0067
Q5SSG8,508,0.0067
Q13214,508,0.0067
Q8NFR7,508,0.0067
Q96JC4,508,0.0067
Q9BYG8,507,0.0067
Q9Y5P8,507,0.0067
Q499Z4,507,0.0067
Q9H2K8,507,0.0067
O60763,507,0.0067
Q8TB52,507,0.0067
P48546,507,0.0067
Q53GS7,507,0.0067
Q5VUD6,507,0.0067
Q6UVM3,507,0.0067
Q16518,507,0.0067
P13646,507,0.0067
Q8IWZ6,507,0.0067
O43815,507,0.0067
Q6ZW49,506,0.0066
Q96T25,506,0.0066
A4D1P6,506,0.0066
P0C221,506,0.0066
Q6PF04,506,0.0066
Q8NA03,506,0.0066
Q96N66,506,0.0066
Q9Y2H8,506,0.0066
Q96AY3,506,0.0066
Q8IYN0,506,0.0066
Q9NQ40,506,0.0066
Q96PY5,506,0.0066
Q9H6L5,505,0.0066
Q7L4E1,505,0.0066
Q99972,505,0.0066
Q6UWB1,505,0.0066
P22033,505,0.0066
O95967,505,0.0066
O43524,505,0.0066
Q14123,505,0.0066
O75751,505,0.0066
Q13033,505,0.0066
Q96S94,505,0.0066
Q9GZU1,505,0.0066
Q9H0E7,505,0.0066
Q5JRC9,505,0.0066
A8MUX0,505,0.0066
P59044,505,0.0066
O94819,505,0.0066
Q6PI26,504,0.0066
P30305,504,0.0066
Q684P5,504,0.0066
Q02833,504,0.0066
Q9GZS0,504,0.0066
Q9NV58,504,0.0066
Q9H4Z3,504,0.0066
Q6P9F0,504,0.0066
Q86Y34,504,0.0066
A6NDN3,504,0.0066
Q9HAH1,504,0.0066
Q92611,504,0.0066
Q96AA3,504,0.0066
Q9H5Z1,504,0.0066
Q6UY09,503,0.0066
Q7Z695,503,0.0066
Q92681,503,0.0066
Q9ULV1,503,0.0066
Q5QJE6,503,0.0066
Q9NVV4,503,0.0066
Q13057,503,0.0066
Q5JNZ3,503,0.0066
O76014,503,0.0066
P55286,503,0.0066
Q96C11,503,0.0066
Q16322,503,0.0066
Q495M9,503,0.0066
P05160,503,0.0066
Q86WR7,503,0.0066
P54198,503,0.0066
Q00587,503,0.0066
O43281,503,0.0066
Q96PK6,502,0.0066
P60371,502,0.0066
Q14435,502,0.0066
Q9UHJ3,502,0.0066
Q6UXG8,502,0.0066
Q92523,502,0.0066
P14136,502,0.0066
Q9UHJ6,502,0.0066
P17655,502,0.0066
Q9Y252,502,0.0066
P31152,502,0.0066
Q8IWX8,502,0.0066
P35346,502,0.0066
Q96CK0,502,0.0066
Q9ULC5,501,0.0066
Q16820,501,0.0066
Q96ID5,501,0.0066
Q9UM01,501,0.0066
O75077,501,0.0066
P50281,501,0.0066
O95239,501,0.0066
O15164,501,0.0066
Q3KP44,501,0.0066
A6NI47,501,0.0066
Q68CQ4,501,0.0066
Q96JF0,501,0.0066
Q12901,501,0.0066
O95373,501,0.0066
Q13183,500,0.0066
Q96BZ4,500,0.0066
Q3SY00,500,0.0066
Q5SXM1,500,0.0066
Q14241,500,0.0066
Q6ZTN6,500,0.0066
Q9NVC6,500,0.0066
Q14746,500,0.0066
O43707,500,0.0066
P31513,500,0.0066
P33121,500,0.0066
P04844,500,0.0066
P31391,500,0.0066
Q96JE9,499,0.0066
Q86VP6,499,0.0066
Q7Z434,499,0.0066
Q8N145,499,0.0066
Q9HAS3,499,0.0066
Q4G163,499,0.0066
P0C7Q5,499,0.0066
Q2M329,499,0.0066
Q96MM6,499,0.0066
Q86WT1,499,0.0066
A6NGB9,499,0.0066
Q8TBC5,499,0.0066
Q969S8,499,0.0066
Q9BUG6,499,0.0066
P13645,498,0.0065
Q8WTQ7,498,0.0065
O00170,498,0.0065
Q92731,498,0.0065
Q9UEW3,498,0.0065
P32239,498,0.0065
Q969G3,498,0.0065
O60645,498,0.0065
Q5W0V3,498,0.0065
Q7L2R6,498,0.0065
Q86WK7,498,0.0065
Q8TD17,498,0.0065
Q8IWA6,498,0.0065
Q8NEM2,497,0.0065
Q6UWM9,497,0.0065
Q5FYB1,497,0.0065
P27540,497,0.0065
Q96D53,497,0.0065
P48436,497,0.0065
Q86U06,497,0.0065
Q6ZSG2,497,0.0065
Q6V0L0,497,0.0065
P18433,497,0.0065
P20813,497,0.0065
Q8NDQ6,497,0.0065
Q9Y6S9,497,0.0065
Q9NR19,497,0.0065
Q9Y450,497,0.0065
P47901,496,0.0065
Q5HYW2,496,0.0065
Q3SY69,496,0.0065
A6NHJ4,496,0.0065
Q8WTR4,496,0.0065
Q96BA8,496,0.0065
P57764,496,0.0065
O15516,496,0.0065
Q2L4Q9,496,0.0065
P49748,496,0.0065
O60809,496,0.0065
P53618,496,0.0065
Q00613,496,0.0065
Q8TCU3,496,0.0065
Q14515,496,0.0065
Q6ZN08,495,0.0065
Q9UHB6,495,0.0065
Q86XP3,495,0.0065
Q9UBD5,495,0.0065
P22309,495,0.0065
Q8N187,495,0.0065
Q9Y3Q0,495,0.0065
Q5VTY9,495,0.0065
P05155,494,0.0065
P41182,494,0.0065
O95447,494,0.0065
Q8IV32,494,0.0065
Q9BX97,494,0.0065
Q96ST2,494,0.0065
O43310,494,0.0065
Q15256,494,0.0065
Q8TE67,494,0.0065
Q9P244,494,0.0065
Q9HAW7,494,0.0065
Q9C0J1,494,0.0065
Q92598,494,0.0065
O76021,494,0.0065
O95977,494,0.0065
O75326,494,0.0065
O95905,493,0.0065
Q9Y616,493,0.0065
Q96FL9,493,0.0065
P08729,493,0.0065
Q9Y6N9,493,0.0065
Q96M20,493,0.0065
P06858,493,0.0065
Q9P2J8,493,0.0065
A6NKL6,493,0.0065
P25067,493,0.0065
Q9UJY4,493,0.0065
Q86TH1,493,0.0065
Q5TGP6,493,0.0065
P35557,493,0.0065
O15213,492,0.0065
Q96C92,492,0.0065
Q6S5L8,492,0.0065
Q8N4S9,492,0.0065
Q9NVH0,492,0.0065
O00220,492,0.0065
Q8IYR0,492,0.0065
Q8IY34,492,0.0065
O75078,492,0.0065
O75387,492,0.0065
P50406,492,0.0065
P04279,492,0.0065
Q969Z0,492,0.0065
Q15059,492,0.0065
P20794,491,0.0065
Q99583,491,0.0065
Q8TD23,491,0.0065
O60664,491,0.0065
Q9NXZ1,491,0.0065
P14210,491,0.0065
A6NH21,491,0.0065
Q9NUB1,491,0.0065
Q86VF2,491,0.0065
Q01959,491,0.0065
Q8NA47,491,0.0065
Q15654,491,0.0065
Q14CX5,491,0.0065
O15228,491,0.0065
Q9UBY0,491,0.0065
Q6WRX3,490,0.0064
Q7Z4K8,490,0.0064
Q0IIM8,490,0.0064
P98187,490,0.0064
Q86TJ5,490,0.0064
P15311,490,0.0064
Q658Y4,490,0.0064
P59817,490,0.0064
Q86XU0,490,0.0064
Q7KYR7,490,0.0064
Q96IC2,490,0.0064
Q16610,490,0.0064
Q9NZB8,490,0.0064
O76013,490,0.0064
Q96A99,490,0.0064
Q13435,490,0.0064
Q96JB8,490,0.0064
Q5JU67,490,0.0064
A6NNL0,490,0.0064
Q8NHV4,490,0.0064
Q9HCJ3,490,0.0064
Q9BUB4,489,0.0064
Q9H0V1,489,0.0064
P0DKX0,489,0.0064
O94868,489,0.0064
Q8NHS4,489,0.0064
P07686,489,0.0064
O60563,489,0.0064
O75023,489,0.0064
Q8NE71,489,0.0064
Q8IVF1,489,0.0064
P36955,489,0.0064
Q16891,489,0.0064
Q96EG3,488,0.0064
Q92804,488,0.0064
Q9H720,488,0.0064
Q4VCS5,488,0.0064
O00237,488,0.0064
P42285,488,0.0064
Q9HCX3,488,0.0064
P78414,488,0.0064
O75191,488,0.0064
Q96N11,488,0.0064
Q14161,488,0.0064
Q9UPR0,488,0.0064
A1A5C7,487,0.0064
Q86UP8,487,0.0064
Q8N883,487,0.0064
P29074,487,0.0064
O94769,487,0.0064
Q9H4B4,487,0.0064
P18428,487,0.0064
O43556,487,0.0064
P17019,487,0.0064
P56975,487,0.0064
P78395,486,0.0064
P18089,486,0.0064
Q9NRJ5,486,0.0064
A6NK75,486,0.0064
Q8NDA8,486,0.0064
O00499,486,0.0064
Q6A162,486,0.0064
P46098,486,0.0064
Q96JB3,486,0.0064
Q7Z388,486,0.0064
Q96LD4,485,0.0064
Q8NGF9,485,0.0064
Q96RP9,485,0.0064
Q02509,485,0.0064
Q6P1L6,485,0.0064
P40939,485,0.0064
Q8NBJ5,485,0.0064
A8MT70,485,0.0064
Q96CV9,485,0.0064
P02533,485,0.0064
Q6DN72,485,0.0064
P28039,485,0.0064
O15375,485,0.0064
P28300,485,0.0064
O94830,485,0.0064
Q02447,485,0.0064
Q6U841,485,0.0064
Q8J025,485,0.0064
P54855,485,0.0064
Q96LA5,485,0.0064
Q14563,485,0.0064
Q15238,485,0.0064
P42658,485,0.0064
A8MXV4,485,0.0064
Q15349,484,0.0064
Q9Y5Q8,484,0.0064
Q9HAY6,484,0.0064
Q9GZN7,484,0.0064
Q8IYB8,484,0.0064
O75509,484,0.0064
Q8WYQ5,483,0.0063
Q9P2Y5,483,0.0063
Q8IV77,483,0.0063
Q8IWA4,483,0.0063
Q9H6T3,483,0.0063
Q9BY84,483,0.0063
O60285,483,0.0063
Q8WWQ2,483,0.0063
Q6NUI6,483,0.0063
Q6GPH6,483,0.0063
P51116,483,0.0063
P55060,483,0.0063
Q6KB66,483,0.0063
Q17R89,483,0.0063
P17181,482,0.0063
Q9BST9,482,0.0063
Q8IZC4,482,0.0063
O00478,482,0.0063
O76083,482,0.0063
Q9NRR2,482,0.0063
A2RTY3,482,0.0063
Q7Z7B1,482,0.0063
Q96EK2,482,0.0063
Q8NBP0,482,0.0063
Q8IZF4,482,0.0063
Q14451,482,0.0063
O00515,482,0.0063
Q15061,482,0.0063
Q5VWI1,482,0.0063
Q9P2B4,481,0.0063
P07510,481,0.0063
Q8N4M1,481,0.0063
Q6UXT9,481,0.0063
O00189,481,0.0063
Q02643,481,0.0063
Q8TDS5,481,0.0063
Q6UWW8,481,0.0063
Q8IXR5,481,0.0063
Q96QV1,480,0.0063
Q16671,480,0.0063
Q5TEC3,480,0.0063
Q6IQ21,480,0.0063
O94782,480,0.0063
Q9HBF4,480,0.0063
Q9NQ55,480,0.0063
Q86VP1,480,0.0063
P15260,480,0.0063
Q9Y2D4,480,0.0063
Q9NZ53,480,0.0063
O14936,480,0.0063
Q6PJT7,480,0.0063
Q9Y6X2,480,0.0063
Q16236,480,0.0063
O76074,480,0.0063
Q99941,480,0.0063
P49418,479,0.0063
Q9NTN9,479,0.0063
P55058,479,0.0063
P54886,479,0.0063
P49326,479,0.0063
P10515,479,0.0063
P78562,479,0.0063
Q9Y5X4,479,0.0063
Q53H47,479,0.0063
Q2Y0W8,479,0.0063
Q96HC4,478,0.0063
P57081,478,0.0063
P32455,478,0.0063
P12814,478,0.0063
P42892,478,0.0063
Q9NR61,478,0.0063
Q96RN5,478,0.0063
Q8IYK2,478,0.0063
Q49AM3,478,0.0063
Q9NSD7,478,0.0063
Q9Y572,478,0.0063
O15062,478,0.0063
Q96CU9,478,0.0063
P49640,477,0.0063
Q9NRZ9,477,0.0063
Q9BXS0,477,0.0063
Q96NN9,477,0.0063
Q86V42,477,0.0063
P35269,477,0.0063
Q99502,477,0.0063
Q7Z699,477,0.0063
Q8WXI4,477,0.0063
Q9NPJ1,477,0.0063
Q5T4B2,477,0.0063
Q13387,477,0.0063
Q9NYP3,477,0.0063
P68431,477,0.0063
Q96BI1,477,0.0063
Q96HR8,477,0.0063
Q9UKN8,476,0.0063
P34913,476,0.0063
Q86UZ6,476,0.0063
O15528,476,0.0063
Q8NB16,476,0.0063
Q9UN79,476,0.0063
Q01113,476,0.0063
Q9UPW6,476,0.0063
Q495W5,476,0.0063
Q9H4H8,476,0.0063
O43194,476,0.0063
Q8NAT2,476,0.0063
Q8IUW3,476,0.0063
Q9BTX1,476,0.0063
Q9Y6W3,476,0.0063
P11230,476,0.0063
P43628,476,0.0063
A6NC57,476,0.0063
P12955,476,0.0063
Q9BRR9,476,0.0063
P07900,475,0.0062
Q8N4P6,475,0.0062
Q8N608,475,0.0062
Q8N8Z8,475,0.0062
Q8WZ60,475,0.0062
Q9NUN5,475,0.0062
P35504,475,0.0062
Q96MP5,475,0.0062
Q92831,475,0.0062
Q9BUJ2,475,0.0062
Q9GZV3,475,0.0062
Q05586,475,0.0062
Q7LDG7,475,0.0062
Q6ZMI3,475,0.0062
P12757,475,0.0062
P43005,475,0.0062
Q08AH1,474,0.0062
A6NDK9,474,0.0062
Q96PY6,474,0.0062
Q9NWS9,474,0.0062
Q8N568,474,0.0062
Q8TE96,474,0.0062
Q15650,474,0.0062
Q9HCD5,474,0.0062
Q7RTX7,474,0.0062
Q8WXI3,474,0.0062
Q6PJ61,474,0.0062
Q9UJ78,474,0.0062
O43280,474,0.0062
Q9UEG4,474,0.0062
A0A3B3IS91,473,0.0062
Q969K4,473,0.0062
Q969S2,473,0.0062
Q8N587,473,0.0062
Q7Z5V6,473,0.0062
Q8NFR9,473,0.0062
Q6NT55,473,0.0062
Q969F2,473,0.0062
Q14525,473,0.0062
P42229,473,0.0062
Q9Y2G2,473,0.0062
Q06124,473,0.0062
P17787,473,0.0062
Q9UGI9,473,0.0062
Q9Y5J1,473,0.0062
Q08357,473,0.0062
P98182,473,0.0062
Q96IT1,472,0.0062
Q6UVY6,472,0.0062
Q6UXH8,472,0.0062
O00592,472,0.0062
Q9UIG8,472,0.0062
Q9UP65,472,0.0062
Q9H967,472,0.0062
Q9BRS2,472,0.0062
P58743,472,0.0062
P13866,472,0.0062
Q9BW92,472,0.0062
P54577,471,0.0062
Q8NA70,471,0.0062
Q96KS0,471,0.0062
Q8NCS7,471,0.0062
Q15323,471,0.0062
Q9GZS9,471,0.0062
Q9H306,471,0.0062
Q9UGP8,471,0.0062
P30533,471,0.0062
Q9UPZ9,471,0.0062
Q9BRP7,471,0.0062
Q9NV66,471,0.0062
Q9NUL7,471,0.0062
P02787,471,0.0062
Q9UJP4,471,0.0062
Q99523,471,0.0062
Q9P2T0,471,0.0062
Q8TAW3,470,0.0062
O60779,470,0.0062
Q8WWT9,470,0.0062
Q7Z572,470,0.0062
O75469,470,0.0062
Q6ZT98,470,0.0062
Q8NCW6,470,0.0062
P09603,470,0.0062
P40337,470,0.0062
Q86Y22,470,0.0062
Q6NUM6,470,0.0062
Q7L985,470,0.0062
Q96ES6,470,0.0062
O75526,470,0.0062
Q15569,470,0.0062
Q9BYV6,470,0.0062
O94810,470,0.0062
P60409,470,0.0062
Q96AY2,469,0.0062
Q08881,469,0.0062
Q5W0A0,469,0.0062
Q6ZMJ2,469,0.0062
Q00973,469,0.0062
A6NFX1,469,0.0062
Q9BX82,469,0.0062
Q9H0L4,469,0.0062
Q96L34,469,0.0062
Q03924,469,0.0062
Q9Y653,469,0.0062
O60353,469,0.0062
Q9BZW2,469,0.0062
Q6PK81,468,0.0061
Q7L5Y6,468,0.0061
C9JQI7,468,0.0061
Q68CJ9,468,0.0061
Q04724,468,0.0061
Q709F0,468,0.0061
Q14258,468,0.0061
Q9NYJ8,468,0.0061
P31260,468,0.0061
Q9Y6J9,468,0.0061
Q9NNW7,468,0.0061
Q13427,468,0.0061
A7MCY6,468,0.0061
P0CAP1,468,0.0061
P27986,468,0.0061
P18627,468,0.0061
Q6NSI3,468,0.0061
Q8N7M2,468,0.0061
Q96LU7,467,0.0061
Q9HBW1,467,0.0061
Q9BUY5,467,0.0061
P09923,467,0.0061
Q7Z4Q2,467,0.0061
Q9NQZ7,467,0.0061
Q99798,467,0.0061
Q96MW5,467,0.0061
Q6ZSY5,467,0.0061
O75908,467,0.0061
Q3ZCT8,467,0.0061
Q9H239,467,0.0061
Q8NA69,467,0.0061
Q8N831,467,0.0061
Q14680,466,0.0061
Q9NRK6,466,0.0061
Q08AE8,466,0.0061
Q9H553,466,0.0061
Q9NYG8,466,0.0061
Q9UHI5,466,0.0061
Q96RP7,466,0.0061
Q9BY10,466,0.0061
Q9NX61,466,0.0061
Q96S66,466,0.0061
P35612,466,0.0061
Q9Y2E6,466,0.0061
Q13330,466,0.0061
P55201,465,0.0061
Q8NE01,465,0.0061
Q07065,465,0.0061
A6NDI0,465,0.0061
Q6IF00,465,0.0061
Q13487,465,0.0061
Q96RK4,465,0.0061
Q9UPI3,465,0.0061
Q14444,465,0.0061
Q8WYA1,465,0.0061
Q9HB29,465,0.0061
Q2M3V2,465,0.0061
Q8NCA5,464,0.0061
Q8IY22,464,0.0061
Q96LW4,464,0.0061
A6NK89,464,0.0061
Q07002,464,0.0061
Q9HCS4,464,0.0061
B2RXH2,464,0.0061
Q9UBT7,464,0.0061
Q86V20,464,0.0061
Q03936,464,0.0061
P48058,464,0.0061
Q9NYZ4,464,0.0061
Q8WTU2,464,0.0061
P00750,464,0.0061
Q86TB9,464,0.0061
O75907,464,0.0061
Q9NVR2,464,0.0061
O95267,464,0.0061
Q9H788,464,0.0061
P35251,463,0.0061
Q9H1J1,463,0.0061
P13798,463,0.0061
Q9NQ76,463,0.0061
Q8N3Y1,463,0.0061
Q14774,463,0.0061
Q8NHQ1,463,0.0061
Q5VUY2,463,0.0061
Q96KA5,463,0.0061
Q9ULD0,463,0.0061
P48551,463,0.0061
Q8NBK3,463,0.0061
Q8NHP8,463,0.0061
Q9BRG2,463,0.0061
Q8NI27,463,0.0061
P0C881,463,0.0061
Q8N4H0,463,0.0061
P81274,463,0.0061
P78344,462,0.0061
O00567,462,0.0061
Q9BQS2,462,0.0061
P37198,462,0.0061
O94906,462,0.0061
Q96RR4,462,0.0061
Q32M78,462,0.0061
O14979,462,0.0061
Q9H4L7,462,0.0061
Q9Y2K7,462,0.0061
P08100,462,0.0061
Q9HCI5,462,0.0061
P15848,462,0.0061
O43781,462,0.0061
P43403,462,0.0061
Q9NQT6,462,0.0061
P50548,462,0.0061
P52272,462,0.0061
Q64LD2,462,0.0061
Q9BSJ1,461,0.0061
A0AV96,461,0.0061
Q9H8M2,461,0.0061
Q5GH73,461,0.0061
Q9UQ72,461,0.0061
Q8IYU4,461,0.0061
Q9ULJ8,461,0.0061
O00311,461,0.0061
Q9UPW0,461,0.0061
P40197,461,0.0061
O00408,461,0.0061
Q9UJV9,461,0.0061
Q8TCC7,461,0.0061
Q6PDB4,461,0.0061
Q68D86,461,0.0061
Q96T88,460,0.006
Q96DF8,460,0.006
Q9BYH8,460,0.006
Q8N370,460,0.006
Q8IUZ0,460,0.006
Q9BSI4,460,0.006
P26232,460,0.006
P17032,460,0.006
Q9BTC8,460,0.006
P14317,460,0.006
Q99541,460,0.006
Q567U6,460,0.006
Q15034,460,0.006
Q9Y6Q3,459,0.006
Q7Z6P3,459,0.006
Q5TA45,459,0.006
Q96BT3,459,0.006
A6NFQ2,459,0.006
Q9NP92,459,0.006
Q96JX3,459,0.006
Q86WA8,459,0.006
Q7Z6L0,459,0.006
Q8TF47,459,0.006
Q8N8V2,459,0.006
Q08AI8,459,0.006
Q13316,459,0.006
Q9Y289,459,0.006
Q6S545,458,0.006
Q5GH72,458,0.006
Q86T13,458,0.006
P55285,458,0.006
P01619,458,0.006
Q99518,458,0.006
P40126,458,0.006
Q9Y3I1,458,0.006
Q6P9H4,458,0.006
Q9H3W5,458,0.006
Q9C0E2,458,0.006
Q8TC20,458,0.006
P0CW18,457,0.006
O95208,457,0.006
Q02556,457,0.006
Q6IE81,457,0.006
A6NP11,457,0.006
Q8NA72,457,0.006
Q9NVE7,457,0.006
Q9H930,457,0.006
Q9UPN9,457,0.006
Q13950,457,0.006
Q86XT4,457,0.006
Q9H2J7,457,0.006
Q9UBY8,457,0.006
Q86YW0,457,0.006
Q9H511,457,0.006
P08887,456,0.006
P22680,456,0.006
Q8IZD4,456,0.006
Q03721,456,0.006
B2RU33,456,0.006
P19634,456,0.006
Q05655,456,0.006
Q9NQ32,456,0.006
Q13424,456,0.006
Q86UD4,456,0.006
Q13507,456,0.006
Q8N9V6,456,0.006
Q96PE6,455,0.006
Q9NPC1,455,0.006
O15533,455,0.006
P53671,455,0.006
Q14832,455,0.006
P53667,455,0.006
P04150,455,0.006
P30203,455,0.006
Q13474,455,0.006
O60931,455,0.006
Q96C34,455,0.006
A6NIR3,455,0.006
Q6QHF9,455,0.006
Q14699,455,0.006
Q9BWX5,455,0.006
P03956,454,0.006
Q13835,454,0.006
O14545,454,0.006
Q9H3Z7,454,0.006
Q4U2R8,454,0.006
P51522,454,0.006
Q12908,454,0.006
Q6ZUT3,454,0.006
Q96N16,454,0.006
Q9Y222,454,0.006
Q96EG1,454,0.006
Q92503,454,0.006
Q8IZ73,454,0.006
Q86XN8,454,0.006
Q8WWF5,454,0.006
Q99542,453,0.006
P14651,453,0.006
Q8WWZ8,453,0.006
Q9NWL6,453,0.006
Q7L9B9,453,0.006
Q6ZN66,453,0.006
A6NIV6,453,0.006
Q8IV76,453,0.006
P35613,453,0.006
P56270,453,0.006
Q9NQB0,453,0.006
Q8IYM2,453,0.006
O00541,452,0.0059
Q969X6,452,0.0059
O75604,452,0.0059
Q5HYK9,452,0.0059
P20393,452,0.0059
Q4KMZ1,452,0.0059
Q14247,452,0.0059
Q9NV88,452,0.0059
O00566,452,0.0059
Q71H61,452,0.0059
P14625,452,0.0059
Q9UJJ9,452,0.0059
Q8N695,452,0.0059
Q96AG3,452,0.0059
P0DTE4,452,0.0059
Q96JT2,452,0.0059
Q9HB63,452,0.0059
Q8IYX0,452,0.0059
O00144,451,0.0059
Q86VQ1,451,0.0059
Q3MIX3,451,0.0059
Q9H310,451,0.0059
Q9P2B7,451,0.0059
Q8IYS0,451,0.0059
O95361,451,0.0059
P54257,451,0.0059
Q9UKG1,451,0.0059
Q3MIP1,451,0.0059
Q13360,451,0.0059
P08240,451,0.0059
Q14CZ7,451,0.0059
Q9HCP6,450,0.0059
Q03989,450,0.0059
Q9NST1,450,0.0059
Q96T92,450,0.0059
Q8NEM8,450,0.0059
Q9NY64,450,0.0059
Q9ULX5,450,0.0059
O15405,450,0.0059
P35348,450,0.0059
Q2MV58,450,0.0059
Q9BVK2,450,0.0059
Q8N3R9,450,0.0059
P16471,450,0.0059
Q8WUS8,450,0.0059
Q9NPQ8,450,0.0059
Q4G0Z9,450,0.0059
Q96FT7,450,0.0059
O00257,450,0.0059
P19012,450,0.0059
Q96GC6,449,0.0059
Q15027,449,0.0059
Q12979,449,0.0059
P56182,449,0.0059
Q6S9Z5,449,0.0059
P35711,449,0.0059
O43365,449,0.0059
Q9Y2Z2,449,0.0059
Q9UHG3,449,0.0059
Q8IZJ4,449,0.0059
Q9BQG1,449,0.0059
O15409,449,0.0059
Q6ZNC8,449,0.0059
P00973,449,0.0059
P0C7U3,449,0.0059
Q09019,448,0.0059
Q8N5I2,448,0.0059
C9JL84,448,0.0059
Q6ZNA5,448,0.0059
Q9UP38,448,0.0059
Q96PB1,448,0.0059
Q7Z6G3,448,0.0059
Q8NE35,448,0.0059
Q16586,448,0.0059
Q9UK17,448,0.0059
Q9UJY5,448,0.0059
O15393,448,0.0059
Q8IYU2,448,0.0059
Q8TB61,448,0.0059
P57073,448,0.0059
P51692,448,0.0059
Q9UMR3,448,0.0059
Q2M3W8,448,0.0059
Q5CZA5,448,0.0059
Q96EY1,447,0.0059
O75131,447,0.0059
Q8N392,447,0.0059
P10075,447,0.0059
P43004,447,0.0059
Q5GH76,447,0.0059
Q8N490,447,0.0059
O95671,447,0.0059
Q8NAA4,447,0.0059
Q16581,447,0.0059
O15111,447,0.0059
Q96RQ9,447,0.0059
Q9BVP2,446,0.0059
P10696,446,0.0059
Q9H6X5,446,0.0059
Q9UDV7,446,0.0059
Q9UNN4,446,0.0059
O43301,446,0.0059
Q8WVV5,446,0.0059
Q96RE9,446,0.0059
O15209,446,0.0059
Q6NW34,446,0.0059
Q6IBW4,446,0.0059
Q6UUV9,446,0.0059
O43147,446,0.0059
Q9H9A6,446,0.0059
Q5MCW4,445,0.0058
P53602,445,0.0058
P43026,445,0.0058
Q9NQX0,445,0.0058
Q9UBX5,445,0.0058
P51687,445,0.0058
Q7Z628,445,0.0058
Q2TB10,445,0.0058
Q15813,445,0.0058
Q8NFQ5,445,0.0058
Q8IXR9,445,0.0058
Q9P270,445,0.0058
Q9Y6F1,445,0.0058
Q8TED4,445,0.0058
O75746,445,0.0058
P26639,444,0.0058
Q12887,444,0.0058
A0A3B3IT33,444,0.0058
P54829,444,0.0058
P04053,444,0.0058
Q13418,444,0.0058
P42696,444,0.0058
Q13480,444,0.0058
P36871,444,0.0058
O94967,444,0.0058
Q6A163,444,0.0058
Q14449,444,0.0058
Q8N4A0,444,0.0058
Q96SK2,444,0.0058
Q9UPQ4,444,0.0058
Q9H5U6,444,0.0058
Q96HI0,444,0.0058
Q96KN9,444,0.0058
P34931,444,0.0058
Q1L5Z9,444,0.0058
Q92918,444,0.0058
A5X5Y0,444,0.0058
Q6P9A2,443,0.0058
P20700,443,0.0058
Q92802,443,0.0058
Q6NYC8,443,0.0058
Q9NWW7,443,0.0058
O00295,443,0.0058
P45974,443,0.0058
Q56NI9,443,0.0058
Q14765,443,0.0058
O95907,443,0.0058
Q9Y694,443,0.0058
P21941,443,0.0058
Q155Q3,443,0.0058
Q504Q3,443,0.0058
Q8NEU8,443,0.0058
Q9NSK0,443,0.0058
O94829,443,0.0058
O95947,443,0.0058
O00241,443,0.0058
Q8TF32,443,0.0058
Q8WVZ9,443,0.0058
Q9P0K8,443,0.0058
Q8NHH1,443,0.0058
Q7Z3Y9,442,0.0058
Q96QG7,442,0.0058
Q96NS5,442,0.0058
Q8IYT4,442,0.0058
Q9H0R5,442,0.0058
P03952,442,0.0058
P43119,442,0.0058
Q9BTA9,442,0.0058
Q8N135,442,0.0058
O75603,442,0.0058
Q8TAD4,442,0.0058
Q6P3S6,442,0.0058
Q14593,442,0.0058
A9QM74,442,0.0058
Q8WW24,442,0.0058
P46060,442,0.0058
P28336,442,0.0058
Q9UHN1,442,0.0058
Q9C0I1,442,0.0058
O75355,442,0.0058
Q6NX45,442,0.0058
Q96JY6,441,0.0058
P34932,441,0.0058
P32241,441,0.0058
Q70CQ1,441,0.0058
P17342,441,0.0058
Q96QE2,441,0.0058
Q9HB89,441,0.0058
P11161,441,0.0058
O96006,441,0.0058
Q9C0B0,441,0.0058
Q8IYM1,441,0.0058
Q96EF0,441,0.0058
Q2WEN9,441,0.0058
P49848,441,0.0058
Q8WTR8,441,0.0058
Q2VWA4,441,0.0058
Q6UVJ0,440,0.0058
Q5T442,440,0.0058
Q6Q0C0,440,0.0058
Q8TEA1,440,0.0058
P45452,440,0.0058
P27658,440,0.0058
Q6W3E5,440,0.0058
O95803,440,0.0058
Q53GG5,440,0.0058
P57057,440,0.0058
Q9NR34,440,0.0058
Q96PP9,440,0.0058
P23759,440,0.0058
Q5VX71,440,0.0058
Q96BK5,440,0.0058
Q04759,440,0.0058
Q5T5N4,440,0.0058
P23469,440,0.0058
Q9GZZ6,440,0.0058
A6NMB9,440,0.0058
Q8NB46,440,0.0058
Q9NU39,440,0.0058
Q8WWI5,440,0.0058
P14652,440,0.0058
P21754,440,0.0058
Q13105,439,0.0058
Q9H9A7,439,0.0058
P78324,439,0.0058
Q8IZD6,439,0.0058
Q9HC58,439,0.0058
O75175,439,0.0058
Q8IYS2,439,0.0058
Q9P0L2,439,0.0058
Q6PJ69,439,0.0058
P32519,439,0.0058
Q96G46,438,0.0058
O43474,438,0.0058
Q7Z3Y7,438,0.0058
O00748,438,0.0058
Q9UFP1,438,0.0058
Q9NXV6,438,0.0058
Q8IXS0,438,0.0058
Q8TC44,438,0.0058
Q96GN5,438,0.0058
P17098,438,0.0058
Q9BZP6,437,0.0057
Q9NP70,437,0.0057
Q96M34,437,0.0057
Q9NWF4,437,0.0057
P19224,437,0.0057
Q86UE4,437,0.0057
Q96MC4,437,0.0057
Q9H0M0,437,0.0057
Q8TD20,437,0.0057
P98174,436,0.0057
P32238,436,0.0057
Q6NXR0,436,0.0057
Q6NXR4,436,0.0057
P13639,436,0.0057
Q8TDT2,436,0.0057
B2RXH4,436,0.0057
Q9Y2X7,436,0.0057
P04843,436,0.0057
P05108,436,0.0057
Q96D46,436,0.0057
P84022,436,0.0057
Q6P5Q4,436,0.0057
Q6ZMV8,436,0.0057
Q8TBH0,436,0.0057
P0CG23,436,0.0057
Q6UX41,436,0.0057
Q9BXB7,436,0.0057
P09238,436,0.0057
O43566,436,0.0057
Q15464,435,0.0057
Q495M3,435,0.0057
P17014,435,0.0057
P05023,435,0.0057
Q8IVS8,435,0.0057
P35222,435,0.0057
Q96BT7,435,0.0057
Q8NH59,435,0.0057
Q6NUS8,435,0.0057
Q9NS82,435,0.0057
P0C1S8,435,0.0057
Q9BZI1,435,0.0057
P13489,435,0.0057
P78411,435,0.0057
Q8TAP6,435,0.0057
Q5U5X8,435,0.0057
Q02539,434,0.0057
Q9H7X3,434,0.0057
P35606,434,0.0057
P35241,434,0.0057
Q96GQ5,434,0.0057
Q9Y2D8,434,0.0057
P98168,434,0.0057
Q32M84,434,0.0057
Q96K62,434,0.0057
Q8N5S9,434,0.0057
Q9NY61,434,0.0057
Q8NBM8,434,0.0057
Q96SF7,434,0.0057
Q504Y2,434,0.0057
Q7L1V2,434,0.0057
Q13094,433,0.0057
Q9NP87,433,0.0057
Q8WXI9,433,0.0057
Q8NFJ6,433,0.0057
P24723,433,0.0057
Q96J94,433,0.0057
Q33E94,433,0.0057
O14967,433,0.0057
Q9NQC7,433,0.0057
Q8NBF2,433,0.0057
Q8WUA7,433,0.0057
O75056,433,0.0057
Q86YS7,433,0.0057
Q9P0V9,433,0.0057
P52736,433,0.0057
P05154,433,0.0057
P0CB33,433,0.0057
P48167,433,0.0057
Q9BZF1,432,0.0057
P26599,432,0.0057
Q9NUD9,432,0.0057
A6NI86,432,0.0057
Q8IZK6,432,0.0057
Q8NHQ9,432,0.0057
Q9NYM4,432,0.0057
P22736,432,0.0057
Q9BQ39,432,0.0057
O95199,432,0.0057
P49757,432,0.0057
P48065,432,0.0057
Q9H015,432,0.0057
Q495B1,432,0.0057
P05093,432,0.0057
P85299,432,0.0057
Q8TAQ5,432,0.0057
Q9Y5X2,432,0.0057
Q8N6H7,432,0.0057
Q15418,432,0.0057
Q9ULV5,432,0.0057
Q8WV16,432,0.0057
P12081,431,0.0057
Q8N1V2,431,0.0057
Q8TCT8,431,0.0057
P47736,431,0.0057
O96005,431,0.0057
P43652,431,0.0057
P15884,431,0.0057
Q9HA82,431,0.0057
Q9UJ14,431,0.0057
O14994,431,0.0057
Q7Z3Y8,431,0.0057
Q9UBG7,431,0.0057
P47712,431,0.0057
Q13203,431,0.0057
O00167,431,0.0057
P35637,431,0.0057
P49810,431,0.0057
P22083,431,0.0057
Q9UNE0,431,0.0057
Q9Y3Z3,431,0.0057
Q15223,430,0.0056
Q8NGP0,430,0.0056
Q86Y25,430,0.0056
Q96BP3,430,0.0056
O95838,430,0.0056
Q96RS6,430,0.0056
O43174,430,0.0056
Q9H816,430,0.0056
Q8WUM9,430,0.0056
P10632,430,0.0056
P19440,430,0.0056
Q96N64,430,0.0056
Q03395,430,0.0056
Q99638,430,0.0056
Q92901,430,0.0056
Q86UP0,430,0.0056
Q86T96,430,0.0056
A6NIM6,430,0.0056
O95352,430,0.0056
Q9NWW5,430,0.0056
Q8N323,430,0.0056
P16615,429,0.0056
Q9UJL9,429,0.0056
Q9NZL6,429,0.0056
Q9NZJ0,429,0.0056
Q9NR63,429,0.0056
Q96RP8,429,0.0056
Q32NB8,429,0.0056
Q8N3Z6,429,0.0056
Q15937,429,0.0056
O43749,429,0.0056
Q5SY16,429,0.0056
O95125,429,0.0056
Q8N412,429,0.0056
Q9BYE2,429,0.0056
Q8IYI6,429,0.0056
Q7Z3I7,429,0.0056
Q6ZNE5,429,0.0056
Q9ULX3,429,0.0056
Q13554,429,0.0056
O95631,429,0.0056
Q8N539,429,0.0056
O60662,429,0.0056
Q8TB73,428,0.0056
Q9Y2M2,428,0.0056
Q9NR30,428,0.0056
Q05D60,428,0.0056
Q9Y5R2,428,0.0056
Q8NDN9,428,0.0056
Q9Y615,428,0.0056
O00330,428,0.0056
Q6KF10,428,0.0056
Q9HC78,428,0.0056
Q9NY57,428,0.0056
Q6IA69,428,0.0056
Q6ZS27,428,0.0056
Q8TB96,428,0.0056
Q9HAU8,428,0.0056
O60244,428,0.0056
Q9UBU7,428,0.0056
Q16531,428,0.0056
Q96AK3,428,0.0056
Q8IYJ3,428,0.0056
Q96S52,427,0.0056
P41595,427,0.0056
P20020,427,0.0056
Q9BZR6,427,0.0056
Q8N8L2,427,0.0056
Q8WV41,427,0.0056
Q96PD5,427,0.0056
Q8TBZ8,427,0.0056
Q6UWY0,427,0.0056
Q96NZ1,427,0.0056
Q9NUW8,427,0.0056
A4D1F6,427,0.0056
Q5TEA6,427,0.0056
Q96NI6,427,0.0056
Q8IXS2,427,0.0056
Q9BZR9,426,0.0056
P31512,426,0.0056
Q8N697,426,0.0056
Q9H267,426,0.0056
P14868,426,0.0056
O43747,426,0.0056
Q92685,426,0.0056
Q8N0U7,426,0.0056
Q6E0U4,426,0.0056
Q96MU7,426,0.0056
Q96KC8,426,0.0056
P50336,426,0.0056
Q6IF82,426,0.0056
Q8TE85,426,0.0056
Q969Z4,426,0.0056
Q96KR7,426,0.0056
P51693,426,0.0056
O00423,426,0.0056
Q9H3U7,425,0.0056
Q9Y5R6,425,0.0056
Q53FZ2,425,0.0056
P0C7M7,425,0.0056
Q9H0B6,425,0.0056
Q96AJ1,425,0.0056
Q7Z2T5,425,0.0056
Q08499,425,0.0056
A8MU46,425,0.0056
Q9UKV5,425,0.0056
Q99459,425,0.0056
Q6UWF7,425,0.0056
Q8N4F0,424,0.0056
Q9NUY8,424,0.0056
O60765,424,0.0056
Q9BYM8,424,0.0056
Q3SXY8,424,0.0056
Q9NW07,424,0.0056
P22792,424,0.0056
P15586,424,0.0056
Q9BSK4,424,0.0056
P05546,424,0.0056
P55317,424,0.0056
P08254,424,0.0056
Q9UHK0,424,0.0056
O43405,424,0.0056
Q8IZ63,424,0.0056
Q8NEC7,424,0.0056
Q9NY93,424,0.0056
P07858,424,0.0056
Q6ZMS4,424,0.0056
Q9NR12,424,0.0056
Q8NB42,424,0.0056
Q8TAG9,424,0.0056
O60683,423,0.0056
Q13939,423,0.0056
Q8N158,423,0.0056
Q86WD7,423,0.0056
Q8NCR0,423,0.0056
O60583,423,0.0056
Q8TDW5,423,0.0056
Q8N428,423,0.0056
Q8NFQ6,423,0.0056
Q8NBI5,423,0.0056
Q502W7,423,0.0056
Q8NC44,423,0.0056
Q9UDY8,423,0.0056
Q15436,423,0.0056
Q86VY9,423,0.0056
O94763,423,0.0056
Q8IU57,423,0.0056
Q12894,423,0.0056
P27694,423,0.0056
P35372,423,0.0056
O60502,423,0.0056
Q0P6H9,423,0.0056
Q9BUU2,422,0.0055
Q99759,422,0.0055
P07477,422,0.0055
Q9BXQ6,422,0.0055
P49286,422,0.0055
Q99678,422,0.0055
Q6VVB1,422,0.0055
Q9Y625,422,0.0055
Q9UBD6,422,0.0055
Q9UBN6,422,0.0055
Q52LR7,422,0.0055
O60282,422,0.0055
Q5JR12,422,0.0055
Q9H9A5,422,0.0055
Q8N0Z9,422,0.0055
Q6P387,422,0.0055
Q86VW2,422,0.0055
P06280,422,0.0055
P08238,422,0.0055
P14672,422,0.0055
Q8NG77,422,0.0055
P43268,422,0.0055
Q6SZW1,422,0.0055
Q494X3,422,0.0055
O75781,422,0.0055
Q9NS93,422,0.0055
Q8IV45,422,0.0055
Q2TB18,422,0.0055
Q99742,421,0.0055
Q9Y573,421,0.0055
Q6P2D0,421,0.0055
Q15311,421,0.0055
Q92696,421,0.0055
O60337,421,0.0055
P01019,421,0.0055
Q8TDL5,421,0.0055
P05129,421,0.0055
P31645,421,0.0055
Q99829,421,0.0055
Q2TAA5,421,0.0055
Q9H3Q1,421,0.0055
Q9Y2G7,421,0.0055
Q9H340,421,0.0055
Q53GI3,421,0.0055
Q9BW27,420,0.0055
Q14410,420,0.0055
Q32P41,420,0.0055
Q96PP8,420,0.0055
Q12756,420,0.0055
Q96A83,420,0.0055
P49753,420,0.0055
Q9Y2C5,420,0.0055
Q8WY91,420,0.0055
Q9NXZ2,420,0.0055
Q96LW1,420,0.0055
P24347,420,0.0055
Q08426,420,0.0055
Q8WYK0,420,0.0055
Q6UY01,420,0.0055
Q8IV08,420,0.0055
P16989,419,0.0055
Q6P280,419,0.0055
Q8TC92,419,0.0055
Q14872,419,0.0055
Q7L2J0,419,0.0055
Q92499,419,0.0055
Q7Z5R6,419,0.0055
P78552,419,0.0055
O14628,419,0.0055
P51649,419,0.0055
O75419,419,0.0055
O60883,419,0.0055
A0PJX8,419,0.0055
P05787,419,0.0055
Q8NEG4,419,0.0055
Q86UP6,419,0.0055
Q8N4Y2,418,0.0055
P49683,418,0.0055
Q3SY77,418,0.0055
O95780,418,0.0055
P55107,418,0.0055
Q96S59,418,0.0055
Q70SY1,418,0.0055
Q6NXE6,418,0.0055
Q9H161,418,0.0055
Q13368,418,0.0055
Q5JU00,417,0.0055
O15198,417,0.0055
Q9BSK1,417,0.0055
Q71RS6,417,0.0055
Q6PII3,417,0.0055
Q9UNU6,417,0.0055
Q96C03,417,0.0055
P47898,417,0.0055
O14525,417,0.0055
P23975,417,0.0055
Q03828,417,0.0055
Q16790,417,0.0055
Q8NFZ4,417,0.0055
P15313,417,0.0055
Q8TF74,417,0.0055
Q96FI4,417,0.0055
Q8TBZ5,417,0.0055
O95256,417,0.0055
P48594,417,0.0055
Q92845,417,0.0055
Q9H8M5,417,0.0055
P23588,417,0.0055
P38432,416,0.0055
Q9BVL2,416,0.0055
P23083,416,0.0055
P17858,416,0.0055
Q8WY54,416,0.0055
Q8WU10,416,0.0055
Q9ULV8,416,0.0055
Q8NGR1,416,0.0055
Q7Z406,416,0.0055
P47872,416,0.0055
Q96F05,416,0.0055
Q01844,416,0.0055
Q15646,416,0.0055
Q9NP61,416,0.0055
Q499Z3,416,0.0055
P16401,416,0.0055
Q9NZI5,416,0.0055
O60879,416,0.0055
Q96EB6,415,0.0055
Q9UJW2,415,0.0055
Q8IV01,415,0.0055
Q8NA61,415,0.0055
Q9HBH9,415,0.0055
P41231,415,0.0055
Q9Y5X9,415,0.0055
P51956,415,0.0055
P01009,415,0.0055
P03372,415,0.0055
Q14190,415,0.0055
P46527,415,0.0055
Q9BZ67,415,0.0055
O14764,415,0.0055
O60320,415,0.0055
P16150,415,0.0055
Q8NH49,415,0.0055
O43559,415,0.0055
Q5T7P8,414,0.0054
A6NKK0,414,0.0054
Q9UHF4,414,0.0054
Q14554,414,0.0054
Q96K21,414,0.0054
Q9BT92,414,0.0054
Q9UK11,414,0.0054
Q9Y2L9,414,0.0054
Q8NCE0,414,0.0054
Q96RI0,414,0.0054
Q9NWH7,414,0.0054
Q8N9V2,414,0.0054
O94941,414,0.0054
P52741,414,0.0054
Q96LA6,414,0.0054
Q86VR2,414,0.0054
P37288,413,0.0054
Q9UJX5,413,0.0054
Q99456,413,0.0054
P98077,413,0.0054
Q92783,413,0.0054
Q53G44,413,0.0054
Q14CB8,413,0.0054
Q6PIS1,413,0.0054
O75382,413,0.0054
P17023,413,0.0054
Q14264,413,0.0054
P52747,413,0.0054
P40763,413,0.0054
Q14154,413,0.0054
Q6IC98,412,0.0054
Q9UBJ2,412,0.0054
P04003,412,0.0054
Q8TD55,412,0.0054
Q96M91,412,0.0054
Q8IWE2,412,0.0054
A2A2Y4,412,0.0054
Q8N3J3,412,0.0054
Q9BXA7,412,0.0054
Q9UBL9,412,0.0054
O43293,412,0.0054
Q86UV5,412,0.0054
Q96PC2,412,0.0054
Q04206,412,0.0054
Q7Z449,412,0.0054
Q86UR1,412,0.0054
Q9H8G1,411,0.0054
Q9NVP1,411,0.0054
Q8TAF7,411,0.0054
Q96Q40,411,0.0054
P41219,411,0.0054
Q8TDW0,411,0.0054
P49419,411,0.0054
Q6BEB4,411,0.0054
P69849,411,0.0054
Q8N5S1,411,0.0054
Q7L7X3,411,0.0054
P22894,411,0.0054
Q96DM1,411,0.0054
Q13322,411,0.0054
Q05940,411,0.0054
Q6ZN57,411,0.0054
Q8NGD1,411,0.0054
Q5D0E6,411,0.0054
Q9ULK5,411,0.0054
Q9BSC4,411,0.0054
Q2TBF2,411,0.0054
P11169,411,0.0054
Q5GH70,411,0.0054
Q5JUK2,411,0.0054
P41587,411,0.0054
Q8WXA8,411,0.0054
Q5PRF9,411,0.0054
Q53GT1,410,0.0054
Q9UDY6,410,0.0054
Q8TCT0,410,0.0054
P33908,410,0.0054
Q14849,410,0.0054
Q86WT6,410,0.0054
Q8NG76,410,0.0054
Q86W56,410,0.0054
Q99741,410,0.0054
Q53T94,410,0.0054
P11511,410,0.0054
Q9H171,410,0.0054
Q9Y5A7,410,0.0054
Q9UDV6,410,0.0054
Q96PZ0,410,0.0054
Q6ISB3,410,0.0054
Q8TEB1,410,0.0054
P38646,409,0.0054
Q9H9P8,409,0.0054
P01011,409,0.0054
Q9BUD6,409,0.0054
Q969G9,409,0.0054
Q9BSE2,409,0.0054
Q3ZCX4,409,0.0054
Q9Y336,409,0.0054
P27930,409,0.0054
Q9NY37,409,0.0054
P30988,409,0.0054
A2RU30,409,0.0054
Q14CX7,409,0.0054
Q9UBG3,409,0.0054
Q495N2,409,0.0054
P08651,409,0.0054
Q9H981,409,0.0054
Q8NFZ5,409,0.0054
Q9Y2R4,409,0.0054
P98194,409,0.0054
P11168,409,0.0054
Q9H6I2,408,0.0054
Q9Y228,408,0.0054
Q8IVW4,408,0.0054
Q8TCW9,408,0.0054
O94919,408,0.0054
Q8NDW4,408,0.0054
Q96AP4,408,0.0054
Q8NGD0,408,0.0054
Q9NZN9,408,0.0054
P19235,408,0.0054
Q7L5A3,408,0.0054
P35610,408,0.0054
Q8IYK4,408,0.0054
Q8WV37,408,0.0054
O94900,408,0.0054
Q9H069,408,0.0054
P32745,408,0.0054
Q68DI1,408,0.0054
A3KFT3,408,0.0054
O95573,408,0.0054
Q06710,407,0.0053
P29536,407,0.0053
Q9UIE0,407,0.0053
A8K979,407,0.0053
P22732,407,0.0053
Q13614,407,0.0053
Q96LX8,407,0.0053
Q9C035,407,0.0053
Q05932,407,0.0053
Q13490,407,0.0053
Q14242,407,0.0053
Q8NBF6,407,0.0053
Q8N6L0,407,0.0053
Q969V3,407,0.0053
Q9NSN8,407,0.0053
Q53F19,407,0.0053
P08727,407,0.0053
O00429,407,0.0053
O43182,407,0.0053
Q9H0G5,406,0.0053
Q9UBR4,406,0.0053
Q9BYI3,406,0.0053
P19878,406,0.0053
P00734,406,0.0053
Q9GZQ4,406,0.0053
Q8NGY2,406,0.0053
Q7L2K0,406,0.0053
Q86V40,406,0.0053
Q9Y6R9,406,0.0053
Q9BR77,406,0.0053
Q96L92,406,0.0053
Q6PCB0,406,0.0053
P30154,406,0.0053
Q9BR26,406,0.0053
Q07343,406,0.0053
Q9BTF0,406,0.0053
Q9UKG9,406,0.0053
Q12837,406,0.0053
Q6ZS11,406,0.0053
A8K8V0,406,0.0053
O75683,406,0.0053
Q9BYT3,406,0.0053
Q9BTV5,406,0.0053
Q8IX15,405,0.0053
Q8IYM9,405,0.0053
Q9Y4E8,405,0.0053
A6NDH6,405,0.0053
Q9NXP7,405,0.0053
Q9P2S5,405,0.0053
Q13118,405,0.0053
Q96KK3,405,0.0053
O75083,405,0.0053
Q53SZ7,405,0.0053
Q3ZCV2,405,0.0053
Q15750,405,0.0053
Q66K64,405,0.0053
Q401N2,405,0.0053
Q9Y264,405,0.0053
Q6Q0C1,405,0.0053
P32456,405,0.0053
Q9UQE7,405,0.0053
Q8NGA6,405,0.0053
P06127,404,0.0053
P00390,404,0.0053
Q96FE5,404,0.0053
Q8NGK3,404,0.0053
Q5VYV0,404,0.0053
Q01968,404,0.0053
Q6UX01,404,0.0053
Q9H341,404,0.0053
Q9NRA2,404,0.0053
Q9NWM0,404,0.0053
Q6P4A8,404,0.0053
Q7Z3H0,404,0.0053
Q9UGP5,404,0.0053
O60268,404,0.0053
P10243,404,0.0053
Q8N9Z0,404,0.0053
Q9BXI6,404,0.0053
Q14439,403,0.0053
Q96A11,403,0.0053
P20309,403,0.0053
P78367,403,0.0053
Q5XUX1,403,0.0053
O95302,403,0.0053
Q96NT5,403,0.0053
Q5JXC2,403,0.0053
O95429,403,0.0053
Q8N6U8,403,0.0053
O75534,403,0.0053
Q8WXK1,403,0.0053
P59541,403,0.0053
Q14137,403,0.0053
Q96RD6,403,0.0053
Q8IXW5,403,0.0053
O14791,403,0.0053
P0C6S8,403,0.0053
Q6JBY9,403,0.0053
Q9NZK5,403,0.0053
Q5I7T1,403,0.0053
Q12778,402,0.0053
Q9Y5A6,402,0.0053
P43155,402,0.0053
Q9NQ84,402,0.0053
Q5XG87,402,0.0053
Q96RD7,402,0.0053
Q8IZM9,402,0.0053
Q03169,402,0.0053
Q6UXY1,402,0.0053
Q14651,402,0.0053
Q9H936,402,0.0053
Q13772,402,0.0053
P51589,402,0.0053
P05166,402,0.0053
Q9H6X2,402,0.0053
P47871,402,0.0053
Q6PI48,401,0.0053
Q9BZG2,401,0.0053
Q9Y5Q9,401,0.0053
Q96LB0,401,0.0053
O60431,401,0.0053
P52429,401,0.0053
Q9UJJ7,401,0.0053
Q9BR76,401,0.0053
Q9H173,401,0.0053
Q9BXK5,401,0.0053
Q8NEM1,401,0.0053
Q0VG99,401,0.0053
Q92521,401,0.0053
Q8N972,401,0.0053
Q5T9L3,401,0.0053
Q8N8U2,401,0.0053
Q99704,401,0.0053
Q9NZN4,401,0.0053
Q96BH1,401,0.0053
O15446,401,0.0053
Q6H8Q1,401,0.0053
Q13106,401,0.0053
P30038,401,0.0053
Q6ZMT1,401,0.0053
Q8IW36,401,0.0053
Q8WZ92,401,0.0053
Q5U5Q3,401,0.0053
P26951,400,0.0053
Q9BXJ7,400,0.0053
Q9NUG4,400,0.0053
O95965,400,0.0053
Q96M60,400,0.0053
Q8NH72,400,0.0053
Q8IV04,400,0.0053
Q96NG8,400,0.0053
Q9NS68,400,0.0053
Q9BY77,400,0.0053
Q6XYQ8,400,0.0053
O95498,400,0.0053
Q8NH03,400,0.0053
P29622,400,0.0053
Q9NYA3,400,0.0053
Q02086,400,0.0053
Q8N1H7,400,0.0053
Q08211,400,0.0053
Q9BWM5,400,0.0053
Q2VYF4,400,0.0053
P60411,400,0.0053
Q9BXU7,400,0.0053
A1L0T0,400,0.0053
Q6ZVN8,400,0.0053
Q9H4E7,399,0.0052
Q9Y6X4,399,0.0052
Q9UHI7,399,0.0052
Q8IUH4,399,0.0052
Q13769,399,0.0052
A0A087WUL8,399,0.0052
Q86Y33,399,0.0052
Q6K0P9,399,0.0052
Q99952,399,0.0052
O00469,399,0.0052
O75426,398,0.0052
Q8WVQ1,398,0.0052
Q9H343,398,0.0052
Q9HBE1,398,0.0052
O75475,398,0.0052
Q92990,398,0.0052
Q9Y597,398,0.0052
Q7Z4I7,398,0.0052
Q8TDC3,398,0.0052
Q92692,398,0.0052
Q8NA66,398,0.0052
Q8N2G8,398,0.0052
Q5XG92,398,0.0052
Q9NSD9,398,0.0052
Q6VN20,398,0.0052
Q96B86,398,0.0052
O95497,398,0.0052
Q15776,398,0.0052
P82251,398,0.0052
Q7Z7A4,398,0.0052
Q9UQ53,397,0.0052
Q9UIS9,397,0.0052
Q92597,397,0.0052
Q9UIL4,397,0.0052
Q13492,397,0.0052
Q6UX71,397,0.0052
Q96AN5,397,0.0052
Q96JP5,397,0.0052
Q86W10,397,0.0052
P49019,397,0.0052
Q9Y4D1,397,0.0052
P04004,397,0.0052
Q9UL17,397,0.0052
Q86SF2,397,0.0052
Q92828,397,0.0052
Q8N884,396,0.0052
Q8NH87,396,0.0052
O60669,396,0.0052
Q6NSZ9,396,0.0052
Q15542,396,0.0052
Q53EQ6,396,0.0052
P20061,396,0.0052
Q86V59,396,0.0052
Q13231,396,0.0052
Q96SQ9,396,0.0052
Q86Y01,396,0.0052
P24462,395,0.0052
P10073,395,0.0052
Q8NFJ5,395,0.0052
Q8NGB4,395,0.0052
Q9Y577,395,0.0052
A8MPX8,395,0.0052
Q9H2V7,395,0.0052
Q01740,395,0.0052
Q9NS91,395,0.0052
Q8NAB2,395,0.0052
Q14542,395,0.0052
Q9UGM1,395,0.0052
Q8IYW4,395,0.0052
Q9BV10,395,0.0052
P40222,394,0.0052
P13945,394,0.0052
Q5T7W7,394,0.0052
Q9UK80,394,0.0052
Q16625,394,0.0052
Q9UIA9,394,0.0052
Q96LQ0,394,0.0052
Q7Z3Z0,394,0.0052
Q96JB5,394,0.0052
Q8N3U4,394,0.0052
Q09470,394,0.0052
Q92952,394,0.0052
Q9NP59,394,0.0052
Q6UWM7,394,0.0052
Q86YS3,393,0.0052
Q8N4T0,393,0.0052
O43189,393,0.0052
O60478,393,0.0052
Q96S86,393,0.0052
Q8WVC0,393,0.0052
Q9BXB4,393,0.0052
Q7L622,393,0.0052
Q13530,393,0.0052
Q9Y575,393,0.0052
Q5FBB7,393,0.0052
P02708,393,0.0052
Q5T3F8,393,0.0052
Q9NW75,393,0.0052
Q9NUQ2,393,0.0052
O15232,393,0.0052
Q6ZPD9,393,0.0052
Q96M93,393,0.0052
Q9BUK6,393,0.0052
Q9C0B1,393,0.0052
Q7Z3E1,393,0.0052
Q5JPE7,393,0.0052
Q8TDD2,393,0.0052
Q96FB5,393,0.0052
Q9HAW0,393,0.0052
Q96AP7,392,0.0051
Q14973,392,0.0051
Q9HC44,392,0.0051
Q5JT82,392,0.0051
Q9P2F9,392,0.0051
Q9UJ96,392,0.0051
O14836,392,0.0051
Q96BN6,392,0.0051
Q9BQW3,392,0.0051
Q9ULM2,392,0.0051
Q9HAT1,392,0.0051
Q86UD5,392,0.0051
Q7Z7M8,392,0.0051
Q8TCB0,392,0.0051
A6NHC0,392,0.0051
Q5T2T1,392,0.0051
Q2NKQ1,392,0.0051
Q68DL7,392,0.0051
O76031,392,0.0051
Q06945,392,0.0051
Q86UX7,392,0.0051
Q92630,392,0.0051
Q8NBS9,392,0.0051
Q9H223,392,0.0051
Q9NXR1,391,0.0051
O75084,391,0.0051
Q9UKA1,391,0.0051
Q6ZXV5,391,0.0051
Q86TM6,391,0.0051
Q9C075,391,0.0051
O15042,391,0.0051
P33260,391,0.0051
Q8TA94,391,0.0051
Q8NEB7,391,0.0051
Q49AA0,391,0.0051
Q16600,391,0.0051
Q6X4W1,391,0.0051
Q9UPR5,391,0.0051
Q13562,391,0.0051
Q6XZB0,390,0.0051
Q99081,390,0.0051
Q7Z3T1,390,0.0051
O14804,390,0.0051
Q86Y97,390,0.0051
P04066,390,0.0051
Q8TAX7,390,0.0051
Q8TBK2,390,0.0051
Q14677,390,0.0051
P59537,390,0.0051
Q8NH40,390,0.0051
Q9H295,390,0.0051
Q14995,390,0.0051
Q13258,390,0.0051
P34947,390,0.0051
O14771,390,0.0051
A8MPY1,390,0.0051
Q8N9S9,390,0.0051
Q96AC1,389,0.0051
Q13882,389,0.0051
Q8N1G2,389,0.0051
P22459,389,0.0051
Q96RI8,389,0.0051
Q92733,389,0.0051
A6NHG9,389,0.0051
Q8TAL5,389,0.0051
Q9C029,389,0.0051
O95936,389,0.0051
Q13585,389,0.0051
Q9UBV2,389,0.0051
Q96DM3,389,0.0051
Q8NGD4,389,0.0051
Q99684,389,0.0051
Q86UY5,389,0.0051
P19438,389,0.0051
A2RRD8,389,0.0051
Q8N9M5,388,0.0051
Q53GL0,388,0.0051
O43272,388,0.0051
Q9NW82,388,0.0051
Q5D1E8,388,0.0051
P62807,388,0.0051
Q5TF39,388,0.0051
Q2V2M9,388,0.0051
P07237,388,0.0051
B2RC85,388,0.0051
Q9Y606,388,0.0051
P48147,388,0.0051
Q9GZX5,388,0.0051
Q49AG3,388,0.0051
Q9NSI5,388,0.0051
Q8N4S0,388,0.0051
Q9H172,388,0.0051
Q9UGI6,387,0.0051
Q7LFX5,387,0.0051
O43699,387,0.0051
P56282,387,0.0051
Q9BXJ9,387,0.0051
Q9H1U4,387,0.0051
O00472,387,0.0051
Q9NPG1,387,0.0051
O76050,387,0.0051
Q8N119,387,0.0051
Q6UX06,387,0.0051
Q9NVR7,387,0.0051
Q17RP2,387,0.0051
Q8N9U0,387,0.0051
Q9UBS5,387,0.0051
O14498,387,0.0051
Q9UQ07,387,0.0051
Q7RTN6,387,0.0051
Q9UBB6,387,0.0051
P33402,387,0.0051
P21589,387,0.0051
O75462,387,0.0051
Q8NGS8,387,0.0051
Q0P6D2,386,0.0051
Q9BVS5,386,0.0051
P08684,386,0.0051
Q13367,386,0.0051
E9PKD4,386,0.0051
Q9Y2G0,386,0.0051
Q9NPI6,386,0.0051
Q8NAV2,386,0.0051
Q6ZVM7,386,0.0051
Q9P0U4,386,0.0051
O43294,386,0.0051
Q86X45,386,0.0051
Q16816,386,0.0051
Q9BQ67,386,0.0051
P41970,386,0.0051
P28331,385,0.0051
Q8N720,385,0.0051
Q9P2G3,385,0.0051
Q99574,385,0.0051
A6NEF3,385,0.0051
P11279,385,0.0051
Q3KNW1,385,0.0051
P28288,385,0.0051
Q9UC06,385,0.0051
O94818,385,0.0051
Q9C019,385,0.0051
Q9BYV7,385,0.0051
Q7L0R7,385,0.0051
O43572,384,0.005
Q86UE6,384,0.005
Q9UNN5,384,0.005
Q8NGN6,384,0.005
O15297,384,0.005
Q6AZZ1,384,0.005
O95243,384,0.005
Q8WXU2,384,0.005
Q6HA08,384,0.005
P29371,384,0.005
Q96SB3,384,0.005
Q96K49,384,0.005
Q8NHY2,384,0.005
Q5VZ18,384,0.005
Q92556,384,0.005
P42771,384,0.005
Q12933,384,0.005
O14763,384,0.005
Q86T90,384,0.005
Q96A59,384,0.005
Q68DH5,384,0.005
Q15758,383,0.005
Q9H6Z4,383,0.005
O95704,383,0.005
Q9H2S9,383,0.005
Q9Y672,383,0.005
Q9UGU5,383,0.005
O15066,383,0.005
Q7Z398,383,0.005
Q8WUU4,383,0.005
Q02161,383,0.005
A2A3L6,383,0.005
Q9UJA9,383,0.005
Q01344,383,0.005
Q99676,383,0.005
O00400,383,0.005
Q96B33,383,0.005
Q92847,383,0.005
Q9H8N7,383,0.005
Q8IU99,383,0.005
P51449,383,0.005
Q13515,383,0.005
Q2TAL5,383,0.005
Q99932,383,0.005
Q8N143,383,0.005
Q9NPB8,383,0.005
O94808,382,0.005
Q5TZ20,382,0.005
Q9HBT8,382,0.005
Q6P988,382,0.005
Q9H461,382,0.005
Q8NH74,382,0.005
P51993,382,0.005
Q9BV38,382,0.005
Q8NGK1,382,0.005
Q15723,382,0.005
Q93009,382,0.005
Q96RF0,382,0.005
Q96P11,382,0.005
Q9Y5X1,382,0.005
A6NIY4,382,0.005
O14843,382,0.005
Q9NQI0,382,0.005
Q8NGC3,382,0.005
Q9Y5Z0,382,0.005
A8K855,382,0.005
P25098,382,0.005
O15321,381,0.005
Q96R28,381,0.005
Q96QS1,381,0.005
O75354,381,0.005
Q8TC41,381,0.005
Q04727,381,0.005
Q53T59,381,0.005
P49760,381,0.005
P40855,381,0.005
Q9HBT7,381,0.005
Q9NRY5,381,0.005
Q8N1B4,381,0.005
Q8TDD5,381,0.005
Q8WU17,381,0.005
Q8NGN5,381,0.005
Q8NGN4,381,0.005
Q5HY98,381,0.005
Q15319,381,0.005
Q9HA92,381,0.005
Q9H3U5,381,0.005
Q96JJ6,381,0.005
P21452,381,0.005
Q53FD0,381,0.005
Q5MNV8,381,0.005
Q8NAX2,381,0.005
Q6IA17,381,0.005
Q6NXG1,381,0.005
Q9BWT3,381,0.005
Q96LP6,381,0.005
Q8NB12,381,0.005
Q5VTD9,381,0.005
Q6YBV0,381,0.005
Q9Y217,381,0.005
P50454,380,0.005
Q6ZSM3,380,0.005
Q9UHR6,380,0.005
Q96I24,380,0.005
Q9Y2Z9,380,0.005
Q92949,380,0.005
P13994,380,0.005
Q8NBT3,380,0.005
Q3MIT2,380,0.005
Q9GZQ6,380,0.005
Q8NGX1,380,0.005
O75381,380,0.005
Q6ZS72,380,0.005
Q9Y6H8,380,0.005
P22891,380,0.005
O43776,380,0.005
Q14202,380,0.005
Q6EKJ0,380,0.005
Q8N4B4,380,0.005
P35900,380,0.005
Q15928,380,0.005
Q9NYL5,380,0.005
Q8N0Y3,380,0.005
A6NH00,380,0.005
Q8NGD2,380,0.005
O76062,380,0.005
Q9BSL1,380,0.005
Q6XPS3,380,0.005
Q6NT16,379,0.005
Q8TE76,379,0.005
P53794,379,0.005
P49257,379,0.005
Q05516,379,0.005
Q9H3M7,379,0.005
Q96LB2,379,0.005
Q96RD3,379,0.005
A6NET4,379,0.005
Q9H2A9,379,0.005
Q15048,379,0.005
Q9BYJ9,379,0.005
P55055,379,0.005
P28476,379,0.005
P23743,379,0.005
Q6ZMB0,379,0.005
Q9NRH2,379,0.005
Q15036,379,0.005
Q8TF39,379,0.005
P27824,379,0.005
P19525,379,0.005
Q8N1G4,379,0.005
Q9NWZ3,379,0.005
Q9UNA1,379,0.005
Q6P4F1,379,0.005
A6NCL7,379,0.005
Q6P9F7,379,0.005
A8MUV8,379,0.005
Q96RU7,379,0.005
Q13740,378,0.005
Q9NQV6,378,0.005
Q09328,378,0.005
Q96QA5,378,0.005
Q9NVC3,378,0.005
Q8NGA1,378,0.005
Q9BX59,378,0.005
P13688,378,0.005
Q96AA8,378,0.005
Q13596,378,0.005
P24530,378,0.005
C9JN71,378,0.005
Q8NBW4,378,0.005
Q7L1W4,378,0.005
Q9NVX2,378,0.005
P16444,378,0.005
P42679,378,0.005
P17024,377,0.005
Q6GMR7,377,0.005
Q8NGF8,377,0.005
Q8NEZ2,377,0.005
Q9P2U8,377,0.005
P52737,377,0.005
Q7Z7G1,377,0.005
Q8IVW6,377,0.005
Q9NUL3,377,0.005
Q969J2,377,0.005
Q13495,377,0.005
O15204,377,0.005
P04070,377,0.005
Q8IUX4,377,0.005
Q96C28,377,0.005
P31749,377,0.005
Q14738,377,0.005
Q86XE0,377,0.005
Q92830,376,0.0049
P43354,376,0.0049
Q8NGF3,376,0.0049
Q96I59,376,0.0049
Q4V328,376,0.0049
Q9P2N6,376,0.0049
Q5SR56,376,0.0049
Q969Y0,376,0.0049
Q8TDN4,376,0.0049
P32245,376,0.0049
P16415,376,0.0049
P08912,376,0.0049
Q8IV63,376,0.0049
Q1EHB4,376,0.0049
Q15393,376,0.0049
P24298,376,0.0049
Q8IZ40,376,0.0049
P15169,376,0.0049
Q9NZV8,376,0.0049
P0CF97,376,0.0049
P78415,376,0.0049
Q9UKS6,376,0.0049
Q8N184,376,0.0049
Q9Y662,376,0.0049
Q8TD10,376,0.0049
P01602,376,0.0049
P58335,376,0.0049
Q86YJ6,376,0.0049
P35368,376,0.0049
P04040,376,0.0049
O43175,376,0.0049
Q86VW0,376,0.0049
Q02818,375,0.0049
Q8IUK5,375,0.0049
A5PLL1,375,0.0049
Q8N808,375,0.0049
Q86XZ4,375,0.0049
Q8NCQ5,375,0.0049
Q12794,375,0.0049
O94955,375,0.0049
P60412,375,0.0049
P13796,375,0.0049
P02771,375,0.0049
P07988,375,0.0049
P01742,375,0.0049
Q14623,375,0.0049
Q8IYA8,375,0.0049
Q8N146,375,0.0049
Q8TDS4,375,0.0049
P15735,375,0.0049
Q9BU19,375,0.0049
P32314,375,0.0049
Q96GZ6,375,0.0049
Q8IZ20,375,0.0049
Q9UKB5,375,0.0049
Q9UHR4,375,0.0049
Q13467,374,0.0049
Q9H255,374,0.0049
O95081,374,0.0049
Q96RI9,374,0.0049
Q86WB0,374,0.0049
Q9Y5B9,374,0.0049
O14544,374,0.0049
Q9H313,374,0.0049
Q8TCW7,374,0.0049
Q6P1R4,374,0.0049
O00481,374,0.0049
P49768,374,0.0049
Q6J9G0,374,0.0049
Q92966,374,0.0049
Q9BS91,374,0.0049
Q9Y2Y4,374,0.0049
Q9H972,374,0.0049
P42357,374,0.0049
Q86SM8,373,0.0049
Q14585,373,0.0049
Q9P1W8,373,0.0049
Q8N162,373,0.0049
Q14683,373,0.0049
Q96E52,373,0.0049
Q8WV15,373,0.0049
Q13356,373,0.0049
Q6VVX0,373,0.0049
F5H4B4,373,0.0049
Q0D2J5,373,0.0049
P13056,373,0.0049
Q8NEF9,373,0.0049
P31939,373,0.0049
Q8N4U5,373,0.0049
Q96Q45,373,0.0049
Q9NZU0,373,0.0049
Q9H6U6,373,0.0049
Q96Q07,372,0.0049
Q17RR3,372,0.0049
Q9BRK3,372,0.0049
Q96MN9,372,0.0049
Q8WVB3,372,0.0049
O75044,372,0.0049
Q8WUY9,372,0.0049
Q96SF2,372,0.0049
Q9NRM6,372,0.0049
Q6ZN32,372,0.0049
O43493,372,0.0049
Q8NBE8,372,0.0049
Q8NGJ6,372,0.0049
P35626,372,0.0049
Q13489,372,0.0049
Q86Z20,372,0.0049
Q8WYN3,372,0.0049
Q13200,372,0.0049
Q9H3R2,372,0.0049
Q86YP4,372,0.0049
Q9HC52,372,0.0049
Q8N465,371,0.0049
Q9UNH5,371,0.0049
Q13641,371,0.0049
Q7Z418,371,0.0049
Q9H5Z6,371,0.0049
P43007,371,0.0049
Q53QZ3,371,0.0049
Q7Z7F0,371,0.0049
Q9HCK5,371,0.0049
Q8NEV1,371,0.0049
Q9NT99,371,0.0049
O43252,371,0.0049
Q8WXI2,371,0.0049
A6NI28,371,0.0049
Q8NGE1,371,0.0049
Q8NG97,371,0.0049
O15527,371,0.0049
Q6ZWJ1,371,0.0049
P49759,371,0.0049
Q15113,370,0.0049
Q16650,370,0.0049
Q6MZP7,370,0.0049
P61764,370,0.0049
P28221,370,0.0049
Q6L8Q7,370,0.0049
P07339,370,0.0049
Q9HCH3,370,0.0049
Q9Y2D9,370,0.0049
Q02641,370,0.0049
Q9UPV7,370,0.0049
Q9Y4I5,370,0.0049
Q5T1V6,370,0.0049
Q9Y3R4,370,0.0049
Q9H344,370,0.0049
Q5BKZ1,369,0.0048
Q8TDW4,369,0.0048
P03999,369,0.0048
Q9UPY5,369,0.0048
Q15131,369,0.0048
P50549,369,0.0048
P35367,369,0.0048
O95196,369,0.0048
Q15572,369,0.0048
P60508,369,0.0048
Q7L775,369,0.0048
Q14108,369,0.0048
Q16881,369,0.0048
O95970,369,0.0048
Q9NWB7,369,0.0048
P30613,369,0.0048
Q12951,369,0.0048
Q9H2F5,369,0.0048
Q92834,369,0.0048
Q9Y663,369,0.0048
Q3SY52,369,0.0048
P21731,369,0.0048
P0CI25,369,0.0048
P30926,369,0.0048
O75928,369,0.0048
Q9P2J3,368,0.0048
Q8IXK0,368,0.0048
Q5VXH4,368,0.0048
Q8IW19,368,0.0048
Q86YD1,368,0.0048
P0CG24,368,0.0048
P57773,368,0.0048
Q9NUQ6,368,0.0048
P21506,368,0.0048
P53634,368,0.0048
P02790,368,0.0048
Q96FN4,368,0.0048
Q7Z569,368,0.0048
O95264,368,0.0048
Q04609,368,0.0048
Q9UBF8,368,0.0048
Q13114,368,0.0048
Q7Z6M2,368,0.0048
Q5VTL8,368,0.0048
P36915,367,0.0048
Q8TDV0,367,0.0048
Q92786,367,0.0048
Q8TC94,367,0.0048
Q6GTS8,367,0.0048
P0C7V6,367,0.0048
Q7Z698,367,0.0048
Q8NDZ0,367,0.0048
Q86SR1,367,0.0048
P80370,367,0.0048
Q8IZ07,367,0.0048
Q8N2W9,367,0.0048
O75346,367,0.0048
Q96I13,367,0.0048
P24855,367,0.0048
Q8IY84,367,0.0048
Q5HYJ1,367,0.0048
Q13112,367,0.0048
Q13895,367,0.0048
Q01650,366,0.0048
Q8NGK9,366,0.0048
O95810,366,0.0048
Q13202,366,0.0048
C9JE40,366,0.0048
Q96SQ7,366,0.0048
P12644,366,0.0048
P29016,366,0.0048
I3L273,366,0.0048
Q8TF42,366,0.0048
Q5SRI9,366,0.0048
P12645,366,0.0048
A6NHN0,366,0.0048
Q8NGK0,366,0.0048
Q6ZU67,366,0.0048
Q12805,366,0.0048
Q969T3,366,0.0048
P42262,366,0.0048
Q86VH4,366,0.0048
P12271,366,0.0048
Q13216,366,0.0048
P41214,366,0.0048
O00519,366,0.0048
Q7L945,366,0.0048
Q86WV6,366,0.0048
P47870,366,0.0048
Q92609,365,0.0048
P15088,365,0.0048
Q9BXL5,365,0.0048
Q8N127,365,0.0048
P24046,365,0.0048
Q53H76,365,0.0048
Q8NGK6,365,0.0048
Q9BQ31,365,0.0048
Q86W11,365,0.0048
Q96QS3,365,0.0048
Q13093,365,0.0048
Q12849,365,0.0048
Q9BV44,365,0.0048
P08697,365,0.0048
P04035,365,0.0048
P05120,365,0.0048
Q9NPC7,365,0.0048
P0CAP2,365,0.0048
P35575,365,0.0048
Q8N6T3,365,0.0048
Q9BT25,364,0.0048
O95388,364,0.0048
Q5H9S7,364,0.0048
P60331,364,0.0048
Q99808,364,0.0048
Q9H1Q7,364,0.0048
Q86SJ2,364,0.0048
Q9NZM6,364,0.0048
Q96NY8,364,0.0048
Q8NGY0,364,0.0048
Q6PHR2,364,0.0048
O60678,364,0.0048
Q08170,364,0.0048
O75795,364,0.0048
C9JJH3,364,0.0048
P18146,364,0.0048
E9PJ23,364,0.0048
Q8NGP3,363,0.0048
P19474,363,0.0048
O96009,363,0.0048
Q5T2E6,363,0.0048
Q8IZ13,363,0.0048
Q92734,363,0.0048
Q9H0W8,363,0.0048
O75333,363,0.0048
Q8IVJ1,363,0.0048
Q9Y2Z4,363,0.0048
Q8NBR0,363,0.0048
Q86TD4,363,0.0048
Q9NVN8,363,0.0048
Q5VTB9,363,0.0048
Q9ULR3,363,0.0048
Q8NG06,363,0.0048
Q9Y614,363,0.0048
Q96A29,363,0.0048
Q08397,363,0.0048
P43220,363,0.0048
Q5T440,363,0.0048
Q9H7C4,363,0.0048
Q9UIH9,363,0.0048
Q3KP31,363,0.0048
Q5UAW9,362,0.0048
Q9GZR2,362,0.0048
Q53QW1,362,0.0048
P04062,362,0.0048
P53350,362,0.0048
Q13324,362,0.0048
Q96CM8,362,0.0048
P56693,362,0.0048
Q6NSI4,362,0.0048
Q8NGU9,362,0.0048
Q5TID7,362,0.0048
Q8TF44,362,0.0048
Q9UQ13,362,0.0048
Q9H3H1,362,0.0048
O60663,362,0.0048
O95665,362,0.0048
Q08431,362,0.0048
Q92563,362,0.0048
Q8N205,362,0.0048
P55916,362,0.0048
P13929,361,0.0047
Q8N9L1,361,0.0047
Q92485,361,0.0047
Q6P499,361,0.0047
P29508,361,0.0047
Q16401,361,0.0047
O43586,361,0.0047
P53985,361,0.0047
Q96CS4,361,0.0047
P08670,361,0.0047
Q9BWW9,361,0.0047
P41212,361,0.0047
P10523,361,0.0047
Q8NGJ8,361,0.0047
P55316,361,0.0047
A0PJY2,361,0.0047
A2A288,361,0.0047
Q5NDL2,360,0.0047
P59538,360,0.0047
P48380,360,0.0047
Q3LXA3,360,0.0047
Q9NQS3,360,0.0047
B1AL88,360,0.0047
Q6PEW0,360,0.0047
Q92858,360,0.0047
P10600,360,0.0047
Q8N414,360,0.0047
Q8NE31,360,0.0047
Q96QF7,360,0.0047
Q9Y286,360,0.0047
Q8NH90,360,0.0047
Q96DL1,360,0.0047
Q7L8C5,360,0.0047
Q9UN88,360,0.0047
Q7RTY1,360,0.0047
Q9BSG1,360,0.0047
Q8NGX2,360,0.0047
Q969G2,360,0.0047
Q93050,360,0.0047
A8MVW0,359,0.0047
Q9NR81,359,0.0047
Q9BXC0,359,0.0047
Q9HB55,359,0.0047
Q9HC97,359,0.0047
P57727,359,0.0047
Q96NR3,359,0.0047
Q6VUC0,359,0.0047
Q6ZQX7,359,0.0047
P98169,359,0.0047
Q8NGL0,359,0.0047
Q9H339,359,0.0047
O43603,359,0.0047
Q96DC7,359,0.0047
Q8NGN3,359,0.0047
P54868,359,0.0047
Q8TD91,359,0.0047
O95395,359,0.0047
P02765,359,0.0047
Q9BY66,359,0.0047
Q9BTV6,359,0.0047
P05556,358,0.0047
Q9NZP8,358,0.0047
Q14153,358,0.0047
P08908,358,0.0047
Q8NGX8,358,0.0047
Q9NR71,358,0.0047
Q7Z353,358,0.0047
Q9BYT1,358,0.0047
P49961,358,0.0047
Q9Y5U2,358,0.0047
Q6V9R5,358,0.0047
O75071,358,0.0047
Q0JRZ9,358,0.0047
P24386,358,0.0047
Q99705,358,0.0047
Q8NH43,358,0.0047
P01730,358,0.0047
Q6ZMU5,358,0.0047
Q53EL6,358,0.0047
A8MVW5,358,0.0047
P23760,358,0.0047
P22303,358,0.0047
Q7Z412,358,0.0047
P54315,358,0.0047
P42263,358,0.0047
Q9BTE6,358,0.0047
Q53LP3,358,0.0047
Q96RD2,358,0.0047
Q6W5P4,358,0.0047
Q96TC7,357,0.0047
O43309,357,0.0047
Q9H665,357,0.0047
O00178,357,0.0047
Q6IQ49,357,0.0047
Q6BAA4,357,0.0047
Q5T4F4,357,0.0047
P48145,357,0.0047
P35414,357,0.0047
Q8N6G5,357,0.0047
Q01415,357,0.0047
P47881,357,0.0047
P30307,357,0.0047
A0MZ66,357,0.0047
O43318,357,0.0047
Q6NW40,357,0.0047
Q96PU4,357,0.0047
A6NKF2,357,0.0047
Q9UBC0,357,0.0047
Q9UKP6,357,0.0047
Q53EZ4,357,0.0047
Q15109,356,0.0047
O15091,356,0.0047
O14730,356,0.0047
P07205,356,0.0047
Q8NBB4,356,0.0047
Q86V97,356,0.0047
P34910,356,0.0047
Q96EK5,356,0.0047
Q9HAD4,356,0.0047
Q6UW63,356,0.0047
Q8WUP2,356,0.0047
Q2TAL8,356,0.0047
Q15428,356,0.0047
Q06416,356,0.0047
Q5JQC9,356,0.0047
Q96KC9,356,0.0047
P58304,356,0.0047
Q8N7P1,356,0.0047
Q8N2I9,356,0.0047
B1AKI9,355,0.0047
A6NJB7,355,0.0047
Q53EU6,355,0.0047
Q96GM8,355,0.0047
Q8TAX9,355,0.0047
O43193,355,0.0047
Q9NVH1,355,0.0047
Q9NZP0,355,0.0047
Q1HG44,355,0.0047
Q8NGE3,355,0.0047
Q6PGQ7,355,0.0047
P23942,355,0.0047
Q86VS8,355,0.0047
Q9P2J9,355,0.0047
P51681,355,0.0047
Q96LL4,355,0.0047
Q9H0H5,355,0.0047
P49711,355,0.0047
O75564,355,0.0047
Q92529,354,0.0047
Q13470,354,0.0047
Q9NQG6,354,0.0047
P01780,354,0.0047
Q96KE9,354,0.0047
Q14534,354,0.0047
Q9UJX4,354,0.0047
P02768,354,0.0047
Q9Y6G9,354,0.0047
O14958,354,0.0047
Q96GA3,354,0.0047
Q9BX70,354,0.0047
Q9H5H4,354,0.0047
Q8TCJ2,354,0.0047
Q9NRS4,354,0.0047
Q8NGQ4,354,0.0047
Q8NGC6,354,0.0047
Q9UHG0,354,0.0047
Q96NI8,354,0.0047
O75616,354,0.0047
Q9BSW7,354,0.0047
Q96HD1,354,0.0047
P0CW27,354,0.0047
P06126,354,0.0047
Q9UBX1,354,0.0047
Q16620,354,0.0047
O95221,354,0.0047
Q29980,354,0.0047
Q02156,354,0.0047
P47804,354,0.0047
O14777,354,0.0047
Q9H3P2,353,0.0046
Q8TD90,353,0.0046
Q86X51,353,0.0046
P48066,353,0.0046
Q8N6K7,353,0.0046
Q9BWG4,353,0.0046
Q96MG2,353,0.0046
Q8WWH4,353,0.0046
Q9UKD1,353,0.0046
Q96PR1,353,0.0046
Q8NH01,353,0.0046
A6NM03,353,0.0046
P26572,353,0.0046
Q9BYJ4,353,0.0046
Q9NZP2,353,0.0046
Q14093,353,0.0046
O75159,353,0.0046
Q86UN2,353,0.0046
Q5M8T2,353,0.0046
Q53RD9,353,0.0046
Q8TDU6,352,0.0046
Q9BXF9,352,0.0046
Q7Z3Q1,352,0.0046
O15403,352,0.0046
Q8IVP9,352,0.0046
Q92599,352,0.0046
Q8NGY1,352,0.0046
O14531,352,0.0046
Q8NAM6,352,0.0046
Q9H7H0,352,0.0046
Q99500,352,0.0046
Q99543,352,0.0046
O43818,352,0.0046
Q12906,352,0.0046
Q9HB14,352,0.0046
Q8NGL3,352,0.0046
O75925,352,0.0046
A6NMS3,352,0.0046
Q96EZ4,352,0.0046
Q6UX73,352,0.0046
Q9H9C1,352,0.0046
Q96G79,352,0.0046
P54289,352,0.0046
Q99687,352,0.0046
Q86YJ7,352,0.0046
Q86YD3,352,0.0046
Q68EN5,352,0.0046
Q8NCC5,352,0.0046
Q14916,352,0.0046
Q96QD8,352,0.0046
O75718,352,0.0046
Q9UK05,352,0.0046
P43250,351,0.0046
Q9C0F3,351,0.0046
Q8IXE1,351,0.0046
P36382,351,0.0046
Q7Z4T8,351,0.0046
P50219,351,0.0046
Q9H7S9,351,0.0046
P35663,351,0.0046
Q5VTE6,351,0.0046
Q9Y5Y3,351,0.0046
O95948,351,0.0046
Q9NYH9,351,0.0046
Q9BUI4,351,0.0046
Q06455,351,0.0046
Q96SU4,351,0.0046
A6NMK8,351,0.0046
Q8NGP6,351,0.0046
O75386,351,0.0046
Q92664,350,0.0046
Q14183,350,0.0046
P14060,350,0.0046
Q1ED39,350,0.0046
O15552,350,0.0046
Q8NCA9,350,0.0046
O60784,350,0.0046
Q7Z6R9,350,0.0046
Q8NGD3,350,0.0046
Q96SR6,350,0.0046
Q9BYV8,350,0.0046
A6NNW6,350,0.0046
Q6ZWB6,350,0.0046
Q92791,350,0.0046
P23352,350,0.0046
Q8NEG7,350,0.0046
Q9HBL6,350,0.0046
O60239,350,0.0046
P31415,350,0.0046
A6NDL8,350,0.0046
O14672,350,0.0046
Q8TB45,350,0.0046
Q96K75,350,0.0046
O00451,350,0.0046
Q8IYB1,350,0.0046
Q643R3,350,0.0046
Q9BVS4,349,0.0046
P10909,349,0.0046
Q9UBN7,349,0.0046
Q8TDV2,349,0.0046
Q9UNW1,349,0.0046
Q9UH17,349,0.0046
Q15392,349,0.0046
Q9BV94,349,0.0046
P0C263,349,0.0046
Q8IZP7,349,0.0046
Q9UQB8,349,0.0046
A6NGY5,349,0.0046
Q8NGJ9,349,0.0046
Q6IEV9,349,0.0046
Q7Z7L7,349,0.0046
P09960,349,0.0046
P31249,349,0.0046
Q6UX04,349,0.0046
Q9H0R1,349,0.0046
Q969S3,349,0.0046
Q6PI47,349,0.0046
Q9NWK9,349,0.0046
Q13619,349,0.0046
Q99551,349,0.0046
Q9Y2B1,348,0.0046
P50391,348,0.0046
Q9NQE7,348,0.0046
Q9H000,348,0.0046
Q9NZU5,348,0.0046
Q9NUP7,348,0.0046
Q9BUQ8,348,0.0046
Q96RU3,348,0.0046
Q9UK32,348,0.0046
Q14181,348,0.0046
Q9Y257,348,0.0046
Q9BRQ8,348,0.0046
P46663,348,0.0046
Q86VH5,348,0.0046
Q9UGK3,348,0.0046
P83111,348,0.0046
Q7Z4G4,348,0.0046
B4DU55,348,0.0046
Q9NZR4,348,0.0046
Q9H0F6,348,0.0046
P09493,348,0.0046
Q9HAK2,348,0.0046
O43422,348,0.0046
Q16875,348,0.0046
Q9BY44,348,0.0046
P14091,348,0.0046
Q02930,348,0.0046
Q14814,348,0.0046
Q7Z3H4,347,0.0046
Q8NGL4,347,0.0046
Q96P65,347,0.0046
O95279,347,0.0046
Q9H0I2,347,0.0046
Q52LD8,347,0.0046
P34969,347,0.0046
Q9UBH6,347,0.0046
Q8NBN3,347,0.0046
Q6IFG1,347,0.0046
Q8IZN3,347,0.0046
Q9BTV7,347,0.0046
Q2M296,347,0.0046
Q6NUK1,347,0.0046
Q7Z4H8,347,0.0046
Q8N3J2,347,0.0046
Q16850,347,0.0046
Q6ZUK4,347,0.0046
Q96AE4,347,0.0046
Q7Z6Z6,347,0.0046
Q96NG3,347,0.0046
O00635,347,0.0046
Q96DY2,346,0.0045
Q9H040,346,0.0045
Q6UWR7,346,0.0045
A6NJ64,346,0.0045
P30101,346,0.0045
Q96DZ1,346,0.0045
O60806,346,0.0045
Q86VR8,346,0.0045
Q9Y546,346,0.0045
Q9H6B1,346,0.0045
P48740,346,0.0045
Q13705,346,0.0045
Q96QS6,346,0.0045
Q9NZS9,346,0.0045
Q9NSU2,346,0.0045
Q86U17,346,0.0045
P42681,346,0.0045
A6NEE1,346,0.0045
Q96SW2,346,0.0045
Q9GZU3,346,0.0045
A6NI03,346,0.0045
Q93086,346,0.0045
Q3SXZ7,346,0.0045
Q96BU1,346,0.0045
Q8N0V3,346,0.0045
Q96L12,346,0.0045
Q7Z2H8,346,0.0045
Q9H3C7,346,0.0045
Q8WWY3,346,0.0045
Q9NQW5,345,0.0045
Q8TE99,345,0.0045
O00425,345,0.0045
Q96DP5,345,0.0045
Q2M3T9,345,0.0045
A8K0Z3,345,0.0045
Q8NGS9,345,0.0045
O94889,345,0.0045
Q8NGE5,345,0.0045
O75800,345,0.0045
Q9H3S5,345,0.0045
Q9H3S3,345,0.0045
P48029,345,0.0045
Q75N03,345,0.0045
Q9UNE2,345,0.0045
Q9BY78,345,0.0045
Q8TEY5,345,0.0045
Q9NR83,345,0.0045
Q8TDR2,345,0.0045
O00463,345,0.0045
P43003,345,0.0045
P43116,345,0.0045
Q5VTA0,344,0.0045
Q9H8J5,344,0.0045
Q8IW75,344,0.0045
P04278,344,0.0045
Q5VWX1,344,0.0045
Q8N4L1,344,0.0045
Q96CW9,344,0.0045
Q9P2L0,344,0.0045
Q99986,344,0.0045
P11182,344,0.0045
P55786,344,0.0045
Q9UK55,344,0.0045
Q969I6,344,0.0045
Q9UBB4,344,0.0045
Q9NWQ4,344,0.0045
Q7RTX9,344,0.0045
O95222,344,0.0045
Q9BZE2,344,0.0045
P17050,343,0.0045
Q8NH41,343,0.0045
P21462,343,0.0045
Q8WV83,343,0.0045
P17022,343,0.0045
Q8NH60,343,0.0045
P32297,343,0.0045
O14745,343,0.0045
O95072,343,0.0045
O14492,343,0.0045
Q7L5A8,343,0.0045
Q9Y4C5,343,0.0045
P35716,343,0.0045
Q5FWF6,343,0.0045
Q5TAA0,343,0.0045
Q92613,343,0.0045
O60749,343,0.0045
P60370,343,0.0045
Q8N2K0,343,0.0045
P51955,343,0.0045
Q8TBZ3,343,0.0045
Q6XR72,343,0.0045
Q5BKT4,343,0.0045
Q86VE3,343,0.0045
P49761,342,0.0045
P49593,342,0.0045
Q53GS9,342,0.0045
Q96LT7,342,0.0045
Q7L804,342,0.0045
Q9NNX6,342,0.0045
Q9NY43,342,0.0045
P08246,342,0.0045
Q8NH16,342,0.0045
O15218,342,0.0045
O43822,342,0.0045
Q9BT40,342,0.0045
A6NKC9,342,0.0045
Q58WW2,342,0.0045
Q9H5Q4,342,0.0045
Q9BRS8,342,0.0045
Q49A92,342,0.0045
Q96SB4,342,0.0045
Q8N9F8,342,0.0045
Q9H3Q3,342,0.0045
C9JLR9,342,0.0045
Q8N8R3,342,0.0045
O75388,342,0.0045
Q9HAU4,342,0.0045
Q9UKS7,342,0.0045
Q9UKU9,342,0.0045
P56159,342,0.0045
Q8N118,342,0.0045
P42785,341,0.0045
Q5T9C9,341,0.0045
Q8NGG4,341,0.0045
Q96PV7,341,0.0045
Q96NJ5,341,0.0045
Q8NGL2,341,0.0045
Q8N228,341,0.0045
P00742,341,0.0045
Q13477,341,0.0045
Q8NC67,341,0.0045
Q6IEU7,341,0.0045
P0DPA2,341,0.0045
Q5W0U4,341,0.0045
Q8N998,341,0.0045
Q9UIF3,341,0.0045
P48995,341,0.0045
O75886,341,0.0045
A6NKU9,341,0.0045
P42680,341,0.0045
Q8N3Z0,341,0.0045
Q8IZL9,341,0.0045
O75529,341,0.0045
Q9Y4A9,341,0.0045
Q8NCK3,341,0.0045
P04198,341,0.0045
Q8NH85,341,0.0045
Q9H0F5,341,0.0045
Q5VV16,341,0.0045
Q9NZH0,341,0.0045
Q9BV35,341,0.0045
Q12952,341,0.0045
Q9BS31,341,0.0045
O60216,341,0.0045
P45379,341,0.0045
Q5SWL7,341,0.0045
Q13133,341,0.0045
Q9UIV8,340,0.0045
Q9BVG9,340,0.0045
Q9H228,340,0.0045
O95363,340,0.0045
Q17RY0,340,0.0045
Q8NGJ4,340,0.0045
Q8WVP7,340,0.0045
Q8NCG5,340,0.0045
P15812,340,0.0045
O43900,340,0.0045
Q9Y3P4,340,0.0045
Q9NQR9,340,0.0045
O60403,340,0.0045
Q9Y6R0,340,0.0045
Q8TC90,340,0.0045
Q9ULS5,340,0.0045
Q96A09,340,0.0045
Q9HCJ2,340,0.0045
Q86XQ3,339,0.0045
Q99439,339,0.0045
P25103,339,0.0045
Q9UBW5,339,0.0045
Q8TDY3,339,0.0045
Q13237,339,0.0045
O95391,339,0.0045
Q8IVL1,339,0.0045
P28472,339,0.0045
Q9BX67,339,0.0045
Q9H095,339,0.0045
Q9Y2E8,339,0.0045
P51812,339,0.0045
Q9Y6N5,339,0.0045
Q13572,339,0.0045
Q9H5K3,338,0.0044
Q96JW4,338,0.0044
Q9Y5P0,338,0.0044
Q8IWF9,338,0.0044
Q9NZN3,338,0.0044
Q4AE62,338,0.0044
Q05513,338,0.0044
Q16658,338,0.0044
P18577,338,0.0044
Q2T9J0,338,0.0044
O43614,338,0.0044
A0A0C4DH31,338,0.0044
Q969N4,338,0.0044
Q8NGB6,338,0.0044
Q9UPY6,338,0.0044
P52945,338,0.0044
Q9GZT5,338,0.0044
Q6ZN11,338,0.0044
Q6NT04,338,0.0044
Q6PIY7,338,0.0044
P78423,338,0.0044
P17030,338,0.0044
Q9BUA3,338,0.0044
Q8NFU1,338,0.0044
Q8IZC7,338,0.0044
Q8WVE6,338,0.0044
Q9Y679,337,0.0044
Q8NG75,337,0.0044
O75190,337,0.0044
P0C5J1,337,0.0044
P11473,337,0.0044
Q8NGK4,337,0.0044
P13682,337,0.0044
P0C7Q6,337,0.0044
Q8WWB7,337,0.0044
Q9BQE5,337,0.0044
Q13285,337,0.0044
Q5PT55,337,0.0044
Q8TCX1,337,0.0044
Q9UL63,337,0.0044
Q8NA31,337,0.0044
O15156,337,0.0044
P23246,337,0.0044
Q8NFF5,337,0.0044
Q8N8Y2,337,0.0044
Q8IYJ1,337,0.0044
Q9H2G4,337,0.0044
Q96F83,337,0.0044
Q01826,337,0.0044
Q9P296,337,0.0044
P51114,337,0.0044
Q14117,337,0.0044
A8MT65,337,0.0044
O60840,337,0.0044
P41145,337,0.0044
P22059,337,0.0044
P52292,336,0.0044
Q9NX58,336,0.0044
Q96E39,336,0.0044
P20333,336,0.0044
Q9BWF2,336,0.0044
Q86UF2,336,0.0044
Q8NGV0,336,0.0044
P36544,336,0.0044
Q15080,336,0.0044
Q16445,336,0.0044
Q92504,336,0.0044
Q17R55,336,0.0044
Q9ULK6,336,0.0044
P52756,336,0.0044
P39900,336,0.0044
Q9Y2W2,336,0.0044
P48664,336,0.0044
O43186,336,0.0044
Q2NKX8,336,0.0044
P25025,335,0.0044
Q14592,335,0.0044
Q6P1L5,335,0.0044
Q14500,335,0.0044
Q9NTJ5,335,0.0044
Q9NZP5,335,0.0044
Q9UIW0,335,0.0044
P10645,335,0.0044
Q10713,335,0.0044
Q8WWU5,335,0.0044
O75688,335,0.0044
O43638,335,0.0044
Q8NGE8,335,0.0044
Q12834,335,0.0044
P16930,335,0.0044
Q9H0C3,335,0.0044
Q9Y5W8,335,0.0044
P22307,335,0.0044
P43489,335,0.0044
Q9BQA5,335,0.0044
P48595,335,0.0044
Q8NH76,334,0.0044
Q9UJT9,334,0.0044
Q13410,334,0.0044
Q8NGU2,334,0.0044
Q6UW02,334,0.0044
O00219,334,0.0044
Q8NGP9,334,0.0044
Q6ZV89,334,0.0044
Q969F8,334,0.0044
Q96M27,334,0.0044
P04746,334,0.0044
P52306,334,0.0044
P21217,334,0.0044
Q9BV87,334,0.0044
P01764,334,0.0044
Q9NP08,334,0.0044
Q14956,334,0.0044
O60548,334,0.0044
Q5TFE4,334,0.0044
Q9H210,333,0.0044
Q8NGS0,333,0.0044
Q96LA9,333,0.0044
Q96IF1,333,0.0044
Q9BRY0,333,0.0044
Q9HCJ1,333,0.0044
P08631,333,0.0044
Q9P0J1,333,0.0044
Q9UJW3,333,0.0044
Q9UGM5,333,0.0044
Q9UQV4,333,0.0044
Q13155,333,0.0044
Q86WP2,333,0.0044
O75901,333,0.0044
Q14209,333,0.0044
Q5XUX0,333,0.0044
Q8NGI2,333,0.0044
Q8NF37,333,0.0044
Q9UK59,333,0.0044
Q9NUJ7,333,0.0044
Q9H4F8,333,0.0044
Q6ZT21,333,0.0044
Q8NFY9,333,0.0044
Q9BZJ4,333,0.0044
Q8NGK2,333,0.0044
A3QJZ7,333,0.0044
Q96D09,332,0.0044
Q8N0Y5,332,0.0044
P60369,332,0.0044
O60890,332,0.0044
Q96R47,332,0.0044
Q6ZMY6,332,0.0044
Q8IY51,332,0.0044
P25024,332,0.0044
Q96SE0,332,0.0044
Q9NQS1,332,0.0044
Q9H427,332,0.0044
O95365,332,0.0044
Q9UKI9,332,0.0044
Q93038,332,0.0044
Q86UB2,332,0.0044
Q9H0A9,332,0.0044
Q9UQF0,332,0.0044
Q6S5H5,332,0.0044
Q9UBV7,332,0.0044
Q03426,332,0.0044
P41586,332,0.0044
Q8NA57,332,0.0044
Q8IWX5,331,0.0043
Q9H6L2,331,0.0043
O75311,331,0.0043
Q8NH37,331,0.0043
Q13351,331,0.0043
Q6H3X3,331,0.0043
Q99527,331,0.0043
Q9UF56,331,0.0043
P43694,331,0.0043
A6NLI5,331,0.0043
Q8N159,331,0.0043
Q8TCB6,331,0.0043
P36222,331,0.0043
Q8NGQ6,331,0.0043
Q9P2E8,331,0.0043
P30559,331,0.0043
Q8NGR3,331,0.0043
Q3SXZ3,331,0.0043
O00623,331,0.0043
Q9Y3Y4,331,0.0043
Q8IYX8,331,0.0043
Q7RTY0,331,0.0043
Q9NWQ8,331,0.0043
Q8NGP4,330,0.0043
Q8NGS3,330,0.0043
Q8NG81,330,0.0043
Q8TDU9,330,0.0043
O94776,330,0.0043
Q9NXN4,330,0.0043
Q86SS6,330,0.0043
P32780,330,0.0043
Q6Y288,330,0.0043
Q9Y5P1,330,0.0043
Q9NRM2,330,0.0043
Q14626,330,0.0043
O00591,330,0.0043
Q15661,330,0.0043
Q9NQX5,330,0.0043
Q562R1,330,0.0043
Q92777,330,0.0043
Q15846,330,0.0043
Q8N9V3,330,0.0043
Q8NFL0,330,0.0043
Q8IYA7,330,0.0043
Q6ZWK6,330,0.0043
A2RUH7,330,0.0043
Q9GZV8,330,0.0043
Q9NRN5,329,0.0043
P50452,329,0.0043
Q9NXT0,329,0.0043
Q13228,329,0.0043
Q5I0G3,329,0.0043
Q9H4A9,329,0.0043
Q9NQS5,329,0.0043
Q14653,329,0.0043
Q8NGH9,329,0.0043
Q8NF99,329,0.0043
Q6N063,329,0.0043
Q9BX95,329,0.0043
Q96NR8,329,0.0043
Q4AC99,329,0.0043
Q9H4K7,329,0.0043
A6NMT0,328,0.0043
Q13043,328,0.0043
Q15173,328,0.0043
Q8IZ02,328,0.0043
Q96MA1,328,0.0043
Q8NHH9,328,0.0043
Q7L3V2,328,0.0043
O00300,328,0.0043
Q96H96,328,0.0043
Q86TL0,328,0.0043
P25686,328,0.0043
Q9BYV2,328,0.0043
Q9UPG8,328,0.0043
P01911,328,0.0043
Q86TI4,328,0.0043
Q01101,328,0.0043
Q16644,328,0.0043
Q15973,328,0.0043
Q9HC62,328,0.0043
Q14654,328,0.0043
Q8IVC4,328,0.0043
Q92481,328,0.0043
O95793,328,0.0043
Q99895,328,0.0043
Q8NGR4,328,0.0043
Q86VE9,328,0.0043
P05181,328,0.0043
Q6ICG6,328,0.0043
Q9H2B2,328,0.0043
Q8WVM8,328,0.0043
O60812,327,0.0043
P46095,327,0.0043
P50897,327,0.0043
Q8NH51,327,0.0043
A8MTJ6,327,0.0043
Q8WVR3,327,0.0043
Q13416,327,0.0043
P18505,327,0.0043
P13378,327,0.0043
P15509,327,0.0043
A6NDY0,327,0.0043
P01106,327,0.0043
Q8NGX3,327,0.0043
P08913,327,0.0043
O43395,327,0.0043
Q92536,327,0.0043
O95503,327,0.0043
Q8NGP8,327,0.0043
A5YM69,327,0.0043
Q8N3G9,327,0.0043
Q9UGI8,327,0.0043
Q96RE7,327,0.0043
Q9NVM6,327,0.0043
Q6IS24,327,0.0043
Q9BRF8,327,0.0043
O75678,327,0.0043
O95159,327,0.0043
Q8NCH0,327,0.0043
Q9HCJ6,327,0.0043
Q86UX6,327,0.0043
Q15054,327,0.0043
Q8N0W4,327,0.0043
O75879,326,0.0043
Q9UNX9,326,0.0043
A6NDP7,326,0.0043
Q86VZ4,326,0.0043
Q8TAD8,326,0.0043
Q9BSQ5,326,0.0043
Q8IV38,326,0.0043
Q9NVX7,326,0.0043
Q96T49,326,0.0043
Q96AX1,326,0.0043
Q9NXH8,326,0.0043
Q12947,326,0.0043
A6H8Z2,326,0.0043
Q9BUL5,326,0.0043
Q7KZI7,326,0.0043
O14581,326,0.0043
Q53H54,326,0.0043
Q9H175,326,0.0043
Q92546,326,0.0043
P48169,326,0.0043
P08172,326,0.0043
Q7Z6J6,326,0.0043
Q09161,326,0.0043
Q9NPG8,326,0.0043
P56202,326,0.0043
Q9NPC4,326,0.0043
Q15049,326,0.0043
P27352,326,0.0043
Q8N7C7,325,0.0043
O95006,325,0.0043
A6NJ78,325,0.0043
Q9HCI7,325,0.0043
Q4G112,325,0.0043
O95274,325,0.0043
Q13461,325,0.0043
P49756,325,0.0043
P52594,325,0.0043
Q15825,325,0.0043
Q7Z5B4,325,0.0043
Q9NPH0,325,0.0043
P05062,325,0.0043
P58181,325,0.0043
Q4VC12,325,0.0043
P36402,325,0.0043
Q5TC63,325,0.0043
Q9UHB9,325,0.0043
Q9UGH3,325,0.0043
P20138,325,0.0043
Q8N1C3,325,0.0043
P41968,325,0.0043
A4D126,325,0.0043
Q8N5D0,325,0.0043
Q96NA2,325,0.0043
Q9C0K1,325,0.0043
Q8IWV1,324,0.0043
O94842,324,0.0043
Q10981,324,0.0043
Q9H4L4,324,0.0043
Q8NGI3,324,0.0043
O14718,324,0.0043
O43615,324,0.0043
P58872,324,0.0043
Q10471,324,0.0043
Q8NGB9,324,0.0043
Q9NX74,324,0.0043
Q96RJ0,324,0.0043
Q8NHC8,324,0.0043
Q9UPE1,324,0.0043
Q92544,324,0.0043
Q9BWW8,324,0.0043
Q496M5,324,0.0043
Q8IYB5,324,0.0043
Q96G04,324,0.0043
Q96G03,324,0.0043
Q86UQ0,324,0.0043
Q8NC26,324,0.0043
O43543,324,0.0043
Q9Y512,323,0.0042
Q9NYF3,323,0.0042
Q8WZ94,323,0.0042
Q9Y5Z7,323,0.0042
Q6UXV0,323,0.0042
Q9H8X2,323,0.0042
Q96D42,323,0.0042
Q9Y3T6,323,0.0042
Q9NYW3,323,0.0042
Q8ND07,323,0.0042
Q8NA75,323,0.0042
Q6ZNG2,323,0.0042
P37059,323,0.0042
P48544,323,0.0042
Q6UWY5,323,0.0042
Q9Y297,323,0.0042
Q9UBU9,323,0.0042
P15813,323,0.0042
Q5VV42,323,0.0042
A1L020,323,0.0042
O60383,323,0.0042
P55851,323,0.0042
P41161,323,0.0042
Q96NJ6,323,0.0042
Q15599,323,0.0042
O00482,322,0.0042
Q96QZ0,322,0.0042
Q96NY7,322,0.0042
Q6X9E4,322,0.0042
Q15327,322,0.0042
Q86T26,322,0.0042
Q9NSY0,322,0.0042
Q5HYW3,322,0.0042
P15529,322,0.0042
P78347,322,0.0042
Q9H0U9,322,0.0042
Q9UI10,322,0.0042
Q8NHB7,322,0.0042
Q9BQQ3,322,0.0042
Q9Y6X5,322,0.0042
Q7L1S5,322,0.0042
O43278,322,0.0042
Q9BVA6,322,0.0042
Q9BRR6,322,0.0042
Q92925,322,0.0042
Q8NGW1,322,0.0042
Q8N8S7,322,0.0042
Q9BT04,322,0.0042
Q8NGE2,322,0.0042
Q9BS34,322,0.0042
Q8NGF7,322,0.0042
Q8NH10,322,0.0042
P36957,321,0.0042
Q96FZ2,321,0.0042
P59542,321,0.0042
Q7L1T6,321,0.0042
Q6IF42,321,0.0042
O00270,321,0.0042
O95260,321,0.0042
Q6VB84,321,0.0042
Q0VFZ6,321,0.0042
P34995,321,0.0042
Q96IK5,321,0.0042
Q13478,321,0.0042
Q96C00,321,0.0042
O60264,321,0.0042
Q9NVD3,321,0.0042
P08185,321,0.0042
Q9C0H6,321,0.0042
Q9BRR0,321,0.0042
Q8IU81,321,0.0042
Q12891,321,0.0042
Q86XE3,321,0.0042
P0CG33,321,0.0042
Q9H209,321,0.0042
Q8NHA4,320,0.0042
Q9NZ09,320,0.0042
P16233,320,0.0042
O43464,320,0.0042
Q96GP6,320,0.0042
Q15561,320,0.0042
Q96C23,320,0.0042
O43613,320,0.0042
O60711,320,0.0042
Q6ZN01,320,0.0042
O75674,320,0.0042
Q6B0B8,320,0.0042
Q96L03,320,0.0042
P34925,320,0.0042
Q8NGY9,320,0.0042
Q99788,320,0.0042
A6NCC3,320,0.0042
P29353,320,0.0042
P48039,320,0.0042
Q9Y2W6,320,0.0042
Q9H6B9,320,0.0042
Q96QK1,320,0.0042
P42685,320,0.0042
Q9NRR5,320,0.0042
Q9P0U3,320,0.0042
Q6ZSS3,320,0.0042
Q8NG80,320,0.0042
P08243,320,0.0042
Q9Y4P3,320,0.0042
Q9NTX9,320,0.0042
P16389,320,0.0042
P30260,320,0.0042
P27797,320,0.0042
Q9BZJ3,320,0.0042
Q9GZK4,320,0.0042
P17752,320,0.0042
Q9H074,320,0.0042
Q8WU20,320,0.0042
Q9H300,320,0.0042
Q9C004,319,0.0042
Q96IQ7,319,0.0042
P01717,319,0.0042
P35354,319,0.0042
Q9UDX3,319,0.0042
Q9UM63,319,0.0042
Q15077,319,0.0042
P02675,319,0.0042
Q9Y6W6,319,0.0042
Q8WV28,319,0.0042
Q6ICL7,319,0.0042
P30825,319,0.0042
O43934,319,0.0042
O95371,319,0.0042
P28906,319,0.0042
Q9BUM1,319,0.0042
Q92851,319,0.0042
Q8WXQ8,319,0.0042
Q6N075,319,0.0042
Q9UHC7,319,0.0042
O15374,319,0.0042
Q13325,319,0.0042
Q8NGZ5,319,0.0042
Q8IZD0,319,0.0042
Q7RTW8,318,0.0042
Q14296,318,0.0042
Q9P2I0,318,0.0042
Q9UNP4,318,0.0042
Q8TF63,318,0.0042
O75635,318,0.0042
Q8NGI8,318,0.0042
Q9UJU5,318,0.0042
P08138,318,0.0042
Q96KN2,318,0.0042
Q6P6B1,318,0.0042
O43929,318,0.0042
Q9H1P3,318,0.0042
Q15389,318,0.0042
Q09327,318,0.0042
O43609,318,0.0042
Q8WV24,318,0.0042
Q16280,318,0.0042
Q9UIK4,318,0.0042
O43854,318,0.0042
Q9NTN3,318,0.0042
O76100,318,0.0042
Q9H336,318,0.0042
Q9Y3A4,318,0.0042
Q9BZY9,318,0.0042
P04433,317,0.0042
Q9BWQ6,317,0.0042
P55318,317,0.0042
Q8NBT0,317,0.0042
Q96T53,317,0.0042
Q96HM7,317,0.0042
Q5W5X9,317,0.0042
Q9H9L4,317,0.0042
Q96S97,317,0.0042
Q8N660,317,0.0042
Q8N3F9,317,0.0042
Q9H4M9,317,0.0042
P20815,317,0.0042
Q86XI6,317,0.0042
Q8NFZ6,317,0.0042
Q12946,317,0.0042
Q15084,317,0.0042
P08174,317,0.0042
Q9NY27,317,0.0042
Q96T54,317,0.0042
Q9UNW8,317,0.0042
Q96S99,317,0.0042
O00471,317,0.0042
Q99460,317,0.0042
P0C0L5,317,0.0042
Q96LZ7,317,0.0042
Q96A33,317,0.0042
P18507,317,0.0042
Q9NTQ9,317,0.0042
Q96ER3,317,0.0042
Q5VW38,317,0.0042
Q15915,317,0.0042
P33032,317,0.0042
Q8NG85,317,0.0042
Q9UIJ5,317,0.0042
Q9NYY3,316,0.0042
Q96MI6,316,0.0042
Q9BYU1,316,0.0042
Q96RD1,316,0.0042
Q99469,316,0.0042
Q04771,316,0.0042
Q9GZM7,316,0.0042
Q86XJ0,316,0.0042
O15554,316,0.0042
O60906,316,0.0042
Q6UXE8,316,0.0042
Q3ZCQ8,316,0.0042
Q96L50,316,0.0042
Q96MM3,316,0.0042
Q8WY64,316,0.0042
O95872,316,0.0042
Q8N413,316,0.0042
O60404,316,0.0042
Q8NGA5,316,0.0042
P05783,316,0.0042
Q5JVS0,316,0.0042
H3BQL2,316,0.0042
P0CK96,316,0.0042
Q6PRD7,316,0.0042
Q8NBJ4,316,0.0042
Q7L5Y1,316,0.0042
P15172,316,0.0042
Q8N6Y2,316,0.0042
Q8NGT2,316,0.0042
Q9UJM3,316,0.0042
Q8N2U9,316,0.0042
Q8N7C3,316,0.0042
Q6ZNG0,316,0.0042
Q8IZP6,316,0.0042
Q9UH65,315,0.0041
Q9C0D0,315,0.0041
Q9H8G2,315,0.0041
Q15022,315,0.0041
Q86TU7,315,0.0041
Q86U10,315,0.0041
Q9UGI0,315,0.0041
Q8N357,315,0.0041
P01824,315,0.0041
Q9UL03,315,0.0041
Q13505,315,0.0041
Q9H346,315,0.0041
Q5JQS5,315,0.0041
Q9HC16,315,0.0041
P08173,315,0.0041
Q9NWX5,315,0.0041
Q9UKI8,315,0.0041
P61812,315,0.0041
Q9HBI1,315,0.0041
Q8IUR6,315,0.0041
P49281,315,0.0041
Q6PML9,315,0.0041
Q9BY21,315,0.0041
Q8NBJ7,315,0.0041
Q96SC8,315,0.0041
Q9UGK8,315,0.0041
B7ZBB8,315,0.0041
Q8NG83,315,0.0041
Q8WUA8,315,0.0041
O94923,315,0.0041
Q96R08,315,0.0041
O43895,315,0.0041
Q8IV48,315,0.0041
P36551,315,0.0041
P35452,315,0.0041
Q8WYR4,315,0.0041
Q9NPF0,314,0.0041
Q9NW68,314,0.0041
Q8NHY5,314,0.0041
Q9BXF3,314,0.0041
Q9NVR0,314,0.0041
O75503,314,0.0041
Q8NGN1,314,0.0041
Q9NYK1,314,0.0041
Q70CQ3,314,0.0041
Q9NYW1,314,0.0041
O95870,314,0.0041
Q9P0Z9,314,0.0041
Q8N967,314,0.0041
P17252,314,0.0041
Q5T9C2,314,0.0041
Q9UI42,314,0.0041
Q8IWZ4,314,0.0041
Q86VE0,314,0.0041
Q9Y2V3,314,0.0041
O95897,314,0.0041
Q06828,314,0.0041
Q495X7,314,0.0041
Q8N0V5,313,0.0041
Q86W33,313,0.0041
Q96B18,313,0.0041
Q8N0Z2,313,0.0041
Q8N142,313,0.0041
Q5VUY0,313,0.0041
Q9BR11,313,0.0041
Q96B23,313,0.0041
Q9H205,313,0.0041
Q6IF99,313,0.0041
Q6PJ21,313,0.0041
Q96PF2,313,0.0041
A6NFN9,313,0.0041
Q9NUQ7,313,0.0041
Q14142,313,0.0041
Q969W1,313,0.0041
P14902,313,0.0041
O15143,313,0.0041
Q8IWB6,313,0.0041
Q9UQR1,313,0.0041
P42224,313,0.0041
Q8N4W6,313,0.0041
Q6DD88,313,0.0041
O00321,313,0.0041
Q8NH64,313,0.0041
Q9P1P5,313,0.0041
Q8NCT1,313,0.0041
Q96H15,313,0.0041
Q8N6M5,312,0.0041
Q9NXF8,312,0.0041
Q9UG56,312,0.0041
P11117,312,0.0041
Q96KP4,312,0.0041
P28347,312,0.0041
Q6UXG3,312,0.0041
Q92743,312,0.0041
P01008,312,0.0041
Q96QD5,312,0.0041
Q8NGF1,312,0.0041
Q9UKT4,312,0.0041
Q52LJ0,312,0.0041
Q4ZJI4,312,0.0041
Q8N5J2,312,0.0041
Q8NH18,312,0.0041
Q13686,312,0.0041
P29033,312,0.0041
Q92841,312,0.0041
P51795,312,0.0041
Q86W50,312,0.0041
Q86YD5,312,0.0041
Q9UJU6,312,0.0041
A1A519,312,0.0041
Q8NH50,312,0.0041
P55899,312,0.0041
Q96KN3,311,0.0041
Q8NH56,311,0.0041
Q8NCU7,311,0.0041
P46937,311,0.0041
Q9BQ95,311,0.0041
P17302,311,0.0041
Q496Y0,311,0.0041
Q96LT9,311,0.0041
P17029,311,0.0041
Q96NX5,311,0.0041
Q9H0I9,311,0.0041
Q9Y2U5,311,0.0041
Q9BZJ6,311,0.0041
Q8NH53,311,0.0041
P22003,311,0.0041
Q6ZNF0,311,0.0041
Q9Y5A9,311,0.0041
A6NIJ9,311,0.0041
Q8N141,311,0.0041
O15151,311,0.0041
Q9UBL3,311,0.0041
Q13972,311,0.0041
Q9ULJ1,311,0.0041
Q9UBY5,311,0.0041
P00739,311,0.0041
O14717,311,0.0041
Q9BXS6,311,0.0041
P48506,311,0.0041
Q9NPE6,311,0.0041
Q8NAF0,311,0.0041
B6SEH9,311,0.0041
P51810,311,0.0041
P25705,311,0.0041
Q6QEF8,311,0.0041
P55072,311,0.0041
Q7Z6W7,311,0.0041
A6NMS7,311,0.0041
Q96LP2,311,0.0041
P31641,311,0.0041
Q13247,310,0.0041
Q15306,310,0.0041
P19971,310,0.0041
Q9UJW0,310,0.0041
Q13422,310,0.0041
Q92674,310,0.0041
Q9H4B8,310,0.0041
Q10469,310,0.0041
Q9NP81,310,0.0041
Q01718,310,0.0041
Q9H497,310,0.0041
Q8NGF0,310,0.0041
Q8N584,310,0.0041
Q9UBI9,310,0.0041
Q96PL5,310,0.0041
Q13409,310,0.0041
Q8NFT2,310,0.0041
Q6P4I2,310,0.0041
Q8WXD2,310,0.0041
O75712,310,0.0041
A5D6W6,310,0.0041
P00738,310,0.0041
Q86X02,310,0.0041
Q8IX18,310,0.0041
P08571,310,0.0041
Q9NYV7,310,0.0041
Q9H207,310,0.0041
Q9C073,310,0.0041
Q9UJV3,310,0.0041
Q8TF71,309,0.0041
Q5JST6,309,0.0041
Q2M218,309,0.0041
Q15052,309,0.0041
P19113,309,0.0041
P08237,309,0.0041
P13473,309,0.0041
P30411,309,0.0041
P47887,309,0.0041
P38571,309,0.0041
Q5VSG8,309,0.0041
Q8WYA6,309,0.0041
Q9BRT8,309,0.0041
Q96JJ3,309,0.0041
Q49A17,309,0.0041
Q15637,309,0.0041
P49005,309,0.0041
Q13617,309,0.0041
Q9NS86,309,0.0041
Q6ZU15,309,0.0041
Q96C24,309,0.0041
Q14332,309,0.0041
Q15043,309,0.0041
P48146,309,0.0041
P35410,309,0.0041
Q8WTU0,309,0.0041
Q9UJ83,309,0.0041
Q9C0J9,309,0.0041
P22001,309,0.0041
Q86W42,309,0.0041
Q676U5,308,0.004
P30837,308,0.004
Q8NGG0,308,0.004
P31271,308,0.004
P21730,308,0.004
P07947,308,0.004
Q7L513,308,0.004
Q8N628,308,0.004
Q6NXT4,308,0.004
A6NLJ0,308,0.004
Q8IVI9,308,0.004
Q96KR4,308,0.004
Q9NVM9,308,0.004
Q9UDX4,308,0.004
Q0VDF9,308,0.004
O60826,308,0.004
Q03111,308,0.004
Q8NGC7,308,0.004
O00165,308,0.004
A2VDJ0,308,0.004
Q86X27,308,0.004
O75818,308,0.004
Q13042,308,0.004
Q96DT6,307,0.004
Q5FYB0,307,0.004
Q9P215,307,0.004
Q8NFU5,307,0.004
Q9H2C5,307,0.004
Q16880,307,0.004
Q9Y251,307,0.004
Q86VQ6,307,0.004
A6NJT0,307,0.004
Q8N7Z2,307,0.004
Q5TDP6,307,0.004
Q9NPH3,307,0.004
Q9UH77,307,0.004
Q8N4L4,307,0.004
A4D263,307,0.004
P00746,307,0.004
Q9HB21,307,0.004
Q15782,307,0.004
Q02127,307,0.004
Q0ZLH3,307,0.004
Q6UX07,307,0.004
P86791,307,0.004
A6NF89,307,0.004
Q8NGH7,307,0.004
P10155,307,0.004
P09758,307,0.004
Q8NGI7,307,0.004
O00327,307,0.004
Q9BZW4,307,0.004
Q66K66,307,0.004
P17036,307,0.004
Q01850,307,0.004
Q9Y2K1,307,0.004
Q9NYW0,307,0.004
P59540,306,0.004
Q99933,306,0.004
P27216,306,0.004
Q8TDF5,306,0.004
P29274,306,0.004
Q6ZMR5,306,0.004
Q5H9M0,306,0.004
Q8WUB8,306,0.004
Q96EK9,306,0.004
Q9H4B6,306,0.004
Q9NQN1,306,0.004
P28360,306,0.004
P58658,306,0.004
P18825,306,0.004
Q86TE4,306,0.004
P36578,306,0.004
P22314,306,0.004
P52738,306,0.004
P51793,306,0.004
P54652,306,0.004
Q16570,306,0.004
Q9H598,306,0.004
O14828,306,0.004
P00813,306,0.004
P56817,306,0.004
Q8N239,306,0.004
P23490,306,0.004
Q9NWM3,306,0.004
Q8NA42,306,0.004
Q99504,306,0.004
Q8TC57,306,0.004
Q14627,306,0.004
Q9H6F5,306,0.004
Q7Z3K6,306,0.004
Q16186,306,0.004
Q9UNY5,306,0.004
O14503,306,0.004
P34949,306,0.004
A4D1S0,305,0.004
Q15124,305,0.004
P12643,305,0.004
Q9NNX1,305,0.004
Q8N468,305,0.004
P42568,305,0.004
Q9BRP1,305,0.004
Q96R67,305,0.004
Q06210,305,0.004
Q8IZA3,305,0.004
P29017,305,0.004
Q6UXI7,305,0.004
P02774,305,0.004
Q8IX90,305,0.004
Q8NG98,305,0.004
P45844,305,0.004
Q86YV6,305,0.004
Q96KK4,305,0.004
Q8NH69,305,0.004
Q13639,305,0.004
Q9NQH7,305,0.004
Q7Z7H3,305,0.004
Q15653,305,0.004
Q8IU89,305,0.004
Q14409,305,0.004
Q8TCJ0,305,0.004
P55347,305,0.004
Q8NGH8,305,0.004
A6NEQ2,305,0.004
Q6P461,305,0.004
Q6NTF9,305,0.004
Q9HC36,305,0.004
Q08629,305,0.004
O00590,305,0.004
Q6PL45,305,0.004
A8MTB9,305,0.004
Q96QI5,305,0.004
Q6ZRT6,304,0.004
Q8NH93,304,0.004
Q0D2K0,304,0.004
P0C264,304,0.004
Q9NZD1,304,0.004
Q9H1C0,304,0.004
O60381,304,0.004
Q5VXI9,304,0.004
Q9NP56,304,0.004
Q8IUD6,304,0.004
Q53HC0,304,0.004
Q5JVX7,304,0.004
Q9H322,304,0.004
P0CG12,304,0.004
P27544,304,0.004
Q07820,304,0.004
Q9NQT5,304,0.004
Q8NGG5,304,0.004
O95219,304,0.004
Q9H2U2,304,0.004
P06729,304,0.004
Q9BTD8,304,0.004
P51790,304,0.004
Q9UMX0,304,0.004
Q96FV2,304,0.004
Q15459,304,0.004
Q9NUV9,303,0.004
Q8NDZ6,303,0.004
Q8NGX0,303,0.004
Q9NQX6,303,0.004
Q99489,303,0.004
Q92484,303,0.004
Q9HDC9,303,0.004
Q6IN85,303,0.004
Q9NP31,303,0.004
P32189,303,0.004
Q9Y664,303,0.004
Q8NGR6,303,0.004
Q8WTP8,303,0.004
Q9UKT9,303,0.004
Q6P4E1,303,0.004
P30304,303,0.004
P59025,303,0.004
O94921,303,0.004
P08588,302,0.004
Q14145,302,0.004
O75602,302,0.004
Q6UXB8,302,0.004
Q7Z6M1,302,0.004
Q5EBM0,302,0.004
Q15326,302,0.004
Q9UG63,302,0.004
Q15057,302,0.004
Q8NB59,302,0.004
P29275,302,0.004
Q13606,302,0.004
P24278,302,0.004
Q9Y5U5,302,0.004
O60476,302,0.004
Q15761,302,0.004
O15504,302,0.004
Q8N5G2,302,0.004
Q5VYV7,302,0.004
P54793,302,0.004
Q9Y5Y4,302,0.004
P56645,302,0.004
Q8IUI8,302,0.004
Q15619,302,0.004
Q8TAF3,302,0.004
Q96RB7,302,0.004
Q53H12,301,0.004
P50453,301,0.004
Q86V85,301,0.004
Q8WZ55,301,0.004
Q9Y5Y5,301,0.004
Q4W5G0,301,0.004
Q9NWZ5,301,0.004
Q8NGQ5,301,0.004
P49685,301,0.004
O14986,301,0.004
Q8IWU9,301,0.004
O95400,301,0.004
P38567,301,0.004
Q9HCL3,301,0.004
Q8N7N1,301,0.004
Q96R09,301,0.004
P50479,301,0.004
Q99967,301,0.004
Q8TBE7,301,0.004
Q8WXF7,301,0.004
P30291,301,0.004
P43378,300,0.0039
Q8N7X2,300,0.0039
Q9BV79,300,0.0039
Q8NGY5,300,0.0039
Q9Y574,300,0.0039
Q9BZG8,300,0.0039
Q8IY26,300,0.0039
Q8WXF1,300,0.0039
Q86UW8,300,0.0039
Q9UNF0,300,0.0039
O14770,300,0.0039
Q96MF2,300,0.0039
Q9Y5S8,300,0.0039
A6NCS4,300,0.0039
P22612,300,0.0039
Q9UHP6,300,0.0039
Q6PIV7,300,0.0039
P34810,300,0.0039
Q6NXT6,300,0.0039
Q8IXF9,300,0.0039
Q6ZT89,300,0.0039
Q9BU70,300,0.0039
Q9H208,300,0.0039
Q92973,300,0.0039
Q8N2H9,300,0.0039
Q99624,300,0.0039
Q9BVG3,300,0.0039
A8MTY0,300,0.0039
P28324,300,0.0039
Q8NCC3,300,0.0039
Q96FG2,300,0.0039
Q7Z2Q7,300,0.0039
Q8TBX8,300,0.0039
Q9BQ04,299,0.0039
P0DJG4,299,0.0039
Q8TAT6,299,0.0039
P31948,299,0.0039
Q8N635,299,0.0039
P07550,299,0.0039
O14879,299,0.0039
P30876,299,0.0039
Q13702,299,0.0039
Q67FW5,299,0.0039
P24071,299,0.0039
Q16352,299,0.0039
Q6P1Q0,299,0.0039
Q8NER5,299,0.0039
B2RXF5,299,0.0039
Q9NZW5,299,0.0039
I1YAP6,299,0.0039
Q9NZI6,299,0.0039
Q9Y6U7,299,0.0039
Q9NXS3,299,0.0039
Q8N543,299,0.0039
Q12824,299,0.0039
Q8NHB8,299,0.0039
P49910,299,0.0039
P20142,299,0.0039
Q8N5A5,299,0.0039
O43684,299,0.0039
Q16566,298,0.0039
Q9BTT6,298,0.0039
P14867,298,0.0039
Q5SQI0,298,0.0039
Q49MI3,298,0.0039
Q9NRW7,298,0.0039
Q9BRN9,298,0.0039
Q07960,298,0.0039
Q5T764,298,0.0039
Q8NCW0,298,0.0039
Q6XE24,298,0.0039
Q8N0V4,298,0.0039
O15254,298,0.0039
P0C0S8,298,0.0039
Q5TF58,298,0.0039
Q8NGM9,298,0.0039
Q8NGE9,298,0.0039
Q32P51,298,0.0039
O95831,298,0.0039
Q969V4,298,0.0039
Q969W8,298,0.0039
Q9H0I3,298,0.0039
Q96H72,298,0.0039
O00458,298,0.0039
Q9H320,298,0.0039
Q8NGL1,298,0.0039
O00716,298,0.0039
Q9Y2X3,298,0.0039
Q9UL52,297,0.0039
O75063,297,0.0039
P06734,297,0.0039
Q8TDS7,297,0.0039
Q9Y2I8,297,0.0039
Q9UJ04,297,0.0039
O43237,297,0.0039
Q92575,297,0.0039
Q15465,297,0.0039
Q8NGC4,297,0.0039
Q9UHY8,297,0.0039
O75844,297,0.0039
Q15744,297,0.0039
Q9UL49,297,0.0039
Q9Y6V7,297,0.0039
A6NIX2,297,0.0039
P21128,297,0.0039
Q8IUR7,297,0.0039
O95136,297,0.0039
P19484,297,0.0039
Q8N819,297,0.0039
P00540,297,0.0039
Q6WN34,296,0.0039
Q3KNW5,296,0.0039
Q86SH2,296,0.0039
O43390,296,0.0039
P06331,296,0.0039
Q8TB36,296,0.0039
O95841,296,0.0039
Q6GTX8,296,0.0039
Q8NGP2,296,0.0039
Q8NGG8,296,0.0039
Q8NGR5,296,0.0039
P07199,296,0.0039
Q13506,296,0.0039
Q8NEH6,296,0.0039
Q9NV64,296,0.0039
Q96SL1,296,0.0039
P33241,296,0.0039
Q5BKX8,296,0.0039
P0C0L4,296,0.0039
Q8NH48,296,0.0039
Q687X5,296,0.0039
Q02094,296,0.0039
Q96LB8,296,0.0039
Q9H756,296,0.0039
Q6IF63,296,0.0039
Q9Y483,295,0.0039
Q9NPI9,295,0.0039
Q9H2G9,295,0.0039
Q9GZM5,295,0.0039
Q9UI12,295,0.0039
P0C874,295,0.0039
Q7L5L3,295,0.0039
Q9UJ68,295,0.0039
Q86TP1,295,0.0039
Q8TAK5,295,0.0039
P17693,295,0.0039
Q9UBU6,295,0.0039
Q96NB3,295,0.0039
B4DX44,295,0.0039
P49590,295,0.0039
O75177,295,0.0039
Q8NGI6,295,0.0039
P0CI26,295,0.0039
P19526,295,0.0039
O94826,295,0.0039
Q8NGB8,295,0.0039
Q5JTN6,295,0.0039
Q9Y2C2,295,0.0039
P51617,295,0.0039
Q9Y4P8,295,0.0039
P02749,295,0.0039
P0CB47,295,0.0039
Q8WW22,295,0.0039
Q8TD94,295,0.0039
Q15527,295,0.0039
P09622,295,0.0039
Q8N6V9,295,0.0039
Q9HBI0,294,0.0039
P07099,294,0.0039
Q15742,294,0.0039
Q9NYW2,294,0.0039
Q8N5U0,294,0.0039
Q6L8H4,294,0.0039
Q9GZU5,294,0.0039
P01762,294,0.0039
Q8WV93,294,0.0039
Q5T2W1,294,0.0039
Q08945,294,0.0039
Q9Y581,294,0.0039
Q96EP9,294,0.0039
Q9GZZ0,294,0.0039
Q6PCB8,294,0.0039
Q8NI99,294,0.0039
Q9UM21,294,0.0039
Q6UXA7,294,0.0039
Q01518,294,0.0039
Q9UI38,294,0.0039
Q9Y603,294,0.0039
Q99805,294,0.0039
Q9UHQ1,294,0.0039
P40123,294,0.0039
P63252,294,0.0039
Q9NRX5,294,0.0039
Q96BZ8,294,0.0039
Q6P2I7,294,0.0039
Q96IW2,294,0.0039
Q9Y448,293,0.0038
P15692,293,0.0038
Q96LK8,293,0.0038
Q9NXW2,293,0.0038
Q9Y3Q8,293,0.0038
Q8WU08,293,0.0038
P25311,293,0.0038
Q13946,293,0.0038
Q6ZQW0,293,0.0038
Q8NH73,293,0.0038
Q96CD0,293,0.0038
Q7Z5S9,293,0.0038
Q9BYQ5,293,0.0038
O60704,293,0.0038
Q92796,293,0.0038
Q9H6H4,293,0.0038
Q969Q1,293,0.0038
O95070,293,0.0038
Q6NZI2,293,0.0038
P49585,293,0.0038
O14842,293,0.0038
Q8WXA3,293,0.0038
A0AVI4,293,0.0038
Q9P2U7,293,0.0038
P58170,293,0.0038
Q9Y5C1,293,0.0038
Q96HJ3,293,0.0038
A4D2G3,293,0.0038
P54646,293,0.0038
Q9UH73,293,0.0038
A6NFI3,293,0.0038
Q15814,293,0.0038
Q96NG5,293,0.0038
Q5TYW2,293,0.0038
Q9NP94,293,0.0038
P41162,293,0.0038
Q99519,292,0.0038
Q8IXT2,292,0.0038
B2RXH8,292,0.0038
Q8IW70,292,0.0038
P04792,292,0.0038
P48052,292,0.0038
Q96ME7,292,0.0038
Q07869,292,0.0038
Q9NPH2,292,0.0038
Q5TC79,292,0.0038
Q08495,292,0.0038
Q5TC84,292,0.0038
P41146,292,0.0038
Q9H2F3,292,0.0038
P48444,292,0.0038
A6NCJ1,292,0.0038
Q68DK7,292,0.0038
P38606,292,0.0038
Q9Y5N1,292,0.0038
Q8NGJ1,292,0.0038
O75182,292,0.0038
Q9H3N8,292,0.0038
A2AJT9,292,0.0038
Q15743,292,0.0038
O15547,292,0.0038
P28358,292,0.0038
Q8WUJ1,292,0.0038
Q8TCG2,292,0.0038
O00186,292,0.0038
Q86YQ8,291,0.0038
P35408,291,0.0038
P23771,291,0.0038
O95231,291,0.0038
Q96RD0,291,0.0038
Q8N6S4,291,0.0038
Q2M3R5,291,0.0038
Q8N431,291,0.0038
Q6Q788,291,0.0038
P00749,291,0.0038
Q6JEL2,291,0.0038
P16519,291,0.0038
Q99795,291,0.0038
Q96B97,291,0.0038
Q11130,291,0.0038
O00628,291,0.0038
Q9ULA0,291,0.0038
Q9UBM8,291,0.0038
Q8N446,291,0.0038
Q5SQS8,291,0.0038
P26022,291,0.0038
Q6MZQ0,291,0.0038
Q9Y2I2,291,0.0038
Q8NGQ2,291,0.0038
Q9BX10,291,0.0038
Q9P1Q5,291,0.0038
Q9Y6I7,291,0.0038
Q9H814,291,0.0038
O43567,291,0.0038
Q8NDZ4,290,0.0038
O15259,290,0.0038
Q8N0Z8,290,0.0038
Q14192,290,0.0038
O15335,290,0.0038
Q71RG4,290,0.0038
Q01543,290,0.0038
E5RJM6,290,0.0038
P57082,290,0.0038
Q96CH1,290,0.0038
Q9H6R6,290,0.0038
Q9Y619,290,0.0038
P50440,290,0.0038
Q96G27,290,0.0038
Q49A26,290,0.0038
P48651,290,0.0038
Q9H8K7,290,0.0038
Q9H6Y7,290,0.0038
P35453,290,0.0038
P12318,290,0.0038
P51677,290,0.0038
Q96JY0,290,0.0038
O00421,290,0.0038
Q8N8Q9,290,0.0038
Q9P2G9,290,0.0038
Q9H1K4,290,0.0038
Q9BYF1,290,0.0038
Q969R8,290,0.0038
Q9H0A6,290,0.0038
P52948,290,0.0038
Q8NGA0,290,0.0038
Q8WWV3,290,0.0038
Q86Y37,290,0.0038
Q13683,289,0.0038
Q8N7B9,289,0.0038
P0C6C1,289,0.0038
Q13610,289,0.0038
Q9UM44,289,0.0038
Q5VV17,289,0.0038
Q96R48,289,0.0038
P11172,289,0.0038
Q15391,289,0.0038
P00387,289,0.0038
Q9Y5X3,289,0.0038
P52961,289,0.0038
Q9ULS6,289,0.0038
P04201,289,0.0038
Q9H3P7,289,0.0038
Q8N8X9,289,0.0038
O43364,289,0.0038
A6NK59,289,0.0038
Q9Y5P4,289,0.0038
Q8WUX9,289,0.0038
P30872,289,0.0038
Q9NUC0,289,0.0038
P14778,289,0.0038
O43570,289,0.0038
P41743,289,0.0038
O43866,289,0.0038
Q96LB1,289,0.0038
Q9NP62,289,0.0038
P46977,289,0.0038
Q6UX72,288,0.0038
Q8NC42,288,0.0038
Q9H1Y3,288,0.0038
P52739,288,0.0038
Q86UT8,288,0.0038
Q8NGI4,288,0.0038
P51570,288,0.0038
P28223,288,0.0038
O75312,288,0.0038
O95409,288,0.0038
Q71F23,288,0.0038
Q3ZCT1,288,0.0038
Q9UKL2,288,0.0038
P28222,288,0.0038
Q9H6A0,288,0.0038
A4D256,288,0.0038
Q8TEB9,288,0.0038
Q92874,288,0.0038
P05423,288,0.0038
O14520,288,0.0038
Q7L592,288,0.0038
O75356,288,0.0038
Q9H3H5,288,0.0038
Q9Y6M1,288,0.0038
P80217,288,0.0038
Q6P5X7,288,0.0038
Q8N349,288,0.0038
P22674,288,0.0038
O75631,287,0.0038
Q8N4T4,287,0.0038
Q5M7Z0,287,0.0038
Q9C0E8,287,0.0038
Q8NGX5,287,0.0038
Q7L3T8,287,0.0038
O95727,287,0.0038
O00624,287,0.0038
Q9BS86,287,0.0038
Q8WUA2,287,0.0038
Q99999,287,0.0038
Q5VY09,287,0.0038
Q96EV8,287,0.0038
Q05901,287,0.0038
Q96S16,287,0.0038
Q9NQ69,287,0.0038
Q02218,287,0.0038
Q9Y5P3,287,0.0038
P35462,287,0.0038
Q8IY47,287,0.0038
Q96FV9,287,0.0038
Q8NGF6,287,0.0038
Q5TAQ9,287,0.0038
O75052,287,0.0038
Q8NGJ7,287,0.0038
Q96ND8,287,0.0038
Q6B0I6,287,0.0038
P31146,287,0.0038
Q7L8J4,287,0.0038
P83110,287,0.0038
Q3KNS6,287,0.0038
Q9NS37,287,0.0038
Q9UJA5,287,0.0038
O94876,287,0.0038
P47211,287,0.0038
P49675,287,0.0038
Q7Z6B0,287,0.0038
Q8N4S7,287,0.0038
Q8WZ84,287,0.0038
Q15532,287,0.0038
Q8NBN7,286,0.0038
Q8TE12,286,0.0038
P02750,286,0.0038
P52757,286,0.0038
Q02985,286,0.0038
Q9BXW7,286,0.0038
Q9BUN1,286,0.0038
P23677,286,0.0038
Q3SY56,286,0.0038
Q92759,286,0.0038
Q8IX94,286,0.0038
Q5BKX5,286,0.0038
M0QZC1,286,0.0038
Q6J272,286,0.0038
Q8TC36,286,0.0038
O00115,286,0.0038
P35713,286,0.0038
P22748,286,0.0038
O95238,286,0.0038
Q8N9L9,286,0.0038
Q9BQI9,286,0.0038
Q5TH74,286,0.0038
Q96I15,286,0.0038
Q86YT9,286,0.0038
Q9BVV2,286,0.0038
Q08ET2,286,0.0038
P55082,285,0.0037
Q8N6S5,285,0.0037
Q8NBL1,285,0.0037
A6NGE4,285,0.0037
Q6ZN79,285,0.0037
Q8WW27,285,0.0037
P25106,285,0.0037
O00445,285,0.0037
Q8NGS4,285,0.0037
P25445,285,0.0037
Q8N4Q0,285,0.0037
Q96J42,285,0.0037
Q8NGH3,285,0.0037
Q96D31,285,0.0037
Q7Z5H5,285,0.0037
Q6YI46,285,0.0037
Q6ZVZ8,285,0.0037
Q5VZE5,285,0.0037
P50991,285,0.0037
P49908,285,0.0037
Q9BV68,285,0.0037
P54284,284,0.0037
Q9H490,284,0.0037
O14775,284,0.0037
Q2I0M4,284,0.0037
Q569H4,284,0.0037
Q6TFL4,284,0.0037
Q03933,284,0.0037
Q70EK9,284,0.0037
Q96EX2,284,0.0037
A1Z1Q3,284,0.0037
P51648,284,0.0037
P59543,284,0.0037
Q6BCY4,284,0.0037
P25874,284,0.0037
Q00056,284,0.0037
P13196,284,0.0037
Q00978,284,0.0037
P25189,284,0.0037
Q8TCP9,284,0.0037
Q7Z5M8,284,0.0037
Q8ND82,284,0.0037
Q9Y6K8,284,0.0037
Q9H707,284,0.0037
Q05084,284,0.0037
P48728,284,0.0037
Q9NQQ7,284,0.0037
Q9NYZ2,284,0.0037
Q95460,283,0.0037
Q8IWR1,283,0.0037
P01589,283,0.0037
Q9BT17,283,0.0037
P10451,283,0.0037
Q8NGX9,283,0.0037
O75121,283,0.0037
P40926,283,0.0037
Q13137,283,0.0037
O14863,283,0.0037
Q9UKX7,283,0.0037
A6NHT5,283,0.0037
Q6ZWT7,283,0.0037
Q3B726,283,0.0037
P17480,283,0.0037
O94966,283,0.0037
Q8WTV0,283,0.0037
P48426,283,0.0037
Q96AM1,283,0.0037
P98175,283,0.0037
O94766,283,0.0037
O15264,283,0.0037
E7ERA6,283,0.0037
P22897,283,0.0037
Q9NUD7,283,0.0037
Q9HD90,283,0.0037
Q9UBT2,283,0.0037
P50461,283,0.0037
Q9UGC7,283,0.0037
Q9H6W3,283,0.0037
Q9C0C6,283,0.0037
Q9GZV5,282,0.0037
Q8NHS0,282,0.0037
Q03591,282,0.0037
Q9NQZ5,282,0.0037
Q6NTE8,282,0.0037
Q8NCF5,282,0.0037
O95741,282,0.0037
Q8NGN0,282,0.0037
Q14012,282,0.0037
Q9NR97,282,0.0037
Q9H3G5,282,0.0037
Q86VV4,282,0.0037
Q9NYV9,282,0.0037
Q8TAQ9,282,0.0037
Q96C55,282,0.0037
Q9BZJ8,282,0.0037
P43405,282,0.0037
Q8NGT0,282,0.0037
A6NFU0,282,0.0037
P48547,282,0.0037
Q5SSJ5,282,0.0037
Q9UID6,282,0.0037
Q8NBI6,282,0.0037
P09914,282,0.0037
Q8IXQ4,282,0.0037
Q9Y2U2,281,0.0037
Q9HCU5,281,0.0037
Q504Y3,281,0.0037
Q5VWJ9,281,0.0037
Q96ER9,281,0.0037
Q9UJN7,281,0.0037
Q5HYM0,281,0.0037
Q16769,281,0.0037
P50222,281,0.0037
P30532,281,0.0037
P48448,281,0.0037
Q8N9I0,281,0.0037
Q2NL67,281,0.0037
Q7L5N7,281,0.0037
Q3KQZ1,281,0.0037
P15086,281,0.0037
P05121,281,0.0037
Q5R3I4,281,0.0037
Q96CM3,281,0.0037
P78348,281,0.0037
O00204,281,0.0037
P55010,281,0.0037
Q96CB8,281,0.0037
O75449,281,0.0037
P17600,281,0.0037
P18827,280,0.0037
A6NM36,280,0.0037
O43889,280,0.0037
Q9NUR3,280,0.0037
Q6ZMG9,280,0.0037
Q9BTY2,280,0.0037
Q92570,280,0.0037
O75874,280,0.0037
P55771,280,0.0037
O95394,280,0.0037
Q13887,280,0.0037
Q9UQ16,280,0.0037
P14151,280,0.0037
P0DJD1,280,0.0037
P00797,280,0.0037
Q96LW9,280,0.0037
Q9NYV8,280,0.0037
Q5U5R9,280,0.0037
P02686,280,0.0037
Q9HCN6,279,0.0037
Q16526,279,0.0037
Q9BZE1,279,0.0037
Q86WG3,279,0.0037
O95502,279,0.0037
Q9Y2D1,279,0.0037
Q99538,279,0.0037
Q96DW6,279,0.0037
P49915,279,0.0037
P51003,279,0.0037
P0C025,279,0.0037
Q9BXG8,279,0.0037
P30968,279,0.0037
Q7L8A9,279,0.0037
O14908,279,0.0037
O14896,279,0.0037
O00180,279,0.0037
Q6UWI4,279,0.0037
Q8N136,279,0.0037
Q6P047,279,0.0037
Q9C086,279,0.0037
Q9H156,279,0.0037
O15229,279,0.0037
Q86X95,279,0.0037
Q6PKH6,279,0.0037
Q8IUC8,279,0.0037
Q13573,279,0.0037
Q8NGJ5,279,0.0037
Q53F39,279,0.0037
Q5VY80,279,0.0037
A8MXV6,278,0.0037
O00254,278,0.0037
Q9NRG7,278,0.0037
Q9NXS2,278,0.0037
Q9NQ87,278,0.0037
Q8N4L8,278,0.0037
P14416,278,0.0037
Q8NET6,278,0.0037
O76027,278,0.0037
Q8IVL8,278,0.0037
Q9NQZ2,278,0.0037
Q9HD23,278,0.0037
Q5SWL8,278,0.0037
Q5T5D7,278,0.0037
Q9Y6A1,278,0.0037
Q96I82,278,0.0037
Q9UBM4,278,0.0037
Q3KQV9,278,0.0037
Q9BYG4,278,0.0037
P46976,278,0.0037
Q8TBN0,278,0.0037
O95076,278,0.0037
Q5DX21,278,0.0037
Q6X784,278,0.0037
P31997,278,0.0037
Q9HAT8,277,0.0036
Q5MNZ9,277,0.0036
P47972,277,0.0036
P38484,277,0.0036
P18615,277,0.0036
Q7L3B6,277,0.0036
Q9Y240,277,0.0036
Q5SZB4,277,0.0036
Q9Y4J8,277,0.0036
Q96CX3,277,0.0036
A6NM62,277,0.0036
Q9UMQ3,277,0.0036
P53778,277,0.0036
P41279,277,0.0036
Q13454,277,0.0036
P13686,277,0.0036
Q8N7A1,277,0.0036
O95393,277,0.0036
P28328,277,0.0036
Q9NXW9,277,0.0036
Q4V9L6,277,0.0036
Q9Y6Y0,277,0.0036
Q9BYB4,277,0.0036
O43824,277,0.0036
Q01064,277,0.0036
A1L453,277,0.0036
Q96Q35,277,0.0036
P06727,277,0.0036
Q5TD97,277,0.0036
Q9P0N9,277,0.0036
Q8NAP8,277,0.0036
P02760,277,0.0036
Q86XI8,277,0.0036
Q9C056,277,0.0036
Q15622,277,0.0036
Q13643,276,0.0036
Q92551,276,0.0036
Q969H0,276,0.0036
Q03405,276,0.0036
P35237,276,0.0036
P30838,276,0.0036
Q00537,276,0.0036
P41143,276,0.0036
O95084,276,0.0036
Q9BXM9,276,0.0036
Q96NU7,276,0.0036
Q9UKL0,276,0.0036
Q5VV52,276,0.0036
O00622,276,0.0036
Q9P2K6,276,0.0036
Q15699,276,0.0036
O75144,276,0.0036
Q9H668,276,0.0036
Q9Y285,276,0.0036
P04180,276,0.0036
Q8WWY8,276,0.0036
Q96G75,275,0.0036
Q9UKV8,275,0.0036
P03915,275,0.0036
Q9HBH5,275,0.0036
Q6FHJ7,275,0.0036
Q8NH42,275,0.0036
Q6ZNW5,275,0.0036
P40425,275,0.0036
Q8N0Z6,275,0.0036
O95782,275,0.0036
P0C7T3,275,0.0036
O60870,275,0.0036
Q5RL73,275,0.0036
B5MCN3,275,0.0036
P08637,275,0.0036
Q96CA5,275,0.0036
Q9NXE8,275,0.0036
Q9NS75,275,0.0036
Q9NX05,275,0.0036
Q5JVG8,275,0.0036
Q8IUH5,275,0.0036
O00602,275,0.0036
Q5XG99,275,0.0036
Q8NHQ8,275,0.0036
Q8IW00,275,0.0036
Q99607,275,0.0036
Q4G148,275,0.0036
Q2KHN1,274,0.0036
O75949,274,0.0036
Q96PE3,274,0.0036
Q13607,274,0.0036
Q9H9H4,274,0.0036
O00292,274,0.0036
Q9Y458,274,0.0036
Q86V25,274,0.0036
Q9BVJ6,274,0.0036
P16520,274,0.0036
Q8WUF8,274,0.0036
Q9HB07,274,0.0036
Q8N8U3,274,0.0036
B4DS77,274,0.0036
Q9H425,274,0.0036
O43820,274,0.0036
Q8TAU0,274,0.0036
Q13077,274,0.0036
Q9H2H9,274,0.0036
Q9Y279,274,0.0036
Q9GZP7,274,0.0036
Q15434,274,0.0036
P02679,274,0.0036
Q9P0V8,274,0.0036
Q6IFH4,274,0.0036
O43248,273,0.0036
Q6PK04,273,0.0036
Q8N5T2,273,0.0036
Q8N5B7,273,0.0036
O75444,273,0.0036
P30874,273,0.0036
Q9H2D1,273,0.0036
O95210,273,0.0036
P49411,273,0.0036
Q8NGS5,273,0.0036
Q8NGT1,273,0.0036
Q05925,273,0.0036
P24588,273,0.0036
Q86TM3,273,0.0036
Q6UXD7,273,0.0036
B2RXF0,273,0.0036
Q6DJT9,273,0.0036
Q9UG22,273,0.0036
Q8NGV7,273,0.0036
Q9BZM5,273,0.0036
P60410,273,0.0036
A6NND4,273,0.0036
Q9BT49,273,0.0036
Q01459,273,0.0036
Q8TB40,272,0.0036
Q6P1R3,272,0.0036
F5GYI3,272,0.0036
Q7Z4N8,272,0.0036
Q96K12,272,0.0036
Q15554,272,0.0036
Q96F86,272,0.0036
Q8IWB7,272,0.0036
P78508,272,0.0036
P57796,272,0.0036
P17844,272,0.0036
Q9BQC3,272,0.0036
Q8NA56,272,0.0036
P05111,272,0.0036
Q9H4I3,272,0.0036
Q96EB1,272,0.0036
Q13609,272,0.0036
O60729,272,0.0036
Q96IZ7,272,0.0036
Q6P6B7,272,0.0036
Q9BQI4,272,0.0036
Q15697,272,0.0036
P11836,272,0.0036
P29350,272,0.0036
Q13685,272,0.0036
P36021,272,0.0036
O95628,272,0.0036
Q9H321,272,0.0036
P50221,272,0.0036
A6NL08,272,0.0036
O43353,272,0.0036
Q6P444,272,0.0036
Q7Z429,272,0.0036
Q8N148,272,0.0036
Q12899,272,0.0036
P11801,272,0.0036
Q9H8Y8,272,0.0036
Q99755,272,0.0036
Q8N371,271,0.0036
Q49AN0,271,0.0036
Q969V5,271,0.0036
O43660,271,0.0036
Q8N859,271,0.0036
P20231,271,0.0036
A6NDS4,271,0.0036
P29401,271,0.0036
Q96E29,271,0.0036
O00322,271,0.0036
Q9NPF5,271,0.0036
O43148,271,0.0036
Q14549,271,0.0036
P35218,271,0.0036
P21728,271,0.0036
Q12857,271,0.0036
Q9UHD9,271,0.0036
P25963,271,0.0036
Q8N8M0,271,0.0036
P14653,271,0.0036
Q8NGF4,271,0.0036
Q9H568,271,0.0036
Q9HC21,271,0.0036
P43115,271,0.0036
Q5VYX0,271,0.0036
Q7Z6M4,271,0.0036
P50225,271,0.0036
P35227,271,0.0036
Q16798,271,0.0036
Q3SX64,271,0.0036
P59797,271,0.0036
Q9NX46,271,0.0036
Q92569,271,0.0036
Q2MJR0,271,0.0036
O75439,271,0.0036
Q8IZE3,270,0.0035
Q9UBP4,270,0.0035
Q9NX62,270,0.0035
Q9NYD6,270,0.0035
O75648,270,0.0035
Q69YZ2,270,0.0035
Q49AM1,270,0.0035
O43719,270,0.0035
Q5T4F7,270,0.0035
Q14CZ8,270,0.0035
O60412,270,0.0035
Q86UA1,270,0.0035
Q99679,270,0.0035
Q9BRQ0,270,0.0035
Q8NEA9,270,0.0035
Q8N609,270,0.0035
Q2VIR3,270,0.0035
Q9UIA0,270,0.0035
P10644,270,0.0035
Q8IWU4,270,0.0035
Q9UEE5,270,0.0035
Q13508,270,0.0035
Q9BQG2,270,0.0035
O43772,270,0.0035
P29460,270,0.0035
P48745,270,0.0035
Q9C009,269,0.0035
Q9Y5W5,269,0.0035
Q8TBJ5,269,0.0035
Q30201,269,0.0035
Q8NFJ8,269,0.0035
P46091,269,0.0035
Q9H6Q4,269,0.0035
Q9BY76,269,0.0035
Q9BQP7,269,0.0035
O00155,269,0.0035
P47890,269,0.0035
Q8N0W5,269,0.0035
Q92466,269,0.0035
P13797,269,0.0035
P10619,269,0.0035
Q9HBY8,269,0.0035
Q08334,269,0.0035
Q8IYD2,269,0.0035
P35398,269,0.0035
Q9Y661,269,0.0035
Q8NGJ0,269,0.0035
Q15011,269,0.0035
Q7Z6J8,269,0.0035
P31269,269,0.0035
Q9UHE8,268,0.0035
Q96HP4,268,0.0035
Q92886,268,0.0035
P48443,268,0.0035
P29083,268,0.0035
P78352,268,0.0035
A6NCW7,268,0.0035
Q6UXB0,268,0.0035
P51813,268,0.0035
Q8IXI2,268,0.0035
Q5NUL3,268,0.0035
Q99608,268,0.0035
A6NE02,268,0.0035
P15036,268,0.0035
Q8WWW0,268,0.0035
Q8NGL7,268,0.0035
Q16342,268,0.0035
P60014,268,0.0035
Q5TGJ6,268,0.0035
A8MZ36,268,0.0035
Q3MIR4,268,0.0035
Q7Z602,268,0.0035
Q8N614,268,0.0035
P78334,268,0.0035
Q8WTS1,268,0.0035
P18075,268,0.0035
Q7Z614,267,0.0035
Q6UE05,267,0.0035
P43353,267,0.0035
A0A0B4J1V0,267,0.0035
Q9UL42,267,0.0035
Q6IFN5,267,0.0035
P13010,267,0.0035
Q9BZE3,267,0.0035
Q9UN76,267,0.0035
O60243,267,0.0035
Q9HCN4,267,0.0035
Q9H078,267,0.0035
Q8NGM8,267,0.0035
Q9H845,267,0.0035
Q9NQ89,267,0.0035
Q8IUX8,267,0.0035
Q15406,267,0.0035
Q96MA6,267,0.0035
Q9NR23,267,0.0035
Q9UQ03,267,0.0035
Q6PD74,267,0.0035
Q8N782,267,0.0035
Q12904,267,0.0035
Q5T7V8,267,0.0035
Q96DZ5,267,0.0035
P80365,267,0.0035
Q9HB40,267,0.0035
O15075,266,0.0035
Q9UBI4,266,0.0035
P13598,266,0.0035
Q5T0N5,266,0.0035
P35212,266,0.0035
P10323,266,0.0035
Q5VYY2,266,0.0035
Q6UXZ0,266,0.0035
Q06265,266,0.0035
Q5T9G4,266,0.0035
P25685,266,0.0035
P21554,266,0.0035
P40199,266,0.0035
P01210,266,0.0035
Q16585,266,0.0035
Q16533,266,0.0035
O75208,266,0.0035
Q6ZRP0,266,0.0035
Q96SY0,266,0.0035
Q8N386,266,0.0035
O43505,266,0.0035
O15535,266,0.0035
P26439,266,0.0035
Q96F07,266,0.0035
A6NI79,266,0.0035
Q9NSC5,266,0.0035
Q9Y4C2,266,0.0035
P01871,266,0.0035
Q9H2L5,266,0.0035
Q8ND56,266,0.0035
P30153,265,0.0035
O75610,265,0.0035
Q16795,265,0.0035
Q9NV92,265,0.0035
Q53G59,265,0.0035
P49767,265,0.0035
Q9Y2T5,265,0.0035
Q3YBM2,265,0.0035
P0DMS8,265,0.0035
P17658,265,0.0035
Q8N813,265,0.0035
O15123,265,0.0035
Q8NBX0,265,0.0035
P60413,265,0.0035
Q9H6B4,265,0.0035
Q6NSX1,265,0.0035
Q3SY17,265,0.0035
Q86UW1,265,0.0035
O95922,265,0.0035
Q1HG43,265,0.0035
Q9UKZ1,265,0.0035
P10809,265,0.0035
Q9UGJ1,265,0.0035
Q8NEY3,265,0.0035
Q9Y3A0,265,0.0035
O15105,265,0.0035
P46089,265,0.0035
P43357,265,0.0035
Q9Y259,265,0.0035
Q9HAZ1,265,0.0035
Q8NHC7,265,0.0035
A0A0C4DH38,265,0.0035
Q5M9Q1,264,0.0035
Q7KZN9,264,0.0035
Q8NG99,264,0.0035
Q96R30,264,0.0035
O43300,264,0.0035
Q9BWV3,264,0.0035
Q13564,264,0.0035
Q96GR4,264,0.0035
P58180,264,0.0035
P57078,264,0.0035
Q9P287,264,0.0035
Q2I0M5,264,0.0035
O95484,264,0.0035
Q5JXA9,264,0.0035
Q9NYA1,264,0.0035
Q14330,264,0.0035
Q9H2A2,264,0.0035
O00358,264,0.0035
Q9NSI8,264,0.0035
Q8NGZ4,264,0.0035
Q9NXG6,264,0.0035
Q16775,264,0.0035
P48742,264,0.0035
Q9BUV0,264,0.0035
O00273,264,0.0035
Q9BXJ8,264,0.0035
P55085,264,0.0035
Q9H4I8,263,0.0035
O60755,263,0.0035
P34998,263,0.0035
Q9BW62,263,0.0035
O00533,263,0.0035
O00506,263,0.0035
Q9UPT5,263,0.0035
A6NM76,263,0.0035
Q6PKC3,263,0.0035
Q13188,263,0.0035
Q8N8D1,263,0.0035
Q9UBX3,263,0.0035
P43657,263,0.0035
Q6TCH4,263,0.0035
Q70YC5,263,0.0035
Q96K30,263,0.0035
Q8NGT7,263,0.0035
Q9BRI3,263,0.0035
O00116,263,0.0035
Q9GZL7,263,0.0035
Q86SK9,263,0.0035
Q8IXU6,263,0.0035
Q9Y519,263,0.0035
Q75WM6,263,0.0035
O43813,263,0.0035
A1E959,263,0.0035
Q6UY11,263,0.0035
Q9P109,263,0.0035
P30556,263,0.0035
Q9UF02,263,0.0035
Q15166,263,0.0035
Q16690,263,0.0035
P25116,262,0.0034
Q5T6S3,262,0.0034
O14556,262,0.0034
Q9NWS8,262,0.0034
Q8IVS2,262,0.0034
O76075,262,0.0034
Q8NC56,262,0.0034
Q7Z5Y7,262,0.0034
P05814,262,0.0034
Q5FYA8,262,0.0034
O60235,262,0.0034
Q9NYW6,262,0.0034
Q2T9K0,262,0.0034
Q16254,262,0.0034
P49146,262,0.0034
Q6ZMC9,262,0.0034
Q6P093,262,0.0034
A6NED2,262,0.0034
Q8TC99,262,0.0034
Q6PIY5,262,0.0034
P28356,262,0.0034
P42330,262,0.0034
Q9H0S4,262,0.0034
Q86U44,262,0.0034
Q96DV4,262,0.0034
P34972,262,0.0034
Q8NEY4,262,0.0034
P21815,262,0.0034
P11308,262,0.0034
O95229,262,0.0034
P31751,261,0.0034
Q8WXF8,261,0.0034
Q8WVZ7,261,0.0034
P09001,261,0.0034
P08034,261,0.0034
Q9Y6I4,261,0.0034
Q02750,261,0.0034
P01817,261,0.0034
O95684,261,0.0034
Q5VZ19,261,0.0034
Q86XS8,261,0.0034
Q9UJQ1,261,0.0034
Q8N680,261,0.0034
Q8IXX5,261,0.0034
A6NFK2,261,0.0034
O95096,261,0.0034
Q9HBW0,261,0.0034
P48637,261,0.0034
Q9BWS9,261,0.0034
P14138,261,0.0034
Q9GZS1,261,0.0034
P58004,261,0.0034
Q86WK9,261,0.0034
P60368,261,0.0034
Q30154,261,0.0034
Q16654,261,0.0034
O15344,261,0.0034
Q8TAS1,261,0.0034
Q8TC76,261,0.0034
Q15617,260,0.0034
Q6NYC1,260,0.0034
P86790,260,0.0034
Q92844,260,0.0034
Q92903,260,0.0034
Q5T953,260,0.0034
Q9H6U8,260,0.0034
Q15612,260,0.0034
Q5TKA1,260,0.0034
Q6DWJ6,260,0.0034
Q16851,260,0.0034
Q9ULW3,260,0.0034
Q9H0C2,260,0.0034
O95567,260,0.0034
Q8NGS7,260,0.0034
Q6IMI4,260,0.0034
Q9H6D3,260,0.0034
Q96PL2,260,0.0034
Q96K37,260,0.0034
Q9NZI8,260,0.0034
Q13601,260,0.0034
Q15760,260,0.0034
Q8N0S2,260,0.0034
Q8WXH5,260,0.0034
P25090,260,0.0034
Q96F63,260,0.0034
P29966,260,0.0034
Q9BQ51,260,0.0034
Q9C0F1,260,0.0034
Q9UHF1,260,0.0034
Q8NBV4,260,0.0034
Q5T8I9,260,0.0034
Q9Y6M0,260,0.0034
A6NCN8,260,0.0034
Q8IXQ5,259,0.0034
Q6NVV3,259,0.0034
Q6PGN9,259,0.0034
O95396,259,0.0034
Q8NFQ8,259,0.0034
Q8WUD6,259,0.0034
Q6IPT4,259,0.0034
O94925,259,0.0034
Q86TX2,259,0.0034
Q8IYU8,259,0.0034
O95944,259,0.0034
Q96P68,259,0.0034
Q96L58,259,0.0034
Q16222,259,0.0034
Q8TED0,259,0.0034
Q96JA3,259,0.0034
P48723,259,0.0034
A0A0J9YWL9,259,0.0034
Q641Q3,259,0.0034
Q96RA2,259,0.0034
Q96KP6,259,0.0034
Q9NZL4,259,0.0034
Q9NRS6,259,0.0034
Q96P53,259,0.0034
Q9NUJ3,259,0.0034
Q86XS5,258,0.0034
O60551,258,0.0034
P78563,258,0.0034
Q92552,258,0.0034
Q9BYG3,258,0.0034
Q96SL8,258,0.0034
Q5GH77,258,0.0034
Q13131,258,0.0034
Q9NXR5,258,0.0034
Q13217,258,0.0034
Q15818,258,0.0034
P23515,258,0.0034
O95721,258,0.0034
Q15050,258,0.0034
Q8N365,258,0.0034
Q96RC9,258,0.0034
Q16643,258,0.0034
Q9Y5V3,258,0.0034
P58173,258,0.0034
Q5T2D2,258,0.0034
Q92537,258,0.0034
Q9BUZ4,258,0.0034
Q96K80,258,0.0034
Q5VUJ6,257,0.0034
Q8IW52,257,0.0034
Q9H8M7,257,0.0034
P32019,257,0.0034
Q9H244,257,0.0034
O75909,257,0.0034
A8MV23,257,0.0034
Q9UJX2,257,0.0034
O75558,257,0.0034
Q2VPJ9,257,0.0034
Q13163,257,0.0034
Q92800,257,0.0034
P23025,257,0.0034
Q5VXJ0,257,0.0034
Q9NY97,257,0.0034
Q8WVV9,257,0.0034
Q9NYW4,257,0.0034
Q96R27,257,0.0034
Q8NGI9,257,0.0034
P35247,257,0.0034
Q96BY9,257,0.0034
Q5T6F0,256,0.0034
A6XGL0,256,0.0034
Q8N6G2,256,0.0034
Q9NYT0,256,0.0034
Q9HB65,256,0.0034
P51504,256,0.0034
Q5VYS4,256,0.0034
Q96NL1,256,0.0034
P14866,256,0.0034
Q8NDH3,256,0.0034
Q06187,256,0.0034
Q7Z4H9,256,0.0034
Q9Y4X4,256,0.0034
Q9BZW5,256,0.0034
Q96EW2,256,0.0034
Q14119,256,0.0034
Q9NUQ3,256,0.0034
Q8NC24,256,0.0034
Q8WU79,256,0.0034
O60506,256,0.0034
Q96EM0,256,0.0034
P54274,256,0.0034
Q15620,256,0.0034
Q96BR9,256,0.0034
A6NGN9,256,0.0034
Q08830,256,0.0034
Q9BRP4,256,0.0034
O60313,256,0.0034
Q8NHC5,256,0.0034
P58418,256,0.0034
O14524,256,0.0034
Q8NGG6,256,0.0034
Q6P1A2,256,0.0034
P36941,255,0.0033
Q9UK58,255,0.0033
O75628,255,0.0033
Q15485,255,0.0033
O60667,255,0.0033
Q9BQT8,255,0.0033
O60861,255,0.0033
Q69YN2,255,0.0033
P83105,255,0.0033
Q8NH54,255,0.0033
Q9BRX9,255,0.0033
A6NEV1,255,0.0033
Q9UJ42,255,0.0033
P80748,255,0.0033
Q6RFH5,255,0.0033
P07355,255,0.0033
Q9BZM6,255,0.0033
Q13618,255,0.0033
Q15526,255,0.0033
Q9NTI7,255,0.0033
Q9BY71,255,0.0033
O75521,255,0.0033
O60687,255,0.0033
P15336,255,0.0033
P48163,255,0.0033
Q5VZI3,255,0.0033
P21854,255,0.0033
Q96J87,255,0.0033
P61647,255,0.0033
A0PJZ3,255,0.0033
P11229,255,0.0033
Q8N126,255,0.0033
Q8N7G0,255,0.0033
Q9Y548,255,0.0033
O43529,255,0.0033
P23415,255,0.0033
O14874,255,0.0033
P22760,255,0.0033
Q8N3R3,255,0.0033
Q9UBP5,255,0.0033
P28838,255,0.0033
Q53S58,254,0.0033
Q9BYQ8,254,0.0033
Q86YW5,254,0.0033
Q9HC57,254,0.0033
Q6ISU1,254,0.0033
Q9BYC2,254,0.0033
Q13103,254,0.0033
Q9HCF6,254,0.0033
P59534,254,0.0033
Q9Y5Q0,254,0.0033
O75541,254,0.0033
P31930,254,0.0033
P82675,254,0.0033
P01624,254,0.0033
P28566,254,0.0033
Q9GZM6,254,0.0033
P20749,254,0.0033
P51686,254,0.0033
Q9UJ37,254,0.0033
A6NI73,254,0.0033
O00571,254,0.0033
Q8NEP7,254,0.0033
Q9UJU2,254,0.0033
A8MV65,254,0.0033
Q3YBR2,254,0.0033
Q15018,254,0.0033
Q96BZ9,254,0.0033
Q9Y2V2,254,0.0033
A0A0B4J1V1,254,0.0033
Q9H841,254,0.0033
Q7Z4P5,253,0.0033
A6NL26,253,0.0033
Q96A70,253,0.0033
Q96MG7,253,0.0033
A6NGH8,253,0.0033
Q86WC4,253,0.0033
Q9UJD0,253,0.0033
Q9GZT8,253,0.0033
Q8NGR8,253,0.0033
P59536,253,0.0033
Q9NVV0,253,0.0033
P34981,253,0.0033
Q02083,253,0.0033
Q9UJ71,253,0.0033
P49368,253,0.0033
O95551,253,0.0033
Q96F44,253,0.0033
P05981,253,0.0033
P23381,253,0.0033
Q9H0R6,253,0.0033
Q06787,253,0.0033
Q9H0C5,253,0.0033
Q9BWX1,253,0.0033
Q8N5Y8,253,0.0033
Q8IYB4,252,0.0033
O94952,252,0.0033
Q96CW6,252,0.0033
O60512,252,0.0033
P09913,252,0.0033
Q9UEW8,252,0.0033
Q96JP0,252,0.0033
Q3KPI0,252,0.0033
Q3LI83,252,0.0033
Q7LFL8,252,0.0033
Q99944,252,0.0033
Q9UL18,252,0.0033
Q96SI9,252,0.0033
P30953,252,0.0033
Q1W6H9,252,0.0033
Q5QP82,252,0.0033
Q9C0D3,252,0.0033
Q9HA64,252,0.0033
P06239,252,0.0033
Q8IYL3,252,0.0033
P17542,252,0.0033
Q9UQK1,252,0.0033
Q9UN36,252,0.0033
P31483,251,0.0033
A5D8V6,251,0.0033
O14948,251,0.0033
Q86VK4,251,0.0033
Q6UXH1,251,0.0033
Q8WXG1,251,0.0033
Q6AZW8,251,0.0033
Q9UJ41,251,0.0033
Q9HBV2,251,0.0033
Q6ZQN5,251,0.0033
Q5JS13,251,0.0033
A4D2H0,251,0.0033
Q96LL9,251,0.0033
Q96A23,251,0.0033
P04839,251,0.0033
Q92526,251,0.0033
Q7Z769,251,0.0033
P12314,251,0.0033
P49116,251,0.0033
Q13287,251,0.0033
O00401,251,0.0033
Q9HBL8,251,0.0033
Q8N752,251,0.0033
P53007,251,0.0033
Q02790,251,0.0033
Q8N2R8,251,0.0033
O75031,250,0.0033
Q9UL62,250,0.0033
P56178,250,0.0033
Q9Y2T7,250,0.0033
O60759,250,0.0033
Q9P2R7,250,0.0033
Q9NXK8,250,0.0033
Q9BX40,250,0.0033
Q0VDG4,250,0.0033
O95149,250,0.0033
Q8N5C8,250,0.0033
Q01094,250,0.0033
Q15287,250,0.0033
P13498,250,0.0033
P50226,250,0.0033
Q9NP79,250,0.0033
Q8WTQ4,250,0.0033
Q8NEY8,250,0.0033
A4D1E9,250,0.0033
Q8NGS1,250,0.0033
Q9Y2T6,250,0.0033
Q6SJ96,250,0.0033
P50458,250,0.0033
P11488,250,0.0033
Q9UK22,249,0.0033
P57723,249,0.0033
Q96BY2,249,0.0033
O15131,249,0.0033
P31277,249,0.0033
Q6UWI2,249,0.0033
Q9BXI2,249,0.0033
Q8NGY6,249,0.0033
P35548,249,0.0033
Q96GD4,249,0.0033
Q6UX98,249,0.0033
Q13177,249,0.0033
Q7L4P6,249,0.0033
Q92784,249,0.0033
Q8TBY0,249,0.0033
P15882,249,0.0033
Q8NGZ9,249,0.0033
P09769,249,0.0033
Q8TD46,249,0.0033
Q6UW56,249,0.0033
Q9BQP9,249,0.0033
Q96BR1,249,0.0033
Q9NSA2,249,0.0033
Q9Y262,249,0.0033
P80723,249,0.0033
P01189,249,0.0033
Q5T0B9,249,0.0033
Q9BSV6,249,0.0033
Q9Y5Y7,249,0.0033
Q13761,249,0.0033
O60508,249,0.0033
P55040,249,0.0033
P51512,249,0.0033
Q13084,249,0.0033
Q5SW96,249,0.0033
Q0VAM2,248,0.0033
Q7Z7N9,248,0.0033
P78410,248,0.0033
Q96IV6,248,0.0033
Q05329,248,0.0033
P78539,248,0.0033
Q14642,248,0.0033
P78345,248,0.0033
Q8NCJ5,248,0.0033
Q9Y6M5,248,0.0033
O77932,248,0.0033
O76000,248,0.0033
P14635,248,0.0033
P55087,248,0.0033
Q8N7C0,248,0.0033
P35236,248,0.0033
A6NJZ3,248,0.0033
Q8WVZ1,248,0.0033
Q16877,248,0.0033
P36406,248,0.0033
P11474,248,0.0033
P82933,248,0.0033
Q6ZUB0,248,0.0033
O94864,248,0.0033
P58182,248,0.0033
Q9UKZ9,248,0.0033
Q96H22,248,0.0033
Q9Y5N6,248,0.0033
Q6GMV2,248,0.0033
Q9BT88,248,0.0033
A4D161,248,0.0033
Q8NHS9,248,0.0033
A6NNA5,248,0.0033
Q99983,248,0.0033
P31213,247,0.0032
Q8WVX9,247,0.0032
Q9H6J7,247,0.0032
Q96N19,247,0.0032
P42768,247,0.0032
P48643,247,0.0032
A8MXD5,247,0.0032
Q12796,247,0.0032
O75689,247,0.0032
O14757,247,0.0032
Q96MT1,247,0.0032
A6NMN3,247,0.0032
P23368,247,0.0032
Q49AR2,247,0.0032
O60930,247,0.0032
Q8IWF6,247,0.0032
Q2M1V0,247,0.0032
Q7RTR8,247,0.0032
Q08752,247,0.0032
Q96IY4,247,0.0032
P36952,247,0.0032
Q8WVV4,247,0.0032
P17544,247,0.0032
Q9Y2U9,247,0.0032
Q96E22,247,0.0032
Q8NGZ6,247,0.0032
P15291,247,0.0032
Q9ULZ2,247,0.0032
Q8N4V2,247,0.0032
Q16649,247,0.0032
Q96FM1,247,0.0032
P15976,246,0.0032
Q16621,246,0.0032
Q99424,246,0.0032
Q96MW7,246,0.0032
P16870,246,0.0032
P56589,246,0.0032
Q9NZN1,246,0.0032
P55084,246,0.0032
Q5T653,246,0.0032
O15165,246,0.0032
Q02153,246,0.0032
Q6DD87,246,0.0032
Q96D70,246,0.0032
Q5VU57,246,0.0032
O43913,246,0.0032
Q9NUE0,246,0.0032
Q6UN15,246,0.0032
O00305,246,0.0032
Q9BRL6,246,0.0032
Q96HE9,246,0.0032
Q17RN3,246,0.0032
Q9NQ29,246,0.0032
Q9NP55,246,0.0032
Q92643,246,0.0032
Q07687,246,0.0032
Q86SM5,246,0.0032
Q69YU3,246,0.0032
Q9NV06,246,0.0032
A2RU54,246,0.0032
Q8NGD5,246,0.0032
Q8NA92,246,0.0032
Q99571,246,0.0032
Q6ZNC4,246,0.0032
P05771,246,0.0032
Q9Y4W2,246,0.0032
Q5U4P2,246,0.0032
Q15722,245,0.0032
Q76EJ3,245,0.0032
P01704,245,0.0032
Q9BRQ3,245,0.0032
Q9Y4K3,245,0.0032
P27701,245,0.0032
O43323,245,0.0032
P40426,245,0.0032
A5LHX3,245,0.0032
Q14376,245,0.0032
Q9NQ94,245,0.0032
Q8NHB1,245,0.0032
P10828,245,0.0032
Q96I99,245,0.0032
O75570,245,0.0032
Q92665,245,0.0032
Q13283,245,0.0032
A6NCV1,245,0.0032
Q3SXM5,245,0.0032
Q02548,245,0.0032
Q14032,245,0.0032
Q99801,245,0.0032
Q9UK39,245,0.0032
Q86VY4,245,0.0032
Q13425,245,0.0032
P14061,245,0.0032
Q5T2D3,245,0.0032
Q9UGF5,245,0.0032
Q92956,244,0.0032
P62736,244,0.0032
Q96NX9,244,0.0032
Q6IB77,244,0.0032
Q9NP85,244,0.0032
Q6UW49,244,0.0032
O95460,244,0.0032
Q9Y3I0,244,0.0032
P26992,244,0.0032
P51689,244,0.0032
Q8NFH8,244,0.0032
P04083,244,0.0032
Q14188,244,0.0032
Q68DU8,244,0.0032
Q86WK6,244,0.0032
Q12982,244,0.0032
Q8NHU3,244,0.0032
Q9H9K5,244,0.0032
Q8WWU7,244,0.0032
Q05BQ5,244,0.0032
Q04828,244,0.0032
Q6ZSA7,244,0.0032
P31268,244,0.0032
Q14186,244,0.0032
P09016,244,0.0032
P48556,244,0.0032
Q8N7H5,243,0.0032
Q5QGT7,243,0.0032
Q9Y3N9,243,0.0032
Q15906,243,0.0032
Q9BPV8,243,0.0032
Q9NU19,243,0.0032
A0A087WSY4,243,0.0032
O14649,243,0.0032
Q9H6T0,243,0.0032
Q9Y2M5,243,0.0032
P11245,243,0.0032
P14920,243,0.0032
Q16828,243,0.0032
P01100,243,0.0032
Q8NG95,243,0.0032
O95747,243,0.0032
Q9H6S1,243,0.0032
P50990,243,0.0032
Q5T2R2,243,0.0032
Q96A47,243,0.0032
Q96DR5,243,0.0032
P51124,243,0.0032
Q86W92,243,0.0032
Q9NYK5,243,0.0032
Q9NQ60,243,0.0032
Q6PIV2,243,0.0032
P59535,243,0.0032
P54725,243,0.0032
Q8WZ79,243,0.0032
Q9Y4L5,243,0.0032
C9JSJ3,243,0.0032
Q969V1,243,0.0032
P43088,242,0.0032
Q9UK85,242,0.0032
Q63HM1,242,0.0032
P30679,242,0.0032
Q9GZK3,242,0.0032
Q07666,242,0.0032
Q16204,242,0.0032
P31276,242,0.0032
Q9H7B4,242,0.0032
Q96HY6,242,0.0032
P54578,242,0.0032
Q6P9H5,242,0.0032
Q5SZI1,242,0.0032
Q9NX45,242,0.0032
Q8IU60,242,0.0032
P53384,242,0.0032
Q8TC12,242,0.0032
Q6IQ16,242,0.0032
Q96P66,242,0.0032
Q9NPZ5,242,0.0032
Q9P031,242,0.0032
Q9Y2A9,242,0.0032
Q9H7T9,242,0.0032
P78337,242,0.0032
O75830,242,0.0032
Q9NX52,241,0.0032
Q14314,241,0.0032
O95837,241,0.0032
Q86VZ2,241,0.0032
Q96HH9,241,0.0032
Q99487,241,0.0032
Q9NYW7,241,0.0032
Q9H9G7,241,0.0032
Q96HH6,241,0.0032
Q9H2C1,241,0.0032
O00584,241,0.0032
P08861,241,0.0032
Q9H2F9,241,0.0032
Q14106,241,0.0032
Q9UBS8,241,0.0032
Q8WUB2,241,0.0032
Q96LA8,241,0.0032
O60479,241,0.0032
Q8IVH4,241,0.0032
Q9NWT1,241,0.0032
O95343,241,0.0032
Q03154,241,0.0032
Q16543,241,0.0032
Q8NHW3,241,0.0032
O14682,241,0.0032
P00558,241,0.0032
O76099,240,0.0032
Q6DKJ4,240,0.0032
Q9UK28,240,0.0032
Q6ZP29,240,0.0032
P56937,240,0.0032
Q6ZS86,240,0.0032
Q9H2X3,240,0.0032
Q9NQX7,240,0.0032
Q8WYJ6,240,0.0032
Q9BXA5,240,0.0032
Q96JJ7,240,0.0032
P05091,240,0.0032
Q8NGZ3,240,0.0032
P31270,240,0.0032
Q96KN1,240,0.0032
P01772,240,0.0032
Q5BKY1,240,0.0032
Q99645,240,0.0032
Q7Z3B4,239,0.0031
Q9BYZ2,239,0.0031
O76054,239,0.0031
Q2T9L4,239,0.0031
O43916,239,0.0031
Q96S82,239,0.0031
Q9NYW5,239,0.0031
P41597,239,0.0031
Q9Y646,239,0.0031
Q9BZM3,239,0.0031
O14929,239,0.0031
Q5JSH3,239,0.0031
Q9H7Z7,239,0.0031
Q9BV23,239,0.0031
Q8N9B8,239,0.0031
P15408,239,0.0031
Q9BSK2,239,0.0031
P26651,239,0.0031
Q9UD57,239,0.0031
Q14140,239,0.0031
Q96QU6,239,0.0031
Q9NZC3,239,0.0031
P54845,239,0.0031
Q8N3I7,239,0.0031
P31275,239,0.0031
B2CW77,239,0.0031
P49758,239,0.0031
P21281,239,0.0031
Q8IV03,239,0.0031
Q9H2A3,238,0.0031
P35790,238,0.0031
Q96G23,238,0.0031
Q6ZN18,238,0.0031
P0C7V8,238,0.0031
Q13123,238,0.0031
P46094,238,0.0031
Q52WX2,238,0.0031
Q9GZK7,238,0.0031
Q9H1C3,238,0.0031
Q96T55,238,0.0031
Q6GPH4,238,0.0031
Q15208,238,0.0031
Q9BYD9,238,0.0031
P25105,238,0.0031
Q8N7X4,238,0.0031
Q86SG2,238,0.0031
Q9H3M0,238,0.0031
Q9Y256,238,0.0031
Q13190,238,0.0031
Q13790,238,0.0031
Q96PG2,238,0.0031
Q5T6V5,238,0.0031
Q6STE5,238,0.0031
P20396,238,0.0031
A6NHY2,238,0.0031
Q9NNX9,238,0.0031
Q13310,238,0.0031
Q495C1,238,0.0031
Q96GY0,238,0.0031
Q7Z6K1,238,0.0031
Q9BRX2,237,0.0031
Q9H649,237,0.0031
O95007,237,0.0031
Q05519,237,0.0031
P58317,237,0.0031
Q8N4F7,237,0.0031
Q9UL15,237,0.0031
Q8N8V4,237,0.0031
Q9BSE4,237,0.0031
Q3B7T3,237,0.0031
C9J202,237,0.0031
P37837,237,0.0031
P13051,237,0.0031
Q9NWU1,237,0.0031
O95873,237,0.0031
Q8TBZ6,237,0.0031
Q8N8R5,237,0.0031
O00151,237,0.0031
Q13291,237,0.0031
Q13451,237,0.0031
Q99675,237,0.0031
Q16676,237,0.0031
Q9NZ94,237,0.0031
P29558,236,0.0031
Q8ND90,236,0.0031
O00712,236,0.0031
O60825,236,0.0031
Q969X1,236,0.0031
Q8N7E2,236,0.0031
P0CG40,236,0.0031
Q7LC44,236,0.0031
P08567,236,0.0031
P0C7X2,236,0.0031
P26842,236,0.0031
Q7Z4J2,236,0.0031
Q8WWP7,236,0.0031
P08397,236,0.0031
Q86X40,236,0.0031
P12532,236,0.0031
P53677,236,0.0031
Q8NBI3,236,0.0031
Q6IQ20,236,0.0031
O00139,236,0.0031
Q8NHC4,236,0.0031
Q9UIX4,236,0.0031
P30511,236,0.0031
P06315,236,0.0031
Q86UD0,236,0.0031
P09093,236,0.0031
Q9GZR5,236,0.0031
Q96PP4,236,0.0031
A6NLC5,236,0.0031
O15305,236,0.0031
Q9NVW2,236,0.0031
O15269,236,0.0031
P19793,235,0.0031
Q53HC9,235,0.0031
O43242,235,0.0031
P28907,235,0.0031
Q9NZQ9,235,0.0031
Q13496,235,0.0031
Q494W8,235,0.0031
Q15797,235,0.0031
A1A4V9,235,0.0031
Q9HA72,235,0.0031
P27361,235,0.0031
Q9BPZ7,235,0.0031
Q5T1Q4,235,0.0031
A6NC51,235,0.0031
Q96BF6,235,0.0031
Q13336,235,0.0031
O14593,235,0.0031
Q9H813,235,0.0031
P0C870,235,0.0031
Q8TEZ7,235,0.0031
P30419,235,0.0031
Q9Y4Z2,235,0.0031
Q14213,234,0.0031
Q9BXI3,234,0.0031
Q05D32,234,0.0031
Q00532,234,0.0031
Q96CB9,234,0.0031
Q9ULP0,234,0.0031
P53539,234,0.0031
A6NGA9,234,0.0031
Q9UKF6,234,0.0031
P12524,234,0.0031
P20160,234,0.0031
P46734,234,0.0031
Q9UGM6,234,0.0031
P11049,234,0.0031
Q12907,234,0.0031
Q5GLZ8,234,0.0031
P59533,234,0.0031
Q8NGT5,234,0.0031
Q96HN2,234,0.0031
Q9UM11,234,0.0031
Q9BZC1,234,0.0031
Q86UY8,234,0.0031
Q8IWL1,234,0.0031
Q96DD0,234,0.0031
Q6ZVK8,234,0.0031
Q969W9,234,0.0031
Q86WS5,234,0.0031
Q9NXG2,234,0.0031
Q9NZ32,233,0.0031
P11926,233,0.0031
P40227,233,0.0031
P00966,233,0.0031
P0CG48,233,0.0031
Q9BQ89,233,0.0031
Q92754,233,0.0031
O60858,233,0.0031
Q96AG4,233,0.0031
Q9NZJ6,233,0.0031
O15460,233,0.0031
Q99961,233,0.0031
P08621,233,0.0031
P59551,233,0.0031
P32302,233,0.0031
Q9BSJ6,233,0.0031
O95389,233,0.0031
Q6ZV65,233,0.0031
Q5XKR4,233,0.0031
Q6ZRI8,233,0.0031
O96024,233,0.0031
Q9Y6Q1,233,0.0031
Q8NH79,233,0.0031
P78383,233,0.0031
Q9BXU3,233,0.0031
Q9UBC1,233,0.0031
O60902,233,0.0031
Q7RTY5,233,0.0031
Q96GA7,232,0.003
Q7L311,232,0.003
P23921,232,0.003
P34982,232,0.003
Q9UJK0,232,0.003
Q969H4,232,0.003
A6NJW4,232,0.003
Q8IYL9,232,0.003
Q96IP4,232,0.003
Q9HAY2,232,0.003
Q96QU4,232,0.003
Q53EV4,232,0.003
Q92917,232,0.003
P50402,232,0.003
A6NK02,232,0.003
Q8IUF8,232,0.003
P26358,232,0.003
Q9Y2G5,232,0.003
P51888,232,0.003
Q86XE5,232,0.003
Q7Z465,232,0.003
O76064,232,0.003
P35249,232,0.003
Q6ZQY3,232,0.003
P09543,232,0.003
P59544,232,0.003
Q9Y3S2,232,0.003
Q8TBR7,232,0.003
P54922,232,0.003
Q68D85,232,0.003
P15907,231,0.003
A4D1U4,231,0.003
P35659,231,0.003
Q9H7Y0,231,0.003
Q5BJH7,231,0.003
Q9Y2C4,231,0.003
Q9BWF3,231,0.003
O95685,231,0.003
A2VCK2,231,0.003
Q8IY42,231,0.003
Q86YJ5,231,0.003
O60609,231,0.003
Q6ZW13,231,0.003
P36980,231,0.003
Q16602,231,0.003
Q7Z5U6,231,0.003
P51679,231,0.003
Q9Y520,231,0.003
Q9UJY1,231,0.003
Q04726,231,0.003
Q8NBZ0,231,0.003
Q86YB8,231,0.003
Q9Y276,231,0.003
O14787,231,0.003
O15270,231,0.003
O75360,231,0.003
Q70HW3,231,0.003
O75679,231,0.003
Q96LB9,231,0.003
O43542,230,0.003
Q9Y2B4,230,0.003
Q969K3,230,0.003
Q96QD9,230,0.003
Q6P5S2,230,0.003
P21549,230,0.003
P19532,230,0.003
Q96IZ6,230,0.003
O14817,230,0.003
O00303,230,0.003
Q8NAA5,230,0.003
A0AVF1,230,0.003
Q9Y242,230,0.003
Q13326,230,0.003
Q8TD30,230,0.003
Q07011,230,0.003
Q5SQ64,230,0.003
Q8IXP5,230,0.003
Q63HM9,230,0.003
Q9NPE2,230,0.003
Q96B36,230,0.003
Q9H8P0,230,0.003
Q9BVC4,230,0.003
Q9BXY0,230,0.003
O95500,230,0.003
O15266,230,0.003
Q86VZ1,229,0.003
Q9BYS8,229,0.003
Q9UKM9,229,0.003
Q9Y5R4,229,0.003
Q8TD22,229,0.003
Q8WWA0,229,0.003
Q9H3K2,229,0.003
Q9NPC8,229,0.003
Q07699,229,0.003
Q5JU69,229,0.003
P41134,229,0.003
Q8NGT9,229,0.003
O95377,229,0.003
Q14773,229,0.003
Q00796,229,0.003
Q16854,229,0.003
Q9H4Q4,229,0.003
P62508,229,0.003
O60921,229,0.003
Q9UI32,229,0.003
P57682,229,0.003
P13349,229,0.003
Q96JD6,229,0.003
P82673,229,0.003
P25089,229,0.003
Q13115,228,0.003
Q9H479,228,0.003
Q9Y6Q5,228,0.003
Q9Y4U1,228,0.003
Q8N693,228,0.003
Q9BQ66,228,0.003
P83369,228,0.003
A4UGR9,228,0.003
P55735,228,0.003
Q9BXJ5,228,0.003
Q9ULM6,228,0.003
P51786,228,0.003
Q9BYC5,228,0.003
Q8TDQ1,228,0.003
Q86XF7,228,0.003
Q96IS3,228,0.003
Q7Z739,228,0.003
P50053,228,0.003
Q9UKJ1,228,0.003
O75027,228,0.003
O14656,228,0.003
P42025,228,0.003
P43360,228,0.003
Q5UCC4,228,0.003
P54826,228,0.003
Q5VW00,227,0.003
P85298,227,0.003
P50395,227,0.003
P06733,227,0.003
P32246,227,0.003
P53597,227,0.003
O95859,227,0.003
O95630,227,0.003
P21912,227,0.003
Q9Y312,227,0.003
Q96MS3,227,0.003
Q8IXY8,227,0.003
Q9UGN4,227,0.003
P51508,227,0.003
Q9BZ19,227,0.003
O15120,227,0.003
Q53R12,227,0.003
Q9NTX7,227,0.003
Q6MZM9,227,0.003
Q9Y5J3,227,0.003
Q9H993,227,0.003
P15407,227,0.003
Q99594,227,0.003
P51685,227,0.003
B6SEH8,227,0.003
Q99447,227,0.003
Q9H9Y2,227,0.003
Q96A28,227,0.003
Q9UQ10,227,0.003
Q96K31,226,0.003
Q9NY26,226,0.003
Q9NVD7,226,0.003
Q6PCE3,226,0.003
Q8NFK1,226,0.003
P30518,226,0.003
P07093,226,0.003
Q9ULX7,226,0.003
Q6ZS10,226,0.003
Q8IWW8,226,0.003
Q9Y6W5,226,0.003
P49407,226,0.003
Q96DX4,226,0.003
P49802,226,0.003
Q13394,226,0.003
O95069,226,0.003
Q5H9I0,226,0.003
O95813,226,0.003
Q8N8Q3,226,0.003
Q9Y2F9,226,0.003
Q14254,226,0.003
Q9C0K7,226,0.003
Q15118,226,0.003
Q96F15,226,0.003
Q86YR6,226,0.003
Q92870,226,0.003
Q15475,226,0.003
Q9BSF8,225,0.003
Q6IBS0,225,0.003
Q07866,225,0.003
P29084,225,0.003
Q5VSY0,225,0.003
Q8NE79,225,0.003
A6NJG6,225,0.003
Q9Y375,225,0.003
Q8N9I9,225,0.003
Q5TBB1,225,0.003
P16260,225,0.003
Q15768,225,0.003
Q15633,225,0.003
P07585,225,0.003
P14324,225,0.003
P78545,225,0.003
Q8WW43,225,0.003
P56373,225,0.003
P40225,225,0.003
Q96EZ8,225,0.003
Q9UKI2,225,0.003
Q9BZR8,225,0.003
Q7RTU3,225,0.003
Q99988,225,0.003
Q92781,225,0.003
Q8IVD9,224,0.0029
O43837,224,0.0029
O76003,224,0.0029
Q9H6V9,224,0.0029
P00846,224,0.0029
Q6ZTZ1,224,0.0029
Q8NEW0,224,0.0029
O43688,224,0.0029
O95473,224,0.0029
O00338,224,0.0029
Q16762,224,0.0029
Q15116,224,0.0029
Q96P71,224,0.0029
Q96QE5,224,0.0029
Q24JQ0,224,0.0029
Q3KRB8,224,0.0029
Q6PI77,224,0.0029
Q9H9Q4,224,0.0029
O96004,224,0.0029
Q11203,224,0.0029
P51582,224,0.0029
Q16773,224,0.0029
P0CB38,224,0.0029
Q4G1C9,224,0.0029
U3KPV4,224,0.0029
Q53RY4,224,0.0029
Q9NPB9,224,0.0029
Q99259,224,0.0029
P13861,224,0.0029
Q9H2Z4,224,0.0029
Q9NRQ2,224,0.0029
P49238,223,0.0029
O43298,223,0.0029
P08319,223,0.0029
O14733,223,0.0029
Q9NRD1,223,0.0029
Q7Z7J5,223,0.0029
Q9UJX3,223,0.0029
Q9Y4A0,223,0.0029
Q92530,223,0.0029
P12429,223,0.0029
Q99726,223,0.0029
Q969S0,223,0.0029
Q9H9S0,223,0.0029
P0DMV8,223,0.0029
Q9UGF7,223,0.0029
Q8TF64,223,0.0029
Q9BZM4,223,0.0029
Q8TDQ0,223,0.0029
Q9UHL0,223,0.0029
O75845,223,0.0029
Q9HD26,223,0.0029
Q969I3,223,0.0029
Q96DB5,223,0.0029
Q12926,223,0.0029
Q9UGF6,223,0.0029
Q8NC01,223,0.0029
Q86V86,223,0.0029
Q5VXT5,223,0.0029
O95801,223,0.0029
Q9H400,223,0.0029
Q969G5,223,0.0029
Q8IYJ0,223,0.0029
P09067,222,0.0029
P09237,222,0.0029
P61073,222,0.0029
Q8NCB2,222,0.0029
Q969J5,222,0.0029
Q96HH4,222,0.0029
Q8TAM6,222,0.0029
P51398,222,0.0029
Q9H6Y2,222,0.0029
Q8N456,222,0.0029
Q9NX36,222,0.0029
O75533,222,0.0029
P0DN25,222,0.0029
Q9UI36,222,0.0029
Q92558,222,0.0029
P32249,222,0.0029
Q7RTS3,222,0.0029
Q86W34,222,0.0029
Q9UN37,222,0.0029
P80404,222,0.0029
Q93034,222,0.0029
P48431,222,0.0029
Q3SYC2,222,0.0029
Q9H5J8,222,0.0029
Q7L4I2,222,0.0029
Q6AI12,222,0.0029
P11387,222,0.0029
O76076,222,0.0029
P52951,221,0.0029
Q15573,221,0.0029
Q9H819,221,0.0029
Q8IWT1,221,0.0029
Q96R45,221,0.0029
Q00444,221,0.0029
Q6L8G5,221,0.0029
Q5SVS4,221,0.0029
Q96GS4,221,0.0029
Q9Y2T2,221,0.0029
Q8IVQ6,221,0.0029
Q5T8I3,221,0.0029
Q8NEG2,221,0.0029
Q969X2,221,0.0029
P78310,221,0.0029
Q9NXR7,221,0.0029
Q9P258,221,0.0029
O75841,221,0.0029
Q6UWU4,221,0.0029
P43351,221,0.0029
Q8NGE0,221,0.0029
Q9H7M9,221,0.0029
Q9BTU6,221,0.0029
P10276,221,0.0029
A6NL88,221,0.0029
Q96IR7,221,0.0029
Q5SWX8,221,0.0029
Q9NVL8,221,0.0029
Q7Z3D4,221,0.0029
O95251,221,0.0029
Q9H488,220,0.0029
Q96L15,220,0.0029
P31994,220,0.0029
Q86VF5,220,0.0029
O00587,220,0.0029
Q8WV60,220,0.0029
O15127,220,0.0029
Q5VT03,220,0.0029
Q96BQ3,220,0.0029
Q9NRX1,220,0.0029
Q53FE4,220,0.0029
Q9H7E9,220,0.0029
Q9BYG0,220,0.0029
Q5VVQ6,220,0.0029
Q9NXB9,220,0.0029
Q8NHP6,220,0.0029
Q13277,220,0.0029
O43763,220,0.0029
D6RGH6,220,0.0029
P0C7I6,220,0.0029
O95452,220,0.0029
O95273,220,0.0029
Q8TAM2,219,0.0029
Q13243,219,0.0029
Q86UN3,219,0.0029
Q9BZD4,219,0.0029
Q9NWS0,219,0.0029
Q9BYQ6,219,0.0029
Q13145,219,0.0029
O75452,219,0.0029
Q7L5D6,219,0.0029
Q8NEL0,219,0.0029
Q9BTK6,219,0.0029
Q8NBA8,219,0.0029
Q96EF6,219,0.0029
Q9H6D7,219,0.0029
O00757,219,0.0029
P78371,219,0.0029
O95983,219,0.0029
P32242,219,0.0029
Q9BXS4,219,0.0029
Q6PEX3,219,0.0029
P24864,219,0.0029
Q96KB5,219,0.0029
Q9BPX7,219,0.0029
Q10588,218,0.0029
Q15035,218,0.0029
O75716,218,0.0029
Q8N6Q1,218,0.0029
Q8N0Y2,218,0.0029
O43819,218,0.0029
Q13571,218,0.0029
P09017,218,0.0029
Q15615,218,0.0029
O00570,218,0.0029
Q9BYK8,218,0.0029
P11021,218,0.0029
Q8N5D6,218,0.0029
Q9NXK6,218,0.0029
Q8IYX1,218,0.0029
Q9NW97,218,0.0029
Q9UBZ4,218,0.0029
P49406,218,0.0029
Q6IC83,218,0.0029
G5E9R7,218,0.0029
Q8NDH6,218,0.0029
Q96AQ9,218,0.0029
Q8WU90,218,0.0029
Q969Q6,218,0.0029
Q92785,218,0.0029
Q8NA23,218,0.0029
P19652,218,0.0029
O14862,218,0.0029
Q9NZR1,218,0.0029
Q8IYK8,218,0.0029
Q5EBL4,218,0.0029
C9J798,218,0.0029
Q8TAT2,217,0.0029
P12235,217,0.0029
Q8IXN7,217,0.0029
P51690,217,0.0029
Q9NVF9,217,0.0029
Q01860,217,0.0029
Q9BZK7,217,0.0029
Q96M95,217,0.0029
B7Z1M9,217,0.0029
O60422,217,0.0029
P67809,217,0.0029
P00740,217,0.0029
Q96EY5,217,0.0029
Q6UXB4,217,0.0029
Q96CP7,217,0.0029
Q9UNZ2,217,0.0029
Q96B21,217,0.0029
Q6P1M9,217,0.0029
Q8TC84,217,0.0029
Q9Y5Z9,217,0.0029
O95847,217,0.0029
Q8WUU8,217,0.0029
Q93088,217,0.0029
O43808,217,0.0029
O43597,217,0.0029
A8MQT2,217,0.0029
P08476,217,0.0029
O96011,217,0.0029
P31267,217,0.0029
Q8NFH3,217,0.0029
Q14938,217,0.0029
Q5JS37,217,0.0029
A8MX34,217,0.0029
Q7Z7C8,217,0.0029
Q15762,216,0.0028
Q9HAS0,216,0.0028
O14980,216,0.0028
Q9UQR0,216,0.0028
P23229,216,0.0028
P80303,216,0.0028
P28702,216,0.0028
Q6UXD1,216,0.0028
Q9HD40,216,0.0028
Q6UX65,216,0.0028
Q96MB7,216,0.0028
Q9H2W1,216,0.0028
Q8IV20,216,0.0028
Q8NES3,216,0.0028
Q9H7F4,216,0.0028
O60909,216,0.0028
Q9GZP0,216,0.0028
Q9NSD4,216,0.0028
P14384,216,0.0028
Q49SQ1,216,0.0028
A0A0C4DH33,216,0.0028
Q8TAP8,216,0.0028
Q5W0Z9,216,0.0028
Q5T0L3,216,0.0028
Q8IUY3,216,0.0028
P58012,216,0.0028
A0A087WSX0,216,0.0028
O43315,216,0.0028
P14618,216,0.0028
P08218,216,0.0028
Q9BPU6,216,0.0028
Q9Y585,216,0.0028
Q15796,216,0.0028
A8MXZ3,216,0.0028
P17735,216,0.0028
P68032,216,0.0028
Q9NU53,216,0.0028
Q7RTP0,216,0.0028
A8MTZ7,216,0.0028
Q701N2,216,0.0028
P12319,216,0.0028
Q9NV96,216,0.0028
Q96FC7,216,0.0028
Q96JZ2,216,0.0028
Q9UBN1,215,0.0028
P48735,215,0.0028
Q9P0N8,215,0.0028
Q86WV1,215,0.0028
Q9UHH9,215,0.0028
A6NP61,215,0.0028
Q96NU0,215,0.0028
Q9BTL4,215,0.0028
P50750,215,0.0028
Q6ZRR5,215,0.0028
Q99536,215,0.0028
Q9NQ25,215,0.0028
P30740,215,0.0028
Q5T7M4,215,0.0028
O60336,215,0.0028
P09601,215,0.0028
P11831,215,0.0028
O60938,215,0.0028
P50552,215,0.0028
O60762,215,0.0028
Q8N2R0,215,0.0028
Q9NP60,215,0.0028
Q6ZVX7,215,0.0028
Q5SQQ9,215,0.0028
Q9BVC5,215,0.0028
Q9Y6A2,215,0.0028
Q8WU67,215,0.0028
O14792,215,0.0028
Q9GZY6,215,0.0028
Q8NFZ8,215,0.0028
O60942,215,0.0028
Q9BZS1,215,0.0028
Q86YL5,215,0.0028
Q13520,215,0.0028
Q9NS67,215,0.0028
P04628,215,0.0028
Q9GZV9,214,0.0028
Q9NWD8,214,0.0028
Q52LG2,214,0.0028
P17010,214,0.0028
O75528,214,0.0028
Q9NX09,214,0.0028
Q495A1,214,0.0028
Q9NR50,214,0.0028
O95050,214,0.0028
Q9NYL9,214,0.0028
O75829,214,0.0028
Q96PD6,214,0.0028
Q9UHK6,214,0.0028
P15814,214,0.0028
Q9H9L3,214,0.0028
Q9H4M3,214,0.0028
Q5W064,214,0.0028
Q9H8S5,214,0.0028
Q9H2W6,214,0.0028
Q8NGI0,214,0.0028
O43766,214,0.0028
Q8N2F6,214,0.0028
P49821,214,0.0028
Q15390,214,0.0028
Q9BPW9,214,0.0028
P51843,213,0.0028
Q14094,213,0.0028
O14744,213,0.0028
Q9BRR3,213,0.0028
Q9BTZ2,213,0.0028
Q9P0K9,213,0.0028
O76081,213,0.0028
P06732,213,0.0028
Q7Z419,213,0.0028
O75525,213,0.0028
A1L157,213,0.0028
P07306,213,0.0028
Q96FJ0,213,0.0028
Q9H9J2,213,0.0028
Q99712,213,0.0028
O14495,213,0.0028
A0PK05,213,0.0028
P53370,213,0.0028
P31274,213,0.0028
P28062,213,0.0028
P39060,213,0.0028
Q9BSN7,213,0.0028
Q8N8Y5,213,0.0028
O75600,213,0.0028
P48730,213,0.0028
Q8IYV9,213,0.0028
Q96IQ9,213,0.0028
Q8NEZ5,213,0.0028
O15355,213,0.0028
P43034,213,0.0028
Q96DX7,213,0.0028
O95218,213,0.0028
Q96T59,212,0.0028
P59910,212,0.0028
Q9H977,212,0.0028
P25490,212,0.0028
Q8NFU0,212,0.0028
P30519,212,0.0028
Q9HCP0,212,0.0028
P10398,212,0.0028
Q9HCC0,212,0.0028
Q92819,212,0.0028
Q9H3N1,212,0.0028
O43448,212,0.0028
P28289,212,0.0028
Q15628,212,0.0028
Q9UF11,212,0.0028
O43759,212,0.0028
Q6QHC5,212,0.0028
Q6PIU2,212,0.0028
Q13227,212,0.0028
Q8WZ73,212,0.0028
P23526,212,0.0028
Q9BW91,212,0.0028
A8MT33,212,0.0028
Q9BZJ7,212,0.0028
P28335,212,0.0028
O15371,212,0.0028
Q8NGS2,212,0.0028
P18754,212,0.0028
Q9ULC0,212,0.0028
Q8TD07,212,0.0028
Q9BU64,212,0.0028
Q9H2C2,212,0.0028
Q06413,212,0.0028
Q5QJU3,212,0.0028
Q96FA3,212,0.0028
Q9Y5K1,212,0.0028
Q86YH6,211,0.0028
Q93070,211,0.0028
O95047,211,0.0028
Q5T036,211,0.0028
Q14CS0,211,0.0028
P0CJ79,211,0.0028
Q8IYX4,211,0.0028
Q2MKA7,211,0.0028
Q8NCR9,211,0.0028
P07098,211,0.0028
Q8WWH5,211,0.0028
Q9BWM7,211,0.0028
Q13630,211,0.0028
Q86VD7,211,0.0028
Q9NRE1,211,0.0028
P30939,211,0.0028
Q9H9B4,211,0.0028
O95998,211,0.0028
Q9UKR8,211,0.0028
Q5VWK0,211,0.0028
Q8WV48,211,0.0028
O00182,211,0.0028
P40121,211,0.0028
Q9UK73,211,0.0028
O75880,211,0.0028
Q9BYG5,211,0.0028
Q8N8N7,211,0.0028
O75764,211,0.0028
O95340,211,0.0028
Q6L8H2,211,0.0028
Q99935,211,0.0028
Q5R3K3,210,0.0028
P39023,210,0.0028
Q6ZVX9,210,0.0028
P09668,210,0.0028
Q9BXN1,210,0.0028
O95154,210,0.0028
P29972,210,0.0028
Q99689,210,0.0028
O14793,210,0.0028
B7ZAQ6,210,0.0028
Q6DKK2,210,0.0028
Q9NS73,210,0.0028
Q3LI81,210,0.0028
Q13569,210,0.0028
Q9UNA3,210,0.0028
O14788,210,0.0028
Q8IZU1,210,0.0028
O43610,210,0.0028
Q9BSG5,210,0.0028
A6NFA1,210,0.0028
O75351,210,0.0028
Q9BY67,210,0.0028
Q13868,210,0.0028
Q9H190,210,0.0028
Q96DZ9,210,0.0028
P05412,210,0.0028
P51575,210,0.0028
Q9UJ70,210,0.0028
Q9UK99,210,0.0028
Q9GZN4,210,0.0028
Q9BYE7,210,0.0028
Q6P1Q9,210,0.0028
P51164,210,0.0028
Q9H790,210,0.0028
H7C350,210,0.0028
Q9UHX1,210,0.0028
Q99733,210,0.0028
Q96IZ0,210,0.0028
O60543,209,0.0027
Q04323,209,0.0027
Q9HAV0,209,0.0027
Q9Y6X3,209,0.0027
Q9BXT2,209,0.0027
Q9HCE7,209,0.0027
P23416,209,0.0027
O95544,209,0.0027
P13584,209,0.0027
P12236,209,0.0027
Q8IYR6,209,0.0027
Q96C57,209,0.0027
Q9NRC8,209,0.0027
Q9NZI7,209,0.0027
Q96HE7,209,0.0027
Q8N3Y7,209,0.0027
Q96PD7,209,0.0027
Q12893,209,0.0027
Q9HCC8,209,0.0027
Q9P035,209,0.0027
P16118,209,0.0027
P42081,209,0.0027
Q96FT9,209,0.0027
Q9Y266,209,0.0027
Q9NVA2,209,0.0027
Q96AQ2,209,0.0027
O75554,209,0.0027
O75871,209,0.0027
Q8IWL2,209,0.0027
Q8WVN6,209,0.0027
Q8IW40,209,0.0027
Q15466,208,0.0027
Q8TEW6,208,0.0027
Q02223,208,0.0027
P01705,208,0.0027
Q8N815,208,0.0027
Q8ND94,208,0.0027
Q5HYK3,208,0.0027
Q9P0M2,208,0.0027
P34820,208,0.0027
Q9BPX6,208,0.0027
P22830,208,0.0027
Q86XT9,208,0.0027
Q6P4H8,208,0.0027
Q9Y2P8,208,0.0027
Q9UJ72,208,0.0027
Q9UEE9,208,0.0027
Q02742,208,0.0027
P10915,208,0.0027
A0PK00,208,0.0027
P09529,208,0.0027
Q8IXV7,208,0.0027
Q6UXU4,208,0.0027
O76071,208,0.0027
Q9BVH7,208,0.0027
O95568,208,0.0027
Q96HR9,208,0.0027
Q6P9F5,208,0.0027
O43827,208,0.0027
P01766,208,0.0027
O95918,208,0.0027
Q9BV99,208,0.0027
Q86UB9,208,0.0027
Q8NBQ7,208,0.0027
Q9UH36,208,0.0027
Q9UBQ6,208,0.0027
Q96CS3,208,0.0027
O75936,208,0.0027
O60939,208,0.0027
Q9H4S2,208,0.0027
Q6ICG8,208,0.0027
Q00005,208,0.0027
Q8N0U2,208,0.0027
Q7L190,208,0.0027
Q8WU03,208,0.0027
Q9NX31,208,0.0027
Q96ND0,207,0.0027
Q9H4F1,207,0.0027
P10746,207,0.0027
P20248,207,0.0027
P14598,207,0.0027
P30542,207,0.0027
P00325,207,0.0027
Q03181,207,0.0027
P29279,207,0.0027
Q96CX2,207,0.0027
Q9NXI6,207,0.0027
Q8NET5,207,0.0027
A6NCL1,207,0.0027
Q5JUQ0,207,0.0027
Q92988,207,0.0027
Q96D15,207,0.0027
P17540,207,0.0027
Q9NPC2,207,0.0027
Q99611,207,0.0027
P11940,207,0.0027
P08910,207,0.0027
O43374,207,0.0027
Q9H5V7,207,0.0027
Q96BW9,207,0.0027
Q86UL3,207,0.0027
Q9BYV1,207,0.0027
P0DKB5,207,0.0027
Q14990,207,0.0027
Q9P104,207,0.0027
Q7Z624,207,0.0027
Q9HD45,206,0.0027
Q13261,206,0.0027
O43240,206,0.0027
Q9H7V2,206,0.0027
Q8N140,206,0.0027
Q9Y2T3,206,0.0027
P15309,206,0.0027
Q8WVN8,206,0.0027
Q02338,206,0.0027
Q4G0N4,206,0.0027
Q9NPF4,206,0.0027
Q6ZSC3,206,0.0027
Q8NBU5,206,0.0027
Q96G28,206,0.0027
Q9Y5Q3,206,0.0027
Q9BW85,206,0.0027
Q92541,206,0.0027
A6NFE2,206,0.0027
Q96SI1,206,0.0027
Q8N114,206,0.0027
O43488,206,0.0027
Q96N95,206,0.0027
Q7Z3B1,206,0.0027
Q96I51,206,0.0027
Q86X55,206,0.0027
A8MPS7,206,0.0027
P20719,206,0.0027
Q9H0V9,206,0.0027
Q5JXM2,206,0.0027
Q86T29,206,0.0027
Q68CQ7,206,0.0027
Q96DU3,206,0.0027
Q8N485,206,0.0027
Q70Z53,206,0.0027
P39748,205,0.0027
Q96MH2,205,0.0027
Q147X3,205,0.0027
Q9UND3,205,0.0027
Q8N661,205,0.0027
Q6YN16,205,0.0027
Q99871,205,0.0027
Q6UXL0,205,0.0027
Q8N806,205,0.0027
Q9P126,205,0.0027
Q96BN2,205,0.0027
O95067,205,0.0027
Q9NRG4,205,0.0027
Q01892,205,0.0027
Q96NB2,205,0.0027
Q96C86,205,0.0027
Q05639,205,0.0027
Q8TBP6,205,0.0027
P23409,205,0.0027
Q9BVC6,205,0.0027
Q6DKI2,205,0.0027
P09467,205,0.0027
P47775,205,0.0027
Q8TAE7,205,0.0027
Q5T013,205,0.0027
P27695,205,0.0027
A0A075B6H9,204,0.0027
O14613,204,0.0027
Q96B67,204,0.0027
Q99626,204,0.0027
P17676,204,0.0027
Q9BZZ5,204,0.0027
Q9H607,204,0.0027
P51946,204,0.0027
Q6UX27,204,0.0027
A1L170,204,0.0027
Q9GZV7,204,0.0027
Q9H1K6,204,0.0027
Q8N567,204,0.0027
Q99717,204,0.0027
Q92904,204,0.0027
O75487,204,0.0027
P17516,204,0.0027
Q496A3,204,0.0027
Q9HBH1,204,0.0027
A6NGB7,204,0.0027
O15522,204,0.0027
Q9H1E5,204,0.0027
Q9H7Z6,204,0.0027
Q8NC54,204,0.0027
Q8TBM8,204,0.0027
A6NGC4,204,0.0027
O00142,204,0.0027
A6ND48,204,0.0027
Q8NFH5,204,0.0027
Q15560,204,0.0027
Q06587,204,0.0027
Q9H0C8,204,0.0027
Q5VWM3,204,0.0027
Q2TAM9,203,0.0027
Q8WZ82,203,0.0027
Q2M2D7,203,0.0027
P53041,203,0.0027
A6NJ46,203,0.0027
Q969E2,203,0.0027
A6NNM3,203,0.0027
Q6PF05,203,0.0027
Q86UD1,203,0.0027
O43247,203,0.0027
Q92519,203,0.0027
Q9Y624,203,0.0027
Q8N0U4,203,0.0027
Q8NC51,203,0.0027
Q99619,203,0.0027
Q9NW81,203,0.0027
Q16842,203,0.0027
Q8N0S6,203,0.0027
Q8N3J5,203,0.0027
A0PJX4,203,0.0027
O95992,203,0.0027
O43825,203,0.0027
P40261,203,0.0027
Q5VWZ2,203,0.0027
A0A075B6I1,203,0.0027
Q9UBR1,203,0.0027
P02511,203,0.0027
P17677,203,0.0027
O14832,203,0.0027
Q9UGB7,203,0.0027
O60487,203,0.0027
Q01362,202,0.0027
P45984,202,0.0027
P46093,202,0.0027
P58166,202,0.0027
A8MQ27,202,0.0027
P55081,202,0.0027
O00287,202,0.0027
P36383,202,0.0027
P11413,202,0.0027
Q8N1A0,202,0.0027
O43462,202,0.0027
Q6NUI2,202,0.0027
Q96GK7,202,0.0027
Q9Y337,202,0.0027
Q16630,202,0.0027
Q05923,202,0.0027
Q9NZC2,202,0.0027
Q06432,202,0.0027
P25101,202,0.0027
P78382,202,0.0027
Q6NVY1,202,0.0027
Q6PP77,202,0.0027
Q96MZ0,202,0.0027
P20264,202,0.0027
Q8TBJ4,202,0.0027
Q14761,202,0.0027
P15328,202,0.0027
P31785,202,0.0027
Q8IUQ0,202,0.0027
Q96LJ8,202,0.0027
Q9NPI5,202,0.0027
Q9NRD5,202,0.0027
P17706,202,0.0027
Q6UWV2,201,0.0026
Q9NUV7,201,0.0026
P36896,201,0.0026
P49902,201,0.0026
Q13547,201,0.0026
A6NKD9,201,0.0026
Q5U649,201,0.0026
Q8IZT8,201,0.0026
Q9H777,201,0.0026
P00156,201,0.0026
Q8N8G2,201,0.0026
O60507,201,0.0026
P10588,201,0.0026
P56747,201,0.0026
O95299,201,0.0026
Q96A73,201,0.0026
P02649,201,0.0026
Q8N474,201,0.0026
P13726,201,0.0026
Q9Y6E2,201,0.0026
Q8N5I4,201,0.0026
Q99680,201,0.0026
Q15629,201,0.0026
Q9UNF1,201,0.0026
Q5SZD1,201,0.0026
A6NNE9,201,0.0026
A2RU49,201,0.0026
Q14696,201,0.0026
P35580,201,0.0026
O14798,201,0.0026
Q9UNI6,201,0.0026
Q9NNZ3,201,0.0026
P19087,201,0.0026
B1AL46,201,0.0026
O95470,201,0.0026
Q01664,201,0.0026
P23280,200,0.0026
O14626,200,0.0026
Q14512,200,0.0026
P25929,200,0.0026
Q14002,200,0.0026
Q7Z5Y6,200,0.0026
P61371,200,0.0026
P27169,200,0.0026
Q9ULV4,200,0.0026
Q96DI7,200,0.0026
P22695,200,0.0026
Q5BJD5,200,0.0026
Q9Y639,200,0.0026
P58505,200,0.0026
Q5TGI0,200,0.0026
Q99727,200,0.0026
Q9BYJ0,200,0.0026
Q96FV0,200,0.0026
Q9C0D9,200,0.0026
P31321,200,0.0026
Q0VD86,200,0.0026
P17482,200,0.0026
Q86T24,200,0.0026
Q99962,200,0.0026
Q9BRP0,200,0.0026
P32248,200,0.0026
O00744,199,0.0026
O94992,199,0.0026
Q9UIL8,199,0.0026
P01138,199,0.0026
Q6UX52,199,0.0026
Q92633,199,0.0026
Q9UBQ7,199,0.0026
Q8IW41,199,0.0026
Q330K2,199,0.0026
Q6ZUI0,199,0.0026
Q9H0W9,199,0.0026
P57076,199,0.0026
P60033,199,0.0026
P50502,199,0.0026
Q9BWC9,199,0.0026
Q9H3L0,199,0.0026
O95157,199,0.0026
Q9UKA9,199,0.0026
Q9P2W7,199,0.0026
P54727,199,0.0026
P17812,199,0.0026
P41439,199,0.0026
Q9BWU1,199,0.0026
A6NJJ6,199,0.0026
Q9H6F2,199,0.0026
Q9BSD3,199,0.0026
Q9NPF8,199,0.0026
Q9NTW7,199,0.0026
P26373,199,0.0026
Q5TEU4,199,0.0026
P07948,199,0.0026
Q8N6M3,199,0.0026
Q9UHL3,199,0.0026
Q8WV99,199,0.0026
Q8TAZ6,199,0.0026
Q969K7,199,0.0026
Q96PN8,199,0.0026
Q587J8,199,0.0026
O94788,199,0.0026
Q02252,198,0.0026
Q8N5S3,198,0.0026
Q15916,198,0.0026
Q14353,198,0.0026
Q9UNE7,198,0.0026
Q01851,198,0.0026
P60893,198,0.0026
O15085,198,0.0026
Q8NHX4,198,0.0026
Q6ICH7,198,0.0026
Q9UKJ0,198,0.0026
Q6IN84,198,0.0026
Q3SXP7,198,0.0026
Q99928,198,0.0026
Q8IWD4,198,0.0026
O95900,198,0.0026
P13747,198,0.0026
P21397,198,0.0026
Q8TCT9,198,0.0026
Q15293,198,0.0026
P50749,198,0.0026
P17987,198,0.0026
O75677,198,0.0026
O14965,198,0.0026
P14550,198,0.0026
A6NFD8,198,0.0026
Q14693,198,0.0026
Q2TAL6,198,0.0026
O43903,198,0.0026
Q13449,198,0.0026
Q10472,198,0.0026
Q9NWY4,198,0.0026
Q8WVM0,198,0.0026
Q96GY3,198,0.0026
P49788,198,0.0026
P51513,197,0.0026
Q5T7M9,197,0.0026
Q13153,197,0.0026
P16219,197,0.0026
O60684,197,0.0026
P21810,197,0.0026
P23946,197,0.0026
P37058,197,0.0026
Q8WVC6,197,0.0026
Q6ZQY2,197,0.0026
Q5T750,197,0.0026
Q13829,197,0.0026
P19622,197,0.0026
Q9Y303,197,0.0026
P55345,197,0.0026
P17535,197,0.0026
Q9NPF2,197,0.0026
Q6PGQ1,197,0.0026
Q96RU8,197,0.0026
Q9Y234,197,0.0026
O43173,197,0.0026
Q9H920,197,0.0026
O94907,197,0.0026
Q6TCH7,197,0.0026
Q8WXK3,197,0.0026
Q8TDN7,197,0.0026
Q5JTZ5,197,0.0026
P49674,197,0.0026
Q96S42,197,0.0026
Q8IXJ6,197,0.0026
Q8IV31,196,0.0026
P15259,196,0.0026
P04233,196,0.0026
P78346,196,0.0026
Q02878,196,0.0026
Q96EH3,196,0.0026
Q5VT98,196,0.0026
Q02962,196,0.0026
Q9BYG7,196,0.0026
O14662,196,0.0026
Q5BIV9,196,0.0026
P08758,196,0.0026
Q8WUU5,196,0.0026
Q9HA38,196,0.0026
Q8N5U1,196,0.0026
P01699,196,0.0026
Q9UPT9,196,0.0026
O15294,196,0.0026
Q9Y272,196,0.0026
P40938,196,0.0026
P10144,196,0.0026
P45954,196,0.0026
P0C1Z6,196,0.0026
Q12829,196,0.0026
Q96EP5,196,0.0026
Q9UHE5,196,0.0026
O43711,196,0.0026
Q9P127,196,0.0026
Q9Y330,196,0.0026
O14972,196,0.0026
Q6ZMV5,196,0.0026
Q92765,196,0.0026
Q5VZV1,196,0.0026
P48509,196,0.0026
Q8N8N0,196,0.0026
P49638,196,0.0026
P52294,196,0.0026
Q16719,195,0.0026
P54107,195,0.0026
Q8NHV1,195,0.0026
Q9UBU2,195,0.0026
Q9BT09,195,0.0026
Q96MX6,195,0.0026
Q6IPT2,195,0.0026
Q9NUD5,195,0.0026
Q9H008,195,0.0026
Q9UL41,195,0.0026
Q9BTX7,195,0.0026
P51911,195,0.0026
A6NJI9,195,0.0026
O76061,195,0.0026
Q8N461,195,0.0026
P05455,195,0.0026
P18405,195,0.0026
Q9NYP7,195,0.0026
Q9Y247,195,0.0026
Q8N1L9,195,0.0026
Q9UIJ7,195,0.0026
O95475,195,0.0026
Q9BY42,195,0.0026
P43234,195,0.0026
P30550,195,0.0026
O43143,195,0.0026
P13727,195,0.0026
Q8N0X4,194,0.0025
B0YJ81,194,0.0025
P04808,194,0.0025
Q59EK9,194,0.0025
Q7Z6J2,194,0.0025
O14753,194,0.0025
P01160,194,0.0025
P17538,194,0.0025
Q15696,194,0.0025
P33681,194,0.0025
P13805,194,0.0025
Q9UBE8,194,0.0025
P61011,194,0.0025
Q96AQ7,194,0.0025
Q07326,194,0.0025
Q71RH2,194,0.0025
O75364,194,0.0025
P10589,194,0.0025
P30040,194,0.0025
P57768,194,0.0025
Q9NXJ0,194,0.0025
Q96GM5,194,0.0025
Q8NDY8,194,0.0025
Q9NWV8,194,0.0025
Q96IW7,194,0.0025
Q2HXU8,194,0.0025
P07498,194,0.0025
Q9UBS4,194,0.0025
Q9Y230,194,0.0025
P20132,193,0.0025
Q8IX04,193,0.0025
Q9BXJ1,193,0.0025
Q3SYB3,193,0.0025
Q9H9T3,193,0.0025
A8MVS5,193,0.0025
Q11201,193,0.0025
P49591,193,0.0025
Q86YI8,193,0.0025
Q8WY07,193,0.0025
P55042,193,0.0025
Q9BRL7,193,0.0025
Q13309,193,0.0025
P78368,193,0.0025
Q8IYD1,193,0.0025
Q56P03,193,0.0025
P18509,193,0.0025
P17509,193,0.0025
Q96L08,193,0.0025
Q8TEB7,193,0.0025
Q9NQR7,193,0.0025
P21453,193,0.0025
Q96RQ1,193,0.0025
Q99750,193,0.0025
P14207,192,0.0025
Q8NCR3,192,0.0025
Q8WZ19,192,0.0025
P04430,192,0.0025
Q9BQA1,192,0.0025
Q9H1X3,192,0.0025
P52954,192,0.0025
O75563,192,0.0025
Q6P4A7,192,0.0025
Q15773,192,0.0025
Q8TBE3,192,0.0025
P51684,192,0.0025
A6NK06,192,0.0025
Q8IUS5,192,0.0025
P51815,192,0.0025
Q9BR10,192,0.0025
P27918,192,0.0025
Q5TA81,192,0.0025
Q9NUJ1,192,0.0025
Q9BU76,192,0.0025
O43704,192,0.0025
Q9Y383,192,0.0025
Q7L590,192,0.0025
C9JDP6,192,0.0025
Q96KS9,192,0.0025
Q6ZS82,192,0.0025
A6NI87,192,0.0025
P17483,191,0.0025
O95248,191,0.0025
Q9NVG8,191,0.0025
Q68CL5,191,0.0025
Q86SE5,191,0.0025
Q96IJ6,191,0.0025
Q3MJ62,191,0.0025
P0DMV9,191,0.0025
Q9Y365,191,0.0025
A0A0B4J1U7,191,0.0025
Q96MC6,191,0.0025
P09564,191,0.0025
Q9H0X6,191,0.0025
P68133,191,0.0025
A6NEH6,191,0.0025
Q9H0E2,191,0.0025
P57721,191,0.0025
A6NCQ9,191,0.0025
Q5HYI7,191,0.0025
P49069,191,0.0025
Q14994,191,0.0025
P25942,191,0.0025
P08217,191,0.0025
Q5VW32,191,0.0025
P43897,191,0.0025
Q8NDV1,191,0.0025
P04090,191,0.0025
Q6NUJ2,191,0.0025
Q9Y320,191,0.0025
P0DN86,191,0.0025
Q6NT76,191,0.0025
Q5MJ68,191,0.0025
P20265,191,0.0025
Q8NDC0,191,0.0025
Q8WXS5,191,0.0025
Q9Y4P1,191,0.0025
Q8IUF1,191,0.0025
Q9BXR0,190,0.0025
Q9Y5Y2,190,0.0025
Q9UHD1,190,0.0025
Q9GZK6,190,0.0025
Q6YP21,190,0.0025
Q9BR61,190,0.0025
Q93097,190,0.0025
P46092,190,0.0025
Q9Y5I7,190,0.0025
P24752,190,0.0025
P49441,190,0.0025
Q9BTD3,190,0.0025
Q9UNN8,190,0.0025
Q5TYX0,190,0.0025
Q8N966,190,0.0025
O95760,190,0.0025
O00767,190,0.0025
O15160,190,0.0025
Q9BY11,190,0.0025
Q9HAC7,190,0.0025
Q8N699,190,0.0025
Q9NP66,190,0.0025
Q6PK18,190,0.0025
P50616,190,0.0025
P07327,190,0.0025
Q9GZM8,190,0.0025
P31431,190,0.0025
Q8WXI8,189,0.0025
P12931,189,0.0025
A6NLU5,189,0.0025
O00232,189,0.0025
Q8IXM6,189,0.0025
A6NHS7,189,0.0025
O60248,189,0.0025
Q9BSU1,189,0.0025
Q8NG68,189,0.0025
Q8IVB5,189,0.0025
P01701,189,0.0025
P40198,189,0.0025
O75530,189,0.0025
P31644,189,0.0025
P49642,189,0.0025
Q9BTP6,189,0.0025
Q86U42,189,0.0025
Q16589,189,0.0025
Q9GZP1,189,0.0025
Q96FK6,189,0.0025
O14829,189,0.0025
O60928,189,0.0025
Q9NYS7,189,0.0025
Q9Y698,189,0.0025
Q8NGC5,189,0.0025
Q9H4K1,189,0.0025
Q86TJ2,189,0.0025
Q8TB37,189,0.0025
Q9NZC4,189,0.0025
Q96MD2,188,0.0025
O60671,188,0.0025
P13674,188,0.0025
P50876,188,0.0025
O94778,188,0.0025
Q96BW5,188,0.0025
P57060,188,0.0025
P41273,188,0.0025
P78426,188,0.0025
Q969W3,188,0.0025
P54819,188,0.0025
Q9NV23,188,0.0025
Q9Y6I9,188,0.0025
Q99848,188,0.0025
P55809,188,0.0025
Q9NY35,188,0.0025
B6A8C7,188,0.0025
P53779,188,0.0025
Q9NYP9,188,0.0025
Q9Y2D2,188,0.0025
Q9Y2C3,188,0.0025
O95232,188,0.0025
P30566,188,0.0025
Q99853,188,0.0025
A6NFY4,188,0.0025
P47869,188,0.0025
Q9NYN1,188,0.0025
Q8TBF8,188,0.0025
O94805,188,0.0025
Q9NV79,188,0.0025
Q15007,188,0.0025
A0A0C4DH29,187,0.0025
P98177,187,0.0025
Q8N5Y2,187,0.0025
P62955,187,0.0025
P01825,187,0.0025
P04181,187,0.0025
P78356,187,0.0025
Q32ZL2,187,0.0025
Q9NTG7,187,0.0025
A5PLN9,187,0.0025
Q9UBS3,187,0.0025
Q9UJT0,187,0.0025
Q8N129,187,0.0025
Q9P0W2,187,0.0025
Q9BTE3,187,0.0025
Q99442,187,0.0025
P58417,187,0.0025
P20645,187,0.0025
P31273,187,0.0025
Q15904,187,0.0025
Q9NS00,187,0.0025
Q8IYS1,187,0.0025
Q9Y6Z7,187,0.0025
Q9GZZ9,187,0.0025
Q8NFV4,187,0.0025
A8MYZ6,187,0.0025
Q15012,187,0.0025
P05543,187,0.0025
Q15067,187,0.0025
Q8N9W6,187,0.0025
P34896,186,0.0024
Q96J01,186,0.0024
P32121,186,0.0024
Q8IW03,186,0.0024
P07288,186,0.0024
Q6P2I3,186,0.0024
O95976,186,0.0024
Q9Y673,186,0.0024
O75821,186,0.0024
Q6ZSJ9,186,0.0024
P50135,186,0.0024
Q9BRQ5,186,0.0024
Q6ZMN8,186,0.0024
Q8N5C1,186,0.0024
O95674,186,0.0024
P49247,186,0.0024
P01732,186,0.0024
Q6PL24,186,0.0024
P52597,186,0.0024
Q9UMY1,186,0.0024
Q15119,186,0.0024
Q96H79,186,0.0024
P09104,186,0.0024
Q969T7,186,0.0024
Q99615,186,0.0024
Q9H4T2,186,0.0024
P47900,186,0.0024
Q9UHQ9,186,0.0024
P04424,186,0.0024
Q9NPI7,186,0.0024
A0A1B0GTW7,186,0.0024
Q9NUU7,186,0.0024
P49888,186,0.0024
Q7Z5P4,186,0.0024
O95866,186,0.0024
Q15165,186,0.0024
Q96GC9,186,0.0024
P01213,186,0.0024
Q96PV4,186,0.0024
Q3B7J2,186,0.0024
Q12765,186,0.0024
O95237,186,0.0024
Q86TL2,186,0.0024
P49841,186,0.0024
Q8IYD9,185,0.0024
O43482,185,0.0024
Q9H0Z9,185,0.0024
P0DP03,185,0.0024
Q9BWQ8,185,0.0024
Q9BV20,185,0.0024
Q3SY46,185,0.0024
Q8N1E6,185,0.0024
Q6P6C2,185,0.0024
Q8TAP9,185,0.0024
Q9BQ65,185,0.0024
Q969P5,185,0.0024
P52895,185,0.0024
Q9NWS6,185,0.0024
Q9UBF1,185,0.0024
Q96DN0,185,0.0024
P0CF75,185,0.0024
Q9Y3Y2,185,0.0024
Q9NR45,185,0.0024
Q9Y5W9,185,0.0024
Q9Y5B8,185,0.0024
Q15800,185,0.0024
Q6ZT52,185,0.0024
Q8WWB5,185,0.0024
Q8N6F8,185,0.0024
Q9UJH8,185,0.0024
Q5W5W9,185,0.0024
P15173,185,0.0024
Q6P7N7,185,0.0024
Q8N8Q1,185,0.0024
Q8IUZ5,185,0.0024
Q15172,185,0.0024
Q8WXX5,185,0.0024
P07992,185,0.0024
Q8N131,184,0.0024
A2RUT3,184,0.0024
P12034,184,0.0024
Q86WR6,184,0.0024
P04554,184,0.0024
Q5VVH5,184,0.0024
Q8N6D5,184,0.0024
P27539,184,0.0024
Q96Q80,184,0.0024
Q9NVA4,184,0.0024
Q3SXM0,184,0.0024
Q9H9S3,184,0.0024
Q8NEX9,184,0.0024
Q66PJ3,184,0.0024
Q86X67,184,0.0024
Q9Y600,184,0.0024
Q9P1T7,184,0.0024
Q6U7Q0,184,0.0024
Q96SJ8,184,0.0024
O60911,184,0.0024
Q8TDG2,184,0.0024
Q8NBM4,184,0.0024
O00442,184,0.0024
Q9UBB5,184,0.0024
Q8N5Z5,184,0.0024
Q68D42,183,0.0024
P20718,183,0.0024
Q8NCR6,183,0.0024
P50579,183,0.0024
O14633,183,0.0024
Q92624,183,0.0024
Q9HCE5,183,0.0024
Q9H903,183,0.0024
Q9NTK1,183,0.0024
Q9BYD3,183,0.0024
Q96CX6,183,0.0024
O94903,183,0.0024
Q5JWF8,183,0.0024
O14521,183,0.0024
O43761,183,0.0024
A6NFC5,183,0.0024
Q08209,183,0.0024
Q9Y278,183,0.0024
P57052,183,0.0024
Q9UBF2,183,0.0024
Q5JTD7,183,0.0024
Q9UMW8,183,0.0024
Q08722,183,0.0024
Q9BPY3,183,0.0024
Q8IUW5,183,0.0024
P61978,183,0.0024
Q9H867,183,0.0024
Q9HAB8,183,0.0024
P56856,183,0.0024
Q9UIK5,183,0.0024
Q9BQ69,183,0.0024
Q9Y287,183,0.0024
Q6ZSG1,183,0.0024
Q15910,182,0.0024
Q8NCY6,182,0.0024
P21953,182,0.0024
P28332,182,0.0024
Q86UD3,182,0.0024
Q16270,182,0.0024
Q9Y3B9,182,0.0024
Q9NSI2,182,0.0024
Q9BYD2,182,0.0024
Q15013,182,0.0024
P26717,182,0.0024
P51606,182,0.0024
Q15784,182,0.0024
Q06609,182,0.0024
Q15435,182,0.0024
P47895,182,0.0024
O14494,182,0.0024
Q96FE7,182,0.0024
Q8N801,182,0.0024
Q13426,182,0.0024
Q9HC07,182,0.0024
P13631,182,0.0024
Q9BQ75,182,0.0024
P22794,182,0.0024
P28069,182,0.0024
P09131,182,0.0024
Q8N999,182,0.0024
Q6UX53,182,0.0024
Q8WTW4,182,0.0024
Q8WWA1,182,0.0024
P09629,182,0.0024
Q9NR46,182,0.0024
O95863,182,0.0024
P14316,182,0.0024
Q16560,182,0.0024
A6NDY2,182,0.0024
Q8N6T7,182,0.0024
Q9UKT5,182,0.0024
Q6UWV7,182,0.0024
C9J2P7,182,0.0024
Q9HAU0,182,0.0024
Q08257,182,0.0024
Q9UIB8,181,0.0024
P78540,181,0.0024
Q6UX39,181,0.0024
Q9GZW8,181,0.0024
O15119,181,0.0024
Q2M2E3,181,0.0024
P98170,181,0.0024
O15121,181,0.0024
P13995,181,0.0024
Q9UL40,181,0.0024
Q9UMR2,181,0.0024
Q3MII6,181,0.0024
Q6UXX9,181,0.0024
O60701,181,0.0024
Q9Y576,181,0.0024
Q9H2J4,181,0.0024
P49765,181,0.0024
Q9H2R5,181,0.0024
P49354,181,0.0024
Q969T9,181,0.0024
P04000,181,0.0024
Q16829,181,0.0024
Q8IVN8,181,0.0024
P07360,181,0.0024
Q6ZMZ0,181,0.0024
Q6ZP80,181,0.0024
Q15645,180,0.0024
Q92782,180,0.0024
Q8TF65,180,0.0024
Q5JPI3,180,0.0024
Q96GS6,180,0.0024
Q13825,180,0.0024
P47902,180,0.0024
Q96B77,180,0.0024
Q9H1X1,180,0.0024
O75840,180,0.0024
Q9BQD7,180,0.0024
Q7L0Y3,180,0.0024
P01906,180,0.0024
Q5JVF3,180,0.0024
Q14749,180,0.0024
Q9UHY1,180,0.0024
Q5T0U0,180,0.0024
Q9H4A5,180,0.0024
Q9UN86,180,0.0024
Q12800,180,0.0024
Q5T280,180,0.0024
Q8NDD1,180,0.0024
O94888,180,0.0024
Q9H2K0,180,0.0024
O60636,180,0.0024
P35318,180,0.0024
Q96MP8,180,0.0024
P49137,180,0.0024
A5D8T8,180,0.0024
Q92837,180,0.0024
P50052,180,0.0024
Q15438,180,0.0024
Q6ZMJ4,180,0.0024
P43358,180,0.0024
Q96KN4,180,0.0024
Q8TDC0,180,0.0024
P61244,180,0.0024
Q96KD3,179,0.0024
O75352,179,0.0024
A6NDD5,179,0.0024
Q8TE49,179,0.0024
Q9NWF9,179,0.0024
P51857,179,0.0024
A2RRH5,179,0.0024
Q9HB03,179,0.0024
Q6IAN0,179,0.0024
P21579,179,0.0024
O43829,179,0.0024
Q9BZI7,179,0.0024
Q9UKT8,179,0.0024
P28562,179,0.0024
O14905,179,0.0024
Q9Y282,179,0.0024
Q9Y385,179,0.0024
F8VTS6,179,0.0024
Q8IX29,179,0.0024
Q8N6W0,179,0.0024
Q8NGZ2,179,0.0024
O95858,179,0.0024
Q9Y394,179,0.0024
Q6IPU0,179,0.0024
P31689,179,0.0024
Q9BUJ0,179,0.0024
O95455,179,0.0024
Q99832,179,0.0024
P16333,179,0.0024
P00352,178,0.0023
Q96HV5,178,0.0023
P63010,178,0.0023
Q12792,178,0.0023
Q9UNM6,178,0.0023
A0A0J9YX57,178,0.0023
Q9NZQ7,178,0.0023
Q9Y314,178,0.0023
Q8TC07,178,0.0023
Q16651,178,0.0023
P06576,178,0.0023
Q9P2X3,178,0.0023
O95931,178,0.0023
A6NHQ4,178,0.0023
Q96CT7,178,0.0023
Q9Y6K0,178,0.0023
Q86UE8,178,0.0023
Q9NRA1,178,0.0023
Q9BWW4,178,0.0023
Q9BQ87,178,0.0023
Q86WA6,178,0.0023
O60884,178,0.0023
P23284,178,0.0023
Q5SZQ8,178,0.0023
Q99963,178,0.0023
I6L899,178,0.0023
Q8WWF3,178,0.0023
P0DJD9,178,0.0023
P50591,177,0.0023
Q3C1V8,177,0.0023
P40313,177,0.0023
Q5VWP2,177,0.0023
Q9BU89,177,0.0023
P50613,177,0.0023
Q6PKX4,177,0.0023
P01763,177,0.0023
Q8N5M9,177,0.0023
Q8WWX0,177,0.0023
Q9NZN8,177,0.0023
O95825,177,0.0023
P57087,177,0.0023
O43731,177,0.0023
Q15008,177,0.0023
Q9Y644,177,0.0023
Q92186,177,0.0023
P0CG41,177,0.0023
P55211,177,0.0023
Q99674,177,0.0023
Q5QGZ9,177,0.0023
Q9BYQ9,177,0.0023
Q9BYQ3,177,0.0023
P55064,177,0.0023
P22087,177,0.0023
Q8TAF8,177,0.0023
Q13595,177,0.0023
Q5VT66,177,0.0023
Q9BRQ6,177,0.0023
Q8TDB4,176,0.0023
P35914,176,0.0023
Q9GZU7,176,0.0023
Q3LI77,176,0.0023
Q53GQ0,176,0.0023
Q6IPR3,176,0.0023
P26038,176,0.0023
Q9BUB7,176,0.0023
A8MTQ0,176,0.0023
P56748,176,0.0023
Q14576,176,0.0023
Q16695,176,0.0023
H3BV12,176,0.0023
Q96LI9,176,0.0023
O95600,176,0.0023
P23443,176,0.0023
Q8N6D2,176,0.0023
A0A1W2PQ72,176,0.0023
Q8TB68,176,0.0023
P20933,176,0.0023
Q96LJ7,176,0.0023
Q7L4S7,176,0.0023
Q8N4C7,176,0.0023
Q9BXI9,176,0.0023
Q86U70,176,0.0023
Q9H4B7,176,0.0023
P41181,176,0.0023
P49862,175,0.0023
A6NDU8,175,0.0023
Q8NI29,175,0.0023
Q8N7P3,175,0.0023
P37287,175,0.0023
O95755,175,0.0023
Q8N4J0,175,0.0023
Q08AD1,175,0.0023
P0DTL5,175,0.0023
P49863,175,0.0023
Q8N5J4,175,0.0023
Q8TE02,175,0.0023
P22234,175,0.0023
Q86VL8,175,0.0023
Q9UBV4,175,0.0023
Q5HYJ3,175,0.0023
Q9NVV2,175,0.0023
Q86X76,175,0.0023
Q9NUL5,175,0.0023
Q14790,175,0.0023
Q9Y676,175,0.0023
Q8NF86,175,0.0023
Q99811,175,0.0023
Q96DX8,175,0.0023
P28070,175,0.0023
P17026,175,0.0023
P24387,175,0.0023
Q6ZWI9,175,0.0023
C9JTQ0,175,0.0023
O60682,175,0.0023
O14734,174,0.0023
O75636,174,0.0023
O96020,174,0.0023
O75344,174,0.0023
Q96HD9,174,0.0023
Q7Z6K3,174,0.0023
O15479,174,0.0023
Q8WUZ0,174,0.0023
O43639,174,0.0023
Q9UGV2,174,0.0023
Q9H4B0,174,0.0023
B8ZZ34,174,0.0023
P30793,174,0.0023
Q9H4D5,174,0.0023
Q8TDN6,174,0.0023
P55103,174,0.0023
P20711,174,0.0023
P09326,174,0.0023
Q96EK4,174,0.0023
P48023,174,0.0023
Q86VG3,174,0.0023
P17275,174,0.0023
Q15329,174,0.0023
O75791,174,0.0023
Q9UGY1,174,0.0023
Q9H477,174,0.0023
P01344,174,0.0023
P51948,174,0.0023
Q6ZR62,174,0.0023
P27037,174,0.0023
Q9UNH7,174,0.0023
Q8NEB5,174,0.0023
P31025,174,0.0023
Q9NUM4,174,0.0023
Q0GE19,174,0.0023
Q6ZUS5,174,0.0023
Q9BYQ0,174,0.0023
P20774,174,0.0023
Q6U736,173,0.0023
Q9NR21,173,0.0023
Q9P2A4,173,0.0023
Q9H2M3,173,0.0023
Q9H2W2,173,0.0023
Q9BVW5,173,0.0023
P30084,173,0.0023
Q5VVY1,173,0.0023
Q9H019,173,0.0023
O60218,173,0.0023
O75828,173,0.0023
Q8ND76,173,0.0023
P54252,173,0.0023
Q8TAV4,173,0.0023
P0C7T8,173,0.0023
Q9BRJ9,173,0.0023
Q9BS26,173,0.0023
Q5T9Z0,173,0.0023
P0DPI2,173,0.0023
Q3B8N2,173,0.0023
A8MUP2,173,0.0023
P42126,173,0.0023
Q96Q83,173,0.0023
Q14469,173,0.0023
O95158,173,0.0023
Q53TN4,173,0.0023
Q9BQM9,173,0.0023
P60827,173,0.0023
Q7Z5W3,173,0.0023
Q9H9P2,173,0.0023
Q8WY41,172,0.0023
Q86VZ5,172,0.0023
A0PK11,172,0.0023
O95292,172,0.0023
P15104,172,0.0023
Q86XK7,172,0.0023
Q99457,172,0.0023
Q9P2Z0,172,0.0023
Q5VU36,172,0.0023
Q8TCE6,172,0.0023
Q96CN4,172,0.0023
Q10586,172,0.0023
P53582,172,0.0023
P52799,172,0.0023
Q9H9E1,172,0.0023
Q8WU49,172,0.0023
Q96A37,172,0.0023
P14209,172,0.0023
Q9HC98,172,0.0023
Q13268,172,0.0023
O00505,172,0.0023
Q63HQ0,172,0.0023
P53990,172,0.0023
P12694,172,0.0023
Q6GV28,172,0.0023
Q9NVT9,172,0.0023
Q8NDV2,172,0.0023
Q9Y271,171,0.0022
P22692,171,0.0022
Q4KMG9,171,0.0022
Q9Y617,171,0.0022
Q9UJA2,171,0.0022
Q9BSH5,171,0.0022
P49842,171,0.0022
Q15853,171,0.0022
Q8TAX0,171,0.0022
Q9Y5M8,171,0.0022
Q02080,171,0.0022
P48050,171,0.0022
Q7Z3Z2,171,0.0022
Q99618,171,0.0022
Q9H2A7,171,0.0022
Q8TCF1,171,0.0022
Q9Y274,171,0.0022
Q9NQ03,171,0.0022
Q5VWC8,171,0.0022
Q4G0F5,171,0.0022
P05305,171,0.0022
P14770,171,0.0022
O95198,171,0.0022
P0DN37,171,0.0022
Q15493,171,0.0022
Q6ZUJ4,171,0.0022
O95972,170,0.0022
Q14CW9,170,0.0022
Q13561,170,0.0022
Q99622,170,0.0022
P36969,170,0.0022
Q96H78,170,0.0022
P02753,170,0.0022
O14657,170,0.0022
Q9Y5X0,170,0.0022
P01703,170,0.0022
P30520,170,0.0022
P05089,170,0.0022
Q8NEJ9,170,0.0022
Q9NR28,170,0.0022
P54821,170,0.0022
Q969M3,170,0.0022
Q6P2H8,170,0.0022
Q8NH80,170,0.0022
P04156,170,0.0022
Q8TDR4,170,0.0022
P46379,170,0.0022
Q8N336,170,0.0022
A6NH52,170,0.0022
P11086,170,0.0022
Q9NZJ7,170,0.0022
P19429,170,0.0022
Q96LI5,170,0.0022
Q9H9S4,170,0.0022
Q8NCF0,170,0.0022
P08833,170,0.0022
Q9P2W9,169,0.0022
Q9H974,169,0.0022
Q5T230,169,0.0022
P04921,169,0.0022
P32856,169,0.0022
Q9P055,169,0.0022
Q96DH6,169,0.0022
Q8NG31,169,0.0022
A1L3X0,169,0.0022
Q96D03,169,0.0022
Q9H6X4,169,0.0022
O15370,169,0.0022
Q9Y5P6,169,0.0022
Q9Y697,169,0.0022
Q9NUU6,169,0.0022
Q9NWX6,169,0.0022
Q96HA9,169,0.0022
Q99719,169,0.0022
P78381,169,0.0022
Q9BZD7,169,0.0022
Q96J88,169,0.0022
P49840,169,0.0022
Q86XW9,169,0.0022
Q7L5Y9,169,0.0022
O14579,169,0.0022
Q9BQQ7,168,0.0022
Q96E09,168,0.0022
Q5T700,168,0.0022
Q7Z7D3,168,0.0022
Q9UBP9,168,0.0022
O15466,168,0.0022
Q99706,168,0.0022
Q5VZY2,168,0.0022
Q6NXT1,168,0.0022
Q9BWP8,168,0.0022
Q3ZCQ2,168,0.0022
Q8TBG4,168,0.0022
Q8N3Z3,168,0.0022
Q9NYF0,168,0.0022
Q9NRY6,168,0.0022
Q9H237,168,0.0022
Q9UKC9,168,0.0022
P13765,168,0.0022
O15530,167,0.0022
Q9NUS5,167,0.0022
Q07352,167,0.0022
Q6PIZ9,167,0.0022
Q9NPC6,167,0.0022
Q9UNK0,167,0.0022
Q96NK8,167,0.0022
Q9UBX8,167,0.0022
Q14457,167,0.0022
A6NNZ2,167,0.0022
P20851,167,0.0022
Q9GZN0,167,0.0022
Q6XYB7,167,0.0022
Q8IY95,167,0.0022
Q03014,167,0.0022
Q9HCQ7,167,0.0022
Q9BW11,167,0.0022
O75923,167,0.0022
A6NCK2,167,0.0022
Q92947,167,0.0022
P16152,167,0.0022
Q96L94,167,0.0022
Q16181,167,0.0022
O43623,167,0.0022
P09972,167,0.0022
Q96H86,167,0.0022
P00915,167,0.0022
O14904,167,0.0022
Q9UIM3,167,0.0022
P16455,167,0.0022
Q5VXH5,167,0.0022
Q96T17,167,0.0022
P11142,167,0.0022
Q6P1S2,167,0.0022
Q11206,167,0.0022
O43752,167,0.0022
Q96LR2,166,0.0022
Q96A44,166,0.0022
P42575,166,0.0022
P55039,166,0.0022
Q06546,166,0.0022
Q8IUC0,166,0.0022
Q9BXJ3,166,0.0022
Q9UBT3,166,0.0022
A8MTJ3,166,0.0022
Q04900,166,0.0022
Q9NY12,166,0.0022
A0PG75,166,0.0022
Q15404,166,0.0022
Q9H6Y5,166,0.0022
P0DPD7,166,0.0022
Q15759,166,0.0022
A8MUP6,166,0.0022
Q13011,166,0.0022
Q6XD76,166,0.0022
P0C7N4,166,0.0022
Q96KX2,166,0.0022
Q9NRZ5,166,0.0022
P11912,166,0.0022
Q15842,166,0.0022
P61619,166,0.0022
P82650,166,0.0022
Q96HA8,166,0.0022
Q8WW32,166,0.0022
P0C862,166,0.0022
Q9UBE0,166,0.0022
Q3C1V0,166,0.0022
Q6IEG0,165,0.0022
Q96NL8,165,0.0022
P31941,165,0.0022
P49447,165,0.0022
P24593,165,0.0022
Q9BQR3,165,0.0022
Q6FI81,165,0.0022
Q15120,165,0.0022
Q9NP98,165,0.0022
P32322,165,0.0022
Q9BWV2,165,0.0022
Q92535,165,0.0022
Q14914,165,0.0022
Q9NZQ0,165,0.0022
O60907,165,0.0022
Q8NB15,165,0.0022
P52815,165,0.0022
Q96DB2,165,0.0022
P78380,165,0.0022
P52943,165,0.0022
Q9NY65,165,0.0022
Q8N5M1,165,0.0022
A6NFT4,165,0.0022
Q9P0M6,165,0.0022
O75897,165,0.0022
O60499,165,0.0022
Q8NFH4,165,0.0022
Q8NEQ6,165,0.0022
Q00526,165,0.0022
Q5T753,165,0.0022
O96008,165,0.0022
Q9H0N0,165,0.0022
Q9Y508,165,0.0022
O00560,165,0.0022
P18031,165,0.0022
P31314,165,0.0022
Q96A25,165,0.0022
A0PJW6,165,0.0022
O75425,165,0.0022
Q9NVF7,165,0.0022
P24592,165,0.0022
Q9BYD6,164,0.0022
P53004,164,0.0022
O75752,164,0.0022
Q9NRZ7,164,0.0022
Q96HL8,164,0.0022
Q9NXF7,164,0.0022
Q96SZ6,164,0.0022
Q9ULW6,164,0.0022
Q9UHQ4,164,0.0022
Q5JRM2,164,0.0022
Q14974,164,0.0022
P54851,164,0.0022
Q9BVK8,164,0.0022
Q9UJT1,164,0.0022
Q6PF06,164,0.0022
P12268,164,0.0022
Q13371,164,0.0022
A0A1B0GUU1,164,0.0022
P41225,164,0.0022
Q96IK0,164,0.0022
Q07444,164,0.0022
Q96BF3,164,0.0022
P0DUQ2,164,0.0022
Q96N03,164,0.0022
Q6PJE2,164,0.0022
Q9UM22,164,0.0022
Q53FA7,163,0.0021
Q9UMS4,163,0.0021
Q9NP64,163,0.0021
Q9Y2Y8,163,0.0021
P14373,163,0.0021
P63261,163,0.0021
Q14493,163,0.0021
Q9UQB9,163,0.0021
Q96EQ8,163,0.0021
Q9BYR2,163,0.0021
P80188,163,0.0021
Q9UBR2,163,0.0021
Q9H0C1,163,0.0021
Q5MNZ6,163,0.0021
Q52MB2,163,0.0021
Q86YL7,163,0.0021
P21695,163,0.0021
Q6UB28,163,0.0021
Q6ZS17,163,0.0021
O15304,163,0.0021
Q9Y570,163,0.0021
P34897,163,0.0021
Q3LIE5,163,0.0021
P15121,163,0.0021
P11487,163,0.0021
Q96A54,163,0.0021
P10301,163,0.0021
Q8N4C9,163,0.0021
P49366,163,0.0021
O75319,163,0.0021
Q15181,163,0.0021
P55344,163,0.0021
O15273,163,0.0021
Q96M43,163,0.0021
Q99836,163,0.0021
Q9Y2H1,163,0.0021
Q9NWC5,163,0.0021
Q969Z3,163,0.0021
Q9NW64,163,0.0021
Q9UBP6,162,0.0021
Q9UNP9,162,0.0021
Q8N1S5,162,0.0021
O43709,162,0.0021
O15391,162,0.0021
Q9HAV5,162,0.0021
Q96A56,162,0.0021
Q8N5F7,162,0.0021
Q99729,162,0.0021
Q9BXN2,162,0.0021
Q8IXB3,162,0.0021
Q8WTV1,162,0.0021
Q6PEW1,162,0.0021
Q7Z692,162,0.0021
O75596,162,0.0021
Q6NZ36,162,0.0021
A8MTA8,162,0.0021
Q9UKQ9,162,0.0021
A6NHL2,162,0.0021
P26715,162,0.0021
A6NH11,162,0.0021
Q9GZN1,162,0.0021
Q92900,162,0.0021
P01700,162,0.0021
Q9H079,162,0.0021
Q86TN4,162,0.0021
Q13319,162,0.0021
Q15738,162,0.0021
O75792,162,0.0021
O15162,162,0.0021
Q8WWC4,162,0.0021
Q6GPI1,162,0.0021
Q96JQ5,162,0.0021
P56915,162,0.0021
Q8N123,162,0.0021
Q9NZL9,162,0.0021
I3L3R5,162,0.0021
Q8NGB2,161,0.0021
Q9NYR8,161,0.0021
Q5VT99,161,0.0021
Q9H3Z4,161,0.0021
O14562,161,0.0021
Q8N111,161,0.0021
Q04864,161,0.0021
Q96F25,161,0.0021
P26641,161,0.0021
Q7Z6I5,161,0.0021
P07766,161,0.0021
Q9NUB4,161,0.0021
Q6PEY1,161,0.0021
P19075,161,0.0021
O14627,161,0.0021
O43286,161,0.0021
P01583,161,0.0021
Q53HV7,161,0.0021
Q96GL9,160,0.0021
Q96BQ5,160,0.0021
Q9NZ63,160,0.0021
Q96AW1,160,0.0021
Q8NC96,160,0.0021
Q8IZ81,160,0.0021
Q04741,160,0.0021
Q6ZV70,160,0.0021
Q9NTK5,160,0.0021
P55209,160,0.0021
Q9UNQ2,160,0.0021
Q8WY22,160,0.0021
P01112,160,0.0021
Q5TA79,160,0.0021
Q5T752,160,0.0021
P28074,160,0.0021
Q96CE8,160,0.0021
P60201,160,0.0021
P49006,160,0.0021
Q8N6M0,160,0.0021
P08962,160,0.0021
O15499,160,0.0021
P46459,160,0.0021
Q5TEZ5,160,0.0021
O94768,160,0.0021
P61266,160,0.0021
Q9BVT8,160,0.0021
P51854,160,0.0021
Q7Z7H8,160,0.0021
Q16763,160,0.0021
Q08708,160,0.0021
Q6DKI1,160,0.0021
Q16617,160,0.0021
Q5SGD2,160,0.0021
Q8N9F7,159,0.0021
Q6ZNQ3,159,0.0021
Q9Y366,159,0.0021
P12980,159,0.0021
Q8N144,159,0.0021
Q9UKL6,159,0.0021
Q1RMZ1,159,0.0021
Q99784,159,0.0021
Q96CQ1,159,0.0021
Q86YB7,159,0.0021
Q7Z6A9,159,0.0021
Q16836,159,0.0021
Q9UMX2,159,0.0021
P41217,159,0.0021
Q9BU20,159,0.0021
Q8N5I3,159,0.0021
P02763,159,0.0021
A0A0A0MS15,159,0.0021
Q5SYC1,159,0.0021
O60547,159,0.0021
Q9H106,159,0.0021
P12956,159,0.0021
P56750,159,0.0021
P43235,159,0.0021
Q92838,159,0.0021
Q8N6M8,158,0.0021
Q66LE6,158,0.0021
O95376,158,0.0021
P06132,158,0.0021
Q96A35,158,0.0021
O75955,158,0.0021
A6NI61,158,0.0021
Q9BYQ4,158,0.0021
Q9H410,158,0.0021
Q9BUP3,158,0.0021
P60174,158,0.0021
A6NLX3,158,0.0021
Q8IXM7,158,0.0021
P17936,158,0.0021
Q8N7R7,158,0.0021
Q6NZ67,158,0.0021
P09110,158,0.0021
Q99436,158,0.0021
O95416,158,0.0021
Q92522,158,0.0021
Q8TC29,158,0.0021
P53674,158,0.0021
P40259,158,0.0021
Q14318,158,0.0021
Q9BWG6,158,0.0021
Q96PS1,158,0.0021
Q8N9R8,158,0.0021
B3SHH9,158,0.0021
Q06889,158,0.0021
Q9HD36,158,0.0021
Q13075,158,0.0021
Q8TAY7,158,0.0021
Q96HJ5,157,0.0021
P18065,157,0.0021
Q8N2A8,157,0.0021
Q9UBV8,157,0.0021
P00367,157,0.0021
Q8TAG6,157,0.0021
P48454,157,0.0021
O14669,157,0.0021
Q9Y6J8,157,0.0021
Q00266,157,0.0021
P52655,157,0.0021
Q53RE8,157,0.0021
Q9HC73,157,0.0021
Q01581,157,0.0021
A6ND01,157,0.0021
Q9BY19,157,0.0021
P07951,157,0.0021
O75474,157,0.0021
Q9NYK6,157,0.0021
P41238,157,0.0021
P17481,157,0.0021
P19256,157,0.0021
Q96KW9,157,0.0021
Q6ZUX7,157,0.0021
Q9BU02,157,0.0021
B1ATL7,157,0.0021
Q86X24,157,0.0021
Q9NXX6,157,0.0021
Q92747,156,0.002
Q9NR77,156,0.002
P0CG32,156,0.002
Q14197,156,0.002
Q8IU85,156,0.002
Q9H147,156,0.002
Q8IXH6,156,0.002
O00526,156,0.002
P09651,156,0.002
Q6IEZ7,156,0.002
Q5TGL8,156,0.002
Q92934,156,0.002
Q8IX05,156,0.002
Q9UMX3,156,0.002
Q7Z3D6,156,0.002
Q93015,156,0.002
P23193,156,0.002
P83859,156,0.002
Q96MW1,156,0.002
P11310,156,0.002
Q9BR09,156,0.002
Q7Z408,156,0.002
Q6UWN0,156,0.002
Q96CN7,156,0.002
Q9BQE4,156,0.002
Q12846,156,0.002
Q9H0T7,155,0.002
Q9H1D9,155,0.002
Q96DB9,155,0.002
Q9UJM8,155,0.002
Q9NS85,155,0.002
P51858,155,0.002
P40200,155,0.002
P03891,155,0.002
Q6PEY0,155,0.002
P55259,155,0.002
Q9BQ24,155,0.002
P49336,155,0.002
Q8NHS2,155,0.002
Q9NYG2,155,0.002
P48047,155,0.002
Q9UF47,155,0.002
Q8NG50,155,0.002
Q9BXA6,155,0.002
P13804,155,0.002
Q7RTS1,155,0.002
Q9GZT4,155,0.002
Q16633,155,0.002
Q7LGA3,155,0.002
P31942,154,0.002
Q9HCK0,154,0.002
Q8NBL3,154,0.002
P43363,154,0.002
Q12996,154,0.002
P28067,154,0.002
P06241,154,0.002
P20800,154,0.002
P35250,154,0.002
O14681,154,0.002
Q6P587,154,0.002
A8MZG2,154,0.002
O00574,154,0.002
Q9H0R3,154,0.002
Q9NWR8,154,0.002
Q92185,154,0.002
Q8WXJ9,154,0.002
Q9Y6C9,154,0.002
Q15019,154,0.002
O14618,154,0.002
P45983,154,0.002
Q9BWW7,154,0.002
O14493,154,0.002
Q16653,154,0.002
C9JVW0,153,0.002
Q8N6L7,153,0.002
P48775,153,0.002
Q5VW22,153,0.002
P14415,153,0.002
P56880,153,0.002
O15315,153,0.002
Q9BXU9,153,0.002
P00480,153,0.002
Q9NQ48,153,0.002
P52797,153,0.002
Q9H305,153,0.002
Q96GJ1,153,0.002
Q9UKR0,153,0.002
Q6L8G8,153,0.002
P21291,153,0.002
Q14129,153,0.002
P19419,153,0.002
P21926,153,0.002
Q9UJZ1,153,0.002
O43760,153,0.002
Q7L099,153,0.002
Q6PI97,153,0.002
Q9NUM3,153,0.002
Q9Y3V2,153,0.002
P36959,153,0.002
Q5T0J7,153,0.002
Q6ZTW0,153,0.002
Q8WUR7,153,0.002
P51878,153,0.002
Q6UXP7,153,0.002
P18846,153,0.002
O75461,153,0.002
Q0VDI3,153,0.002
Q96MV1,152,0.002
Q8NG92,152,0.002
Q8WZ59,152,0.002
Q8N4L2,152,0.002
P62917,152,0.002
P48230,152,0.002
O60513,152,0.002
O75911,152,0.002
Q96HP8,152,0.002
Q9BWD1,152,0.002
O60481,152,0.002
P24158,152,0.002
Q96P67,152,0.002
Q9HBU1,152,0.002
P06753,152,0.002
Q96I25,152,0.002
O95045,152,0.002
Q9ULZ0,152,0.002
P50914,152,0.002
P34741,152,0.002
P17041,152,0.002
Q99426,152,0.002
Q9UMS0,152,0.002
Q8IXA5,152,0.002
Q9BYR3,152,0.002
Q9H467,152,0.002
Q9Y397,152,0.002
Q14714,152,0.002
Q9UDY4,151,0.002
Q6DHV7,151,0.002
Q6UWN5,151,0.002
O75569,151,0.002
P43365,151,0.002
P49448,151,0.002
P01767,151,0.002
O43427,151,0.002
Q96BH3,151,0.002
Q9BZC7,151,0.002
Q9UKR3,151,0.002
O14735,151,0.002
O60635,151,0.002
Q13253,151,0.002
P0DV77,151,0.002
P16410,151,0.002
Q9Y2B2,151,0.002
O75618,151,0.002
Q14184,151,0.002
P56962,151,0.002
Q02978,151,0.002
Q17R31,151,0.002
Q9P0T4,151,0.002
P21964,151,0.002
Q969M1,151,0.002
P68400,151,0.002
P10242,151,0.002
Q9ULW5,151,0.002
Q13516,151,0.002
Q01453,151,0.002
Q8N755,151,0.002
Q9ULI2,151,0.002
Q8N2M4,150,0.002
P06870,150,0.002
Q9NRN7,150,0.002
Q96EE3,150,0.002
Q9NRW3,150,0.002
Q13323,150,0.002
P11766,150,0.002
Q9NPL8,150,0.002
A6NLU0,150,0.002
Q9Y2Y9,150,0.002
P06744,150,0.002
Q6QHK4,150,0.002
Q9P0J7,150,0.002
Q9BT30,150,0.002
Q53HL2,150,0.002
Q96FX8,150,0.002
Q69YI7,150,0.002
Q96IZ2,150,0.002
P0C672,150,0.002
Q9UKF7,150,0.002
Q92187,150,0.002
P54368,150,0.002
Q14103,150,0.002
P17900,150,0.002
O43765,150,0.002
P98066,150,0.002
Q96BN8,150,0.002
P40424,150,0.002
Q99614,150,0.002
Q15291,150,0.002
P59095,150,0.002
P17028,150,0.002
Q14331,150,0.002
Q96LT6,150,0.002
Q86T03,149,0.002
Q86UP9,149,0.002
Q8TAB5,149,0.002
Q8WXF0,149,0.002
Q9HCU9,149,0.002
A0A075B6K4,149,0.002
P52798,149,0.002
Q9NXR8,149,0.002
Q9Y586,149,0.002
Q9UPM9,149,0.002
Q8WX77,149,0.002
P30408,149,0.002
P29466,149,0.002
O14569,149,0.002
O96014,149,0.002
P24468,149,0.002
Q9P015,149,0.002
Q15545,149,0.002
Q9Y2R9,149,0.002
O95478,149,0.002
P09012,149,0.002
O43347,149,0.002
P20151,149,0.002
O14653,149,0.002
Q96S96,149,0.002
O96019,149,0.002
P06340,149,0.002
Q9BYR4,149,0.002
Q8NAV1,149,0.002
Q99643,149,0.002
P58499,149,0.002
Q99612,149,0.002
P20036,149,0.002
Q969E3,149,0.002
P07711,149,0.002
P52907,149,0.002
Q8NEA5,148,0.0019
Q12841,148,0.0019
P18440,148,0.0019
Q9UKY7,148,0.0019
Q9H469,148,0.0019
P82930,148,0.0019
P56746,148,0.0019
P02647,148,0.0019
Q99816,148,0.0019
Q96S90,148,0.0019
Q14847,148,0.0019
Q6ZN17,148,0.0019
Q9BYQ2,148,0.0019
A6NM28,148,0.0019
Q4VC05,148,0.0019
Q9HBK9,148,0.0019
Q8IV16,148,0.0019
Q9BXY4,148,0.0019
P09630,148,0.0019
O75486,148,0.0019
Q9NQG5,148,0.0019
Q6IMI6,148,0.0019
Q12874,148,0.0019
Q96BQ1,148,0.0019
Q9NY72,148,0.0019
P49356,148,0.0019
Q14582,148,0.0019
P01743,148,0.0019
Q06520,148,0.0019
Q8N2S1,148,0.0019
P29803,148,0.0019
Q15726,148,0.0019
Q96AQ8,148,0.0019
Q6UWD8,148,0.0019
Q9NY56,148,0.0019
Q96D96,148,0.0019
P61296,148,0.0019
Q6PEX7,148,0.0019
Q6NUK4,148,0.0019
O94905,147,0.0019
Q6ICB4,147,0.0019
Q8NBC4,147,0.0019
Q96HF1,147,0.0019
Q9Y399,147,0.0019
Q9Y2S7,147,0.0019
Q9Y2Q9,147,0.0019
Q8WTX7,147,0.0019
Q96M11,147,0.0019
Q8WXS4,147,0.0019
P30039,147,0.0019
O60832,147,0.0019
Q9Y6B2,147,0.0019
P10747,147,0.0019
Q86VN1,147,0.0019
Q96B54,147,0.0019
Q96K19,147,0.0019
Q96D59,147,0.0019
A0A0C4DH69,147,0.0019
Q8WV22,147,0.0019
P47710,147,0.0019
Q9BUN8,147,0.0019
Q8NDI1,147,0.0019
Q9BVX2,147,0.0019
O15529,147,0.0019
Q9BXL8,147,0.0019
Q8IYP2,147,0.0019
Q9P016,147,0.0019
P45877,147,0.0019
Q9BQ13,147,0.0019
Q9NV12,147,0.0019
Q4G0X4,147,0.0019
Q03113,147,0.0019
P09544,147,0.0019
C9JJ37,147,0.0019
Q6NS38,147,0.0019
Q13239,147,0.0019
P28330,147,0.0019
O14756,147,0.0019
Q03052,147,0.0019
Q8TCD5,147,0.0019
P0C2L3,147,0.0019
P04440,147,0.0019
O95772,147,0.0019
P08311,147,0.0019
P00326,147,0.0019
P79522,147,0.0019
Q5T681,147,0.0019
P04908,147,0.0019
Q86Y82,147,0.0019
Q9NS84,147,0.0019
P48060,146,0.0019
O14894,146,0.0019
Q9NRH1,146,0.0019
A0A0B4J1X5,146,0.0019
Q9Y5Z6,146,0.0019
P09693,146,0.0019
O95864,146,0.0019
Q5JW98,146,0.0019
O75436,146,0.0019
P49716,146,0.0019
Q8NEG0,146,0.0019
Q6ZTI6,146,0.0019
Q9BSH4,146,0.0019
Q6JVE5,146,0.0019
Q9NRF8,146,0.0019
Q8IVV8,146,0.0019
Q7RTV3,146,0.0019
O95471,146,0.0019
O95707,146,0.0019
Q7L2H7,146,0.0019
P52209,146,0.0019
P15514,146,0.0019
O00470,146,0.0019
O00629,146,0.0019
P01127,146,0.0019
O43736,146,0.0019
Q9Y4X5,146,0.0019
Q9NQX3,146,0.0019
P43366,146,0.0019
Q9UNI1,146,0.0019
P13224,146,0.0019
P43686,146,0.0019
Q6L8G4,146,0.0019
Q7Z4M0,145,0.0019
Q701N4,145,0.0019
Q96FV3,145,0.0019
Q8TBC4,145,0.0019
Q8WW18,145,0.0019
Q9Y5W3,145,0.0019
Q5H9E4,145,0.0019
Q9BYR0,145,0.0019
P55263,145,0.0019
Q8ND25,145,0.0019
P13725,145,0.0019
Q9H8H3,145,0.0019
Q9NP99,145,0.0019
Q16698,145,0.0019
O43521,145,0.0019
Q8N6F1,145,0.0019
P32929,145,0.0019
Q5TFG8,145,0.0019
Q9NXV2,145,0.0019
O75192,145,0.0019
P01721,145,0.0019
Q9UBY9,145,0.0019
P46777,145,0.0019
Q8TC26,145,0.0019
Q96HS1,145,0.0019
Q16831,145,0.0019
A2RUC4,145,0.0019
P05114,145,0.0019
Q9BVC3,144,0.0019
Q99677,144,0.0019
Q92769,144,0.0019
Q96DZ7,144,0.0019
Q92820,144,0.0019
Q5BJH2,144,0.0019
Q86XT2,144,0.0019
P30281,144,0.0019
Q96A46,144,0.0019
Q9Y4P9,144,0.0019
P10914,144,0.0019
Q9H3J6,144,0.0019
Q5QJ74,144,0.0019
P05408,144,0.0019
Q96FF9,144,0.0019
Q9P2M1,144,0.0019
Q96F24,144,0.0019
Q00536,144,0.0019
O75794,144,0.0019
P01714,144,0.0019
P55957,144,0.0019
Q9UNS2,144,0.0019
Q68D91,144,0.0019
P20226,143,0.0019
Q6PEY2,143,0.0019
Q5TA82,143,0.0019
Q6QNY0,143,0.0019
P09417,143,0.0019
Q9UKU7,143,0.0019
A6NGJ6,143,0.0019
Q00013,143,0.0019
Q9H3F6,143,0.0019
P41221,143,0.0019
Q9H3Y0,143,0.0019
Q4G0M1,143,0.0019
A1A4G5,143,0.0019
O75900,143,0.0019
Q9H9Z2,143,0.0019
Q5T754,143,0.0019
Q6ZUU3,143,0.0019
O75477,143,0.0019
Q8IWE4,143,0.0019
O76038,143,0.0019
P22415,143,0.0019
Q96EU6,143,0.0019
Q8IXQ8,143,0.0019
O14931,143,0.0019
A6NLW8,143,0.0019
Q9NVS9,143,0.0019
Q4W4Y0,143,0.0019
O95390,143,0.0019
Q8N5C7,143,0.0019
Q9HD15,142,0.0019
Q9H6D8,142,0.0019
O43681,142,0.0019
Q9NVV5,142,0.0019
Q9HA47,142,0.0019
P56470,142,0.0019
Q7Z7E8,142,0.0019
Q8NDX9,142,0.0019
Q12918,142,0.0019
Q7RTU1,142,0.0019
Q5SZD4,142,0.0019
Q9Y235,142,0.0019
Q9NVZ3,142,0.0019
A6NM45,142,0.0019
P31150,142,0.0019
Q8NCW5,142,0.0019
Q12959,142,0.0019
Q6UXN8,142,0.0019
Q9NPB0,142,0.0019
Q9BW60,142,0.0019
P41222,142,0.0019
P20963,142,0.0019
Q6PJQ5,142,0.0019
Q9HCC6,142,0.0019
Q9Y6N1,142,0.0019
Q96AB6,142,0.0019
Q6PIU1,142,0.0019
H3BS89,142,0.0019
Q86V24,141,0.0019
Q6ISS4,141,0.0019
P61421,141,0.0019
Q86WH2,141,0.0019
P53367,141,0.0019
Q00688,141,0.0019
Q9BXD5,141,0.0019
P10768,141,0.0019
Q5VU92,141,0.0019
Q99732,141,0.0019
Q00059,141,0.0019
Q9Y295,141,0.0019
Q9BY14,141,0.0019
Q96PU9,141,0.0019
Q9Y2V0,141,0.0019
Q6NTF7,141,0.0019
O15503,141,0.0019
Q32NC0,141,0.0019
P01709,141,0.0019
Q06203,141,0.0019
Q9BPW5,141,0.0019
P26368,141,0.0019
Q9NUI1,141,0.0019
Q86UV6,141,0.0019
Q9Y691,141,0.0019
Q06136,141,0.0019
Q9BS40,141,0.0019
O43291,141,0.0019
Q8N7C4,141,0.0019
P27338,140,0.0018
P31323,140,0.0018
Q96PS8,140,0.0018
Q8N292,140,0.0018
O15481,140,0.0018
Q9UMR5,140,0.0018
O15372,140,0.0018
P45381,140,0.0018
P34903,140,0.0018
P24534,140,0.0018
Q15078,140,0.0018
P23919,140,0.0018
Q9GZX7,140,0.0018
A7E2U8,140,0.0018
Q8IUH2,140,0.0018
Q9H0R4,140,0.0018
P08294,140,0.0018
Q92989,140,0.0018
P54920,140,0.0018
A4D1T9,140,0.0018
Q86XP6,140,0.0018
Q96MM7,140,0.0018
Q5TDH0,140,0.0018
Q9H1U9,140,0.0018
Q8N987,140,0.0018
Q13151,139,0.0018
Q8N7S2,139,0.0018
O60359,139,0.0018
Q96PM5,139,0.0018
O95336,139,0.0018
H3BQB6,139,0.0018
Q6P9G9,139,0.0018
Q9NX18,139,0.0018
A8MYV0,139,0.0018
Q9H7L9,139,0.0018
Q9P0L0,139,0.0018
Q01151,139,0.0018
P30279,139,0.0018
Q96S44,139,0.0018
Q86TG1,139,0.0018
Q9NR22,139,0.0018
Q96CS2,139,0.0018
Q14498,139,0.0018
Q8TCZ2,139,0.0018
I3L1E1,139,0.0018
Q7L211,139,0.0018
Q9UJV8,139,0.0018
Q9BX74,139,0.0018
O75954,139,0.0018
Q7Z7A3,139,0.0018
P18669,139,0.0018
O14810,139,0.0018
Q5SZJ8,139,0.0018
Q96EY8,139,0.0018
A0A087WXS9,138,0.0018
P12277,138,0.0018
Q04743,138,0.0018
Q6ICC9,138,0.0018
Q6UXN2,138,0.0018
P35070,138,0.0018
Q8WUX2,138,0.0018
P78369,138,0.0018
P62879,138,0.0018
P06746,138,0.0018
A5PLL7,138,0.0018
O75493,138,0.0018
Q9H6Q3,138,0.0018
P58005,138,0.0018
P68543,138,0.0018
P11309,138,0.0018
P68104,138,0.0018
P09486,138,0.0018
P0CG08,138,0.0018
Q05952,138,0.0018
Q5T0D9,138,0.0018
O94811,138,0.0018
Q96RJ3,138,0.0018
C9J302,138,0.0018
Q9ULY5,138,0.0018
Q5T7P2,138,0.0018
Q16626,137,0.0018
Q9BXS1,137,0.0018
O75391,137,0.0018
Q9Y693,137,0.0018
A6NKF7,137,0.0018
Q9NWM8,137,0.0018
A0A087WSZ0,137,0.0018
Q96GD0,137,0.0018
Q14141,137,0.0018
Q92871,137,0.0018
P78330,137,0.0018
Q8IZI9,137,0.0018
P30044,137,0.0018
Q496H8,137,0.0018
Q5MJ70,137,0.0018
O94910,137,0.0018
Q96DC8,137,0.0018
Q8NE22,137,0.0018
A8MTY7,137,0.0018
Q16739,137,0.0018
O00409,137,0.0018
Q9GZY1,137,0.0018
P0C875,137,0.0018
P24385,137,0.0018
O43508,137,0.0018
P30301,137,0.0018
Q06643,137,0.0018
Q5VT40,137,0.0018
P02489,137,0.0018
P12544,137,0.0018
Q99819,136,0.0018
Q9NQL2,136,0.0018
Q9BVV7,136,0.0018
Q13627,136,0.0018
P52788,136,0.0018
Q8N5P1,136,0.0018
P00505,136,0.0018
Q9Y6K9,136,0.0018
P45880,136,0.0018
Q9UHV2,136,0.0018
Q9NYQ3,136,0.0018
P08247,136,0.0018
P01706,136,0.0018
Q9UKT7,136,0.0018
F8WBI6,136,0.0018
Q15041,136,0.0018
Q8N6M9,136,0.0018
Q05195,136,0.0018
Q8N335,136,0.0018
P04234,136,0.0018
Q9NSY2,136,0.0018
Q53HI1,136,0.0018
P51159,136,0.0018
P40306,136,0.0018
Q5TGI4,136,0.0018
Q16384,135,0.0018
O15442,135,0.0018
O43679,135,0.0018
Q9BVM2,135,0.0018
O43865,135,0.0018
Q9BXK1,135,0.0018
Q2QL34,135,0.0018
Q96MV8,135,0.0018
Q9NPC3,135,0.0018
Q14641,135,0.0018
Q9UKL4,135,0.0018
Q6URK8,135,0.0018
Q96IY1,135,0.0018
O75787,135,0.0018
Q9BTP7,135,0.0018
Q6PI98,135,0.0018
P11226,135,0.0018
P43364,135,0.0018
Q14656,135,0.0018
Q9NR56,135,0.0018
Q8N1Q8,135,0.0018
P51884,135,0.0018
Q9H4A6,135,0.0018
B9EJG8,135,0.0018
Q9ULC3,135,0.0018
P53609,135,0.0018
Q9BY27,135,0.0018
P09471,135,0.0018
Q9Y462,135,0.0018
A0JP26,135,0.0018
Q9HD47,135,0.0018
O95620,135,0.0018
Q9HB20,135,0.0018
A0A1B0GTK4,135,0.0018
P33240,135,0.0018
Q9NQ31,134,0.0018
Q9NZ01,134,0.0018
O95832,134,0.0018
Q8TBF5,134,0.0018
A1XBS5,134,0.0018
P21283,134,0.0018
O95156,134,0.0018
O43399,134,0.0018
Q8NHG8,134,0.0018
Q9H9Y4,134,0.0018
O60676,134,0.0018
P55073,134,0.0018
O14944,134,0.0018
Q8N5N7,134,0.0018
Q6ZVK1,134,0.0018
Q9BSE5,134,0.0018
Q96CJ1,134,0.0018
Q9H7P6,134,0.0018
P49913,134,0.0018
A9UHW6,134,0.0018
Q14249,134,0.0018
O75496,134,0.0018
P98172,134,0.0018
Q9H1K1,134,0.0018
P21108,134,0.0018
P42765,134,0.0018
Q96RJ6,134,0.0018
Q96DA0,134,0.0018
A0A1B0GTH6,134,0.0018
Q96H12,134,0.0018
Q9HB90,134,0.0018
P33947,134,0.0018
Q8N7X8,134,0.0018
Q16534,134,0.0018
Q6PID6,134,0.0018
A6NEM1,134,0.0018
Q8TA86,134,0.0018
Q8NHS1,134,0.0018
Q9GZN2,134,0.0018
Q8TAV0,133,0.0017
P48051,133,0.0017
Q92882,133,0.0017
P51523,133,0.0017
Q9BXJ2,133,0.0017
Q96JC9,133,0.0017
Q9BYQ7,133,0.0017
Q9BWL3,133,0.0017
Q3LI76,133,0.0017
Q16558,133,0.0017
Q9Y466,133,0.0017
P49643,133,0.0017
P01036,133,0.0017
Q8N4B5,133,0.0017
Q9UIC8,133,0.0017
P01599,133,0.0017
Q8N7B6,133,0.0017
Q6MZT1,133,0.0017
Q5T751,133,0.0017
Q6ZMR3,133,0.0017
Q8WUX1,133,0.0017
Q13867,133,0.0017
Q2TAA2,133,0.0017
P02810,133,0.0017
Q96NT1,133,0.0017
Q9H009,133,0.0017
P21583,133,0.0017
Q9Y651,133,0.0017
O00230,133,0.0017
Q587I9,133,0.0017
P43307,133,0.0017
Q9Y3A2,133,0.0017
P28068,133,0.0017
P13385,133,0.0017
P08590,133,0.0017
Q8N0W7,132,0.0017
O95297,132,0.0017
O14732,132,0.0017
O15537,132,0.0017
Q9H0W7,132,0.0017
Q8TCA0,132,0.0017
P31943,132,0.0017
Q8WV74,132,0.0017
Q92604,132,0.0017
P00491,132,0.0017
P08754,132,0.0017
P40937,132,0.0017
Q96LT4,132,0.0017
Q68J44,132,0.0017
Q9H3M9,132,0.0017
P63096,132,0.0017
A0A0B4J1V2,132,0.0017
Q8NGZ0,132,0.0017
P51959,132,0.0017
A0A075B6I0,132,0.0017
P50213,132,0.0017
P54619,132,0.0017
P62873,132,0.0017
H3BPM6,132,0.0017
Q9Y2T4,132,0.0017
Q9P206,132,0.0017
Q6NXP6,132,0.0017
Q6PF18,132,0.0017
Q96MF6,132,0.0017
P59991,132,0.0017
P32247,132,0.0017
Q96MH6,132,0.0017
P0C024,132,0.0017
Q7L0Q8,132,0.0017
P55061,132,0.0017
Q8WXT5,132,0.0017
P56177,132,0.0017
Q9UIY3,132,0.0017
O00214,132,0.0017
Q8TAK6,131,0.0017
Q9BXC1,131,0.0017
Q14257,131,0.0017
A6NNB3,131,0.0017
A8MZ59,131,0.0017
P06310,131,0.0017
Q9UBX0,131,0.0017
O15173,131,0.0017
P36575,131,0.0017
Q9NUK0,131,0.0017
Q96C36,131,0.0017
P21796,131,0.0017
Q96QR8,131,0.0017
Q68E01,131,0.0017
Q96DG6,131,0.0017
P04179,131,0.0017
Q96BJ3,131,0.0017
P17947,131,0.0017
Q9BZG1,131,0.0017
Q567V2,131,0.0017
Q7Z5L3,131,0.0017
Q9H910,131,0.0017
Q8TAE8,131,0.0017
Q15233,131,0.0017
Q9HB15,131,0.0017
Q6P656,131,0.0017
Q2WGJ8,131,0.0017
A1L1A6,131,0.0017
Q8N9Z2,131,0.0017
Q8N6I1,131,0.0017
Q86T75,131,0.0017
Q86UV7,131,0.0017
Q9BX73,131,0.0017
A8MU93,131,0.0017
Q9UN42,131,0.0017
Q8IZV2,131,0.0017
Q9NX76,131,0.0017
Q9BTY7,131,0.0017
P46109,131,0.0017
Q6PHW0,130,0.0017
Q9Y388,130,0.0017
Q14344,130,0.0017
Q8N7B1,130,0.0017
O95749,130,0.0017
P23467,130,0.0017
O94817,130,0.0017
Q9H7J1,130,0.0017
Q4LEZ3,130,0.0017
Q96M94,130,0.0017
Q9NZD8,130,0.0017
Q96E40,130,0.0017
Q9HB31,130,0.0017
Q9H7B2,130,0.0017
P22676,130,0.0017
O43915,130,0.0017
Q6P2C8,130,0.0017
Q99418,130,0.0017
Q5JX71,130,0.0017
P15927,130,0.0017
Q5TZF3,130,0.0017
Q96IG2,130,0.0017
Q9UHW5,130,0.0017
Q13148,130,0.0017
Q92915,130,0.0017
Q9BVK6,130,0.0017
Q9BUH6,130,0.0017
A0A087WV53,130,0.0017
Q8TCT6,130,0.0017
Q16656,129,0.0017
Q15427,129,0.0017
Q7Z5L4,129,0.0017
Q16378,129,0.0017
P41236,129,0.0017
Q8TCT1,129,0.0017
Q8N8R7,129,0.0017
Q96EP1,129,0.0017
P0DPH8,129,0.0017
Q8TB03,129,0.0017
Q92813,129,0.0017
Q9Y484,129,0.0017
P07305,129,0.0017
Q9BSR8,129,0.0017
P51825,129,0.0017
Q15417,129,0.0017
A0A0C4DH67,129,0.0017
P18124,129,0.0017
Q9P291,129,0.0017
Q8TBK6,129,0.0017
Q9Y315,129,0.0017
Q96M98,129,0.0017
Q86XK3,129,0.0017
P54687,129,0.0017
P57086,129,0.0017
Q96FX7,129,0.0017
P67936,129,0.0017
Q9BQB4,129,0.0017
P62424,129,0.0017
Q9NSA1,129,0.0017
P05388,129,0.0017
P07864,129,0.0017
P20671,129,0.0017
O43739,129,0.0017
Q8TDX5,129,0.0017
Q9UKY0,128,0.0017
P0DH78,128,0.0017
P23511,128,0.0017
Q8N4B1,128,0.0017
Q8N4G2,128,0.0017
Q969U7,128,0.0017
P41240,128,0.0017
A8MVA2,128,0.0017
Q8N912,128,0.0017
Q9UKP3,128,0.0017
Q9BRV3,128,0.0017
Q96BM1,128,0.0017
Q6Q6R5,128,0.0017
Q9Y2W7,128,0.0017
Q5BVD1,128,0.0017
Q86WU2,128,0.0017
Q9H9R9,128,0.0017
Q9BRX8,128,0.0017
Q13158,128,0.0017
Q9P0P8,128,0.0017
A2RU48,128,0.0017
Q9UPC5,128,0.0017
Q96AH0,128,0.0017
Q9Y6H1,128,0.0017
Q96GV9,128,0.0017
Q5JPI9,128,0.0017
Q14681,128,0.0017
P60321,128,0.0017
A0A1W2PR95,128,0.0017
Q9UKD2,128,0.0017
D6RGX4,128,0.0017
P26718,127,0.0017
Q5EB52,127,0.0017
Q14919,127,0.0017
O60828,127,0.0017
Q9BS16,127,0.0017
Q86W67,127,0.0017
Q0PNE2,127,0.0017
Q1ZYL8,127,0.0017
Q8IZ16,127,0.0017
P55036,127,0.0017
Q9NQR4,127,0.0017
Q86UA6,127,0.0017
P78406,127,0.0017
Q9NS66,127,0.0017
P78560,127,0.0017
P09210,127,0.0017
P41220,127,0.0017
P10827,127,0.0017
Q9NS28,127,0.0017
Q5VYY1,127,0.0017
Q9BSD7,127,0.0017
A4D2B0,127,0.0017
P69905,127,0.0017
Q9NPA0,127,0.0017
O43557,127,0.0017
P19397,127,0.0017
P30048,127,0.0017
Q6ICL3,127,0.0017
P0DP09,127,0.0017
A6NK58,127,0.0017
Q9UEU0,127,0.0017
Q8WYQ3,127,0.0017
Q6P9G4,127,0.0017
Q9NQ35,127,0.0017
Q5SRE7,127,0.0017
O15382,126,0.0017
O75390,126,0.0017
Q7RTT5,126,0.0017
Q8IUB2,126,0.0017
Q496F6,126,0.0017
Q8NH02,126,0.0017
Q8TBB0,126,0.0017
Q6ZNR0,126,0.0017
Q8TCY5,126,0.0017
Q9H8U3,126,0.0017
P07902,126,0.0017
Q9BX46,126,0.0017
P51811,126,0.0017
Q96D21,126,0.0017
Q9Y243,126,0.0017
O95433,126,0.0017
E5RIL1,126,0.0017
Q07108,126,0.0017
Q9BRQ4,126,0.0017
O00231,126,0.0017
Q86YN1,126,0.0017
Q9Y371,126,0.0017
Q8WVY7,126,0.0017
Q12972,126,0.0017
Q9UNW9,126,0.0017
O95833,126,0.0017
Q07021,126,0.0017
Q9P1U1,126,0.0017
Q9HAC8,126,0.0017
P62753,126,0.0017
P26998,126,0.0017
O75690,126,0.0017
Q9UHD4,126,0.0017
Q8WWY6,126,0.0017
Q5T7P3,126,0.0017
Q8WTR2,126,0.0017
Q8TBE9,125,0.0016
P02745,125,0.0016
P13716,125,0.0016
O00501,125,0.0016
Q6UXZ3,125,0.0016
Q96HZ4,125,0.0016
P29218,125,0.0016
Q5RKV6,125,0.0016
A0A1W2PRP0,125,0.0016
P50553,125,0.0016
Q96SN7,125,0.0016
P35998,125,0.0016
P61221,125,0.0016
Q7Z5L0,125,0.0016
Q5TCM9,125,0.0016
Q96EH8,125,0.0016
Q5TC12,125,0.0016
Q9UHR5,125,0.0016
Q3ZCM7,125,0.0016
Q96MF7,125,0.0016
Q7Z4R8,125,0.0016
P26196,125,0.0016
A0A0B4J1Z2,125,0.0016
Q9H0U3,125,0.0016
P49771,125,0.0016
Q9NZ43,125,0.0016
O95716,125,0.0016
Q96G21,125,0.0016
P0DPH7,125,0.0016
Q7L3S4,125,0.0016
Q6P4F2,125,0.0016
Q6P1N9,125,0.0016
Q96P16,124,0.0016
Q10587,124,0.0016
Q6UWJ8,124,0.0016
Q6P582,124,0.0016
A0A0C4DH72,124,0.0016
Q9NPB3,124,0.0016
A8MXT2,124,0.0016
Q5JUR7,124,0.0016
O15013,124,0.0016
Q9H160,124,0.0016
Q9NRD0,124,0.0016
A0A0C4DH32,124,0.0016
P56749,124,0.0016
O15126,124,0.0016
Q9Y6G5,124,0.0016
Q9NSE2,124,0.0016
Q07812,124,0.0016
P0CI01,124,0.0016
Q9HAN9,124,0.0016
Q9NX07,124,0.0016
Q9NZS2,124,0.0016
Q9UMR7,124,0.0016
Q15024,124,0.0016
O75431,124,0.0016
P57055,124,0.0016
Q9H204,124,0.0016
Q9H1J7,124,0.0016
Q9NYL4,124,0.0016
Q9NQ33,124,0.0016
P42772,124,0.0016
P54849,123,0.0016
O15551,123,0.0016
Q13568,123,0.0016
Q9BXJ0,123,0.0016
Q9BYE3,123,0.0016
Q16082,123,0.0016
Q12999,123,0.0016
Q9Y265,123,0.0016
Q96S21,123,0.0016
Q9Y277,123,0.0016
Q96E11,123,0.0016
Q9Y231,123,0.0016
Q68G75,123,0.0016
Q9UGQ2,123,0.0016
Q8TCD6,123,0.0016
P12272,123,0.0016
A1KXE4,123,0.0016
Q5GAN6,123,0.0016
Q96CS7,123,0.0016
Q9UQ88,123,0.0016
P16860,123,0.0016
Q4G0W2,123,0.0016
O95013,123,0.0016
P35270,123,0.0016
Q9BZD6,122,0.0016
Q16594,122,0.0016
P43361,122,0.0016
Q9NRG1,122,0.0016
O00148,122,0.0016
A0A075B6I9,122,0.0016
O15400,122,0.0016
Q99075,122,0.0016
Q9BYS1,122,0.0016
O00194,122,0.0016
Q8WUY8,122,0.0016
Q9UI43,122,0.0016
P47928,122,0.0016
O75143,122,0.0016
Q8TBP5,122,0.0016
Q9NQ92,122,0.0016
Q07817,122,0.0016
Q9Y376,122,0.0016
P22466,122,0.0016
P49662,122,0.0016
O15480,122,0.0016
O95926,122,0.0016
P51580,122,0.0016
Q9HBV1,122,0.0016
Q9H939,122,0.0016
Q99954,122,0.0016
Q92979,122,0.0016
P28325,121,0.0016
Q6UQ28,121,0.0016
Q9BUA6,121,0.0016
Q9Y2S2,121,0.0016
P56539,121,0.0016
Q99581,121,0.0016
Q8IZU3,121,0.0016
Q92963,121,0.0016
Q6L8G9,121,0.0016
P42331,121,0.0016
P17612,121,0.0016
Q08116,121,0.0016
Q9Y6F9,121,0.0016
Q9BY49,121,0.0016
Q9Y5T4,121,0.0016
P27707,121,0.0016
Q6PID8,121,0.0016
P09661,121,0.0016
A8CG34,121,0.0016
Q7L1Q6,121,0.0016
A6NNP5,121,0.0016
Q9NQT4,121,0.0016
P53365,121,0.0016
Q8N8B7,121,0.0016
P26436,121,0.0016
A8K830,121,0.0016
Q96J02,121,0.0016
Q8IWS0,121,0.0016
P16562,121,0.0016
P19404,121,0.0016
Q8WTS6,121,0.0016
P48549,121,0.0016
P30405,121,0.0016
Q6PII5,121,0.0016
Q15274,121,0.0016
P01275,120,0.0016
Q5PSV4,120,0.0016
P07203,120,0.0016
P16220,120,0.0016
Q9NX57,120,0.0016
Q9NQY0,120,0.0016
O95571,120,0.0016
Q9GZS3,120,0.0016
Q8N8I0,120,0.0016
Q9NUN7,120,0.0016
P02747,120,0.0016
Q9NZH6,120,0.0016
P34130,120,0.0016
P04632,120,0.0016
P20073,120,0.0016
P15559,120,0.0016
P01584,120,0.0016
O96001,120,0.0016
P06850,120,0.0016
P0DN87,120,0.0016
O15541,120,0.0016
Q13616,120,0.0016
P20337,120,0.0016
Q8IUX1,120,0.0016
P10415,120,0.0016
Q8N5I9,120,0.0016
Q9HAP6,120,0.0016
P17174,120,0.0016
Q8TDV5,120,0.0016
P53611,120,0.0016
P09228,120,0.0016
P01037,120,0.0016
P46108,120,0.0016
A6NFQ7,119,0.0016
Q8IY49,119,0.0016
P0C7M6,119,0.0016
Q9P0M4,119,0.0016
Q96LC9,119,0.0016
Q6PH85,119,0.0016
Q5SYE7,119,0.0016
Q96BX8,119,0.0016
P43490,119,0.0016
Q7Z6K5,119,0.0016
P0C0E4,119,0.0016
A6NGH7,119,0.0016
Q86YM7,119,0.0016
Q8N100,119,0.0016
Q5JR98,119,0.0016
Q6ICI0,119,0.0016
P20827,119,0.0016
Q8WW62,119,0.0016
Q8TDX7,119,0.0016
O00764,119,0.0016
Q15102,119,0.0016
Q8NBQ5,119,0.0016
Q9H6E4,119,0.0016
Q9Y680,119,0.0016
Q9H082,119,0.0016
Q6UXU6,119,0.0016
H0YL14,119,0.0016
Q12981,119,0.0016
P10646,119,0.0016
Q6W0C5,119,0.0016
P14678,119,0.0016
P0C7W0,119,0.0016
A8MYP8,118,0.0016
O95999,118,0.0016
Q99497,118,0.0016
F5H4A9,118,0.0016
Q96DE0,118,0.0016
Q92561,118,0.0016
P37275,118,0.0016
Q9UKB3,118,0.0016
Q9NWZ8,118,0.0016
B9A6J9,118,0.0016
Q6P9G0,118,0.0016
Q9NZ81,118,0.0016
O43414,118,0.0016
O14813,118,0.0016
Q9BZM1,118,0.0016
O95150,118,0.0016
P0CG37,118,0.0016
Q5T5B0,118,0.0016
Q9Y3P8,118,0.0016
Q96AJ9,118,0.0016
Q8WYK2,118,0.0016
Q9NS71,118,0.0016
Q6UWW9,118,0.0016
A6NMD0,118,0.0016
Q9NYZ1,118,0.0016
Q8IUH3,118,0.0016
P0CI00,118,0.0016
Q92564,118,0.0016
P0C7W6,118,0.0016
Q8IYI0,118,0.0016
Q8TCB7,118,0.0016
Q13637,118,0.0016
O75884,118,0.0016
O95857,117,0.0015
Q9NVI7,117,0.0015
Q6T310,117,0.0015
Q8TAA1,117,0.0015
Q8IWL3,117,0.0015
O75586,117,0.0015
Q6V702,117,0.0015
Q8WVL7,117,0.0015
P49682,117,0.0015
Q2NKX9,117,0.0015
O60637,117,0.0015
Q9Y5N5,117,0.0015
H3BNL1,117,0.0015
A6NI15,117,0.0015
A6NCS6,117,0.0015
P49895,117,0.0015
P06748,117,0.0015
Q9BUX1,117,0.0015
Q99747,117,0.0015
Q9NTU4,117,0.0015
Q86WX3,117,0.0015
O75995,117,0.0015
P13284,117,0.0015
Q9HBH0,117,0.0015
Q6ZPD8,117,0.0015
Q99807,117,0.0015
Q15785,117,0.0015
O75553,117,0.0015
Q9Y4X0,117,0.0015
O75937,117,0.0015
P82664,117,0.0015
Q9NX63,116,0.0015
Q86UF1,116,0.0015
P19883,116,0.0015
Q9NX40,116,0.0015
Q7Z5D8,116,0.0015
Q9BSU3,116,0.0015
Q9NPB1,116,0.0015
Q9Y342,116,0.0015
Q9C0K3,116,0.0015
A8K4G0,116,0.0015
Q15848,116,0.0015
Q5TBK1,116,0.0015
P11177,116,0.0015
Q9NWT6,116,0.0015
O00233,116,0.0015
Q9H4E5,116,0.0015
Q9H765,116,0.0015
Q96AX2,116,0.0015
Q8N5N4,116,0.0015
P40925,116,0.0015
A6NIK2,116,0.0015
P08263,116,0.0015
P53701,116,0.0015
Q9UKA8,116,0.0015
Q8NFW8,116,0.0015
P82970,116,0.0015
A8MTL3,116,0.0015
P22749,116,0.0015
Q6UYE1,116,0.0015
P0C851,116,0.0015
Q9NWW0,116,0.0015
Q8NA77,116,0.0015
O60259,116,0.0015
Q9BRJ6,116,0.0015
Q8WTT0,115,0.0015
P82979,115,0.0015
Q5T1C6,115,0.0015
P09496,115,0.0015
Q9NVH6,115,0.0015
P04406,115,0.0015
Q96CM4,115,0.0015
P52198,115,0.0015
Q6EIG7,115,0.0015
P56706,115,0.0015
O14595,115,0.0015
Q9Y536,115,0.0015
P45985,115,0.0015
O43561,115,0.0015
A0A0C4DH68,115,0.0015
Q07627,115,0.0015
Q8WXD5,115,0.0015
Q9H3V2,115,0.0015
Q9H8M1,115,0.0015
P30043,115,0.0015
Q8WXB1,115,0.0015
Q5H8A3,115,0.0015
Q9P2T1,115,0.0015
Q16595,115,0.0015
P08048,115,0.0015
Q9Y6W8,115,0.0015
A0A075B6K6,115,0.0015
Q9H898,115,0.0015
Q99956,115,0.0015
Q8N682,115,0.0015
Q96DS6,114,0.0015
O43852,114,0.0015
Q9BUL9,114,0.0015
Q9H1E3,114,0.0015
P57088,114,0.0015
Q15691,114,0.0015
A1L4L8,114,0.0015
Q15126,114,0.0015
P0C7I0,114,0.0015
P38159,114,0.0015
Q9Y224,114,0.0015
Q99496,114,0.0015
A8K5M9,114,0.0015
Q53H82,114,0.0015
Q17RF5,114,0.0015
Q9H115,114,0.0015
Q7Z7J7,114,0.0015
Q5RIA9,114,0.0015
Q8WXF3,114,0.0015
Q9H0Y0,114,0.0015
Q8IVA1,114,0.0015
Q96BD5,114,0.0015
Q9UD71,114,0.0015
P26371,114,0.0015
P47755,114,0.0015
Q9BQE9,114,0.0015
Q92482,114,0.0015
Q92520,114,0.0015
P49914,114,0.0015
Q9BYL1,113,0.0015
Q14CZ0,113,0.0015
Q5VT79,113,0.0015
Q16772,113,0.0015
Q96MG8,113,0.0015
P10966,113,0.0015
Q14201,113,0.0015
Q9BQ90,113,0.0015
P49770,113,0.0015
Q16537,113,0.0015
Q96CP2,113,0.0015
Q5BKY9,113,0.0015
D3W0D1,113,0.0015
P0DP42,113,0.0015
Q9NZE8,113,0.0015
P35813,113,0.0015
P25788,113,0.0015
Q00765,113,0.0015
P52564,113,0.0015
Q96BI3,113,0.0015
Q9NVA1,113,0.0015
Q96AT9,113,0.0015
P58753,113,0.0015
Q7RTV2,113,0.0015
Q99990,113,0.0015
P09497,113,0.0015
P05090,113,0.0015
Q6Y1H2,113,0.0015
Q8NDX6,113,0.0015
Q5VZ72,113,0.0015
Q9NWB6,113,0.0015
A0A0C4DH73,113,0.0015
Q92876,113,0.0015
Q13432,113,0.0015
Q9Y3B8,113,0.0015
Q8IVV7,113,0.0015
P10916,113,0.0015
Q9Y3A5,113,0.0015
Q6DCA0,113,0.0015
Q13886,113,0.0015
O75888,113,0.0015
Q9HD33,113,0.0015
Q13241,113,0.0015
P17980,113,0.0015
O75251,112,0.0015
Q5XKK7,112,0.0015
P06899,112,0.0015
A0A0A0MRZ8,112,0.0015
A6NJG2,112,0.0015
Q9H7X0,112,0.0015
Q13347,112,0.0015
Q6UWM5,112,0.0015
O00559,112,0.0015
O75446,112,0.0015
Q6PJF5,112,0.0015
Q9NX20,112,0.0015
Q96ET8,112,0.0015
Q9Y696,112,0.0015
Q8N4E4,112,0.0015
O75695,112,0.0015
Q9UIG5,112,0.0015
Q8N6K0,112,0.0015
P63267,112,0.0015
Q53S08,112,0.0015
P22557,112,0.0015
Q14565,112,0.0015
P43080,112,0.0015
O15235,111,0.0015
O75822,111,0.0015
D6R9N7,111,0.0015
P01903,111,0.0015
A0A075B6S4,111,0.0015
Q969Q4,111,0.0015
O43745,111,0.0015
Q14894,111,0.0015
O75915,111,0.0015
O14910,111,0.0015
P28845,111,0.0015
Q9NY25,111,0.0015
O43169,111,0.0015
Q15672,111,0.0015
Q99873,111,0.0015
A0A1B0GVH7,111,0.0015
Q86WC6,111,0.0015
Q5BKU9,111,0.0015
Q2NL98,111,0.0015
P07101,111,0.0015
P23582,111,0.0015
Q6IQ19,111,0.0015
Q16527,111,0.0015
P49795,111,0.0015
Q9NYP8,111,0.0015
Q96M61,111,0.0015
Q5W0B7,111,0.0015
Q5HYI8,111,0.0015
Q96B26,111,0.0015
O75306,111,0.0015
O95073,111,0.0015
Q96CG8,110,0.0014
Q96AZ1,110,0.0014
Q96SZ5,110,0.0014
P02743,110,0.0014
A0A0C4DH41,110,0.0014
O00258,110,0.0014
Q8WV92,110,0.0014
P0DJJ0,110,0.0014
Q13126,110,0.0014
Q8IUA0,110,0.0014
Q8TB05,110,0.0014
Q5SWH9,110,0.0014
O00398,110,0.0014
Q6UWW0,110,0.0014
P52803,110,0.0014
Q9UI14,110,0.0014
Q8IXL9,110,0.0014
P02042,110,0.0014
A7E2S9,110,0.0014
Q9NPH6,110,0.0014
P31350,110,0.0014
P21127,110,0.0014
P59282,110,0.0014
Q14406,110,0.0014
O96007,110,0.0014
O94916,110,0.0014
Q16611,110,0.0014
Q7Z6I8,110,0.0014
Q9NWW6,110,0.0014
P20941,110,0.0014
O15519,110,0.0014
P53801,110,0.0014
Q9BZQ4,110,0.0014
Q8NBI2,110,0.0014
A6ND91,110,0.0014
Q96LZ2,110,0.0014
Q8IZR5,109,0.0014
Q8N2K1,109,0.0014
Q9BRU9,109,0.0014
Q58HT5,109,0.0014
O95456,109,0.0014
Q9NTM9,109,0.0014
A0A0B4J1Y8,109,0.0014
Q6ZRY4,109,0.0014
Q8WVE0,109,0.0014
P04899,109,0.0014
P42857,109,0.0014
O60565,109,0.0014
Q6ZWK4,109,0.0014
P28065,109,0.0014
Q8IZS6,109,0.0014
O15194,109,0.0014
Q9H1Z4,109,0.0014
Q9NS18,109,0.0014
P18847,109,0.0014
Q8WVD5,109,0.0014
Q7L266,109,0.0014
Q96MN5,109,0.0014
Q8N8L6,109,0.0014
P82912,109,0.0014
P68871,109,0.0014
Q9NZH5,109,0.0014
Q4V339,108,0.0014
Q92730,108,0.0014
Q9UHP7,108,0.0014
A0A075B6K5,108,0.0014
O75489,108,0.0014
P49427,108,0.0014
Q9ULZ3,108,0.0014
A8MXK1,108,0.0014
Q9H112,108,0.0014
Q14232,108,0.0014
P51817,108,0.0014
Q8NG11,108,0.0014
O95561,108,0.0014
Q9BRJ7,108,0.0014
O14977,108,0.0014
Q96IU4,108,0.0014
A6NMK7,108,0.0014
P12829,108,0.0014
Q99623,108,0.0014
Q15907,108,0.0014
P12838,108,0.0014
Q8IZ57,108,0.0014
O00476,108,0.0014
Q9UBU3,108,0.0014
Q9Y3F4,108,0.0014
Q6FIF0,108,0.0014
Q8IV50,108,0.0014
Q8N9N7,108,0.0014
Q9BQS6,108,0.0014
P10767,108,0.0014
Q96EQ0,108,0.0014
Q99942,108,0.0014
Q9GZU8,108,0.0014
Q99946,108,0.0014
Q13889,108,0.0014
Q96MC5,108,0.0014
Q7Z422,108,0.0014
O75317,108,0.0014
Q9GZQ3,108,0.0014
Q96DU9,108,0.0014
Q2QD12,107,0.0014
Q93098,107,0.0014
Q9H0F7,107,0.0014
Q6P2M8,107,0.0014
Q8IUC1,107,0.0014
Q96A49,107,0.0014
Q9BPX1,107,0.0014
Q9NVV9,107,0.0014
Q8NAU1,107,0.0014
A6NMX2,107,0.0014
Q9UBR5,107,0.0014
Q96T66,107,0.0014
Q9HB71,107,0.0014
Q9H2S6,107,0.0014
A8MYZ0,107,0.0014
O75663,107,0.0014
Q9NXC2,107,0.0014
A6NIH7,107,0.0014
Q9P289,107,0.0014
Q9BQB6,107,0.0014
P62502,107,0.0014
O60225,107,0.0014
Q9C037,107,0.0014
A4D1S5,107,0.0014
Q7LG56,107,0.0014
Q8WWM9,107,0.0014
Q86Y79,107,0.0014
P07195,107,0.0014
Q92688,107,0.0014
Q9BX93,107,0.0014
P78317,107,0.0014
O96000,107,0.0014
Q96J86,107,0.0014
P00338,106,0.0014
Q8N1A6,106,0.0014
Q96A08,106,0.0014
Q9Y6H3,106,0.0014
Q8IUG1,106,0.0014
O95258,106,0.0014
Q9BYC8,106,0.0014
P62068,106,0.0014
P19388,106,0.0014
Q6UXV4,106,0.0014
A0A0B4J1X8,106,0.0014
O60894,106,0.0014
P00918,106,0.0014
C9JUS6,106,0.0014
Q9H061,106,0.0014
P20290,106,0.0014
O14561,106,0.0014
Q13445,106,0.0014
B4E2M5,106,0.0014
Q9BX51,106,0.0014
P78417,106,0.0014
Q9NQ30,106,0.0014
Q86U90,106,0.0014
P48304,106,0.0014
Q494R4,106,0.0014
P46952,106,0.0014
O60341,106,0.0014
Q7Z713,106,0.0014
Q9Y3C6,106,0.0014
Q9NUZ1,106,0.0014
P28072,106,0.0014
P49184,106,0.0014
Q9Y2D0,106,0.0014
Q8WW12,106,0.0014
Q6ZR85,106,0.0014
P27105,106,0.0014
P07738,106,0.0014
Q9BQ15,106,0.0014
Q9UKI3,106,0.0014
Q00577,106,0.0014
Q9H6P5,105,0.0014
O75638,105,0.0014
Q8TAC9,105,0.0014
Q9H8W3,105,0.0014
Q16623,105,0.0014
O95445,105,0.0014
Q6UW15,105,0.0014
Q9NNZ6,105,0.0014
Q8IWL8,105,0.0014
O75607,105,0.0014
Q96DD7,105,0.0014
P31937,105,0.0014
P04211,105,0.0014
A0A0C4DH42,105,0.0014
Q5TGS1,105,0.0014
P00441,105,0.0014
Q86SG7,105,0.0014
Q8N684,105,0.0014
Q9ULR0,105,0.0014
Q495Y8,105,0.0014
P54105,105,0.0014
Q8NE86,105,0.0014
Q9NT62,105,0.0014
P49798,105,0.0014
Q9H5X1,105,0.0014
A0A075B6S5,105,0.0014
O43692,105,0.0014
Q8NEV9,105,0.0014
Q9H8T0,104,0.0014
P60709,104,0.0014
O43680,104,0.0014
P0DMQ9,104,0.0014
Q8WUN7,104,0.0014
Q8IY45,104,0.0014
A6NM10,104,0.0014
P53567,104,0.0014
Q15649,104,0.0014
Q96P63,104,0.0014
Q12988,104,0.0014
Q12870,104,0.0014
P48645,104,0.0014
O00755,104,0.0014
P57729,104,0.0014
Q9H871,104,0.0014
Q9BQE3,104,0.0014
Q9BY08,104,0.0014
Q9H2H8,104,0.0014
Q9P1W9,104,0.0014
Q9UHG2,104,0.0014
Q9Y5K3,104,0.0014
Q8WXH4,104,0.0014
Q92527,104,0.0014
Q6IPX3,104,0.0014
Q9H741,104,0.0014
Q92806,104,0.0014
P60228,104,0.0014
Q9BY32,104,0.0014
P51674,104,0.0014
Q06141,103,0.0014
Q16629,103,0.0014
O14668,103,0.0014
Q10589,103,0.0014
Q8IXQ9,103,0.0014
Q8TBF2,103,0.0014
Q8N687,103,0.0014
O60232,103,0.0014
Q9NXA8,103,0.0014
P15880,103,0.0014
Q8N112,103,0.0014
Q717R9,103,0.0014
Q8NHV9,103,0.0014
Q9Y6B6,103,0.0014
P25774,103,0.0014
P48307,103,0.0014
P00568,103,0.0014
P40429,103,0.0014
P01135,103,0.0014
O00161,103,0.0014
Q9H4Y5,103,0.0014
Q13875,103,0.0014
Q96DR4,103,0.0014
Q99633,103,0.0014
Q9GZT6,103,0.0014
Q9BWK5,103,0.0014
P61163,103,0.0014
P31947,102,0.0013
O75508,102,0.0013
Q96D98,102,0.0013
A0A0C4DH34,102,0.0013
P62333,102,0.0013
P03886,102,0.0013
Q96PU8,102,0.0013
A8MZ97,102,0.0013
Q9P2W6,102,0.0013
P01601,102,0.0013
Q8TES7,102,0.0013
Q9Y3D0,102,0.0013
Q9H875,102,0.0013
Q99613,102,0.0013
Q5SV17,102,0.0013
Q9BTX3,102,0.0013
Q96E35,102,0.0013
O75952,102,0.0013
Q8N6N3,102,0.0013
Q9HCN2,102,0.0013
A0A0J9YY54,102,0.0013
Q15072,102,0.0013
Q8TAA5,102,0.0013
Q8IV56,102,0.0013
Q9H4G1,102,0.0013
Q8IUE1,101,0.0013
A6NDG6,101,0.0013
P53805,101,0.0013
Q9UBL6,101,0.0013
Q15365,101,0.0013
Q96PB8,101,0.0013
P38117,101,0.0013
P07315,101,0.0013
Q6UWF3,101,0.0013
Q9GZT3,101,0.0013
Q8N2G6,101,0.0013
P03905,101,0.0013
Q9BV19,101,0.0013
Q9HAV7,101,0.0013
Q5MJ10,101,0.0013
Q96L46,101,0.0013
Q86Z23,101,0.0013
Q13442,101,0.0013
Q6PIF2,101,0.0013
Q5JX69,101,0.0013
P46439,101,0.0013
A0A0B4J1V7,101,0.0013
P0CH99,101,0.0013
P35638,101,0.0013
P0DJR0,101,0.0013
Q7Z7G2,101,0.0013
P36405,101,0.0013
A8MQ03,101,0.0013
Q96R54,101,0.0013
Q8WWF1,100,0.0013
P29965,100,0.0013
Q8TEF2,100,0.0013
P17931,100,0.0013
Q01524,100,0.0013
O14807,100,0.0013
A2A368,100,0.0013
Q9UKV0,100,0.0013
Q6SA08,100,0.0013
Q86XR5,100,0.0013
Q9Y6I8,100,0.0013
Q9H1H1,100,0.0013
Q8N7F7,100,0.0013
Q13361,100,0.0013
Q9NX08,100,0.0013
Q86WS3,100,0.0013
Q96LK0,100,0.0013
Q96LU5,100,0.0013
Q9NVK5,100,0.0013
Q4G0S7,100,0.0013
Q99909,100,0.0013
O60256,100,0.0013
Q13795,100,0.0013
Q9Y275,100,0.0013
Q9UPY8,100,0.0013
A0A0B4J1Y9,100,0.0013
Q5I0X4,100,0.0013
O15524,100,0.0013
P39210,100,0.0013
Q86W54,100,0.0013
Q96E66,100,0.0013
Q96PH6,100,0.0013
Q9BSH3,100,0.0013
Q3I5F7,100,0.0013
Q9BXS5,100,0.0013
Q8NFA2,100,0.0013
P51991,100,0.0013
Q9HC29,100,0.0013
Q3LI67,100,0.0013
Q9H9H5,99,0.0013
Q8WXS3,99,0.0013
Q5J8X5,99,0.0013
Q8IXM2,99,0.0013
P61247,99,0.0013
P35219,99,0.0013
O95843,99,0.0013
P39905,99,0.0013
P55083,99,0.0013
Q49AH0,99,0.0013
Q8N3J9,99,0.0013
Q96KR6,99,0.0013
Q9H609,99,0.0013
Q969L2,99,0.0013
Q9Y5U4,99,0.0013
Q00403,99,0.0013
Q8TBF4,99,0.0013
Q6ZNK6,99,0.0013
Q5VXU1,99,0.0013
Q9BV47,99,0.0013
Q6PIL6,99,0.0013
Q9NVM1,99,0.0013
O15520,99,0.0013
O43914,99,0.0013
P0DX00,99,0.0013
P63151,99,0.0013
B2RPK0,99,0.0013
Q9UNZ5,99,0.0013
Q5VZQ5,98,0.0013
Q01523,98,0.0013
A6NGQ2,98,0.0013
O95861,98,0.0013
P29992,98,0.0013
P47914,98,0.0013
Q9H8W4,98,0.0013
Q13519,98,0.0013
Q99879,98,0.0013
P16298,98,0.0013
Q9H063,98,0.0013
A1A4Y4,98,0.0013
O60258,98,0.0013
Q8WUK0,98,0.0013
Q9UL25,98,0.0013
Q9BUP0,98,0.0013
Q9HC24,98,0.0013
P55789,98,0.0013
Q8WWF8,98,0.0013
Q86XR7,98,0.0013
Q86XA0,98,0.0013
Q9H426,98,0.0013
C9J6K1,98,0.0013
Q99865,98,0.0013
P24539,97,0.0013
Q8WVF2,97,0.0013
Q8WWB3,97,0.0013
P51460,97,0.0013
P43355,97,0.0013
Q9GZP9,97,0.0013
Q96MX0,97,0.0013
P01282,97,0.0013
Q8WVF5,97,0.0013
Q9BZE7,97,0.0013
Q9Y584,97,0.0013
Q3C1V1,97,0.0013
Q9NPJ6,97,0.0013
Q5T686,97,0.0013
Q9NWU5,97,0.0013
P61587,97,0.0013
Q96IK1,97,0.0013
Q9UNL2,97,0.0013
Q05048,97,0.0013
Q8N729,97,0.0013
Q9Y244,97,0.0013
Q9BY41,97,0.0013
Q15005,97,0.0013
O75200,97,0.0013
Q15056,97,0.0013
P81277,97,0.0013
Q8IYS8,97,0.0013
P23560,97,0.0013
Q7Z4H3,97,0.0013
Q9Y535,96,0.0013
P20618,96,0.0013
Q96E17,96,0.0013
Q6ZST4,96,0.0013
Q9BQY4,96,0.0013
Q8WZ71,96,0.0013
Q8NC06,96,0.0013
O43396,96,0.0013
Q9UBQ5,96,0.0013
P51665,96,0.0013
Q14722,96,0.0013
P08574,96,0.0013
Q9NWT8,96,0.0013
P51636,96,0.0013
Q3KRA9,96,0.0013
O75594,96,0.0013
Q15777,96,0.0013
Q70IA8,96,0.0013
Q13952,96,0.0013
Q15562,96,0.0013
Q7Z4W3,96,0.0013
P17031,96,0.0013
Q9H5I1,96,0.0013
Q5T7R7,96,0.0013
P01258,96,0.0013
Q8N5Z0,96,0.0013
Q3ZCQ3,96,0.0013
Q9NPI0,96,0.0013
Q9H4P4,96,0.0013
Q569G3,96,0.0013
Q9UQ80,96,0.0013
O15492,96,0.0013
P19838,96,0.0013
O60675,96,0.0013
Q12962,96,0.0013
Q9UK00,96,0.0013
P62079,95,0.0012
Q9H9Q2,95,0.0012
Q5VWM4,95,0.0012
Q9BUF5,95,0.0012
Q6IPW1,95,0.0012
Q96H35,95,0.0012
Q8IVM0,95,0.0012
Q9UBC9,95,0.0012
Q969X5,95,0.0012
H3BNL8,95,0.0012
Q12888,95,0.0012
Q8NB37,95,0.0012
P00167,95,0.0012
Q9HCM9,95,0.0012
Q6B0K9,95,0.0012
Q8IZU0,95,0.0012
Q8NAC3,95,0.0012
O95661,95,0.0012
O43921,95,0.0012
Q8WWZ3,95,0.0012
A6NKP2,95,0.0012
Q9P2W1,95,0.0012
Q6DN90,95,0.0012
Q8IUB9,95,0.0012
O75973,95,0.0012
Q96A58,94,0.0012
Q00534,94,0.0012
Q15270,94,0.0012
O60356,94,0.0012
O00264,94,0.0012
Q9BYN8,94,0.0012
Q9BXN6,94,0.0012
A0PJX2,94,0.0012
P02741,94,0.0012
P51148,94,0.0012
Q9Y3D2,94,0.0012
A0A087X1G2,94,0.0012
Q96Q91,94,0.0012
O43255,94,0.0012
P02689,94,0.0012
Q9BZ81,94,0.0012
Q6UXV1,94,0.0012
Q8N6N2,94,0.0012
Q9NQZ6,94,0.0012
A0A075B6H8,94,0.0012
P24941,94,0.0012
Q8WUD1,94,0.0012
Q92737,94,0.0012
P32971,94,0.0012
Q8NHR7,94,0.0012
O95971,94,0.0012
O95633,94,0.0012
Q8TDH9,94,0.0012
Q12905,94,0.0012
Q13509,93,0.0012
Q9NQC8,93,0.0012
Q9NXU5,93,0.0012
Q8IXQ3,93,0.0012
P35625,93,0.0012
A6NML5,93,0.0012
Q9BRP8,93,0.0012
Q8N4E7,93,0.0012
Q96GF1,93,0.0012
Q6NXS1,93,0.0012
Q9BTT0,93,0.0012
Q8WW59,93,0.0012
P10082,93,0.0012
Q9HBJ8,93,0.0012
Q96PE5,93,0.0012
P07316,93,0.0012
P53672,93,0.0012
Q9H114,93,0.0012
Q8IZP0,93,0.0012
P26583,93,0.0012
P15428,93,0.0012
Q9NYX4,93,0.0012
Q9P299,93,0.0012
P00395,93,0.0012
Q16740,93,0.0012
Q9H9V4,93,0.0012
P36542,93,0.0012
Q9Y5Q6,93,0.0012
Q96C74,93,0.0012
P27144,93,0.0012
Q7Z5J1,93,0.0012
Q8NEK8,93,0.0012
Q8N511,93,0.0012
Q7Z4W1,93,0.0012
Q9P0P0,92,0.0012
A8MW99,92,0.0012
Q9P0J6,92,0.0012
O15379,92,0.0012
Q96H20,92,0.0012
Q9BQ16,92,0.0012
Q53H96,92,0.0012
Q86TW2,92,0.0012
O43581,92,0.0012
Q01130,92,0.0012
P46597,92,0.0012
Q86SE8,92,0.0012
P40617,92,0.0012
Q5T5A4,92,0.0012
Q8N6F7,92,0.0012
Q8WVE7,92,0.0012
Q03135,92,0.0012
O00299,92,0.0012
Q5TA76,92,0.0012
Q92914,92,0.0012
A0A075B6H7,92,0.0012
Q9BZW8,92,0.0012
P07451,92,0.0012
Q8WUT9,92,0.0012
Q99720,92,0.0012
P19784,92,0.0012
A0A075B6K0,91,0.0012
P53816,91,0.0012
P20339,91,0.0012
Q9UK76,91,0.0012
Q9H6L4,91,0.0012
P52823,91,0.0012
Q6ZNB5,91,0.0012
Q9Y221,91,0.0012
Q01629,91,0.0012
Q9H2P9,91,0.0012
Q96EU7,91,0.0012
Q9H1A3,91,0.0012
P0DTE8,91,0.0012
Q8N0Y7,91,0.0012
O95399,91,0.0012
Q9UN30,91,0.0012
Q5TBC7,91,0.0012
Q9UH62,91,0.0012
Q02045,91,0.0012
Q7Z4W2,91,0.0012
P20382,91,0.0012
P41091,91,0.0012
O14530,91,0.0012
Q86X19,91,0.0012
Q9H3S4,91,0.0012
P61964,91,0.0012
P62995,91,0.0012
Q6RW13,91,0.0012
Q9Y343,91,0.0012
Q9NPD8,91,0.0012
Q08623,90,0.0012
Q9HDD0,90,0.0012
Q02747,90,0.0012
P01242,90,0.0012
Q86UY6,90,0.0012
Q6UW88,90,0.0012
P0DML3,90,0.0012
P62191,90,0.0012
Q86V35,90,0.0012
Q9UGL9,90,0.0012
A0A087WSY6,90,0.0012
P54852,90,0.0012
Q96BT1,90,0.0012
Q6X4U4,90,0.0012
A6NKW6,90,0.0012
Q5VTH2,90,0.0012
P23434,90,0.0012
P09681,90,0.0012
P19544,90,0.0012
Q147U7,90,0.0012
O43908,90,0.0012
Q9H3R5,90,0.0012
Q9H0Q0,90,0.0012
Q5TGU0,90,0.0012
Q9UET6,90,0.0012
Q8WUY1,90,0.0012
Q12798,90,0.0012
Q9NVX0,90,0.0012
Q9BTE0,90,0.0012
Q8WYN0,89,0.0012
Q02363,89,0.0012
Q9BYR5,89,0.0012
O95865,89,0.0012
O60760,89,0.0012
Q86W74,89,0.0012
P60842,89,0.0012
Q96D05,89,0.0012
Q9NRX4,89,0.0012
Q9Y4H4,89,0.0012
A0A494BZU4,89,0.0012
Q96IU2,89,0.0012
Q3LI72,89,0.0012
Q13242,89,0.0012
Q9NX47,89,0.0012
Q9BQA9,89,0.0012
Q6PEV8,89,0.0012
Q9NSB8,89,0.0012
Q5TEC6,89,0.0012
Q969D9,89,0.0012
Q9H0U6,89,0.0012
Q96RK1,89,0.0012
Q86VU5,89,0.0012
P02144,89,0.0012
Q96G30,89,0.0012
Q9UJW9,89,0.0012
P21246,89,0.0012
Q99578,89,0.0012
A0A0A0MRZ7,89,0.0012
Q7L2Z9,89,0.0012
Q6NZY7,89,0.0012
O76096,89,0.0012
Q96NZ9,89,0.0012
Q99828,89,0.0012
Q01995,89,0.0012
P56705,89,0.0012
Q9Y530,89,0.0012
Q9BV29,89,0.0012
P52565,89,0.0012
Q5W186,89,0.0012
O14645,89,0.0012
O60725,89,0.0012
O15260,88,0.0012
P20809,88,0.0012
Q8N9E0,88,0.0012
P62750,88,0.0012
Q9NUP9,88,0.0012
Q9Y328,88,0.0012
P05026,88,0.0012
P01594,88,0.0012
Q9H9L7,88,0.0012
Q03013,88,0.0012
P56704,88,0.0012
Q9BT43,88,0.0012
Q99969,88,0.0012
P20336,88,0.0012
Q8IZJ0,88,0.0012
P07320,88,0.0012
P54709,88,0.0012
P19623,88,0.0012
Q9UIF7,88,0.0012
Q8N5X7,88,0.0012
Q92890,88,0.0012
Q96L33,88,0.0012
Q8N257,88,0.0012
Q96BD8,88,0.0012
Q9BQ50,88,0.0012
P08949,88,0.0012
Q8N9R6,88,0.0012
P49901,88,0.0012
Q12852,88,0.0012
E9PIF3,88,0.0012
A0A075B6K2,88,0.0012
Q7L8S5,88,0.0012
Q16613,88,0.0012
Q9NUT2,88,0.0012
Q9Y478,88,0.0012
P05141,88,0.0012
A0A075B6S6,88,0.0012
Q99748,88,0.0012
Q7Z4N2,88,0.0012
P10124,88,0.0012
Q96BR5,88,0.0012
P09683,88,0.0012
Q53GA4,87,0.0011
Q9NV29,87,0.0011
P0DJI9,87,0.0011
Q16539,87,0.0011
Q9H7X2,87,0.0011
Q5SXM8,87,0.0011
Q9UK33,87,0.0011
Q99943,87,0.0011
Q6E213,87,0.0011
Q9UBI1,87,0.0011
Q9GZP8,87,0.0011
O94760,87,0.0011
Q02575,87,0.0011
Q8N5L8,87,0.0011
Q9NP84,87,0.0011
P62081,87,0.0011
Q8IZV5,87,0.0011
P12074,87,0.0011
P0C7M8,87,0.0011
A0A075B6I4,87,0.0011
P09211,87,0.0011
Q8WWK9,87,0.0011
Q969X0,87,0.0011
O95626,87,0.0011
Q8WXH6,87,0.0011
Q6NT52,87,0.0011
Q9Y534,87,0.0011
Q6UX34,86,0.0011
O75715,86,0.0011
Q8NEA6,86,0.0011
Q01449,86,0.0011
Q9NV31,86,0.0011
P01350,86,0.0011
A0A1B0GV03,86,0.0011
P48507,86,0.0011
O43402,86,0.0011
Q0Z7S8,86,0.0011
Q9BXU2,86,0.0011
Q9H999,86,0.0011
A0A1B0GTY4,86,0.0011
H3BUK9,86,0.0011
Q86Y26,86,0.0011
Q86SQ9,86,0.0011
Q8N668,86,0.0011
Q9NS61,86,0.0011
P02766,86,0.0011
Q96DR8,86,0.0011
Q9NQ88,86,0.0011
P12018,86,0.0011
P31153,86,0.0011
A6NHQ2,86,0.0011
Q8N443,86,0.0011
Q9BSK0,86,0.0011
P21741,86,0.0011
P0C2W1,86,0.0011
P01611,85,0.0011
Q8N4T8,85,0.0011
Q0WX57,85,0.0011
P05198,85,0.0011
P0C7M4,85,0.0011
Q6UVW9,85,0.0011
O76080,85,0.0011
Q69YG0,85,0.0011
Q5TA31,85,0.0011
Q6P1X6,85,0.0011
O14558,85,0.0011
P51157,85,0.0011
Q6ZNX1,85,0.0011
Q07507,85,0.0011
P63316,85,0.0011
Q9UHV9,85,0.0011
Q6QAJ8,85,0.0011
Q9BS92,85,0.0011
Q9GZU0,85,0.0011
O43657,85,0.0011
B9A014,85,0.0011
Q92843,85,0.0011
Q5T4I8,85,0.0011
Q6UW68,85,0.0011
E9PQR5,85,0.0011
P05813,85,0.0011
P25800,85,0.0011
Q8WVJ2,85,0.0011
Q92623,85,0.0011
Q96T52,85,0.0011
A0A1B0GV85,85,0.0011
P09936,85,0.0011
P17152,84,0.0011
P35232,84,0.0011
Q9Y6E7,84,0.0011
P16083,84,0.0011
Q9BRT6,84,0.0011
P30990,84,0.0011
P42127,84,0.0011
Q15544,84,0.0011
P20042,84,0.0011
Q96GX9,84,0.0011
Q7Z2W9,84,0.0011
P07492,84,0.0011
Q02535,84,0.0011
P55808,84,0.0011
Q13156,84,0.0011
Q93079,84,0.0011
P50148,84,0.0011
O14966,84,0.0011
Q8N9F0,84,0.0011
P19086,84,0.0011
Q96ES7,84,0.0011
Q86UW2,84,0.0011
A0A075B6S2,84,0.0011
Q1A5X6,84,0.0011
Q3KNV8,84,0.0011
P82914,84,0.0011
O75330,84,0.0011
P46783,84,0.0011
A0A0C4DH39,84,0.0011
Q9P0M9,84,0.0011
Q8N907,84,0.0011
Q14165,84,0.0011
Q6ZQR2,84,0.0011
Q9H3H9,84,0.0011
Q8N165,84,0.0011
Q8TD06,84,0.0011
Q9BR01,84,0.0011
Q96NT3,84,0.0011
B2RUY7,84,0.0011
Q86VZ6,83,0.0011
Q5T6J7,83,0.0011
P32970,83,0.0011
Q9UDW3,83,0.0011
P17861,83,0.0011
Q9UFN0,83,0.0011
O60542,83,0.0011
Q9ULH7,83,0.0011
Q00325,83,0.0011
Q8NFW5,83,0.0011
P01375,83,0.0011
O75608,83,0.0011
Q96MD7,83,0.0011
Q8WW14,83,0.0011
Q96A98,83,0.0011
Q9H8M9,83,0.0011
Q30KQ4,83,0.0011
P05413,83,0.0011
P04553,83,0.0011
P61158,83,0.0011
P35243,83,0.0011
Q15006,83,0.0011
Q96A84,83,0.0011
Q8WVD3,83,0.0011
Q96L11,83,0.0011
Q9HAJ7,83,0.0011
Q15125,83,0.0011
O60238,83,0.0011
A0A8I5KQE6,83,0.0011
P21145,82,0.0011
Q96PI1,82,0.0011
Q96LY2,82,0.0011
P23508,82,0.0011
Q7RTU4,82,0.0011
P35226,82,0.0011
A6NGY3,82,0.0011
Q7RTV5,82,0.0011
Q99757,82,0.0011
Q9NX00,82,0.0011
Q92506,82,0.0011
Q9Y255,82,0.0011
Q5JTY5,82,0.0011
C9J1S8,82,0.0011
Q96S19,82,0.0011
Q9H1Y0,82,0.0011
Q14320,82,0.0011
Q9GZZ8,82,0.0011
Q9UJ90,82,0.0011
P68402,82,0.0011
P00492,82,0.0011
Q7Z589,82,0.0011
P03979,82,0.0011
Q93099,82,0.0011
Q8IU54,82,0.0011
Q3LI64,82,0.0011
A6NLP5,82,0.0011
Q8N8J6,81,0.0011
P41247,81,0.0011
O15318,81,0.0011
Q9Y3E1,81,0.0011
Q9H840,81,0.0011
Q6UW01,81,0.0011
Q765I0,81,0.0011
Q9Y3C1,81,0.0011
A0A075B6J6,81,0.0011
Q9H1M3,81,0.0011
A0A075B6R9,81,0.0011
Q01085,81,0.0011
Q9NSP4,81,0.0011
C9JFL3,81,0.0011
Q6UWP2,81,0.0011
P25786,81,0.0011
Q9UGN5,81,0.0011
Q8N4Z0,81,0.0011
A8MXQ7,81,0.0011
Q6PI78,81,0.0011
Q9Y2Y6,81,0.0011
Q8TED1,81,0.0011
P43320,81,0.0011
Q96LM6,81,0.0011
O95990,81,0.0011
P28482,81,0.0011
O15523,81,0.0011
O60888,81,0.0011
Q8N9N8,81,0.0011
P61278,81,0.0011
Q9UNG2,81,0.0011
Q9H446,81,0.0011
Q8WUJ0,81,0.0011
P09466,81,0.0011
P21266,81,0.0011
Q8WW36,81,0.0011
Q8N1Q1,81,0.0011
A6NNY8,80,0.0011
Q96A05,80,0.0011
Q9Y3Q3,80,0.0011
Q9NPB6,80,0.0011
A0A1B0GWH4,80,0.0011
Q6UX46,80,0.0011
Q96LR4,80,0.0011
P61981,80,0.0011
Q96AT1,80,0.0011
Q9BRV8,80,0.0011
P60763,80,0.0011
Q9NS23,80,0.0011
Q06830,80,0.0011
Q9BZX4,80,0.0011
A6NE82,80,0.0011
P51153,80,0.0011
Q9GZN8,80,0.0011
P00414,80,0.0011
Q9BT78,80,0.0011
Q8NFX7,80,0.0011
P0DM63,80,0.0011
P01034,80,0.0011
Q2TAY7,80,0.0011
P24390,80,0.0011
Q9NQ34,80,0.0011
Q8WV19,80,0.0011
B0FP48,80,0.0011
Q96FW1,80,0.0011
Q16890,80,0.0011
O00212,80,0.0011
Q4LDG9,80,0.0011
Q96IM9,80,0.0011
Q01628,80,0.0011
Q96B96,80,0.0011
O94812,80,0.0011
Q8N2H4,80,0.0011
Q9NVP2,80,0.0011
Q6BDI9,80,0.0011
Q8IUK8,80,0.0011
A6NGE7,80,0.0011
P08134,80,0.0011
Q9HBM6,80,0.0011
O15258,80,0.0011
Q9BW30,80,0.0011
Q9UN19,79,0.001
Q9BYZ8,79,0.001
Q969F0,79,0.001
P53673,79,0.001
Q9UHF0,79,0.001
O43741,79,0.001
Q9NRW4,79,0.001
P11844,79,0.001
Q7L273,79,0.001
P05161,79,0.001
P0DOY3,79,0.001
P62195,79,0.001
Q17RY6,79,0.001
P20338,79,0.001
Q15546,79,0.001
Q8WU39,79,0.001
Q9BV86,79,0.001
Q9UHY7,79,0.001
P0DL12,79,0.001
O95562,79,0.001
Q9ULX9,79,0.001
Q6UXB3,79,0.001
P61020,79,0.001
Q96EN9,79,0.001
Q9BTL3,79,0.001
A0A0B4J1U3,78,0.001
P84157,78,0.001
Q8N7M0,78,0.001
Q8TAC2,78,0.001
Q96CW1,78,0.001
Q13636,78,0.001
Q9GZX9,78,0.001
P61160,78,0.001
A0A0C4DH35,78,0.001
Q86WI0,78,0.001
Q7Z3S9,78,0.001
P78318,78,0.001
P07741,78,0.001
Q96E93,78,0.001
Q9BT67,78,0.001
Q7Z6W1,78,0.001
Q96C90,78,0.001
Q8TBZ9,78,0.001
A8MTL0,78,0.001
A6NFH5,78,0.001
Q9HBJ0,78,0.001
Q5VTT2,78,0.001
P14649,78,0.001
P04183,78,0.001
A6NG13,77,0.001
Q6ZV29,77,0.001
Q5TAB7,77,0.001
Q5JT25,77,0.001
A6NLE4,77,0.001
Q6PCB6,77,0.001
Q8N138,77,0.001
P50120,77,0.001
Q7Z4H4,77,0.001
Q9NP95,77,0.001
Q9H4G4,77,0.001
Q9UL19,77,0.001
Q53FV1,77,0.001
A0A087WSZ9,77,0.001
Q8N3V7,77,0.001
Q13098,77,0.001
Q6NT89,77,0.001
Q9H633,77,0.001
P63162,77,0.001
O95057,77,0.001
O43598,77,0.001
Q8NFB2,77,0.001
P61366,77,0.001
P59773,77,0.001
Q9BQ83,77,0.001
P0DJH9,77,0.001
Q00872,77,0.001
Q7Z7H5,77,0.001
Q9NX38,77,0.001
O60613,76,0.001
P38919,76,0.001
Q13522,76,0.001
P49721,76,0.001
Q93062,76,0.001
Q7L9L4,76,0.001
O43181,76,0.001
Q9UMX6,76,0.001
Q99598,76,0.001
Q5VZ52,76,0.001
Q5JUX0,76,0.001
Q9P0W0,76,0.001
Q8WYH8,76,0.001
Q9GZY0,76,0.001
P37802,76,0.001
P0DJD8,76,0.001
O95881,76,0.001
Q9Y2Q3,76,0.001
Q9UBW8,76,0.001
Q6PUV4,76,0.001
Q6UWH6,76,0.001
Q3LI58,76,0.001
Q9Y2B0,76,0.001
A6PVL3,76,0.001
Q9BSM1,76,0.001
Q8WWY7,76,0.001
Q00535,76,0.001
Q08648,75,0.001
Q96KK5,75,0.001
P13984,75,0.001
A0A0B4J264,75,0.001
O15431,75,0.001
A0A0A0MRZ9,75,0.001
Q3LI66,75,0.001
Q9BSB4,75,0.001
P01718,75,0.001
Q9NWW9,75,0.001
Q3LHN0,75,0.001
P48201,75,0.001
Q53H80,75,0.001
P57735,75,0.001
Q5VXU3,75,0.001
Q8WVH0,75,0.001
A0A0C4DH36,75,0.001
Q4KMZ8,75,0.001
Q15717,75,0.001
Q9Y3B3,75,0.001
P29762,75,0.001
P09488,75,0.001
O75379,75,0.001
Q8NDX5,75,0.001
Q8NBD8,75,0.001
O15068,75,0.001
P20292,75,0.001
P38936,75,0.001
P59190,75,0.001
P33316,75,0.001
Q14390,75,0.001
Q969M7,75,0.001
O14960,75,0.001
A6NF36,74,0.001
P27348,74,0.001
O15217,74,0.001
Q8N6I4,74,0.001
P46695,74,0.001
P0DN77,74,0.001
A0A087WWA1,74,0.001
Q71DI3,74,0.001
Q4G0I0,74,0.001
O95994,74,0.001
Q0VAQ4,74,0.001
P62136,74,0.001
Q7RTU0,74,0.001
Q99627,74,0.001
Q9BPW8,74,0.001
Q16655,74,0.001
Q8WXF5,74,0.001
Q9UJQ7,74,0.001
Q15828,74,0.001
Q96G25,74,0.001
Q16878,74,0.001
Q96BW1,74,0.001
Q9NX01,74,0.001
Q86YS6,74,0.001
Q9GZY4,74,0.001
A8MTL9,74,0.001
Q9BU61,74,0.001
O00743,74,0.001
Q9H2X8,74,0.001
P24666,74,0.001
O75459,74,0.001
Q3KNT9,74,0.001
Q5BJF2,74,0.001
P35542,74,0.001
P61018,74,0.001
Q96LD8,74,0.001
E9PJI5,74,0.001
O43791,73,0.001
Q96JN0,73,0.001
Q96BD6,73,0.001
Q96CG3,73,0.001
Q16520,73,0.001
P39687,73,0.001
Q3B7S5,73,0.001
Q9H6K4,73,0.001
Q9BT56,73,0.001
Q00169,73,0.001
C9JXX5,73,0.001
Q96QV6,73,0.001
A0A1B0GVZ6,73,0.001
P57077,73,0.001
P82980,73,0.001
P51572,73,0.001
Q5T4W7,73,0.001
Q8N9Q2,73,0.001
O60896,73,0.001
P47985,73,0.001
Q3LI73,73,0.001
Q9P0I2,73,0.001
P23510,73,0.001
Q8WVK2,73,0.001
Q9BT23,73,0.001
A0A0C4DH25,73,0.001
P28676,73,0.001
Q9HAI6,73,0.001
O75817,73,0.001
Q9HAE3,73,0.001
P32969,73,0.001
Q96AQ1,73,0.001
Q15555,73,0.001
O95711,73,0.001
P58557,73,0.001
A0A0B4J1U4,73,0.001
P04350,73,0.001
Q9BUT1,72,0.0009
P17081,72,0.0009
Q96L21,72,0.0009
P05976,72,0.0009
Q13162,72,0.0009
Q9NV56,72,0.0009
Q9HCN8,72,0.0009
Q5TA78,72,0.0009
Q9Y3B7,72,0.0009
P37108,72,0.0009
Q8TCC3,72,0.0009
O95379,72,0.0009
Q02577,72,0.0009
Q969E4,72,0.0009
Q99929,72,0.0009
P55001,72,0.0009
Q5H913,72,0.0009
Q96KN8,72,0.0009
O75223,72,0.0009
Q5I0X7,72,0.0009
O76093,72,0.0009
Q9Y3B2,72,0.0009
P56181,72,0.0009
O75832,72,0.0009
A0A1B0GTI8,72,0.0009
A0A1W2PPF3,71,0.0009
O60895,71,0.0009
E9PRG8,71,0.0009
P55273,71,0.0009
Q9NXH3,71,0.0009
Q5T1S8,71,0.0009
O95372,71,0.0009
Q96GE9,71,0.0009
Q6P1K2,71,0.0009
Q8IZU2,71,0.0009
Q6NXT2,71,0.0009
Q86SX6,71,0.0009
Q96AZ6,71,0.0009
Q9H0A8,71,0.0009
P08559,71,0.0009
Q70UQ0,71,0.0009
Q96DX5,71,0.0009
P22352,71,0.0009
Q8WY98,71,0.0009
P49703,71,0.0009
P49903,71,0.0009
A6NNL5,71,0.0009
P23527,71,0.0009
O00762,71,0.0009
P12004,71,0.0009
Q96TA2,71,0.0009
O95639,71,0.0009
P36639,71,0.0009
Q96FZ5,71,0.0009
A0A075B6J9,71,0.0009
Q12983,71,0.0009
O60829,71,0.0009
Q8NEJ0,71,0.0009
Q8WUD4,70,0.0009
Q96LR7,70,0.0009
Q13526,70,0.0009
Q9Y5Z4,70,0.0009
P01185,70,0.0009
Q76KX8,70,0.0009
Q9NR11,70,0.0009
Q15038,70,0.0009
O75323,70,0.0009
A0A1W2PQ73,70,0.0009
Q06730,70,0.0009
Q9P021,70,0.0009
Q5JQS6,70,0.0009
Q96A00,70,0.0009
P52566,70,0.0009
Q969J3,70,0.0009
O15432,70,0.0009
Q0P641,70,0.0009
P04818,70,0.0009
Q9NRX2,70,0.0009
O75380,70,0.0009
Q5JSQ8,70,0.0009
P05019,70,0.0009
Q5T0T0,70,0.0009
Q7Z6V5,70,0.0009
P98173,70,0.0009
Q9BUN5,70,0.0009
Q9NP50,69,0.0009
P61254,69,0.0009
A0A0B4J1V6,69,0.0009
P01308,69,0.0009
Q8NHZ7,69,0.0009
O95183,69,0.0009
Q3LI61,69,0.0009
A0A075B6J1,69,0.0009
Q8TAE6,69,0.0009
P19957,69,0.0009
Q99217,69,0.0009
Q9UBC7,69,0.0009
P55089,69,0.0009
P28161,69,0.0009
P08865,69,0.0009
Q13888,69,0.0009
O14683,69,0.0009
Q4JDL3,69,0.0009
Q9BYE0,69,0.0009
Q9NP72,69,0.0009
P04216,69,0.0009
P41732,69,0.0009
Q9NZH7,69,0.0009
Q9NQ50,69,0.0009
P01111,69,0.0009
Q9HCT0,69,0.0009
O60573,69,0.0009
Q13352,69,0.0009
O43447,69,0.0009
P05204,69,0.0009
Q9H772,69,0.0009
Q9NRN9,68,0.0009
Q9HBM1,68,0.0009
P62495,68,0.0009
Q86W47,68,0.0009
Q86Y78,68,0.0009
O75865,68,0.0009
P0DTL6,68,0.0009
Q9NYS0,68,0.0009
Q9BU40,68,0.0009
P12273,68,0.0009
Q5JXX7,68,0.0009
Q5VVC0,68,0.0009
Q9Y261,68,0.0009
Q9Y2Z0,68,0.0009
Q9UI95,68,0.0009
P01303,68,0.0009
A0A0B4J277,68,0.0009
Q9UNK4,68,0.0009
P80162,68,0.0009
Q6UWF9,68,0.0009
P62341,68,0.0009
A0A539,68,0.0009
Q99547,68,0.0009
P59796,68,0.0009
P0C7Q2,68,0.0009
Q9H6K1,68,0.0009
O00479,68,0.0009
Q14964,68,0.0009
Q7Z5A8,67,0.0009
Q04941,67,0.0009
Q9H832,67,0.0009
P23141,67,0.0009
P40305,67,0.0009
A0A0A0MS14,67,0.0009
Q9BUE0,67,0.0009
Q9UQM7,67,0.0009
P60880,67,0.0009
A0A0C4DH28,67,0.0009
P62633,67,0.0009
Q9H944,67,0.0009
Q9BYN0,67,0.0009
Q6ZUT1,67,0.0009
Q9BZX2,67,0.0009
Q96AB3,67,0.0009
P15382,67,0.0009
A6NGY1,67,0.0009
Q8TAL6,67,0.0009
P18545,67,0.0009
Q99445,67,0.0009
Q9NPG2,67,0.0009
Q5VVB8,67,0.0009
Q8TDP1,67,0.0009
Q16667,67,0.0009
Q5VWW1,67,0.0009
Q8WWM1,67,0.0009
Q86U28,67,0.0009
A0A075B6R0,67,0.0009
O00253,67,0.0009
P63027,67,0.0009
P01241,67,0.0009
P09132,67,0.0009
Q8N8F7,67,0.0009
Q13405,67,0.0009
P56597,67,0.0009
Q9NZT1,67,0.0009
O15525,67,0.0009
Q96EC8,67,0.0009
Q5H9L2,66,0.0009
P05452,66,0.0009
Q9BRK0,66,0.0009
Q96B01,66,0.0009
Q9UHF7,66,0.0009
P02100,66,0.0009
Q96LW7,66,0.0009
Q6UX40,66,0.0009
Q5SRN2,66,0.0009
Q86VX2,66,0.0009
P15153,66,0.0009
P62324,66,0.0009
Q8IY57,66,0.0009
P55795,66,0.0009
A0A0B4J240,66,0.0009
Q96DC9,66,0.0009
Q9BQE6,66,0.0009
Q01469,66,0.0009
Q9H0U4,66,0.0009
P30086,66,0.0009
Q68DY9,66,0.0009
Q14240,66,0.0009
Q9GZZ7,66,0.0009
Q9NX70,66,0.0009
Q53FT3,66,0.0009
P0DJI8,66,0.0009
Q5T5M9,66,0.0009
Q9BWT6,66,0.0009
P42773,66,0.0009
Q9NUQ9,66,0.0009
Q5JUK3,66,0.0009
Q8IZQ5,66,0.0009
Q96LZ3,66,0.0009
P31946,66,0.0009
Q96GI7,66,0.0009
Q15040,66,0.0009
P24863,66,0.0009
Q96SL4,65,0.0009
Q9Y3B6,65,0.0009
A0A087WT02,65,0.0009
Q9Y3A6,65,0.0009
A6PVY3,65,0.0009
Q9P0S3,65,0.0009
P04085,65,0.0009
Q9BW66,65,0.0009
Q8IYN6,65,0.0009
A0A0B4J275,65,0.0009
O60844,65,0.0009
P22532,65,0.0009
Q8TBM7,65,0.0009
P56703,65,0.0009
H7C241,65,0.0009
O00193,65,0.0009
Q96B42,65,0.0009
P48739,65,0.0009
Q8N183,65,0.0009
Q9BVM4,65,0.0009
Q8TDQ7,65,0.0009
A0PJW8,65,0.0009
P47874,65,0.0009
Q7Z4L0,65,0.0009
A6NCW0,65,0.0009
P01148,65,0.0009
Q969F1,65,0.0009
P84098,65,0.0009
Q8TEA8,65,0.0009
P48788,65,0.0009
P12104,65,0.0009
Q99470,65,0.0009
F2Z333,64,0.0008
A0A075B6I3,64,0.0008
Q9BSG0,64,0.0008
Q8N5M4,64,0.0008
A0A075B6V5,64,0.0008
Q5JRV8,64,0.0008
P39877,64,0.0008
O43583,64,0.0008
A0A0B4J235,64,0.0008
Q9NX24,64,0.0008
Q9H853,64,0.0008
Q3SYF9,64,0.0008
Q99603,64,0.0008
Q9P0T7,64,0.0008
P61353,64,0.0008
A6NC86,64,0.0008
Q5J8M3,64,0.0008
Q2TAP0,64,0.0008
A6NGK3,64,0.0008
P81605,64,0.0008
Q9BUY7,64,0.0008
P29373,64,0.0008
Q6GMV3,64,0.0008
Q9HAF1,64,0.0008
Q8NA29,64,0.0008
Q5W111,64,0.0008
A0A0A0MT36,64,0.0008
Q9Y225,64,0.0008
O75365,64,0.0008
P33778,64,0.0008
Q8WUE5,64,0.0008
P78537,63,0.0008
Q9BUT9,63,0.0008
P15090,63,0.0008
Q9H672,63,0.0008
Q8N9N2,63,0.0008
P55056,63,0.0008
Q6P161,63,0.0008
P55210,63,0.0008
Q9Y5K5,63,0.0008
C9J3V5,63,0.0008
Q9NQM4,63,0.0008
Q9NVS2,63,0.0008
Q96C19,63,0.0008
Q8WWX9,63,0.0008
Q9BW83,63,0.0008
Q9NXJ5,63,0.0008
P10620,63,0.0008
O43805,63,0.0008
P51809,63,0.0008
P00374,63,0.0008
Q9Y3E0,63,0.0008
P61968,63,0.0008
O95182,63,0.0008
O14548,63,0.0008
O15130,63,0.0008
Q13257,63,0.0008
Q969Q5,63,0.0008
Q96GC5,63,0.0008
P16035,63,0.0008
Q5VST6,63,0.0008
P63172,63,0.0008
P18510,63,0.0008
Q96G74,63,0.0008
O60814,63,0.0008
O95997,63,0.0008
Q5VUE5,63,0.0008
P09429,62,0.0008
Q7Z7B8,62,0.0008
Q6NW29,62,0.0008
Q9UNX3,62,0.0008
A6NH57,62,0.0008
P47756,62,0.0008
P0DX01,62,0.0008
Q96A22,62,0.0008
Q6JVE6,62,0.0008
Q9BQD3,62,0.0008
Q30KQ5,62,0.0008
Q14019,62,0.0008
Q96LM5,62,0.0008
P04001,62,0.0008
O95147,62,0.0008
Q9Y3C0,62,0.0008
O15498,62,0.0008
P68371,62,0.0008
Q9HBE4,62,0.0008
Q8N6L1,62,0.0008
P59103,62,0.0008
Q96EE4,62,0.0008
A0A0B4J279,62,0.0008
P25789,62,0.0008
Q6X4T0,62,0.0008
Q96GG9,62,0.0008
A0A075B6Q5,62,0.0008
O75340,62,0.0008
Q9UM13,62,0.0008
P41271,62,0.0008
Q9UFF9,62,0.0008
O95750,62,0.0008
P13987,62,0.0008
Q9BYU5,61,0.0008
P57738,61,0.0008
Q86WQ0,61,0.0008
A0A075B6N2,61,0.0008
Q9BPU9,61,0.0008
Q9NQG1,61,0.0008
Q3LI59,61,0.0008
Q56A73,61,0.0008
O15247,61,0.0008
Q9H5J4,61,0.0008
Q9Y5J5,61,0.0008
Q9BT76,61,0.0008
P05451,61,0.0008
Q9Y3D7,61,0.0008
Q0VAF6,61,0.0008
A0JD32,61,0.0008
Q9H213,61,0.0008
P13164,61,0.0008
Q96CF2,61,0.0008
Q9BTA0,61,0.0008
Q96A04,61,0.0008
Q9Y3E5,61,0.0008
Q9NZV6,61,0.0008
Q9Y3B1,61,0.0008
Q53QV2,61,0.0008
Q86WR0,61,0.0008
Q3MHD2,61,0.0008
Q8N4P3,61,0.0008
P0C5Y4,61,0.0008
Q7RTU7,61,0.0008
Q9BSF4,61,0.0008
Q96K17,61,0.0008
Q7L523,61,0.0008
P19387,61,0.0008
P05937,61,0.0008
A0JD36,61,0.0008
A6NEN9,61,0.0008
Q99966,61,0.0008
Q13885,61,0.0008
O00585,61,0.0008
Q9HAT0,61,0.0008
Q16635,61,0.0008
O14818,61,0.0008
P02775,60,0.0008
P31944,60,0.0008
Q6P0A1,60,0.0008
Q2M5E4,60,0.0008
O43257,60,0.0008
O75264,60,0.0008
Q16540,60,0.0008
Q16548,60,0.0008
Q86V88,60,0.0008
P68366,60,0.0008
A6NLX4,60,0.0008
Q16576,60,0.0008
Q5U3C3,60,0.0008
Q06055,60,0.0008
Q5MJ09,60,0.0008
Q9BUR5,60,0.0008
P51161,60,0.0008
Q9H869,60,0.0008
Q9NRJ3,60,0.0008
P02585,60,0.0008
P58876,60,0.0008
Q8TD35,60,0.0008
F8W0I5,60,0.0008
Q8WVJ9,60,0.0008
Q5VZ03,60,0.0008
Q9Y543,60,0.0008
P57105,60,0.0008
Q6ZSJ8,60,0.0008
O75629,60,0.0008
A0A0C4DH30,60,0.0008
Q969H6,60,0.0008
Q8N7L0,60,0.0008
Q5T215,60,0.0008
Q9UGC6,60,0.0008
Q13838,60,0.0008
P05387,60,0.0008
P0DML2,60,0.0008
Q6UWQ5,60,0.0008
A0A1B0GTS1,60,0.0008
P55145,60,0.0008
Q7L8W6,60,0.0008
P01909,60,0.0008
Q86SE9,59,0.0008
A0A0B4J274,59,0.0008
Q8IUR0,59,0.0008
A6NN92,59,0.0008
P61201,59,0.0008
A0A087WT01,59,0.0008
P51149,59,0.0008
Q8WWG1,59,0.0008
Q16873,59,0.0008
Q14442,59,0.0008
P51553,59,0.0008
Q8NEW7,59,0.0008
Q8TD86,59,0.0008
Q9NZD2,59,0.0008
O00625,59,0.0008
Q96P26,59,0.0008
Q9BRT3,59,0.0008
O00175,59,0.0008
Q9UI15,59,0.0008
Q96EL2,59,0.0008
Q8IW50,59,0.0008
Q3LI54,59,0.0008
O95868,59,0.0008
A0A075B6T7,59,0.0008
Q96N28,59,0.0008
P30050,59,0.0008
Q8N573,59,0.0008
Q9ULU4,59,0.0008
Q96A32,59,0.0008
A8K0R7,59,0.0008
Q96NB1,59,0.0008
Q8N1E2,59,0.0008
Q8N2G4,59,0.0008
Q8TB22,59,0.0008
Q9BQ61,58,0.0008
Q4J6C6,58,0.0008
P06307,58,0.0008
Q6IS14,58,0.0008
A6NNS2,58,0.0008
A0A0A6YYK7,58,0.0008
Q96N96,58,0.0008
A0A0B4J273,58,0.0008
Q8N565,58,0.0008
P05000,58,0.0008
Q3LI63,58,0.0008
Q9Y3M2,58,0.0008
P13928,58,0.0008
P10109,58,0.0008
Q5T292,58,0.0008
Q9H1Z8,58,0.0008
P01737,58,0.0008
Q9P000,58,0.0008
Q16553,58,0.0008
O15263,58,0.0008
O95816,57,0.0007
F5H284,57,0.0007
P04118,57,0.0007
O43674,57,0.0007
Q15506,57,0.0007
P09105,57,0.0007
Q16778,57,0.0007
Q96S79,57,0.0007
Q8WZA0,57,0.0007
Q5VUM1,57,0.0007
Q5TA50,57,0.0007
Q7Z444,57,0.0007
C9JI98,57,0.0007
P46926,57,0.0007
Q9H773,57,0.0007
Q86XF0,57,0.0007
P20962,57,0.0007
Q8NBT2,57,0.0007
Q96R05,57,0.0007
O43617,57,0.0007
O43665,57,0.0007
Q9NRW1,57,0.0007
A8MW95,57,0.0007
Q6NXP2,57,0.0007
Q16619,57,0.0007
O15144,57,0.0007
Q5T5A8,57,0.0007
Q15014,57,0.0007
Q96I23,57,0.0007
Q9H7X7,57,0.0007
Q70EL3,56,0.0007
A0A0B4J265,56,0.0007
Q8IVY1,56,0.0007
Q99878,56,0.0007
Q9NRH3,56,0.0007
Q9NRV9,56,0.0007
P57771,56,0.0007
Q15669,56,0.0007
O75956,56,0.0007
P63244,56,0.0007
Q9NWH2,56,0.0007
P06028,56,0.0007
P10092,56,0.0007
Q9NRF9,56,0.0007
Q8NE65,56,0.0007
Q96EI5,56,0.0007
Q9BRA0,56,0.0007
Q15834,56,0.0007
Q9BVA1,56,0.0007
P01588,56,0.0007
Q9Y3D9,56,0.0007
M5A8F1,56,0.0007
P36404,56,0.0007
Q9UHF5,56,0.0007
O75167,56,0.0007
Q6P1K1,56,0.0007
P15374,56,0.0007
Q9UI08,56,0.0007
A0A075B6U4,56,0.0007
O95476,56,0.0007
Q96EY4,56,0.0007
Q6NT46,56,0.0007
O14543,56,0.0007
Q9UM19,56,0.0007
P55075,55,0.0007
P82663,55,0.0007
Q16559,55,0.0007
Q8NI37,55,0.0007
P36873,55,0.0007
Q9H1M0,55,0.0007
A0A075B6I7,55,0.0007
Q8WVP5,55,0.0007
O43463,55,0.0007
Q9Y316,55,0.0007
Q9P0N5,55,0.0007
Q96KX0,55,0.0007
Q56VL3,55,0.0007
Q08117,55,0.0007
Q96HR3,55,0.0007
Q9NYR9,55,0.0007
Q96HE8,55,0.0007
Q8WWW8,55,0.0007
Q9UBK7,55,0.0007
P51608,55,0.0007
Q9Y689,55,0.0007
A0A1B0GX68,55,0.0007
Q9BSY9,55,0.0007
Q6RSH7,55,0.0007
B5ME19,55,0.0007
P32119,55,0.0007
Q13398,55,0.0007
Q9BYP8,55,0.0007
A0A5B6,55,0.0007
Q86X83,55,0.0007
O14713,55,0.0007
Q30KP9,55,0.0007
Q8WW33,55,0.0007
Q8N5H3,55,0.0007
O95415,55,0.0007
Q14210,55,0.0007
O14576,55,0.0007
O43670,55,0.0007
Q15004,55,0.0007
P0DP58,55,0.0007
P62070,55,0.0007
Q96BS2,55,0.0007
P0DKL9,54,0.0007
Q9BVJ7,54,0.0007
P11234,54,0.0007
Q7Z6M3,54,0.0007
Q504U0,54,0.0007
Q9BYP9,54,0.0007
Q5MJ08,54,0.0007
A6NIN4,54,0.0007
A0A0C4DH26,54,0.0007
A0A0B4J271,54,0.0007
P00995,54,0.0007
P62280,54,0.0007
Q13625,54,0.0007
Q7L5N1,54,0.0007
Q96E16,54,0.0007
P08579,54,0.0007
P0DUB6,54,0.0007
P06493,54,0.0007
P09912,54,0.0007
O15444,54,0.0007
Q9UQN3,54,0.0007
A0A0A6YYK6,54,0.0007
P01116,54,0.0007
Q9Y284,54,0.0007
Q3LI70,54,0.0007
Q5GAN3,54,0.0007
A0A0A6YYK4,54,0.0007
Q9Y657,54,0.0007
O43324,54,0.0007
O14990,54,0.0007
A2RUU4,54,0.0007
A0A0B4J244,54,0.0007
Q9Y547,54,0.0007
A0A0K0K1C4,54,0.0007
Q9H4I9,54,0.0007
A0A0B4J272,54,0.0007
Q07325,54,0.0007
P0DMB2,54,0.0007
Q14507,53,0.0007
O75838,53,0.0007
Q9H5V9,53,0.0007
Q9Y6M7,53,0.0007
Q8N5W8,53,0.0007
Q6PH81,53,0.0007
P01374,53,0.0007
Q92930,53,0.0007
P35321,53,0.0007
P32321,53,0.0007
O15467,53,0.0007
Q96NL0,53,0.0007
Q9H1C7,53,0.0007
Q96DA6,53,0.0007
A0A0B4J268,53,0.0007
P45378,53,0.0007
A0A075B6I6,53,0.0007
O75914,53,0.0007
P47224,53,0.0007
Q9NV35,53,0.0007
P08700,53,0.0007
A0A5B7,53,0.0007
Q6P3W2,53,0.0007
P02818,53,0.0007
P18621,53,0.0007
O14508,53,0.0007
Q9UMX5,53,0.0007
P81172,53,0.0007
Q9NWA0,53,0.0007
Q96T68,53,0.0007
P0DMU9,53,0.0007
Q5VVH2,53,0.0007
P86397,53,0.0007
A0A075B6N4,53,0.0007
P37840,53,0.0007
A0A075B6J2,53,0.0007
Q8N4Q1,53,0.0007
Q96RM1,53,0.0007
Q9BVV8,53,0.0007
Q9Y3C5,53,0.0007
Q9NYM9,53,0.0007
Q8IUC3,53,0.0007
Q1L6U9,53,0.0007
P0DPD6,53,0.0007
P23396,53,0.0007
Q9H1M4,53,0.0007
Q07020,53,0.0007
P20366,53,0.0007
O76095,52,0.0007
Q6P1K8,52,0.0007
A0A577,52,0.0007
Q9BSF0,52,0.0007
Q15286,52,0.0007
P60329,52,0.0007
P32243,52,0.0007
Q6UXN7,52,0.0007
Q5QNW6,52,0.0007
Q8NC69,52,0.0007
P03950,52,0.0007
O14907,52,0.0007
Q7L7L0,52,0.0007
O00746,52,0.0007
P46778,52,0.0007
Q5T870,52,0.0007
O75414,52,0.0007
Q9H4X1,52,0.0007
O95807,52,0.0007
P01270,52,0.0007
P15421,52,0.0007
Q9NY87,52,0.0007
Q9BYW3,52,0.0007
Q8TDM5,52,0.0007
P11233,52,0.0007
Q6ZVE7,52,0.0007
P22531,52,0.0007
A0A1B0GUX0,52,0.0007
Q9UL26,52,0.0007
Q8WYQ4,52,0.0007
O95178,52,0.0007
Q9P013,52,0.0007
A6NKD2,52,0.0007
Q9BX68,52,0.0007
Q9UNT1,52,0.0007
A0A0B4J237,52,0.0007
A0A0D9SF12,52,0.0007
P51965,52,0.0007
Q96EL3,52,0.0007
P23435,52,0.0007
P59942,52,0.0007
O15155,52,0.0007
P46934,52,0.0007
Q5SQH8,52,0.0007
O95424,52,0.0007
Q6UXB2,52,0.0007
P0CG21,52,0.0007
Q8IUC2,51,0.0007
P59780,51,0.0007
P62714,51,0.0007
Q15185,51,0.0007
A0A087WTH1,51,0.0007
Q9H2L4,51,0.0007
O15539,51,0.0007
P0DOY2,51,0.0007
Q92982,51,0.0007
Q8NHV5,51,0.0007
Q8IUE0,51,0.0007
Q9NR33,51,0.0007
P24001,51,0.0007
Q9UJF2,51,0.0007
Q9BRA2,51,0.0007
Q9UBD0,51,0.0007
Q9HCU8,51,0.0007
Q9Y294,51,0.0007
Q9Y3D5,51,0.0007
P18283,51,0.0007
Q9H596,51,0.0007
O75367,51,0.0007
Q9NUP1,51,0.0007
Q8TCI5,51,0.0007
Q8IUB5,51,0.0007
Q8N1B3,51,0.0007
P24844,51,0.0007
Q13185,51,0.0007
Q5SRR4,51,0.0007
Q9BUF7,51,0.0007
A0A578,51,0.0007
P08493,51,0.0007
P25398,51,0.0007
A6NCL2,51,0.0007
O75940,51,0.0007
Q8WUI4,51,0.0007
P51571,51,0.0007
Q06547,50,0.0007
P06730,50,0.0007
Q9NTU7,50,0.0007
A2A2V5,50,0.0007
A0A0C4DH27,50,0.0007
O00399,50,0.0007
P0DJ93,50,0.0007
O43653,50,0.0007
Q5TA89,50,0.0007
A2RRL7,50,0.0007
Q6UXT8,50,0.0007
Q8N983,50,0.0007
P61769,50,0.0007
Q8N0U8,50,0.0007
P22061,50,0.0007
D6RBQ6,50,0.0007
P52926,50,0.0007
Q9BQ48,50,0.0007
P50583,50,0.0007
Q15836,50,0.0007
P62258,50,0.0007
P56537,50,0.0007
P01286,50,0.0007
Q01081,50,0.0007
P83731,50,0.0007
Q96HA4,50,0.0007
Q9Y281,50,0.0007
O15540,50,0.0007
P37235,50,0.0007
Q6UXB1,50,0.0007
P56556,50,0.0007
Q9BYR7,50,0.0007
P31358,50,0.0007
Q9Y5S9,50,0.0007
Q9UBD9,50,0.0007
P12724,50,0.0007
A6NDE8,50,0.0007
A0A075B6X5,50,0.0007
Q9NPJ3,50,0.0007
O43513,50,0.0007
P59861,50,0.0007
A0A0B4J249,50,0.0007
Q8N8J7,50,0.0007
Q02543,50,0.0007
Q96HU8,50,0.0007
Q3LHN2,50,0.0007
Q6P1L8,50,0.0007
Q9BYR9,50,0.0007
Q99880,50,0.0007
Q9UDX5,50,0.0007
Q16568,49,0.0006
P62701,49,0.0006
Q96CD2,49,0.0006
Q15528,49,0.0006
Q01196,49,0.0006
A0A075B6N3,49,0.0006
Q9Y248,49,0.0006
Q9NPA3,49,0.0006
P04054,49,0.0006
Q04917,49,0.0006
Q13232,49,0.0006
Q075Z2,49,0.0006
P21781,49,0.0006
Q9Y2R5,49,0.0006
Q14657,49,0.0006
A8MV24,49,0.0006
P78543,49,0.0006
Q8WXA2,49,0.0006
Q6UX82,49,0.0006
P61313,49,0.0006
O14925,49,0.0006
A0A0B4J248,49,0.0006
Q99735,49,0.0006
A0A1B0GUV7,49,0.0006
Q9BQJ4,49,0.0006
Q9Y296,49,0.0006
Q8TAD2,49,0.0006
O00453,49,0.0006
Q9BY50,49,0.0006
Q9Y5J6,49,0.0006
O75971,49,0.0006
Q86WN2,49,0.0006
Q9H3Y8,49,0.0006
Q7Z5G4,49,0.0006
P01615,49,0.0006
O15347,49,0.0006
Q8NEA4,48,0.0006
O14519,48,0.0006
P40933,48,0.0006
Q8WWR9,48,0.0006
Q9Y3D8,48,0.0006
Q9UHA7,48,0.0006
P67812,48,0.0006
Q9NP86,48,0.0006
P62745,48,0.0006
Q9Y675,48,0.0006
P09234,48,0.0006
Q9NZZ3,48,0.0006
Q8WXA9,48,0.0006
Q9UNL4,48,0.0006
Q9BWH2,48,0.0006
Q96FN9,48,0.0006
A6PVI3,48,0.0006
A0A183,48,0.0006
P01298,48,0.0006
A0A075B6W5,48,0.0006
Q8NET1,48,0.0006
O95867,48,0.0006
Q13542,48,0.0006
P13232,48,0.0006
Q6UXN9,48,0.0006
P51397,48,0.0006
Q8NGA8,47,0.0006
P60673,47,0.0006
P07148,47,0.0006
P15248,47,0.0006
P51452,47,0.0006
P17568,47,0.0006
P17707,47,0.0006
A8MWV9,47,0.0006
P30041,47,0.0006
P35325,47,0.0006
H3BQJ8,47,0.0006
Q8TAA3,47,0.0006
Q9P003,47,0.0006
P19105,47,0.0006
P49918,47,0.0006
Q6UXH0,47,0.0006
Q9NZH8,47,0.0006
A5YM72,47,0.0006
Q53FP2,47,0.0006
P23763,47,0.0006
P01571,47,0.0006
Q8NCS4,47,0.0006
Q96K76,47,0.0006
Q96RP3,47,0.0006
O43612,47,0.0006
P60006,47,0.0006
Q9Y3A3,47,0.0006
Q9GZX6,46,0.0006
P26367,46,0.0006
Q9NPD7,46,0.0006
P05231,46,0.0006
Q8WTP9,46,0.0006
A6NGS2,46,0.0006
A6NHP3,46,0.0006
Q8NFP0,46,0.0006
Q9NW61,46,0.0006
P01033,46,0.0006
Q5DT21,46,0.0006
Q9H7C9,46,0.0006
Q9BTE7,46,0.0006
P60900,46,0.0006
O75934,46,0.0006
Q9NRC9,46,0.0006
O60234,46,0.0006
Q8TBZ2,46,0.0006
Q03403,46,0.0006
O14921,46,0.0006
Q09028,46,0.0006
P0C0P6,46,0.0006
Q9BWE0,46,0.0006
Q9NWV4,46,0.0006
Q13956,46,0.0006
P05230,46,0.0006
O00217,46,0.0006
P67775,46,0.0006
Q8TAI7,46,0.0006
Q6QNY1,46,0.0006
P15515,46,0.0006
P61923,46,0.0006
O14933,46,0.0006
O15182,46,0.0006
Q9NPJ4,46,0.0006
A0A0B4J241,45,0.0006
P41227,45,0.0006
Q6ZW05,45,0.0006
Q96BP2,45,0.0006
P02808,45,0.0006
A0A0B4J266,45,0.0006
P36543,45,0.0006
P01574,45,0.0006
Q9NRR1,45,0.0006
Q9NZU7,45,0.0006
Q9UKJ5,45,0.0006
Q9GZP4,45,0.0006
Q7Z2X7,45,0.0006
Q9NVJ2,45,0.0006
P0DMM9,45,0.0006
Q6UX15,45,0.0006
Q15631,45,0.0006
Q96QK8,45,0.0006
Q9NZG7,45,0.0006
Q8TD31,45,0.0006
Q69YW2,45,0.0006
Q8IUQ4,45,0.0006
A0A075B759,45,0.0006
Q96FF7,45,0.0006
Q9Y4Z0,45,0.0006
P12872,45,0.0006
P69891,45,0.0006
P56851,45,0.0006
A0A075B6T8,45,0.0006
Q03393,45,0.0006
P27482,45,0.0006
P60022,45,0.0006
O43555,45,0.0006
P43308,45,0.0006
Q9UBD3,45,0.0006
P51151,45,0.0006
P30536,44,0.0006
Q92600,44,0.0006
Q8NHR9,44,0.0006
Q86Y39,44,0.0006
Q8IZT9,44,0.0006
P20810,44,0.0006
P35754,44,0.0006
P60510,44,0.0006
Q9BYR8,44,0.0006
Q9Y6F6,44,0.0006
Q9NQE9,44,0.0006
H3BQW9,44,0.0006
Q9BRX5,44,0.0006
Q9BVG4,44,0.0006
P98179,44,0.0006
P60983,44,0.0006
P62241,44,0.0006
H0Y354,44,0.0006
O15205,44,0.0006
Q9Y6M9,44,0.0006
Q9BYT5,44,0.0006
O43678,44,0.0006
Q13113,44,0.0006
P61626,44,0.0006
Q8N1D5,44,0.0006
A0A0A6YYC5,44,0.0006
Q8NEQ5,44,0.0006
A0A0A0MS00,44,0.0006
P47992,44,0.0006
Q96KC2,44,0.0006
Q8N3H0,43,0.0006
Q71U36,43,0.0006
Q8IXQ6,43,0.0006
O60575,43,0.0006
Q9HC23,43,0.0006
Q9Y3C8,43,0.0006
Q9BRG1,43,0.0006
Q8TD33,43,0.0006
A4FU49,43,0.0006
Q5JRK9,43,0.0006
Q9Y692,43,0.0006
P0C7H8,43,0.0006
Q9Y3E2,43,0.0006
Q9NR31,43,0.0006
P52298,43,0.0006
Q9H246,43,0.0006
P61006,43,0.0006
Q8NI17,43,0.0006
P49755,43,0.0006
P27469,43,0.0006
P60985,43,0.0006
A0A0K0K1D8,43,0.0006
A0A0B4J245,43,0.0006
Q7Z5Q1,43,0.0006
O00488,43,0.0006
A0A2R8Y2Y2,43,0.0006
P59666,43,0.0006
P35326,43,0.0006
Q9NZK7,43,0.0006
Q15771,43,0.0006
Q8N0T1,43,0.0006
Q7Z5A9,43,0.0006
Q9UK41,43,0.0006
Q9UHA3,43,0.0006
Q96LR5,43,0.0006
Q9H1E1,43,0.0006
P07998,43,0.0006
Q8N5R6,43,0.0006
A0A0B4J263,43,0.0006
P62491,43,0.0006
Q92478,43,0.0006
Q9UI30,43,0.0006
A0A075B6R2,43,0.0006
Q2M2W7,43,0.0006
P42574,43,0.0006
Q5JQC4,43,0.0006
A2VDF0,43,0.0006
P61916,43,0.0006
O95925,43,0.0006
P10720,43,0.0006
P30049,43,0.0006
P84095,42,0.0006
Q9UL45,42,0.0006
P29459,42,0.0006
Q9NR55,42,0.0006
Q6UWQ7,42,0.0006
O14684,42,0.0006
Q06323,42,0.0006
P62979,42,0.0006
Q9NPU4,42,0.0006
P01563,42,0.0006
P62140,42,0.0006
O95169,42,0.0006
A0A0B4J234,42,0.0006
P01593,42,0.0006
Q9UBK5,42,0.0006
Q92905,42,0.0006
P61289,42,0.0006
P25208,42,0.0006
Q6IAA8,42,0.0006
Q9NYJ1,42,0.0006
O15145,42,0.0006
Q5TA77,42,0.0006
P30626,42,0.0006
P50238,42,0.0006
P31371,42,0.0006
P39019,42,0.0006
Q8IYN2,42,0.0006
Q53S33,42,0.0006
A0A075B6N1,42,0.0006
Q96A26,42,0.0006
H3BTG2,42,0.0006
A6NJQ4,42,0.0006
P56557,41,0.0005
Q9P1U0,41,0.0005
Q96PE7,41,0.0005
Q8IUE6,41,0.0005
Q6ICB0,41,0.0005
Q5FWF7,41,0.0005
P62820,41,0.0005
A6NFZ4,41,0.0005
Q9Y5L4,41,0.0005
Q8IVP5,41,0.0005
Q8TF20,41,0.0005
Q1W4C9,41,0.0005
A0A1B0GX56,41,0.0005
Q19T08,41,0.0005
P62937,41,0.0005
A0A0C4DH24,41,0.0005
Q8NDC4,41,0.0005
Q9Y237,41,0.0005
Q92567,41,0.0005
P0DMQ5,41,0.0005
A6NMZ2,41,0.0005
P61106,41,0.0005
Q8N4K4,41,0.0005
Q9H6Z9,41,0.0005
Q9NS69,41,0.0005
Q9BQ08,41,0.0005
Q9UP83,41,0.0005
P57739,41,0.0005
A0A087WT03,41,0.0005
P08620,41,0.0005
P02814,41,0.0005
Q969G6,41,0.0005
P10072,41,0.0005
P0DTW1,41,0.0005
Q86VQ3,41,0.0005
Q9BUL8,41,0.0005
A0A075B6P5,41,0.0005
A0A0K0K1B3,40,0.0005
P60866,40,0.0005
A8MXJ8,40,0.0005
Q99714,40,0.0005
Q658P3,40,0.0005
P26441,40,0.0005
Q93096,40,0.0005
Q9H0N5,40,0.0005
Q9UBH0,40,0.0005
Q86SZ2,40,0.0005
Q7Z7K6,40,0.0005
P57789,40,0.0005
Q93077,40,0.0005
P01567,40,0.0005
A0PJX0,40,0.0005
Q8NAN2,40,0.0005
Q5VSR9,40,0.0005
P11441,40,0.0005
A0A0B4J280,40,0.0005
Q9NS64,40,0.0005
Q8IU80,40,0.0005
Q9UFW8,40,0.0005
Q92913,40,0.0005
Q9BPZ2,40,0.0005
Q5T871,40,0.0005
Q9BZ23,40,0.0005
Q8NHY0,40,0.0005
Q7Z7F7,40,0.0005
A6NJU9,40,0.0005
Q9Y291,40,0.0005
Q2M3C6,40,0.0005
P06454,39,0.0005
P24522,39,0.0005
Q96DE9,39,0.0005
A0JD37,39,0.0005
A0A0A6YYK1,39,0.0005
O95257,39,0.0005
Q9NPH9,39,0.0005
P20674,39,0.0005
O60783,39,0.0005
P0CV99,39,0.0005
Q9UIV1,39,0.0005
P05014,39,0.0005
Q8NEF3,39,0.0005
Q9BPX5,39,0.0005
A0A1W2PR75,39,0.0005
Q9Y324,39,0.0005
P17096,39,0.0005
Q96QR1,39,0.0005
Q5T4D3,39,0.0005
P62249,39,0.0005
P67870,39,0.0005
Q9BWT1,39,0.0005
Q6WQI6,39,0.0005
P0C7X1,39,0.0005
Q969H8,39,0.0005
P14406,39,0.0005
Q8NBZ7,39,0.0005
Q9Y3D6,39,0.0005
Q16514,39,0.0005
Q9BXV9,39,0.0005
Q9NPD3,39,0.0005
Q8N4V1,39,0.0005
Q5T8D3,38,0.0005
Q13015,38,0.0005
Q9NU63,38,0.0005
P19237,38,0.0005
Q5SSQ6,38,0.0005
Q8WVI7,38,0.0005
O00168,38,0.0005
Q8NEX6,38,0.0005
Q96Q77,38,0.0005
A0A0B4J238,38,0.0005
P22914,38,0.0005
Q0P5P2,38,0.0005
Q9H081,38,0.0005
Q7Z4G1,38,0.0005
Q9UJG1,38,0.0005
Q6I9Y2,38,0.0005
Q8WW35,38,0.0005
Q5HYR2,38,0.0005
P57071,38,0.0005
Q9NUH8,38,0.0005
Q969E8,38,0.0005
Q9NZ72,38,0.0005
Q9UIG4,38,0.0005
A0A0A0MS06,37,0.0005
P14859,37,0.0005
Q9NRY2,37,0.0005
P05015,37,0.0005
Q9H299,37,0.0005
Q9NR00,37,0.0005
Q9NX55,37,0.0005
Q9HD42,37,0.0005
Q96A72,37,0.0005
A0A096LP55,37,0.0005
Q8NFU3,37,0.0005
Q8N5K1,37,0.0005
B4DJY2,37,0.0005
P01570,37,0.0005
P0DX02,37,0.0005
Q8NFP7,37,0.0005
Q8N945,37,0.0005
Q9BRT9,37,0.0005
P14555,37,0.0005
P26885,37,0.0005
Q96E14,37,0.0005
C9J7I0,37,0.0005
Q92502,37,0.0005
P42830,37,0.0005
Q9UJU3,37,0.0005
Q9C010,37,0.0005
Q9UL33,37,0.0005
Q8TD47,37,0.0005
Q07955,37,0.0005
Q32MZ4,37,0.0005
Q8WW01,37,0.0005
P51671,37,0.0005
A0A0B4J276,37,0.0005
Q96NM4,37,0.0005
Q5T6X4,37,0.0005
Q8NH81,37,0.0005
Q9UJC5,37,0.0005
P83916,36,0.0005
Q6P5R6,36,0.0005
P56559,36,0.0005
Q14691,36,0.0005
Q8N988,36,0.0005
Q9UHJ9,36,0.0005
P20472,36,0.0005
Q9UI09,36,0.0005
Q9NZJ9,36,0.0005
P82909,36,0.0005
Q16663,36,0.0005
Q8IWT0,36,0.0005
Q14802,36,0.0005
E9PQX1,36,0.0005
Q14116,36,0.0005
Q6EBC2,36,0.0005
P09341,36,0.0005
A6NJ08,36,0.0005
H3BR10,36,0.0005
Q9NS25,36,0.0005
O60224,36,0.0005
Q9NV72,36,0.0005
E9PI22,36,0.0005
P0C7L1,36,0.0005
P0DJD7,36,0.0005
Q96PD4,36,0.0005
P55212,36,0.0005
Q86WV5,36,0.0005
P84085,36,0.0005
Q9BSY4,36,0.0005
P10114,36,0.0005
P02655,36,0.0005
Q93091,36,0.0005
Q14526,36,0.0005
Q99653,36,0.0005
P01236,36,0.0005
O15212,35,0.0005
Q8NI22,35,0.0005
Q8N3F0,35,0.0005
Q13007,35,0.0005
Q96GX8,35,0.0005
O15514,35,0.0005
O75935,35,0.0005
P69892,35,0.0005
Q6UWT4,35,0.0005
Q8WU68,35,0.0005
Q6UW32,35,0.0005
Q92572,35,0.0005
Q969E1,35,0.0005
Q05066,35,0.0005
A0A576,35,0.0005
P05386,35,0.0005
P02656,35,0.0005
A6NC42,35,0.0005
P15018,35,0.0005
Q9BXW4,35,0.0005
Q13085,35,0.0005
Q9BYD1,35,0.0005
Q9Y5K8,35,0.0005
P01579,35,0.0005
Q15366,35,0.0005
O76070,35,0.0005
P32320,35,0.0005
P58294,35,0.0005
Q08AG7,35,0.0005
Q9NZF1,35,0.0005
Q96BM0,35,0.0005
Q8NDZ2,35,0.0005
Q9H2X9,34,0.0004
Q8WTQ1,34,0.0004
P10606,34,0.0004
Q14508,34,0.0004
P61601,34,0.0004
P58062,34,0.0004
Q9GZV4,34,0.0004
Q04837,34,0.0004
P43166,34,0.0004
Q9HCY8,34,0.0004
P60953,34,0.0004
P61218,34,0.0004
Q5R387,34,0.0004
P35225,34,0.0004
Q9NX04,34,0.0004
O60831,34,0.0004
P61225,34,0.0004
Q86UT5,34,0.0004
Q96PL1,34,0.0004
P62910,34,0.0004
Q5JTB6,34,0.0004
Q9Y2Y0,34,0.0004
P62993,34,0.0004
O75061,34,0.0004
Q86TA1,34,0.0004
P04155,34,0.0004
Q9ULR5,34,0.0004
P21675,34,0.0004
P02776,34,0.0004
A0A075B6T6,34,0.0004
Q8N3S3,34,0.0004
P62861,34,0.0004
P02652,33,0.0004
Q9BWD3,33,0.0004
Q71RC9,33,0.0004
O75293,33,0.0004
P04437,33,0.0004
P60468,33,0.0004
P0CW24,33,0.0004
Q6NVV7,33,0.0004
Q96F10,33,0.0004
O75943,33,0.0004
Q9UBQ0,33,0.0004
Q9HBH7,33,0.0004
Q02078,33,0.0004
P05112,33,0.0004
Q8TCD1,33,0.0004
Q5EG05,33,0.0004
Q8WVF1,33,0.0004
P19875,33,0.0004
P0DMV0,33,0.0004
Q96J77,33,0.0004
A8MZ26,33,0.0004
P61081,33,0.0004
Q9NZ45,33,0.0004
P53999,33,0.0004
O95848,33,0.0004
P49789,33,0.0004
Q9BYW1,33,0.0004
Q86TI2,33,0.0004
Q96PQ7,33,0.0004
A0A0B4J2A2,33,0.0004
Q16674,33,0.0004
P0CG30,33,0.0004
Q96P47,33,0.0004
P0DTE7,33,0.0004
Q16143,33,0.0004
P40616,33,0.0004
P41159,33,0.0004
O75324,33,0.0004
P46781,33,0.0004
P22528,32,0.0004
P55773,32,0.0004
P34096,32,0.0004
Q6ZUT6,32,0.0004
Q8WWN9,32,0.0004
Q8NFU4,32,0.0004
P0CW00,32,0.0004
Q01658,32,0.0004
Q16627,32,0.0004
P20340,32,0.0004
P13693,32,0.0004
Q14088,32,0.0004
P45973,32,0.0004
Q9NRP0,32,0.0004
O95989,32,0.0004
P61962,32,0.0004
Q7Z2D5,32,0.0004
Q9UFG5,32,0.0004
P48729,32,0.0004
Q6UWN8,32,0.0004
Q96HB5,32,0.0004
Q9H444,32,0.0004
A8MTZ0,32,0.0004
Q96NC0,32,0.0004
O75575,32,0.0004
Q9H0Q3,32,0.0004
P01178,32,0.0004
Q9NRG0,32,0.0004
O75123,32,0.0004
P60891,32,0.0004
Q96T91,32,0.0004
Q9BY43,32,0.0004
Q9Y6J6,32,0.0004
Q3KP66,32,0.0004
O43172,32,0.0004
Q9BYD5,32,0.0004
P0DME0,32,0.0004
Q9H5F2,32,0.0004
P03923,32,0.0004
Q9Y5P2,31,0.0004
O75951,31,0.0004
P07919,31,0.0004
A0A1B0GUA5,31,0.0004
O15511,31,0.0004
Q12974,31,0.0004
P01562,31,0.0004
Q14061,31,0.0004
Q96LB4,31,0.0004
A6NJZ7,31,0.0004
Q9H8H2,31,0.0004
O75409,31,0.0004
P01566,31,0.0004
Q7LBR1,31,0.0004
Q96B49,31,0.0004
P15516,31,0.0004
P00709,31,0.0004
A0A1B0GUA7,31,0.0004
Q5XKP0,31,0.0004
Q16777,31,0.0004
A6NKN8,31,0.0004
P63104,31,0.0004
Q96DA2,31,0.0004
P49763,31,0.0004
Q9Y587,31,0.0004
P84074,31,0.0004
P59646,31,0.0004
O14737,31,0.0004
Q9UBF6,31,0.0004
P35244,31,0.0004
P54750,31,0.0004
P02008,31,0.0004
Q9BTM1,31,0.0004
Q5T4T1,31,0.0004
Q6UWK7,31,0.0004
Q9UKK9,31,0.0004
Q96FZ7,31,0.0004
Q9BYR6,31,0.0004
Q9NS26,31,0.0004
P20839,31,0.0004
P22301,31,0.0004
P0DPB6,30,0.0004
Q96LR9,30,0.0004
A0A1B0GVG4,30,0.0004
O75494,30,0.0004
Q99525,30,0.0004
O60519,30,0.0004
O95670,30,0.0004
P60323,30,0.0004
Q8NEX5,30,0.0004
Q68CP4,30,0.0004
B2RUZ4,30,0.0004
Q8NHW6,30,0.0004
P08195,30,0.0004
Q8WW34,30,0.0004
Q9BV40,30,0.0004
P10997,30,0.0004
P61026,30,0.0004
Q8TB92,30,0.0004
P19876,30,0.0004
Q9UII2,30,0.0004
Q9Y6Y9,30,0.0004
Q8WV07,30,0.0004
Q96BM9,30,0.0004
K7EJ46,30,0.0004
Q9GZZ1,30,0.0004
Q9NX94,30,0.0004
Q9NSK7,30,0.0004
O95190,30,0.0004
P41235,30,0.0004
Q8TDE3,30,0.0004
Q8TAP4,30,0.0004
Q9P032,30,0.0004
O00626,30,0.0004
Q14031,30,0.0004
Q969L4,30,0.0004
O60869,30,0.0004
Q15363,29,0.0004
Q30KQ7,29,0.0004
P80075,29,0.0004
P61457,29,0.0004
P0DMN0,29,0.0004
Q9BPZ3,29,0.0004
Q92748,29,0.0004
P61927,29,0.0004
Q7Z553,29,0.0004
P32881,29,0.0004
Q9NWU2,29,0.0004
Q9BUE6,29,0.0004
Q13541,29,0.0004
O14880,29,0.0004
Q96F85,29,0.0004
P07437,29,0.0004
D6RA61,29,0.0004
P05496,29,0.0004
Q15170,29,0.0004
Q9C040,29,0.0004
O43734,29,0.0004
Q5SRD1,29,0.0004
O75783,29,0.0004
Q12912,29,0.0004
Q9H3H3,29,0.0004
A0A0A6YYJ7,29,0.0004
O75368,29,0.0004
Q5VZM2,29,0.0004
P09382,29,0.0004
P62760,29,0.0004
Q5MJ07,29,0.0004
P54710,29,0.0004
Q9UH92,29,0.0004
Q96NT0,29,0.0004
A6NGN4,29,0.0004
Q15388,29,0.0004
Q9NWD9,29,0.0004
Q4G0N7,29,0.0004
Q3ZCW2,29,0.0004
O43924,29,0.0004
A6NF83,28,0.0004
Q86VX9,28,0.0004
P61019,28,0.0004
Q04760,28,0.0004
A1L168,28,0.0004
Q9BXY8,28,0.0004
P08118,28,0.0004
A0A0A0MS02,28,0.0004
Q99877,28,0.0004
P60604,28,0.0004
Q86UU9,28,0.0004
P84243,28,0.0004
Q9UHD0,28,0.0004
Q16661,28,0.0004
A6NFY7,28,0.0004
Q9BYE4,28,0.0004
Q7Z7B7,28,0.0004
P43251,28,0.0004
Q9Y421,28,0.0004
Q9Y2I9,28,0.0004
P18859,28,0.0004
Q13588,28,0.0004
Q4V326,28,0.0004
Q9Y3C4,28,0.0004
P03973,28,0.0004
O43809,28,0.0004
O95619,28,0.0004
Q13938,28,0.0004
P10911,28,0.0004
A2RU14,28,0.0004
Q13304,28,0.0004
O75348,28,0.0004
Q8WU43,28,0.0004
P01591,28,0.0004
O43716,28,0.0004
P01568,28,0.0004
Q86UN6,28,0.0004
P05162,28,0.0004
Q712K3,28,0.0004
Q9C030,28,0.0004
Q16637,28,0.0004
P61966,28,0.0004
A0A0B4J262,28,0.0004
P25787,27,0.0004
Q6ZR52,27,0.0004
Q30KQ9,27,0.0004
Q9Y3D3,27,0.0004
Q16206,27,0.0004
P0DTL4,27,0.0004
Q3KP22,27,0.0004
P10599,27,0.0004
Q15700,27,0.0004
Q9BVW6,27,0.0004
O14950,27,0.0004
P62380,27,0.0004
P78362,27,0.0004
O15084,27,0.0004
Q5JUK9,27,0.0004
O43439,27,0.0004
P47929,27,0.0004
Q30KQ6,27,0.0004
Q8NG41,27,0.0004
P62851,27,0.0004
Q969S6,27,0.0004
Q96N06,27,0.0004
P22090,27,0.0004
P0DKX4,27,0.0004
A6NGZ8,27,0.0004
Q92686,27,0.0004
Q9HD89,27,0.0004
Q9Y605,27,0.0004
P18085,27,0.0004
Q8TCV5,27,0.0004
P61224,27,0.0004
P0CE72,27,0.0004
Q8TE69,27,0.0004
P49207,26,0.0003
P42677,26,0.0003
Q99697,26,0.0003
P10153,26,0.0003
Q9BU68,26,0.0003
P62841,26,0.0003
P55000,26,0.0003
Q9UBU8,26,0.0003
P10176,26,0.0003
P02654,26,0.0003
Q9Y2S6,26,0.0003
P05013,26,0.0003
Q15053,26,0.0003
Q15257,26,0.0003
P01229,26,0.0003
Q8NG27,26,0.0003
P61009,26,0.0003
P18077,26,0.0003
Q9Y6G3,26,0.0003
Q13021,26,0.0003
Q9NWQ9,26,0.0003
Q6B9Z1,26,0.0003
A6NEQ0,26,0.0003
Q01534,26,0.0003
Q96KJ9,26,0.0003
P62277,26,0.0003
P62952,26,0.0003
Q96JC1,26,0.0003
O60493,26,0.0003
Q969T4,26,0.0003
A6NJ69,26,0.0003
Q05086,26,0.0003
P51814,26,0.0003
P0C7W9,26,0.0003
Q6UW10,26,0.0003
P06396,26,0.0003
P55008,26,0.0003
A0A1B0GW35,26,0.0003
Q4V321,26,0.0003
P0C8F1,26,0.0003
A6NER3,26,0.0003
Q9BXJ4,26,0.0003
O43633,26,0.0003
O43677,26,0.0003
Q9BZJ0,26,0.0003
A6NC05,25,0.0003
P03928,25,0.0003
Q96G61,25,0.0003
P0DSN7,25,0.0003
Q9Y2X8,25,0.0003
Q9Y2R0,25,0.0003
P16104,25,0.0003
Q9GZQ8,25,0.0003
Q6UWT2,25,0.0003
P49450,25,0.0003
P49720,25,0.0003
Q9Y6H6,25,0.0003
Q6V1X1,25,0.0003
Q8TCE9,25,0.0003
P49589,25,0.0003
P0DKB6,25,0.0003
Q9H8S9,25,0.0003
P80098,25,0.0003
A0A0J9YX94,25,0.0003
Q9NX14,25,0.0003
P28066,25,0.0003
Q8N690,25,0.0003
Q13363,25,0.0003
P61758,25,0.0003
O95236,25,0.0003
Q5J5C9,25,0.0003
Q9BXU0,25,0.0003
Q9UL46,25,0.0003
P50747,25,0.0003
P49223,25,0.0003
P41223,25,0.0003
Q9NQP4,24,0.0003
P62847,24,0.0003
Q9H7E2,24,0.0003
Q96DE5,24,0.0003
Q96QF0,24,0.0003
Q9NQW7,24,0.0003
P23610,24,0.0003
A6NMA1,24,0.0003
P43699,24,0.0003
Q5H9J7,24,0.0003
Q15382,24,0.0003
A0A7P0TBJ1,24,0.0003
Q0D2K3,24,0.0003
Q9P0S9,24,0.0003
Q96PC3,24,0.0003
P62913,24,0.0003
Q8NHZ8,24,0.0003
O95968,24,0.0003
P23258,24,0.0003
Q9Y5J9,24,0.0003
Q4QY38,24,0.0003
Q30KP8,24,0.0003
Q99471,24,0.0003
Q8IXZ3,24,0.0003
P01597,24,0.0003
Q9Y258,24,0.0003
Q9H169,24,0.0003
A6NHX0,24,0.0003
O60516,24,0.0003
P29372,24,0.0003
A4D1Z8,24,0.0003
P0DMV2,24,0.0003
O43927,24,0.0003
P84103,24,0.0003
A0A0U1RQF7,24,0.0003
Q6ZN54,24,0.0003
Q99595,24,0.0003
P0DJD3,24,0.0003
O60880,24,0.0003
Q9UHV8,24,0.0003
O75556,23,0.0003
P60328,23,0.0003
Q13951,23,0.0003
Q9NP90,23,0.0003
Q7Z5A7,23,0.0003
Q99592,23,0.0003
P10826,23,0.0003
P57730,23,0.0003
P58546,23,0.0003
P09919,23,0.0003
P16284,23,0.0003
Q9P0R6,23,0.0003
Q92753,23,0.0003
Q3LHN1,23,0.0003
P0CE71,23,0.0003
Q9UKR5,23,0.0003
Q9Y2B9,23,0.0003
P62987,23,0.0003
Q00604,23,0.0003
O95059,23,0.0003
Q8TBE1,23,0.0003
Q4G0G5,23,0.0003
P0CL82,23,0.0003
Q9Y4Y9,23,0.0003
P99999,23,0.0003
Q15884,23,0.0003
P63000,23,0.0003
Q92583,23,0.0003
Q8N9Y4,23,0.0003
Q96G97,23,0.0003
Q05315,23,0.0003
O00244,23,0.0003
Q4U2R6,22,0.0003
P46779,22,0.0003
Q6KCM7,22,0.0003
Q969W0,22,0.0003
Q96HT8,22,0.0003
Q6IE38,22,0.0003
A6NCE7,22,0.0003
P48061,22,0.0003
P30273,22,0.0003
P60660,22,0.0003
P63208,22,0.0003
P49773,22,0.0003
Q8WWZ1,22,0.0003
Q15370,22,0.0003
Q8N3J6,22,0.0003
Q96FH0,22,0.0003
P0DI82,22,0.0003
P62310,22,0.0003
P11908,22,0.0003
P01222,22,0.0003
Q6ZNM6,22,0.0003
Q9Y3E7,22,0.0003
Q8N2U0,22,0.0003
Q8IVW1,22,0.0003
Q08493,22,0.0003
P41208,22,0.0003
Q9UKU0,22,0.0003
O15488,22,0.0003
P62906,22,0.0003
P60981,22,0.0003
P46782,22,0.0003
Q9BRT2,22,0.0003
Q9P2X0,21,0.0003
Q8WXC3,21,0.0003
Q9NPA1,21,0.0003
Q9Y3C7,21,0.0003
H3BRN8,21,0.0003
O60927,21,0.0003
Q6UY27,21,0.0003
Q8N2I2,21,0.0003
Q9NUG6,21,0.0003
Q96PM9,21,0.0003
O95758,21,0.0003
P62487,21,0.0003
Q71UI9,21,0.0003
Q96EK6,21,0.0003
O15079,21,0.0003
Q9P2N7,21,0.0003
P62166,21,0.0003
Q8N2Z9,21,0.0003
Q6ZN19,21,0.0003
Q8TDB8,21,0.0003
Q9ULC4,21,0.0003
Q9H1R2,21,0.0003
P13073,21,0.0003
P08709,21,0.0003
Q92993,21,0.0003
P01569,21,0.0003
P61803,21,0.0003
Q96HG1,21,0.0003
Q8TEY7,21,0.0003
Q96RI1,21,0.0003
O14796,21,0.0003
Q9BV57,21,0.0003
Q93045,21,0.0003
P55774,21,0.0003
Q96BR6,21,0.0003
Q8NHG7,21,0.0003
P59990,21,0.0003
P11684,21,0.0003
O95969,21,0.0003
B3GLJ2,21,0.0003
P46736,21,0.0003
Q8IY50,20,0.0003
Q86TS9,20,0.0003
Q8NEK5,20,0.0003
P13501,20,0.0003
P22626,20,0.0003
Q6P087,20,0.0003
Q8IZ96,20,0.0003
P07108,20,0.0003
P62834,20,0.0003
Q9H1P6,20,0.0003
P02794,20,0.0003
A0A0U1RR37,20,0.0003
P48067,20,0.0003
P62316,20,0.0003
Q8N108,20,0.0003
P14927,20,0.0003
Q13620,20,0.0003
Q4G0N0,20,0.0003
Q9HBL7,20,0.0003
Q8N9A8,20,0.0003
Q8N6V4,20,0.0003
P04075,20,0.0003
Q9BYC9,20,0.0003
Q68G74,20,0.0003
Q9NRP4,20,0.0003
Q5GAN4,20,0.0003
Q9P0B6,20,0.0003
Q9Y6G1,20,0.0003
Q9Y305,20,0.0003
Q8TF08,20,0.0003
Q13976,20,0.0003
Q17RB0,20,0.0003
O95751,20,0.0003
Q9NPF7,20,0.0003
A1L188,20,0.0003
P07311,19,0.0002
Q9Y241,19,0.0002
Q71UM5,19,0.0002
P22392,19,0.0002
P00403,19,0.0002
P0DP24,19,0.0002
Q92617,19,0.0002
Q8WVX3,19,0.0002
A0A0K2S4Q6,19,0.0002
P04080,19,0.0002
C9JLW8,19,0.0002
P56545,19,0.0002
H3BV60,19,0.0002
Q9NU23,19,0.0002
P56211,19,0.0002
Q02221,19,0.0002
C9JLJ4,19,0.0002
Q9BW61,19,0.0002
P63146,19,0.0002
Q9BTE1,19,0.0002
Q86X60,19,0.0002
P07737,19,0.0002
P13236,19,0.0002
Q99666,19,0.0002
Q8NA58,19,0.0002
Q14194,19,0.0002
Q7Z2E3,19,0.0002
A0A096LNP1,19,0.0002
O75711,19,0.0002
Q3LI60,19,0.0002
Q9Y3L5,18,0.0002
P21673,18,0.0002
P35268,18,0.0002
B2RBV5,18,0.0002
Q8WX92,18,0.0002
Q9NZA1,18,0.0002
P61925,18,0.0002
Q8N300,18,0.0002
Q3KRA6,18,0.0002
P53803,18,0.0002
O96015,18,0.0002
P60606,18,0.0002
P62942,18,0.0002
O14602,18,0.0002
O95295,18,0.0002
P84077,18,0.0002
Q5RI15,18,0.0002
Q4VC31,18,0.0002
A0A1B0GTL2,18,0.0002
P09430,18,0.0002
Q49B96,18,0.0002
Q07654,18,0.0002
Q9UBX7,18,0.0002
P05113,18,0.0002
P04141,18,0.0002
Q8NG35,18,0.0002
O14625,18,0.0002
Q99616,18,0.0002
P0DP25,18,0.0002
Q13404,18,0.0002
Q5BN46,18,0.0002
P01225,18,0.0002
P0DP57,18,0.0002
D3DTV9,18,0.0002
P62256,18,0.0002
Q5H943,18,0.0002
Q9BUV8,18,0.0002
O43768,18,0.0002
Q9Y6P5,18,0.0002
Q9UNH6,18,0.0002
Q13794,18,0.0002
Q5JUW0,18,0.0002
P60520,18,0.0002
Q15369,18,0.0002
Q15819,18,0.0002
Q96B02,17,0.0002
Q00987,17,0.0002
P62899,17,0.0002
Q15847,17,0.0002
P61204,17,0.0002
P51808,17,0.0002
Q8NHP7,17,0.0002
Q96MU8,17,0.0002
Q5JS54,17,0.0002
P63302,17,0.0002
Q9BUW7,17,0.0002
Q9H1F0,17,0.0002
P43362,17,0.0002
Q9Y4X3,17,0.0002
Q8IUB3,17,0.0002
Q9NQ86,17,0.0002
Q8N104,17,0.0002
P46776,17,0.0002
Q6XE38,17,0.0002
Q6YFQ2,17,0.0002
P56385,17,0.0002
O43236,17,0.0002
Q9P298,17,0.0002
Q8NFR3,17,0.0002
A6NK44,17,0.0002
C9JVI0,17,0.0002
Q9H857,17,0.0002
Q6P589,17,0.0002
Q9UHA4,17,0.0002
Q9Y6X1,17,0.0002
A8MUM7,17,0.0002
Q8NI38,17,0.0002
O60925,16,0.0002
Q2TBC4,16,0.0002
Q96HJ9,16,0.0002
Q9Y6D0,16,0.0002
Q9UBK9,16,0.0002
Q6P5X5,16,0.0002
Q4LDR2,16,0.0002
P78556,16,0.0002
Q9BQ49,16,0.0002
Q8IZY5,16,0.0002
Q64ET8,16,0.0002
P0C5Y9,16,0.0002
Q8N6N6,16,0.0002
Q8N6N7,16,0.0002
P15531,16,0.0002
Q86YW7,16,0.0002
Q96B45,16,0.0002
P0C1H6,16,0.0002
P23528,16,0.0002
Q9UPP1,16,0.0002
Q9BTT4,16,0.0002
A0A494C103,16,0.0002
Q9Y3B4,16,0.0002
Q9NYY1,16,0.0002
Q9C005,16,0.0002
P10145,16,0.0002
P62263,16,0.0002
A8MT69,16,0.0002
O15496,16,0.0002
P60602,16,0.0002
Q9ULZ1,16,0.0002
P24311,15,0.0002
O15116,15,0.0002
P61586,15,0.0002
Q9GZM3,15,0.0002
P02778,15,0.0002
P22362,15,0.0002
Q13491,15,0.0002
Q8WUH6,15,0.0002
Q9NZ42,15,0.0002
Q5VUJ9,15,0.0002
P10147,15,0.0002
Q9Y2Y1,15,0.0002
P0CG36,15,0.0002
Q9BS18,15,0.0002
P13500,15,0.0002
Q693B1,15,0.0002
O60830,15,0.0002
Q8IXH7,15,0.0002
Q629K1,15,0.0002
Q9BQI0,15,0.0002
Q9BU79,15,0.0002
Q5TBE3,15,0.0002
Q15121,15,0.0002
D6RCP7,15,0.0002
A0A1B0GVM6,15,0.0002
Q96GT9,15,0.0002
P60002,15,0.0002
Q9BPW4,15,0.0002
Q9Y6A4,15,0.0002
Q8TBQ9,15,0.0002
O00198,15,0.0002
Q19AV6,15,0.0002
P0C2S0,15,0.0002
Q6UDR6,15,0.0002
Q96KX1,15,0.0002
Q86WW8,15,0.0002
Q3LI68,15,0.0002
Q13296,15,0.0002
Q9UHP9,15,0.0002
Q9Y5X5,15,0.0002
Q9BQC6,15,0.0002
Q16515,15,0.0002
P36954,15,0.0002
O00487,15,0.0002
Q3ZAQ7,15,0.0002
A0A1B0GVR7,14,0.0002
Q96PB7,14,0.0002
P02792,14,0.0002
P60568,14,0.0002
Q9P2K3,14,0.0002
Q96I45,14,0.0002
Q9Y5R8,14,0.0002
Q13901,14,0.0002
Q6UWE3,14,0.0002
Q9Y5L2,14,0.0002
Q9HD34,14,0.0002
Q3LI62,14,0.0002
Q9Y236,14,0.0002
P0CG47,14,0.0002
A0A1B0GTC6,14,0.0002
P15170,14,0.0002
Q6UW78,14,0.0002
Q4VXA5,14,0.0002
O43676,14,0.0002
O60488,14,0.0002
P49459,14,0.0002
P58549,14,0.0002
P25713,14,0.0002
P47813,14,0.0002
P61599,14,0.0002
P0DJ07,14,0.0002
P0C7P0,14,0.0002
Q15415,14,0.0002
P09525,14,0.0002
Q16612,14,0.0002
Q9HC38,14,0.0002
O75896,14,0.0002
Q96HQ2,14,0.0002
P27635,14,0.0002
Q6ZV50,14,0.0002
P15622,14,0.0002
Q09FC8,14,0.0002
O00422,14,0.0002
O95164,14,0.0002
Q9BT73,13,0.0002
P68106,13,0.0002
P48539,13,0.0002
Q86SG5,13,0.0002
O95563,13,0.0002
Q56P42,13,0.0002
P62854,13,0.0002
Q9BRU2,13,0.0002
Q6PB30,13,0.0002
Q8WWG9,13,0.0002
P49189,13,0.0002
P24310,13,0.0002
P29692,13,0.0002
P62888,13,0.0002
Q86XD5,13,0.0002
Q8N9Z9,13,0.0002
A8MV81,13,0.0002
Q5EE01,13,0.0002
P52435,13,0.0002
Q5JSS6,13,0.0002
Q5JQF8,13,0.0002
P25325,13,0.0002
Q16552,13,0.0002
Q9HBI5,13,0.0002
P48048,13,0.0002
Q8IY31,13,0.0002
Q99437,13,0.0002
P31151,13,0.0002
Q01105,13,0.0002
Q8IYF3,13,0.0002
Q5JTJ3,13,0.0002
Q5TYM5,13,0.0002
Q9Y5U8,13,0.0002
Q9GZY8,12,0.0002
P26378,12,0.0002
P15954,12,0.0002
H3BMG3,12,0.0002
A6NNJ1,12,0.0002
Q70Z44,12,0.0002
B2RV13,12,0.0002
Q5BLP8,12,0.0002
Q9NPJ8,12,0.0002
Q9UHQ7,12,0.0002
Q9H492,12,0.0002
A0A1B0GTR0,12,0.0002
Q13642,12,0.0002
Q9NZI2,12,0.0002
O75394,12,0.0002
Q7Z7K0,12,0.0002
O00154,12,0.0002
P62826,12,0.0002
P62318,12,0.0002
P52758,12,0.0002
Q6EEV6,12,0.0002
P62330,12,0.0002
P16619,12,0.0002
P01040,12,0.0002
P62314,12,0.0002
Q8IVN3,12,0.0002
Q9NTX5,12,0.0002
Q1MX18,12,0.0002
Q14195,12,0.0002
Q5SRH9,12,0.0002
Q9NP77,12,0.0002
P41567,12,0.0002
Q99731,12,0.0002
P35080,12,0.0002
Q8NCT3,12,0.0002
Q53RT3,11,0.0001
Q9NPA8,11,0.0001
P68363,11,0.0001
P0DUX0,11,0.0001
Q9UBM1,11,0.0001
A4QMS7,11,0.0001
Q13503,11,0.0001
Q8WUH1,11,0.0001
Q5H9L4,11,0.0001
Q96KF7,11,0.0001
Q6Q8B3,11,0.0001
P61513,11,0.0001
Q9NQR1,11,0.0001
Q9BTM9,11,0.0001
Q9UK12,11,0.0001
P51668,11,0.0001
A6NFE3,11,0.0001
Q03060,11,0.0001
Q5HYN5,11,0.0001
O15243,11,0.0001
Q3MIV0,11,0.0001
P58511,11,0.0001
A1L167,11,0.0001
P62253,11,0.0001
Q9NRR8,11,0.0001
Q00LT1,11,0.0001
P63165,11,0.0001
A1A580,11,0.0001
Q4VC39,10,0.0001
Q99218,10,0.0001
P0DI81,10,0.0001
P62269,10,0.0001
Q9H2S5,10,0.0001
Q9H503,10,0.0001
Q96A57,10,0.0001
Q8N9K5,10,0.0001
P62877,10,0.0001
Q5VTM2,10,0.0001
P0DP23,10,0.0001
O95988,10,0.0001
Q6UWP7,10,0.0001
O75396,10,0.0001
P84101,10,0.0001
P52657,10,0.0001
Q9Y5J7,10,0.0001
P07438,10,0.0001
Q7Z2F6,10,0.0001
Q969Q0,10,0.0001
Q99584,10,0.0001
C9JBD0,10,0.0001
Q99417,10,0.0001
P48059,10,0.0001
Q16563,10,0.0001
Q9Y232,10,0.0001
P62072,10,0.0001
O43325,10,0.0001
O75953,10,0.0001
A0PJE2,10,0.0001
A0A096LP01,10,0.0001
P62829,10,0.0001
P07910,10,0.0001
Q5EBL8,10,0.0001
Q9P0J0,10,0.0001
Q8IZN7,10,0.0001
Q8N688,10,0.0001
P78396,10,0.0001
A0A087WXM9,10,0.0001
P62266,10,0.0001
Q9BXU8,10,0.0001
A1L429,10,0.0001
P60153,10,0.0001
Q8TAD7,9,0.0001
O95298,9,0.0001
Q9UQ49,9,0.0001
Q15583,9,0.0001
A6NJV1,9,0.0001
Q7Z2X4,9,0.0001
O43320,9,0.0001
Q9UK53,9,0.0001
Q9UMY4,9,0.0001
Q9Y6E0,9,0.0001
P50539,9,0.0001
Q7Z2G1,9,0.0001
P14921,9,0.0001
Q02325,9,0.0001
Q9NRP2,9,0.0001
Q6IPX1,9,0.0001
P61086,9,0.0001
Q7Z6K4,9,0.0001
Q96I27,9,0.0001
Q8N128,9,0.0001
P0DP74,9,0.0001
Q15543,9,0.0001
P80511,9,0.0001
P0DMB1,9,0.0001
Q96NS1,9,0.0001
A0A1B0GTD5,9,0.0001
O43715,9,0.0001
P61326,9,0.0001
P03897,9,0.0001
A8MUK1,9,0.0001
P0DMW3,8,0.0001
A0A075B6S9,8,0.0001
P62304,8,0.0001
Q06330,8,0.0001
Q6ZTQ3,8,0.0001
Q9UKK6,8,0.0001
A7E2F4,8,0.0001
O60739,8,0.0001
Q14558,8,0.0001
Q0VDE8,8,0.0001
Q537H7,8,0.0001
Q13907,8,0.0001
P61604,8,0.0001
Q86VI4,8,0.0001
H0UI37,8,0.0001
Q96N77,8,0.0001
Q9P0S2,8,0.0001
Q9UKW6,8,0.0001
A4D0T7,8,0.0001
Q9BW72,8,0.0001
Q6NVU6,8,0.0001
P82932,8,0.0001
Q9UM00,8,0.0001
Q9NRX6,8,0.0001
Q9Y2Q5,8,0.0001
Q9BV81,8,0.0001
Q5TGZ0,8,0.0001
P17021,8,0.0001
P63272,8,0.0001
P63241,8,0.0001
A0A1B0GWK0,8,0.0001
Q9P1F3,8,0.0001
P35030,8,0.0001
P03901,7,0.0001
P55327,7,0.0001
P52434,7,0.0001
E0CX11,7,0.0001
P0DMS9,7,0.0001
Q96FQ6,7,0.0001
Q96GX2,7,0.0001
P61088,7,0.0001
O75531,7,0.0001
Q16517,7,0.0001
O60220,7,0.0001
C9JCN9,7,0.0001
Q9Y5V0,7,0.0001
A8MXZ1,7,0.0001
A0A0A0MT76,7,0.0001
Q96JG8,7,0.0001
Q6PI25,7,0.0001
Q92629,7,0.0001
L0R819,7,0.0001
Q8WXG8,7,0.0001
O95406,7,0.0001
P42766,7,0.0001
Q8NES8,7,0.0001
Q9NRR3,7,0.0001
Q96QH8,7,0.0001
P38405,7,0.0001
P13640,7,0.0001
Q6IPR1,7,0.0001
P31949,6,0.0001
O00141,6,0.0001
Q69YL0,6,0.0001
A0A494C191,6,0.0001
Q96FX2,6,0.0001
O75920,6,0.0001
D6RBM5,6,0.0001
A6NNX1,6,0.0001
Q9UK97,6,0.0001
P0DMU7,6,0.0001
P57054,6,0.0001
C9JRZ8,6,0.0001
P04432,6,0.0001
Q8NCL8,6,0.0001
O14893,6,0.0001
Q8IXL7,6,0.0001
P83876,6,0.0001
P14854,6,0.0001
P56277,6,0.0001
Q13303,6,0.0001
O75347,6,0.0001
P16949,6,0.0001
Q8NHW4,6,0.0001
Q8WVK7,6,0.0001
Q8NI32,6,0.0001
Q9H0R8,6,0.0001
Q96LD1,6,0.0001
P51970,6,0.0001
A0A075B6L2,6,0.0001
Q9NP97,5,0.0001
P86481,5,0.0001
Q86T20,5,0.0001
O75947,5,0.0001
P62244,5,0.0001
Q9NR90,5,0.0001
P56179,5,0.0001
P63098,5,0.0001
O95168,5,0.0001
Q9NRY7,5,0.0001
Q96GU1,5,0.0001
Q9UHA2,5,0.0001
Q9BZL3,5,0.0001
O95214,5,0.0001
P33763,5,0.0001
Q8NDB6,5,0.0001
Q9H098,5,0.0001
Q14206,5,0.0001
Q6ZNI0,5,0.0001
P33764,5,0.0001
A0A0B4J1W7,5,0.0001
O94772,5,0.0001
Q9NZD4,5,0.0001
Q16385,5,0.0001
P56134,5,0.0001
P0DPB3,5,0.0001
P55854,5,0.0001
P29377,5,0.0001
Q14982,5,0.0001
P83881,5,0.0001
P04271,5,0.0001
P0C7P1,5,0.0001
P0CV98,5,0.0001
Q7RTV0,5,0.0001
Q6JVE9,5,0.0001
Q8IXM3,5,0.0001
Q9BQY9,5,0.0001
P17025,5,0.0001
O00483,5,0.0001
P0DN26,5,0.0001
Q9NRX3,5,0.0001
A8MSI8,5,0.0001
Q8N5W9,4,0.0001
P02795,4,0.0001
Q8NHE4,4,0.0001
Q16864,4,0.0001
Q9UPM6,4,0.0001
Q9Y6F7,4,0.0001
P68036,4,0.0001
Q96DT0,4,0.0001
P0DQD5,4,0.0001
Q96IX5,4,0.0001
P54108,4,0.0001
B5MD39,4,0.0001
P01215,4,0.0001
P25815,4,0.0001
Q3MUY2,4,0.0001
P0C0S5,4,0.0001
Q8TF09,4,0.0001
Q96LL3,4,0.0001
Q69YU5,4,0.0001
P14174,4,0.0001
A0A1B0GTI1,4,0.0001
Q70IA6,4,0.0001
O75964,4,0.0001
Q8N488,4,0.0001
H3BU77,4,0.0001
Q9BUK0,4,0.0001
P63279,4,0.0001
P22694,4,0.0001
O14599,4,0.0001
A6NFU8,4,0.0001
Q5SVJ3,4,0.0001
P0CW01,4,0.0001
Q0VGL1,4,0.0001
Q8WXK4,4,0.0001
P63167,3,0.0
Q7Z3B0,3,0.0
P53680,3,0.0
P55769,3,0.0
P20783,3,0.0
P30085,3,0.0
P61956,3,0.0
Q53H64,3,0.0
P61970,3,0.0
Q96KF2,3,0.0
Q8IX19,3,0.0
P62837,3,0.0
Q8NHU0,3,0.0
Q8TBG9,3,0.0
Q9NQZ3,3,0.0
Q9BPY8,3,0.0
P62306,3,0.0
Q5U5X0,3,0.0
A1L190,3,0.0
P62699,3,0.0
A0A1B0GVK7,3,0.0
B3EWG5,3,0.0
I0J062,3,0.0
B7U540,3,0.0
P61077,3,0.0
Q16718,3,0.0
O60688,3,0.0
A6NKC0,2,0.0
P04733,2,0.0
Q6L9T8,2,0.0
P62273,2,0.0
P06703,2,0.0
P06702,2,0.0
A6NDZ8,2,0.0
A0A1W2PPM1,2,0.0
A6NL82,2,0.0
P56278,2,0.0
Q9NYG5,2,0.0
Q9Y3U8,2,0.0
Q7Z4Y8,2,0.0
P29034,2,0.0
Q9Y5L5,2,0.0
P23297,2,0.0
Q00994,2,0.0
P0CW23,2,0.0
O95167,2,0.0
Q96FJ2,2,0.0
A0A494C0Z2,2,0.0
P61328,2,0.0
P04732,2,0.0
P05109,2,0.0
Q8TAC1,1,0.0
Q9UBX2,1,0.0
C9J3I9,1,0.0
O15342,1,0.0
A0A0A0MS01,1,0.0
O95777,1,0.0
Q9NVQ4,1,0.0
P0DUD4,1,0.0
P0DP73,1,0.0
P62312,1,0.0
O94777,1,0.0
P26678,1,0.0
A0A3B3IU63,1,0.0
P27449,1,0.0
Q8N4H5,1,0.0
Q9Y333,1,0.0
P56378,1,0.0
A6NKQ9,1,0.0
Q15843,1,0.0
P80294,1,0.0
P04731,1,0.0
Q9BZL1,1,0.0
A0A0U1RQS6,1,0.0
A0A1B0GWG4,1,0.0
P63173,1,0.0
P0DI80,1,0.0
Q99576,1,0.0
P0C7W8,1,0.0
P61024,1,0.0
Q5VU69,1,0.0
P0DM35,1,0.0
Q8IZP1,1,0.0
O75438,1,0.0
P0C7U1,1,0.0
Q8N339,1,0.0
A6NNV3,1,0.0
Q8WUW1,1,0.0
P59998,1,0.0
P26447,1,0.0
P0DMR2,1,0.0
Q9BZM2,1,0.0
Q9UK45,1,0.0
Q96QA6,1,0.0
