SWISSPROT,Count,Proportion(%)
P62805,1091,0.1188
P23378,910,0.0991
P68431,852,0.0928
Q96DT5,650,0.0708
Q96HY7,640,0.0697
P49748,612,0.0666
P47989,579,0.063
P21912,576,0.0627
P07954,560,0.061
O15254,559,0.0609
Q9UFH2,559,0.0609
Q9ULD0,546,0.0595
P06312,540,0.0588
P18074,534,0.0581
Q9P2D7,521,0.0567
P01814,520,0.0566
P01715,498,0.0542
Q8TE73,487,0.053
P31040,472,0.0514
Q9NYC9,469,0.0511
P0C0S8,462,0.0503
O43502,449,0.0489
P27708,436,0.0475
Q9P225,435,0.0474
P05166,432,0.047
Q13315,432,0.047
Q9H845,430,0.0468
P49327,421,0.0458
Q99424,421,0.0458
Q8WXX0,420,0.0457
O75771,418,0.0455
Q92947,413,0.045
P43246,402,0.0438
Q6PEY2,395,0.043
Q9HCC0,395,0.043
O00763,393,0.0428
P01602,393,0.0428
P20711,392,0.0427
Q06278,386,0.042
P31327,384,0.0418
Q12882,374,0.0407
A6NNZ2,370,0.0403
P62807,363,0.0395
Q8IZ83,357,0.0389
Q9H4B7,355,0.0387
Q9NY65,354,0.0385
P24298,354,0.0385
Q9H0I9,351,0.0382
P80404,350,0.0381
Q01813,348,0.0379
P11310,343,0.0373
Q8IUZ5,343,0.0373
Q02809,343,0.0373
A6NHL2,342,0.0372
Q7Z6G3,342,0.0372
P42357,339,0.0369
P21549,339,0.0369
P04424,337,0.0367
P11498,333,0.0363
P01619,333,0.0363
P22033,332,0.0361
Q9BX63,331,0.036
P06744,329,0.0358
P28331,329,0.0358
P23083,326,0.0355
P40926,325,0.0354
P16219,323,0.0352
P12694,322,0.0351
Q93099,322,0.0351
Q9NZB8,322,0.0351
P98164,321,0.035
P49821,321,0.035
P01704,320,0.0348
P52701,319,0.0347
Q9BYV1,316,0.0344
P17858,312,0.034
Q15067,309,0.0336
O15067,309,0.0336
Q6ZQY3,308,0.0335
Q6IA69,304,0.0331
P01742,303,0.033
Q6ZMW3,303,0.033
P30566,300,0.0327
P04433,297,0.0323
P49959,297,0.0323
Q86SQ9,297,0.0323
O60568,295,0.0321
P21953,293,0.0319
P07902,292,0.0318
O95479,291,0.0317
Q96QG7,288,0.0314
P30038,288,0.0314
P01772,284,0.0309
Q8WW24,284,0.0309
P0DN86,284,0.0309
Q08426,282,0.0307
P46527,281,0.0306
P49419,281,0.0306
Q6JQN1,280,0.0305
P43155,279,0.0304
Q9Y600,275,0.0299
P07477,275,0.0299
P54886,274,0.0298
Q9HD40,274,0.0298
P29803,274,0.0298
P21817,273,0.0297
Q96EN8,272,0.0296
Q9GZT5,272,0.0296
P01780,271,0.0295
A0A0C4DH31,271,0.0295
Q9UKU7,271,0.0295
Q86U10,270,0.0294
O75874,270,0.0294
Q9C0G6,270,0.0294
Q10713,269,0.0293
O15160,269,0.0293
P01764,269,0.0293
P05015,268,0.0292
Q7L266,266,0.029
Q9H6Q4,263,0.0286
P30837,263,0.0286
Q3LXA3,263,0.0286
O14841,262,0.0285
P48163,262,0.0285
Q9UJ83,261,0.0284
Q9NP81,261,0.0284
Q9NZR2,261,0.0284
O15270,261,0.0284
P51854,260,0.0283
Q96QU6,258,0.0281
P41226,258,0.0281
Q9UL12,258,0.0281
Q2VPK5,258,0.0281
P40692,256,0.0279
P80748,256,0.0279
Q9UHK6,256,0.0279
P78371,255,0.0278
P01570,255,0.0278
Q9NUI1,252,0.0274
Q5JRX3,252,0.0274
P01571,251,0.0273
P51659,251,0.0273
P29466,250,0.0272
P06727,250,0.0272
P52209,249,0.0271
Q9NTG7,249,0.0271
O43175,249,0.0271
P55211,249,0.0271
O14521,248,0.027
Q9NNW7,248,0.027
P01566,247,0.0269
Q99643,247,0.0269
P0DPH8,247,0.0269
Q6P9B6,247,0.0269
A1L0T0,246,0.0268
P01717,246,0.0268
Q99707,246,0.0268
Q14406,246,0.0268
Q16719,245,0.0267
Q96RY7,245,0.0267
O15382,245,0.0267
Q8TD43,245,0.0267
Q14390,244,0.0266
O75600,244,0.0266
P01568,244,0.0266
P42771,243,0.0265
P07858,243,0.0265
O75792,242,0.0264
P01567,242,0.0264
Q9Y4U1,242,0.0264
P40337,242,0.0264
Q9NX18,242,0.0264
O95470,241,0.0262
P08237,241,0.0262
A0A0B4J1V1,241,0.0262
P04181,240,0.0261
P48728,240,0.0261
O75306,240,0.0261
Q13268,239,0.026
O95486,239,0.026
O14832,239,0.026
P24752,239,0.026
P51649,239,0.026
P49366,239,0.026
P01824,239,0.026
Q9Y5P6,238,0.0259
Q6J272,238,0.0259
P19429,238,0.0259
Q9UG01,237,0.0258
P20933,237,0.0258
P23786,237,0.0258
P01699,237,0.0258
P29401,236,0.0257
P01241,235,0.0256
P01817,234,0.0255
Q13702,234,0.0255
P30613,234,0.0255
Q08830,233,0.0254
O75197,233,0.0254
P36871,232,0.0253
Q3ZCM7,232,0.0253
Q8N142,231,0.0252
Q9UBR1,231,0.0252
P12955,231,0.0252
Q9P2H3,230,0.025
O75439,230,0.025
P55084,230,0.025
P0DPH7,229,0.0249
P05186,229,0.0249
Q5TA50,229,0.0249
O43543,228,0.0248
Q9Y399,228,0.0248
Q8N335,228,0.0248
Q96I15,228,0.0248
Q96N76,228,0.0248
Q9BYZ2,227,0.0247
P08574,227,0.0247
O00746,227,0.0247
Q9UJM8,227,0.0247
P00966,226,0.0246
P42575,226,0.0246
P34896,226,0.0246
P42765,226,0.0246
Q9BYC2,226,0.0246
Q92526,225,0.0245
Q02218,225,0.0245
P55017,224,0.0244
O14531,224,0.0244
Q9NUZ1,224,0.0244
Q8NDH3,224,0.0244
P00325,223,0.0243
P31939,223,0.0243
Q14353,222,0.0242
Q8NFF5,222,0.0242
Q8TDP1,221,0.0241
O75891,221,0.0241
P31930,221,0.0241
Q9NZK5,221,0.0241
O95396,221,0.0241
Q96G21,221,0.0241
Q96I99,221,0.0241
Q99728,221,0.0241
Q92851,220,0.024
A6NJV1,220,0.024
Q9NYU1,220,0.024
Q8N465,220,0.024
Q8IUF8,220,0.024
P30838,219,0.0238
O15269,219,0.0238
P40939,219,0.0238
P48448,219,0.0238
P06331,219,0.0238
P49662,219,0.0238
Q9BX51,218,0.0237
P56704,218,0.0237
Q15661,218,0.0237
P01703,218,0.0237
Q92736,218,0.0237
Q9Y2P8,218,0.0237
P34897,217,0.0236
P51878,217,0.0236
P05014,217,0.0236
Q9Y248,216,0.0235
P45954,215,0.0234
Q53H96,214,0.0233
P11217,214,0.0233
Q9NRH3,213,0.0232
Q7Z3J3,213,0.0232
P49792,212,0.0231
P01705,212,0.0231
O00755,211,0.023
Q9NZ71,211,0.023
P05089,211,0.023
P19113,210,0.0229
Q9NUV7,210,0.0229
Q9NXA8,210,0.0229
P42126,210,0.0229
Q96C86,210,0.0229
P05187,210,0.0229
Q9Y617,210,0.0229
Q14691,210,0.0229
Q99895,209,0.0228
Q6PGP7,209,0.0228
P23526,209,0.0228
P26441,208,0.0226
Q7Z4L5,208,0.0226
P01714,208,0.0226
Q8NHS2,207,0.0225
P01700,207,0.0225
A6NKT7,207,0.0225
Q8NBP7,207,0.0225
P43353,207,0.0225
O43586,206,0.0224
O15305,206,0.0224
P31944,206,0.0224
O94808,206,0.0224
Q8NEZ3,206,0.0224
Q92560,206,0.0224
Q15124,205,0.0223
P13196,205,0.0223
Q16798,205,0.0223
A0A075B6I1,205,0.0223
Q9BXR0,204,0.0222
P38398,204,0.0222
Q8N4E7,203,0.0221
Q9NZC7,203,0.0221
Q96BX8,203,0.0221
P10916,203,0.0221
O60934,203,0.0221
P21695,203,0.0221
Q6P996,202,0.022
Q9P0J0,202,0.022
Q9NPH2,202,0.022
P54687,202,0.022
P01569,202,0.022
O43488,201,0.0219
Q5TDP6,201,0.0219
P23109,200,0.0218
P32929,200,0.0218
Q9Y216,200,0.0218
Q9H1J7,200,0.0218
P28330,200,0.0218
Q9NYQ3,199,0.0217
Q96BW5,199,0.0217
O60733,199,0.0217
O75970,199,0.0217
P16444,199,0.0217
Q9BUF5,199,0.0217
Q9ULA0,199,0.0217
Q4AC99,199,0.0217
P48454,198,0.0216
Q02252,198,0.0216
Q6ICL3,197,0.0215
P01624,197,0.0215
P13929,197,0.0215
Q8N3C0,197,0.0215
P01242,197,0.0215
Q8NCM8,197,0.0215
Q3SY69,197,0.0215
Q96KN2,196,0.0213
P49368,196,0.0213
Q9P272,196,0.0213
Q8IWW8,196,0.0213
Q96G03,196,0.0213
P36959,196,0.0213
Q9BV20,196,0.0213
Q9Y285,196,0.0213
Q96KP4,195,0.0212
Q9HCT0,195,0.0212
P32322,195,0.0212
P20807,195,0.0212
P21108,194,0.0211
Q96G46,194,0.0211
P37837,194,0.0211
Q8IZI9,194,0.0211
Q05329,194,0.0211
A0A0C4DH69,194,0.0211
P0DML2,194,0.0211
P56705,193,0.021
Q86XE5,193,0.021
P46952,193,0.021
Q9H4K1,193,0.021
Q99807,193,0.021
Q12931,193,0.021
Q9UJT1,193,0.021
P48775,192,0.0209
P51688,192,0.0209
P48643,192,0.0209
Q9P2A4,191,0.0208
P01911,191,0.0208
P48449,191,0.0208
P01701,190,0.0207
P00505,190,0.0207
O75879,190,0.0207
Q8TDX5,190,0.0207
P49789,190,0.0207
Q00266,190,0.0207
Q8NES3,190,0.0207
P02649,190,0.0207
P46063,190,0.0207
O00625,190,0.0207
Q96PD4,189,0.0206
Q9H2A2,189,0.0206
Q7L3T8,189,0.0206
Q8N6T7,189,0.0206
Q5R3I4,189,0.0206
P08590,189,0.0206
P35913,188,0.0205
P43897,188,0.0205
P82650,188,0.0205
Q9Y697,188,0.0205
P38117,188,0.0205
A0AVT1,188,0.0205
O95299,188,0.0205
Q149M9,188,0.0205
P10696,188,0.0205
Q9H6K4,188,0.0205
P19971,188,0.0205
P54868,188,0.0205
O43837,187,0.0204
Q709F0,187,0.0204
P60827,187,0.0204
Q30154,187,0.0204
Q6DD88,187,0.0204
Q9HBL7,187,0.0204
P0DML3,187,0.0204
Q9NYR8,186,0.0203
P10644,186,0.0203
P37268,186,0.0203
P09110,186,0.0203
P35221,186,0.0203
O00217,186,0.0203
Q13423,185,0.0201
Q9BPX1,185,0.0201
P20585,185,0.0201
Q9UHQ1,185,0.0201
Q8N7N1,185,0.0201
A0A0C4DH38,185,0.0201
Q96L21,185,0.0201
Q9Y2T1,184,0.02
P05091,184,0.02
Q93097,184,0.02
Q9Y3Z3,184,0.02
P28340,184,0.02
Q8IXK2,184,0.02
Q14790,184,0.02
Q9NVE7,184,0.02
Q5T4B2,184,0.02
Q9H9T3,184,0.02
O95487,183,0.0199
P00367,183,0.0199
Q3KQV9,183,0.0199
Q9NQY0,183,0.0199
O95848,183,0.0199
P02792,183,0.0199
P57796,183,0.0199
P28838,183,0.0199
Q9H3S4,183,0.0199
Q96IJ6,183,0.0199
O95671,182,0.0198
P01229,182,0.0198
Q9BQE3,182,0.0198
Q9HAC7,182,0.0198
P17655,182,0.0198
O75648,182,0.0198
Q96I59,182,0.0198
Q9P2R7,181,0.0197
Q9Y6E7,181,0.0197
Q3B7J2,181,0.0197
P56706,181,0.0197
Q86X76,181,0.0197
A0A075B6H9,180,0.0196
O14905,180,0.0196
O95395,180,0.0196
O95154,180,0.0196
Q96HD9,180,0.0196
P53675,180,0.0196
Q9NPD3,180,0.0196
Q16134,180,0.0196
Q9Y2S2,180,0.0196
Q9BZG8,179,0.0195
Q9NP95,179,0.0195
Q7L592,179,0.0195
O95363,179,0.0195
P14061,179,0.0195
P23368,178,0.0194
Q9UHL4,177,0.0193
Q8NBJ5,177,0.0193
Q96S55,177,0.0193
Q15526,177,0.0193
Q13087,177,0.0193
Q14117,177,0.0193
O14653,176,0.0192
A0A0C4DH29,176,0.0192
A0A0C4DH67,176,0.0192
P41180,176,0.0192
O00170,176,0.0192
P08397,175,0.0191
P55212,175,0.0191
O43448,175,0.0191
P55210,175,0.0191
P01599,175,0.0191
P15382,175,0.0191
Q5TA45,175,0.0191
O14904,174,0.0189
P53396,174,0.0189
O15553,174,0.0189
P10619,174,0.0189
Q9BY49,174,0.0189
P35520,174,0.0189
Q96G04,174,0.0189
P04908,174,0.0189
O96000,174,0.0189
Q7Z4N8,174,0.0189
Q96KS9,174,0.0189
Q9BQC3,174,0.0189
P36776,174,0.0189
O95900,174,0.0189
Q6NUM6,173,0.0188
P11844,173,0.0188
Q9ULT0,173,0.0188
A6ND91,173,0.0188
O75558,173,0.0188
Q13126,173,0.0188
P04040,173,0.0188
Q96MW5,173,0.0188
Q8N5D6,172,0.0187
Q86YB7,172,0.0187
Q96Q77,172,0.0187
Q6ZSI9,172,0.0187
Q9NQH7,172,0.0187
Q9HBG6,172,0.0187
Q13011,172,0.0187
Q15413,171,0.0186
Q9NVS2,171,0.0186
Q9UI10,171,0.0186
Q15437,171,0.0186
Q9BUU2,171,0.0186
P53597,171,0.0186
Q9BSE5,171,0.0186
P01706,170,0.0185
A0A087WSX0,170,0.0185
Q9P0M4,170,0.0185
O00744,170,0.0185
Q15024,170,0.0185
Q9NVM4,170,0.0185
P02730,170,0.0185
Q6PKH6,170,0.0185
Q03154,169,0.0184
P07099,169,0.0184
Q9UDR5,169,0.0184
P01709,169,0.0184
P15559,169,0.0184
P31937,169,0.0184
P11586,169,0.0184
P11509,169,0.0184
Q9BTZ2,169,0.0184
O14815,169,0.0184
P41221,169,0.0184
P06315,168,0.0183
P02647,168,0.0183
P35218,168,0.0183
Q7L5Y1,168,0.0183
P32881,168,0.0183
Q9NR45,168,0.0183
P82675,168,0.0183
Q16613,167,0.0182
Q12907,167,0.0182
P0DP03,167,0.0182
Q9UBH0,167,0.0182
P42330,167,0.0182
Q96C36,167,0.0182
Q9UJT0,166,0.0181
Q8TBG4,166,0.0181
P09210,166,0.0181
P04628,166,0.0181
P48637,166,0.0181
P47874,166,0.0181
Q9NYU2,166,0.0181
Q6UXY1,166,0.0181
P01037,166,0.0181
P01762,166,0.0181
P17405,165,0.018
P13073,165,0.018
P12081,165,0.018
Q92889,165,0.018
Q969U6,165,0.018
Q9H4A9,165,0.018
P54132,165,0.018
Q9BSF4,165,0.018
P08243,164,0.0179
A0A075B6I9,164,0.0179
Q6N063,164,0.0179
Q3SYC2,164,0.0179
O75596,164,0.0179
Q70IA8,164,0.0179
Q2TB90,164,0.0179
Q9H269,164,0.0179
O95169,164,0.0179
Q99832,164,0.0179
O96014,164,0.0179
Q96AX1,164,0.0179
P08559,163,0.0177
Q13614,163,0.0177
P04439,163,0.0177
O14645,163,0.0177
Q9BYC9,163,0.0177
Q8NHH9,163,0.0177
P20809,163,0.0177
Q9BZX4,163,0.0177
P11464,163,0.0177
Q99973,163,0.0177
Q13621,163,0.0177
Q96FZ7,162,0.0176
Q8IWN7,162,0.0176
Q12809,162,0.0176
O43745,162,0.0176
Q9UQQ1,162,0.0176
Q86WN2,162,0.0176
Q9Y366,162,0.0176
P23942,162,0.0176
Q9NSU2,162,0.0176
P50542,162,0.0176
Q8NEJ9,162,0.0176
A0A087WSY4,162,0.0176
P78363,162,0.0176
Q9Y375,161,0.0175
Q99487,161,0.0175
P05062,161,0.0175
Q06265,161,0.0175
Q7Z2W7,161,0.0175
P19404,161,0.0175
Q69YN2,161,0.0175
Q9UQ10,161,0.0175
Q15269,161,0.0175
P17987,161,0.0175
Q9BV57,161,0.0175
Q8IXJ6,161,0.0175
O95163,161,0.0175
Q9BW27,161,0.0175
O15466,161,0.0175
P83110,160,0.0174
Q96EY8,160,0.0174
Q8TDN2,160,0.0174
Q86SR1,160,0.0174
P08263,160,0.0174
P08246,160,0.0174
Q13432,160,0.0174
P49590,160,0.0174
C9JR72,160,0.0174
Q9HC84,160,0.0174
P46439,160,0.0174
P00480,159,0.0173
Q07954,159,0.0173
P35557,159,0.0173
Q9H0S4,159,0.0173
P48735,159,0.0173
P04062,159,0.0173
Q9H5Z1,159,0.0173
Q14204,159,0.0173
P06732,159,0.0173
Q96MA6,159,0.0173
Q8TCG5,159,0.0173
P00326,158,0.0172
Q9UHE5,158,0.0172
Q92781,158,0.0172
Q8NA56,158,0.0172
Q96NT0,158,0.0172
Q6P587,158,0.0172
Q8NB12,158,0.0172
Q86X53,158,0.0172
P07384,158,0.0172
Q7LG56,158,0.0172
P01563,158,0.0172
Q9Y315,158,0.0172
O75489,158,0.0172
Q9NRW7,157,0.0171
P51648,157,0.0171
O75643,157,0.0171
P43652,157,0.0171
Q9BXF9,157,0.0171
Q9H6W3,157,0.0171
Q96CF2,157,0.0171
Q96AY4,157,0.0171
Q96KJ9,157,0.0171
Q9BXJ3,157,0.0171
P49770,157,0.0171
Q16698,157,0.0171
Q96A05,157,0.0171
Q9UBV4,157,0.0171
Q99758,157,0.0171
Q8N511,157,0.0171
Q96DV4,157,0.0171
Q8NFG4,157,0.0171
P0C5J1,157,0.0171
P15428,157,0.0171
A0A075B6K4,157,0.0171
Q8NBA8,156,0.017
P54278,156,0.017
Q9HD42,156,0.017
Q86XE3,156,0.017
Q8NB37,156,0.017
Q9BVA6,156,0.017
Q9P2T1,156,0.017
P42898,156,0.017
Q9NRV9,156,0.017
O95954,156,0.017
Q9Y6Q5,156,0.017
P17735,156,0.017
Q6W4X9,156,0.017
P56470,156,0.017
P22102,156,0.017
Q9H0R6,156,0.017
A0A0C4DH33,156,0.017
O43766,156,0.017
Q16773,155,0.0169
Q96A70,155,0.0169
Q9P2E5,155,0.0169
P0C024,155,0.0169
P45381,155,0.0169
Q8N1V2,155,0.0169
P49815,155,0.0169
O43272,155,0.0169
P16499,155,0.0169
Q16518,155,0.0169
Q1ZYL8,155,0.0169
P04350,155,0.0169
P98077,155,0.0169
A0A0B4J1V0,155,0.0169
O14958,155,0.0169
Q96SF2,155,0.0169
P45379,154,0.0168
O00303,154,0.0168
A0A0B4J1U7,154,0.0168
Q16795,154,0.0168
P00491,154,0.0168
Q9NYH9,154,0.0168
Q99259,154,0.0168
A0A0C4DH73,154,0.0168
Q8WXI3,154,0.0168
Q96RQ3,154,0.0168
Q5TEU4,154,0.0168
Q13535,154,0.0168
O60810,154,0.0168
Q8IYS1,154,0.0168
Q9NX20,154,0.0168
Q16831,153,0.0167
P0C870,153,0.0167
P05013,153,0.0167
Q8TBZ9,153,0.0167
Q9NWU1,153,0.0167
P26639,153,0.0167
Q6ZMJ4,153,0.0167
Q13825,153,0.0167
P38571,153,0.0167
Q9Y6M9,153,0.0167
O14556,153,0.0167
Q9BRX5,153,0.0167
Q9UBV7,152,0.0166
P36969,152,0.0166
Q8WW62,152,0.0166
Q7RTV2,152,0.0166
Q15477,152,0.0166
P15848,152,0.0166
P20853,152,0.0166
Q9NVA1,152,0.0166
Q96FX7,152,0.0166
Q96FV2,152,0.0166
Q49AN0,152,0.0166
Q16695,152,0.0166
P49588,152,0.0166
Q9H9Y4,152,0.0166
P14868,152,0.0166
P20231,152,0.0166
O15460,151,0.0164
P01763,151,0.0164
Q86SG5,151,0.0164
Q16540,151,0.0164
P30049,151,0.0164
O15484,151,0.0164
P05161,151,0.0164
Q8IZJ0,151,0.0164
P17174,151,0.0164
Q6P656,151,0.0164
P24539,151,0.0164
Q9GZS0,151,0.0164
Q9BWD1,151,0.0164
Q16775,151,0.0164
P23946,150,0.0163
Q9UNH5,150,0.0163
Q8IX04,150,0.0163
Q8IVS8,150,0.0163
P17540,150,0.0163
O94759,150,0.0163
P28329,150,0.0163
Q9BXC9,150,0.0163
Q9UJ70,150,0.0163
O96017,150,0.0163
Q00796,150,0.0163
P08861,150,0.0163
P55789,150,0.0163
Q15833,150,0.0163
P09093,150,0.0163
Q5SRE7,149,0.0162
Q8NCW5,149,0.0162
Q8N1Q1,149,0.0162
Q9Y5Y2,149,0.0162
Q5JTZ9,149,0.0162
P15313,149,0.0162
O43292,149,0.0162
O43819,149,0.0162
Q9NPB3,149,0.0162
Q8IYU8,149,0.0162
Q5T7M4,149,0.0162
Q16696,149,0.0162
Q9Y6V7,148,0.0161
P09172,148,0.0161
P15018,148,0.0161
Q9BPU9,148,0.0161
P82914,148,0.0161
O14926,148,0.0161
A8MYU2,148,0.0161
O14579,148,0.0161
P01112,148,0.0161
Q96DC9,148,0.0161
Q9UKR0,148,0.0161
Q9BRT9,148,0.0161
P49753,148,0.0161
P47895,147,0.016
Q9Y303,147,0.016
Q9UKK9,147,0.016
Q9UFN0,147,0.016
P40227,147,0.016
Q13326,147,0.016
Q9NRC8,147,0.016
A0PJX0,147,0.016
Q05BV3,147,0.016
Q9BY32,147,0.016
O00214,147,0.016
Q6ZNF0,147,0.016
Q96C74,147,0.016
O00757,147,0.016
Q96T66,147,0.016
O60294,147,0.016
Q53H47,147,0.016
Q15822,147,0.016
O94788,147,0.016
P49356,147,0.016
O95394,147,0.016
Q02127,147,0.016
P07327,147,0.016
P12724,146,0.0159
Q969U7,146,0.0159
Q5NDL2,146,0.0159
P04430,146,0.0159
Q6UW01,146,0.0159
Q8WXF7,146,0.0159
Q86YC2,146,0.0159
P52789,146,0.0159
Q9H061,146,0.0159
Q02338,146,0.0159
Q8NBN7,146,0.0159
Q92506,146,0.0159
O95630,146,0.0159
Q16836,146,0.0159
Q12765,146,0.0159
Q9NY28,146,0.0159
Q9NVS9,146,0.0159
Q9NP86,146,0.0159
Q9UQN3,145,0.0158
Q9NSK7,145,0.0158
Q8TBC4,145,0.0158
P05165,145,0.0158
Q13228,145,0.0158
P35475,145,0.0158
Q6N069,145,0.0158
P14735,145,0.0158
Q7L8W6,145,0.0158
Q9BSV6,145,0.0158
Q9UHY8,145,0.0158
Q93088,145,0.0158
O14734,145,0.0158
P05000,145,0.0158
Q96AX2,145,0.0158
P01574,145,0.0158
Q8NEH6,145,0.0158
P50990,145,0.0158
Q8N653,145,0.0158
P06132,145,0.0158
Q7RTX0,145,0.0158
Q92901,144,0.0157
Q13509,144,0.0157
P78549,144,0.0157
Q9NTJ4,144,0.0157
Q9UHN1,144,0.0157
Q99798,144,0.0157
O15120,144,0.0157
P17516,144,0.0157
P09228,144,0.0157
O75718,144,0.0157
Q9H267,144,0.0157
P0C7H9,143,0.0156
O43315,143,0.0156
Q04446,143,0.0156
Q92698,143,0.0156
Q15046,143,0.0156
Q9BUB7,143,0.0156
P07864,143,0.0156
P30084,143,0.0156
P09544,143,0.0156
Q13232,143,0.0156
Q16384,143,0.0156
Q96SE0,143,0.0156
Q9BY43,143,0.0156
Q96CD2,143,0.0156
Q9NYY1,143,0.0156
Q86Y38,143,0.0156
Q8WWF8,142,0.0155
Q8WWX0,142,0.0155
Q12788,142,0.0155
Q9BQ13,142,0.0155
P43681,142,0.0155
Q6TDP4,142,0.0155
Q02846,142,0.0155
Q5S007,142,0.0155
Q9NZQ8,142,0.0155
Q9UHL0,142,0.0155
Q9BUK6,142,0.0155
Q5SVJ3,142,0.0155
Q5VTT2,142,0.0155
O60760,142,0.0155
O75564,142,0.0155
Q7Z4W1,142,0.0155
P51970,142,0.0155
Q9BXW7,141,0.0154
P09913,141,0.0154
P15085,141,0.0154
Q9NUP1,141,0.0154
Q8N4P2,141,0.0154
Q9ULW5,141,0.0154
P35914,141,0.0154
P10745,141,0.0154
Q86WT1,141,0.0154
Q9NRP4,141,0.0154
Q96AZ6,141,0.0154
Q9HCS7,141,0.0154
P11488,141,0.0154
Q8NFJ9,141,0.0154
P13716,141,0.0154
P18283,140,0.0152
P11926,140,0.0152
Q9H4K7,140,0.0152
P16930,140,0.0152
O43813,140,0.0152
Q8NHU2,140,0.0152
Q96AB3,140,0.0152
Q9BYD3,140,0.0152
P01721,140,0.0152
P26998,140,0.0152
P51451,140,0.0152
Q6UB35,140,0.0152
Q9H6R0,140,0.0152
Q8TAD2,139,0.0151
P50226,139,0.0151
Q8N8A2,139,0.0151
Q9GZZ6,139,0.0151
Q8IU54,139,0.0151
Q6NVY1,139,0.0151
A6NKU9,139,0.0151
O95045,139,0.0151
Q6ZMR3,139,0.0151
Q8N3Z3,139,0.0151
Q92569,139,0.0151
P54368,139,0.0151
Q9BS92,139,0.0151
Q86VF5,139,0.0151
Q12908,139,0.0151
O75838,139,0.0151
Q969X6,139,0.0151
Q8TCE9,139,0.0151
O60218,139,0.0151
P34096,139,0.0151
Q6ZNW5,139,0.0151
P48200,139,0.0151
Q8NEA4,139,0.0151
Q14376,139,0.0151
P00352,139,0.0151
Q9H773,139,0.0151
Q9Y3D3,139,0.0151
Q9H974,138,0.015
P01766,138,0.015
P15259,138,0.015
Q8WWZ1,138,0.015
P82930,138,0.015
P36639,138,0.015
Q9HAY6,138,0.015
Q9HAT0,138,0.015
P13807,138,0.015
P09417,138,0.015
P48307,138,0.015
Q6P589,138,0.015
Q9H903,138,0.015
O95834,138,0.015
P00746,138,0.015
P37059,138,0.015
P18440,138,0.015
Q7LBR1,138,0.015
Q16877,137,0.0149
Q8TAV4,137,0.0149
Q93063,137,0.0149
P16083,137,0.0149
Q96S16,137,0.0149
P52961,137,0.0149
O00442,137,0.0149
Q8N140,137,0.0149
A4D126,137,0.0149
A4D256,137,0.0149
Q15848,137,0.0149
A0A075B6K5,137,0.0149
Q6PK18,137,0.0149
Q07507,137,0.0149
Q96T60,137,0.0149
Q13510,137,0.0149
P43080,137,0.0149
Q9NQ55,137,0.0149
Q8IXM7,137,0.0149
Q9NR50,137,0.0149
A0PJX2,137,0.0149
Q06323,137,0.0149
Q14032,137,0.0149
Q96IR7,137,0.0149
Q9UJK0,137,0.0149
Q96RK4,136,0.0148
O43633,136,0.0148
Q9H9Y2,136,0.0148
P11216,136,0.0148
Q8IVH4,136,0.0148
Q9BVI4,136,0.0148
Q9UMX6,136,0.0148
Q6P047,136,0.0148
Q6P3X3,136,0.0148
P53634,136,0.0148
Q5FYB1,136,0.0148
P21217,136,0.0148
Q96PN6,136,0.0148
P11177,136,0.0148
Q00889,136,0.0148
Q96RP9,136,0.0148
Q8IYK4,136,0.0148
Q96DC8,136,0.0148
P50225,135,0.0147
Q86Y39,135,0.0147
P16885,135,0.0147
Q9UIJ7,135,0.0147
Q9Y6M0,135,0.0147
Q9UK41,135,0.0147
A8MUP2,135,0.0147
Q13630,135,0.0147
P31321,135,0.0147
Q15436,135,0.0147
Q6UVM3,135,0.0147
Q569K6,135,0.0147
Q02742,135,0.0147
P12829,135,0.0147
Q96LM6,135,0.0147
Q9BR76,135,0.0147
Q96CM3,135,0.0147
O75762,135,0.0147
Q96KS0,135,0.0147
Q9NNW5,135,0.0147
Q9NWR8,135,0.0147
Q96NU7,134,0.0146
Q9Y6U3,134,0.0146
Q9BPW9,134,0.0146
Q9P2M1,134,0.0146
Q9Y6F9,134,0.0146
P46597,134,0.0146
Q9H6P5,134,0.0146
Q86Y79,134,0.0146
A5A3E0,134,0.0146
Q8N1D5,134,0.0146
Q6PHW0,134,0.0146
O75096,134,0.0146
P18510,134,0.0146
Q96EH3,134,0.0146
Q02318,134,0.0146
Q9BYB4,134,0.0146
Q9NVX0,134,0.0146
Q04828,134,0.0146
Q06609,134,0.0146
Q96FJ0,134,0.0146
Q96CM4,134,0.0146
Q9NYA1,133,0.0145
Q13057,133,0.0145
P14174,133,0.0145
Q16585,133,0.0145
Q16822,133,0.0145
Q8N0X4,133,0.0145
Q9Y646,133,0.0145
Q04760,133,0.0145
Q9H1P6,133,0.0145
Q9NXH9,133,0.0145
O95168,133,0.0145
O60813,133,0.0145
Q9BQC6,133,0.0145
P22695,133,0.0145
Q8N0Z8,133,0.0145
Q9NX04,133,0.0145
P22914,133,0.0145
Q9Y3Q3,133,0.0145
P53384,133,0.0145
P09923,133,0.0145
Q2M296,133,0.0145
P00739,133,0.0145
O15372,133,0.0145
Q9Y574,133,0.0145
Q86YH6,133,0.0145
O94855,132,0.0144
Q6ZWL3,132,0.0144
Q8NCN5,132,0.0144
Q9NXC2,132,0.0144
Q96PU9,132,0.0144
P01743,132,0.0144
Q9NWZ5,132,0.0144
P02747,132,0.0144
Q6DKK2,132,0.0144
Q7L5D6,132,0.0144
Q15274,132,0.0144
Q9NQ50,132,0.0144
P34130,132,0.0144
P01036,132,0.0144
P20671,132,0.0144
O95067,132,0.0144
O00330,132,0.0144
Q9BU61,132,0.0144
Q6YP21,132,0.0144
Q6PI48,132,0.0144
P07203,132,0.0144
P35249,132,0.0144
Q8N539,132,0.0144
Q6S8J3,132,0.0144
P29508,132,0.0144
Q8N4B1,132,0.0144
A6NH11,131,0.0143
Q9NQW5,131,0.0143
Q3SXM5,131,0.0143
P01236,131,0.0143
Q9NZN9,131,0.0143
Q6MZZ7,131,0.0143
O75843,131,0.0143
P25092,131,0.0143
Q5SW96,131,0.0143
Q9UK59,131,0.0143
P68366,131,0.0143
Q15006,131,0.0143
Q2T9J0,131,0.0143
P54802,131,0.0143
P10635,131,0.0143
Q9NZD2,131,0.0143
A0A0C4DH72,131,0.0143
Q9UKG9,131,0.0143
P14618,131,0.0143
P07315,131,0.0143
Q9Y3B6,131,0.0143
Q11130,130,0.0142
Q9BQ95,130,0.0142
Q9ULC6,130,0.0142
A8MUM7,130,0.0142
Q6IN84,130,0.0142
Q495T6,130,0.0142
Q9HA64,130,0.0142
Q99797,130,0.0142
Q6DKI1,130,0.0142
P01562,130,0.0142
P49448,130,0.0142
Q9H3G5,130,0.0142
P09211,130,0.0142
O43827,130,0.0142
P15309,130,0.0142
Q96EB1,130,0.0142
P22830,130,0.0142
P22307,130,0.0142
P02766,130,0.0142
Q8NFD2,130,0.0142
P07316,129,0.014
Q04844,129,0.014
Q4G1C9,129,0.014
O75414,129,0.014
O75340,129,0.014
A0A075B6S5,129,0.014
P30626,129,0.014
Q9Y584,129,0.014
P22105,129,0.014
P28676,129,0.014
O43542,129,0.014
P0DN87,129,0.014
Q9UBD9,129,0.014
Q96L15,129,0.014
Q9Y5K8,129,0.014
P01825,129,0.014
P34059,129,0.014
Q9H0A8,129,0.014
P23258,129,0.014
Q8TD30,129,0.014
Q8N543,129,0.014
Q9NPC6,129,0.014
Q9UKX7,129,0.014
Q9HC36,129,0.014
Q6P1K2,129,0.014
Q6P597,129,0.014
Q9BU89,129,0.014
P19440,129,0.014
Q9H069,128,0.0139
O75935,128,0.0139
O00182,128,0.0139
Q68CQ4,128,0.0139
Q96QV6,128,0.0139
Q9H4B8,128,0.0139
Q9Y3E7,128,0.0139
Q6NT52,128,0.0139
Q5JWF8,128,0.0139
Q3B8N2,128,0.0139
Q9UEF7,128,0.0139
Q7Z4W2,128,0.0139
Q9GZZ9,128,0.0139
Q16772,128,0.0139
Q9NY93,128,0.0139
Q8NEU8,128,0.0139
P07741,128,0.0139
Q99571,128,0.0139
Q14894,128,0.0139
Q01432,128,0.0139
P22352,128,0.0139
Q9H2M3,128,0.0139
Q86Z23,128,0.0139
P52895,128,0.0139
Q96EM0,128,0.0139
Q9NPL8,128,0.0139
Q9H0V9,128,0.0139
Q9BQG2,128,0.0139
Q96LA8,127,0.0138
Q9Y3Q0,127,0.0138
Q96AQ8,127,0.0138
Q9BT17,127,0.0138
P42574,127,0.0138
Q5VW32,127,0.0138
Q9H3Z7,127,0.0138
Q9UHB4,127,0.0138
P02462,127,0.0138
Q9Y5N5,127,0.0138
P01889,127,0.0138
O94810,127,0.0138
Q9BU70,127,0.0138
Q9HCS5,127,0.0138
Q16769,127,0.0138
Q8IW03,127,0.0138
Q9NV31,127,0.0138
P53674,127,0.0138
Q6IA86,127,0.0138
Q9UL16,127,0.0138
P04054,127,0.0138
P13804,127,0.0138
Q9P032,127,0.0138
Q15528,127,0.0138
P21399,127,0.0138
Q16552,127,0.0138
Q5TAA0,127,0.0138
Q9BY76,127,0.0138
Q96MP8,127,0.0138
Q9NPJ1,127,0.0138
Q9BPU6,127,0.0138
Q9NVP1,126,0.0137
Q92935,126,0.0137
Q9Y296,126,0.0137
P00918,126,0.0137
Q9Y6B7,126,0.0137
Q6UXV1,126,0.0137
Q9H9S5,126,0.0137
Q9Y5P8,126,0.0137
O00189,126,0.0137
Q6DKI2,126,0.0137
Q8TF09,126,0.0137
P50440,126,0.0137
A4D1Z8,126,0.0137
Q99611,126,0.0137
Q9BXI9,126,0.0137
Q8NI22,126,0.0137
Q8NEX9,126,0.0137
Q08289,126,0.0137
O75695,126,0.0137
P19447,126,0.0137
P11245,126,0.0137
Q6P1N9,126,0.0137
P51159,126,0.0137
P07195,126,0.0137
O95139,126,0.0137
Q8N159,126,0.0137
Q6R6M4,126,0.0137
P32321,126,0.0137
P35858,126,0.0137
P04637,126,0.0137
Q8N2K0,126,0.0137
Q5TBB1,126,0.0137
Q96FQ6,125,0.0136
Q9Y3D9,125,0.0136
Q5VT66,125,0.0136
P56279,125,0.0136
Q6UWF9,125,0.0136
Q9UJJ7,125,0.0136
Q9BSJ2,125,0.0136
P46779,125,0.0136
O43511,125,0.0136
A0A087WSZ0,125,0.0136
P54840,125,0.0136
P06734,125,0.0136
Q9GZT6,125,0.0136
Q969J3,125,0.0136
Q8N0W3,125,0.0136
Q9UIF3,125,0.0136
Q13867,125,0.0136
Q92989,125,0.0136
Q9NQC8,125,0.0136
P83105,125,0.0136
O15315,125,0.0136
O95837,125,0.0136
P49915,124,0.0135
P50991,124,0.0135
P43351,124,0.0135
Q9UI09,124,0.0135
Q9BPX6,124,0.0135
Q13361,124,0.0135
P12956,124,0.0135
Q9BQ65,124,0.0135
Q9GZT8,124,0.0135
Q9UNX4,124,0.0135
Q9HBL8,124,0.0135
P54107,124,0.0135
Q6QEF8,124,0.0135
O75419,124,0.0135
P51398,124,0.0135
Q9UHV8,124,0.0135
Q9HA72,124,0.0135
Q6NXP6,124,0.0135
Q8N490,124,0.0135
A0AVF1,124,0.0135
O14526,124,0.0135
Q6UXH0,124,0.0135
P53609,124,0.0135
A4QMS7,124,0.0135
Q99828,124,0.0135
O95427,124,0.0135
Q9BXI3,124,0.0135
Q5T280,124,0.0135
O43929,124,0.0135
Q93091,124,0.0135
O14977,124,0.0135
Q9UI30,124,0.0135
Q0PNE2,124,0.0135
Q8NI99,123,0.0134
Q9Y5B8,123,0.0134
Q9H3Y0,123,0.0134
O43325,123,0.0134
Q08209,123,0.0134
Q9H9B1,123,0.0134
Q8WTS6,123,0.0134
Q8N5M4,123,0.0134
Q9BXS1,123,0.0134
P53672,123,0.0134
Q9Y644,123,0.0134
Q5K651,123,0.0134
O00292,123,0.0134
P15144,123,0.0134
Q71SY5,123,0.0134
Q8TD86,123,0.0134
P06733,123,0.0134
P13686,123,0.0134
O15519,123,0.0134
Q9UL33,123,0.0134
Q9Y4P1,123,0.0134
A9QM74,123,0.0134
Q9BUP0,123,0.0134
O94762,123,0.0134
Q96PZ7,123,0.0134
P0C862,122,0.0133
P50416,122,0.0133
Q8N4T0,122,0.0133
P12034,122,0.0133
Q86YB8,122,0.0133
Q86XE0,122,0.0133
O75208,122,0.0133
P56282,122,0.0133
Q9NSA1,122,0.0133
P05231,122,0.0133
Q6UWP2,122,0.0133
Q9Y2R9,122,0.0133
Q96M11,122,0.0133
Q8WV07,122,0.0133
P34820,122,0.0133
Q96C10,122,0.0133
Q96B77,122,0.0133
O75880,122,0.0133
Q9H6L4,122,0.0133
Q9NPH9,122,0.0133
Q9BUT1,122,0.0133
O95544,122,0.0133
O75689,122,0.0133
Q969X5,122,0.0133
P26640,122,0.0133
Q9NUS5,122,0.0133
P13725,122,0.0133
Q9NPC4,122,0.0133
Q969S8,122,0.0133
O43776,122,0.0133
Q9Y2B2,121,0.0132
Q96GA7,121,0.0132
O14640,121,0.0132
Q96S96,121,0.0132
Q9Y6J6,121,0.0132
Q8WYK0,121,0.0132
Q5I0G3,121,0.0132
P27658,121,0.0132
P24855,121,0.0132
O14732,121,0.0132
P07339,121,0.0132
P03971,121,0.0132
Q9H479,121,0.0132
P19087,121,0.0132
Q9NXJ5,121,0.0132
P10301,121,0.0132
Q9H788,121,0.0132
Q9BYR0,121,0.0132
Q13046,121,0.0132
Q9Y666,121,0.0132
Q9Y3B7,121,0.0132
O75807,121,0.0132
Q9HD33,121,0.0132
Q8N3Y3,121,0.0132
Q9HCJ6,121,0.0132
O95336,121,0.0132
Q13889,121,0.0132
P48788,121,0.0132
Q9HAW9,121,0.0132
P09622,121,0.0132
P22557,121,0.0132
Q9UIC8,121,0.0132
O00469,121,0.0132
Q86TL0,121,0.0132
P56134,120,0.0131
O95988,120,0.0131
P00813,120,0.0131
Q8IXQ9,120,0.0131
Q9H7B4,120,0.0131
P24158,120,0.0131
Q96M91,120,0.0131
Q9UHF5,120,0.0131
Q9H221,120,0.0131
P51570,120,0.0131
Q9BU20,120,0.0131
Q9Y2Q3,120,0.0131
P02741,120,0.0131
Q5VZ03,120,0.0131
P22748,120,0.0131
Q495M9,120,0.0131
P35558,120,0.0131
A1A4S6,120,0.0131
O14773,120,0.0131
P28070,120,0.0131
P42025,120,0.0131
Q7Z4J2,120,0.0131
P14550,120,0.0131
Q04609,120,0.0131
A0A075B6K0,120,0.0131
Q9BSY4,120,0.0131
Q9NWT8,119,0.013
Q14703,119,0.013
O43181,119,0.013
P04211,119,0.013
Q9NWS8,119,0.013
Q9HAN9,119,0.013
Q86Z14,119,0.013
Q9NSE2,119,0.013
Q13084,119,0.013
Q9UI47,119,0.013
P17568,119,0.013
Q9BXJ5,119,0.013
Q9BVL4,119,0.013
P55809,119,0.013
Q86TA1,119,0.013
Q9P0K9,119,0.013
O75417,119,0.013
Q969V4,119,0.013
Q9BTW9,119,0.013
Q9UBQ7,119,0.013
P01213,119,0.013
Q9BV44,119,0.013
P09914,119,0.013
Q8N907,119,0.013
Q7Z6K5,119,0.013
Q96M29,119,0.013
Q96KV7,119,0.013
Q9Y4P3,119,0.013
P09601,119,0.013
Q8NFV4,119,0.013
Q93015,119,0.013
Q5T764,119,0.013
Q9UG56,119,0.013
P30793,119,0.013
Q8TCB0,119,0.013
P58004,119,0.013
Q00888,119,0.013
P49005,119,0.013
Q03393,119,0.013
P51575,118,0.0128
Q8TDN6,118,0.0128
O15273,118,0.0128
Q9NX24,118,0.0128
Q13336,118,0.0128
Q9Y3D7,118,0.0128
P36222,118,0.0128
Q9UKY4,118,0.0128
P16562,118,0.0128
O75636,118,0.0128
Q96D15,118,0.0128
A0A075B6K6,118,0.0128
Q9BZE2,118,0.0128
Q16654,118,0.0128
O14830,118,0.0128
Q14722,118,0.0128
Q6V702,118,0.0128
Q9UI43,118,0.0128
Q6P1Q9,118,0.0128
Q9BVH7,118,0.0128
O75679,118,0.0128
P20132,118,0.0128
Q96AB6,118,0.0128
P11413,118,0.0128
Q9BRJ6,118,0.0128
P50454,118,0.0128
P59780,118,0.0128
Q03468,118,0.0128
Q0P641,118,0.0128
Q92820,118,0.0128
P13674,118,0.0128
Q6PCE3,118,0.0128
Q03013,118,0.0128
Q8N8Q3,117,0.0127
O95352,117,0.0127
Q8N0X7,117,0.0127
Q6ZV89,117,0.0127
A5LHX3,117,0.0127
Q96LZ3,117,0.0127
P56537,117,0.0127
Q9NZK7,117,0.0127
P50213,117,0.0127
Q8N8M0,117,0.0127
Q9Y678,117,0.0127
Q6Q788,117,0.0127
A0A0C4DH41,117,0.0127
Q96HA9,117,0.0127
P82932,117,0.0127
P07320,117,0.0127
Q15485,117,0.0127
A8MV24,117,0.0127
P52566,117,0.0127
O43615,117,0.0127
Q9BUR4,117,0.0127
Q9NSD9,117,0.0127
Q6NT04,117,0.0127
O75365,117,0.0127
Q96NB1,117,0.0127
Q8IWZ6,117,0.0127
Q9Y6W5,117,0.0127
Q96EY1,117,0.0127
P11487,117,0.0127
Q96NS5,117,0.0127
P01588,117,0.0127
O00142,117,0.0127
A0A1B0GUX0,117,0.0127
Q4G0A6,117,0.0127
Q8N323,117,0.0127
Q03692,117,0.0127
Q13007,117,0.0127
P09486,117,0.0127
Q9UJJ9,117,0.0127
C9J202,116,0.0126
O75934,116,0.0126
Q96JD6,116,0.0126
P02708,116,0.0126
Q96FL9,116,0.0126
Q96P71,116,0.0126
Q9H201,116,0.0126
Q9UP95,116,0.0126
O75486,116,0.0126
Q9GZM7,116,0.0126
P12268,116,0.0126
Q01638,116,0.0126
Q9UKD2,116,0.0126
P51857,116,0.0126
Q8WZA1,116,0.0126
Q0VDG4,116,0.0126
Q9H9J2,116,0.0126
Q8NDH6,116,0.0126
P07998,116,0.0126
Q6PH85,116,0.0126
Q96CN7,116,0.0126
Q9Y6D9,116,0.0126
Q9UHW5,116,0.0126
O75083,116,0.0126
Q49AR2,116,0.0126
P22676,116,0.0126
Q9UPY6,116,0.0126
O43541,116,0.0126
Q71F23,116,0.0126
Q9UQ74,116,0.0126
P00338,116,0.0126
Q9C035,116,0.0126
Q9BSU3,116,0.0126
O75452,116,0.0126
Q8WXD5,116,0.0126
Q9P2W9,116,0.0126
Q96L46,116,0.0126
Q9BYC5,116,0.0126
P40937,115,0.0125
Q5TEA6,115,0.0125
Q16864,115,0.0125
O14874,115,0.0125
Q15050,115,0.0125
P07288,115,0.0125
Q9UL46,115,0.0125
O96018,115,0.0125
Q8N831,115,0.0125
Q9UJ68,115,0.0125
P20813,115,0.0125
Q8IYD8,115,0.0125
A6XGL0,115,0.0125
P04180,115,0.0125
Q9UKR3,115,0.0125
P11182,115,0.0125
Q9H2P9,115,0.0125
P51665,115,0.0125
Q14749,115,0.0125
Q8TBB5,115,0.0125
Q8IZY2,115,0.0125
Q6UWZ7,115,0.0125
P41273,115,0.0125
P78540,115,0.0125
Q12829,115,0.0125
Q8NEM0,115,0.0125
Q8IYY4,115,0.0125
Q8TE96,115,0.0125
Q02045,115,0.0125
Q9NRX2,115,0.0125
P19388,115,0.0125
O00233,114,0.0124
Q8TC57,114,0.0124
Q8N8V2,114,0.0124
Q9NW61,114,0.0124
Q9UHP6,114,0.0124
Q9NTM9,114,0.0124
Q13200,114,0.0124
P12532,114,0.0124
P22301,114,0.0124
Q8IWZ4,114,0.0124
Q96HL8,114,0.0124
P31151,114,0.0124
P09972,114,0.0124
P10321,114,0.0124
P40938,114,0.0124
Q96PE7,114,0.0124
Q14019,114,0.0124
P58753,114,0.0124
Q9NZ43,114,0.0124
P51160,114,0.0124
P57729,114,0.0124
P02786,114,0.0124
Q96LJ7,114,0.0124
Q14678,114,0.0124
Q9Y276,114,0.0124
Q562R1,114,0.0124
Q9UMQ6,114,0.0124
A0A0C4DH68,114,0.0124
Q9Y2R0,114,0.0124
Q9H1B5,114,0.0124
Q7Z4M0,114,0.0124
Q9BUY7,114,0.0124
Q99988,114,0.0124
O75610,114,0.0124
Q8TF64,114,0.0124
Q9NPF4,113,0.0123
Q9UJ37,113,0.0123
Q96E40,113,0.0123
Q92748,113,0.0123
P52790,113,0.0123
Q9UBE0,113,0.0123
O75581,113,0.0123
Q96F46,113,0.0123
Q8NEJ0,113,0.0123
Q9Y2Z4,113,0.0123
P59796,113,0.0123
P60022,113,0.0123
Q3ZCQ8,113,0.0123
Q8NEG0,113,0.0123
Q6IAN0,113,0.0123
Q9H7B2,113,0.0123
O95455,113,0.0123
Q9Y251,113,0.0123
Q9NWS6,113,0.0123
Q9NQT4,113,0.0123
Q10570,113,0.0123
P51687,113,0.0123
Q9Y394,113,0.0123
Q96EY4,113,0.0123
Q9H5P4,113,0.0123
Q15238,113,0.0123
Q9H939,113,0.0123
P59910,113,0.0123
Q9GZP0,113,0.0123
Q6IPT2,113,0.0123
Q92743,113,0.0123
Q96NN9,113,0.0123
Q499Z3,113,0.0123
P13798,113,0.0123
P00387,113,0.0123
P07451,113,0.0123
P11712,113,0.0123
Q7Z4R8,113,0.0123
Q9BT30,113,0.0123
Q96AY3,113,0.0123
Q53FA7,113,0.0123
Q8TC59,113,0.0123
Q8N8U2,113,0.0123
Q9UHA7,113,0.0123
Q11203,113,0.0123
O75344,113,0.0123
Q99829,113,0.0123
Q2TBA0,113,0.0123
O15217,112,0.0122
O75936,112,0.0122
P57735,112,0.0122
O60888,112,0.0122
Q9UKZ9,112,0.0122
O43847,112,0.0122
Q8IYR2,112,0.0122
P10600,112,0.0122
P63316,112,0.0122
Q9UJW2,112,0.0122
Q8TDR0,112,0.0122
P53673,112,0.0122
P33993,112,0.0122
Q96Q27,112,0.0122
Q9UPY3,112,0.0122
P17066,112,0.0122
P36542,112,0.0122
P06310,112,0.0122
P01130,112,0.0122
Q6P4I2,112,0.0122
Q8N4Q0,112,0.0122
Q5VZ72,112,0.0122
Q9HCS2,112,0.0122
Q9NZG7,112,0.0122
Q9H0C1,112,0.0122
Q7Z5L0,112,0.0122
Q9H2R5,112,0.0122
O43508,112,0.0122
A0A0B4J1X5,112,0.0122
O60683,112,0.0122
Q92597,112,0.0122
P08236,112,0.0122
P07711,112,0.0122
Q96S06,112,0.0122
Q5RKV6,112,0.0122
Q16394,112,0.0122
Q86U90,112,0.0122
Q8TDY3,112,0.0122
Q9Y5Z4,112,0.0122
Q6ZN66,112,0.0122
O60678,111,0.0121
Q9NRR2,111,0.0121
Q9UMX1,111,0.0121
P13284,111,0.0121
O95672,111,0.0121
Q9UI17,111,0.0121
O43920,111,0.0121
P23280,111,0.0121
P09848,111,0.0121
Q9H4F1,111,0.0121
P56703,111,0.0121
Q13445,111,0.0121
P30048,111,0.0121
P38936,111,0.0121
Q9NV66,111,0.0121
O60566,111,0.0121
Q8N6F8,111,0.0121
O75380,111,0.0121
Q8TB37,111,0.0121
Q8TAL6,111,0.0121
Q330K2,111,0.0121
Q96F85,111,0.0121
Q8WXK3,111,0.0121
P0DPD7,111,0.0121
Q13868,111,0.0121
O15228,111,0.0121
O95684,111,0.0121
Q9BVJ7,111,0.0121
Q9BYD6,111,0.0121
Q16222,111,0.0121
P10515,111,0.0121
Q96IZ6,111,0.0121
Q9H993,111,0.0121
O75251,111,0.0121
Q9BUA6,111,0.0121
Q5T6X4,111,0.0121
Q9BW92,110,0.012
P30043,110,0.012
Q7Z5Y6,110,0.012
Q8N8A6,110,0.012
Q9BXD5,110,0.012
Q96HT8,110,0.012
P35250,110,0.012
Q92871,110,0.012
A6NCE7,110,0.012
O60783,110,0.012
P35573,110,0.012
Q9Y2T3,110,0.012
Q8IY33,110,0.012
O60565,110,0.012
P11465,110,0.012
Q9Y5U9,110,0.012
Q92665,110,0.012
Q8N4T8,110,0.012
P08473,110,0.012
Q86TV6,110,0.012
P59282,110,0.012
Q9Y6J8,110,0.012
P02768,110,0.012
Q9Y264,110,0.012
Q9P202,110,0.012
Q8N668,110,0.012
Q92523,110,0.012
Q13885,110,0.012
P10523,110,0.012
O14744,110,0.012
O75323,110,0.012
P17707,110,0.012
Q9BVC3,110,0.012
Q13042,110,0.012
Q5VU57,110,0.012
Q13093,110,0.012
Q99819,110,0.012
O95813,110,0.012
Q9P0W0,110,0.012
P03950,110,0.012
Q9Y676,109,0.0119
Q96DG6,109,0.0119
P40261,109,0.0119
Q9Y5Q9,109,0.0119
P13805,109,0.0119
Q8IZY5,109,0.0119
Q16740,109,0.0119
P05162,109,0.0119
Q14254,109,0.0119
Q969Y2,109,0.0119
Q13882,109,0.0119
Q8IW75,109,0.0119
Q8N0Z3,109,0.0119
P11766,109,0.0119
Q9BTV4,109,0.0119
Q96PD6,109,0.0119
Q5VVH5,109,0.0119
Q9BW83,109,0.0119
Q9UHD0,109,0.0119
Q9Y312,109,0.0119
P32455,109,0.0119
Q08J23,109,0.0119
P34931,109,0.0119
Q96DB2,109,0.0119
Q96A09,109,0.0119
Q6AZZ1,109,0.0119
O96011,109,0.0119
Q9UGP5,109,0.0119
Q96PP9,109,0.0119
O95571,109,0.0119
Q8NAT1,109,0.0119
Q9BRQ6,109,0.0119
Q8WWZ7,109,0.0119
O60911,109,0.0119
Q6GTS8,109,0.0119
Q9H0B8,109,0.0119
P48060,109,0.0119
Q9H488,109,0.0119
Q9NQR4,109,0.0119
Q9Y535,109,0.0119
Q9UFG5,109,0.0119
Q05084,109,0.0119
P20160,109,0.0119
Q9GZX6,109,0.0119
Q9P015,108,0.0118
P0CE72,108,0.0118
Q9H6E4,108,0.0118
Q7Z2K6,108,0.0118
Q8IYW2,108,0.0118
Q9NUW8,108,0.0118
Q9Y223,108,0.0118
Q9Y5Y5,108,0.0118
A4D1S5,108,0.0118
Q4W5G0,108,0.0118
Q9NP98,108,0.0118
P57081,108,0.0118
O95456,108,0.0118
Q9NR28,108,0.0118
P56715,108,0.0118
Q9HBI6,108,0.0118
Q9Y4G6,108,0.0118
A6NHC0,108,0.0118
P14415,108,0.0118
P50053,108,0.0118
P48544,108,0.0118
P10809,108,0.0118
Q8N9R8,108,0.0118
Q8NBB4,108,0.0118
Q96EK5,108,0.0118
O95260,108,0.0118
Q96BS2,108,0.0118
Q96B26,108,0.0118
Q68BL7,108,0.0118
Q9NRX3,108,0.0118
Q3KNT9,108,0.0118
Q9Y2G5,108,0.0118
Q86V21,108,0.0118
Q9BZJ3,107,0.0117
Q8N0V5,107,0.0117
P08319,107,0.0117
Q6GMR7,107,0.0117
P02771,107,0.0117
Q7Z7H5,107,0.0117
Q9NXS2,107,0.0117
A0PG75,107,0.0117
P17931,107,0.0117
Q9H977,107,0.0117
Q9BVS5,107,0.0117
O14713,107,0.0117
P31415,107,0.0117
Q9UNM6,107,0.0117
Q8TBE1,107,0.0117
O60701,107,0.0117
Q8N5C7,107,0.0117
Q92611,107,0.0117
O75951,107,0.0117
Q9H0U6,107,0.0117
Q96IW2,107,0.0117
Q96EL3,107,0.0117
Q9P109,107,0.0117
P07738,107,0.0117
P10767,107,0.0117
Q96I45,107,0.0117
Q9P2W1,107,0.0117
Q53H82,107,0.0117
Q86SE8,107,0.0117
A2VDF0,107,0.0117
Q9BWP8,107,0.0117
Q9BYT8,107,0.0117
Q14973,107,0.0117
Q9NX74,107,0.0117
P16152,107,0.0117
P60484,107,0.0117
Q5T1V6,107,0.0117
Q8TDQ7,107,0.0117
Q16557,107,0.0117
A6NHN0,107,0.0117
O75521,107,0.0117
P0CG13,107,0.0117
Q96HA7,107,0.0117
Q5GAN3,107,0.0117
Q9UBP6,106,0.0115
A6NL82,106,0.0115
P13010,106,0.0115
Q9H4B0,106,0.0115
P43005,106,0.0115
Q9HAW8,106,0.0115
Q92979,106,0.0115
O95822,106,0.0115
Q01995,106,0.0115
P35270,106,0.0115
Q8NCE0,106,0.0115
P40429,106,0.0115
O75503,106,0.0115
Q9HAB8,106,0.0115
Q9Y581,106,0.0115
P60673,106,0.0115
A6NK58,106,0.0115
Q16281,106,0.0115
A1A4V9,106,0.0115
Q6UB28,106,0.0115
P16233,106,0.0115
Q9UBG3,106,0.0115
P39877,106,0.0115
Q6XQN6,106,0.0115
Q6UWQ5,106,0.0115
P35244,106,0.0115
Q9BYN8,106,0.0115
O75677,106,0.0115
Q14232,106,0.0115
Q969S9,106,0.0115
Q8NEF9,106,0.0115
Q6B0B8,106,0.0115
O60662,106,0.0115
Q7KZN9,106,0.0115
P12838,106,0.0115
Q96GS6,106,0.0115
Q9HB07,106,0.0115
Q5BN46,106,0.0115
Q9NXG6,106,0.0115
Q0VAF6,106,0.0115
Q99720,106,0.0115
Q8IX29,106,0.0115
O43674,106,0.0115
Q8IY37,106,0.0115
Q96G25,105,0.0114
Q8WV60,105,0.0114
P08582,105,0.0114
P61018,105,0.0114
Q99595,105,0.0114
P09936,105,0.0114
Q8WVB3,105,0.0114
P05112,105,0.0114
Q96G75,105,0.0114
Q6IB77,105,0.0114
Q96C19,105,0.0114
Q93098,105,0.0114
Q6UW63,105,0.0114
O43242,105,0.0114
U3KPV4,105,0.0114
Q99460,105,0.0114
Q9NZD8,105,0.0114
P49763,105,0.0114
P51157,105,0.0114
Q9UNA3,105,0.0114
Q96F10,105,0.0114
P10915,105,0.0114
Q9BYD1,105,0.0114
P56539,105,0.0114
P53602,105,0.0114
Q9UDX4,105,0.0114
Q13564,105,0.0114
P46926,105,0.0114
P49257,105,0.0114
P40313,105,0.0114
Q99547,105,0.0114
Q7L0Y3,105,0.0114
P43166,105,0.0114
Q7L7V1,105,0.0114
P28698,105,0.0114
Q9UP52,105,0.0114
Q96NR8,105,0.0114
Q8WTU0,105,0.0114
Q86V88,105,0.0114
Q96RR1,105,0.0114
Q8N9L9,105,0.0114
Q92914,104,0.0113
O43709,104,0.0113
P21589,104,0.0113
Q5FYB0,104,0.0113
Q68J44,104,0.0113
Q96E11,104,0.0113
P43320,104,0.0113
Q9Y5C1,104,0.0113
Q5T2R2,104,0.0113
A8MTA8,104,0.0113
A6NK06,104,0.0113
Q96KX2,104,0.0113
P07814,104,0.0113
P61812,104,0.0113
Q9UI32,104,0.0113
Q92963,104,0.0113
Q9Y6H6,104,0.0113
Q08AH3,104,0.0113
Q86YW7,104,0.0113
Q9C0J1,104,0.0113
Q9H1X1,104,0.0113
P00441,104,0.0113
P53041,104,0.0113
P01189,104,0.0113
Q9ULP9,104,0.0113
P20594,104,0.0113
Q6Y288,104,0.0113
Q14190,104,0.0113
Q9BUL8,104,0.0113
Q86XA0,104,0.0113
Q9BRQ5,104,0.0113
Q6P9A2,104,0.0113
Q14314,104,0.0113
P09467,104,0.0113
P06865,104,0.0113
P18887,104,0.0113
P78537,104,0.0113
Q9NWX6,104,0.0113
O75106,104,0.0113
Q6UWR7,104,0.0113
Q9UJ04,104,0.0113
Q05315,104,0.0113
Q14565,104,0.0113
P00749,104,0.0113
P10153,104,0.0113
Q14746,104,0.0113
Q8NEV9,103,0.0112
Q15399,103,0.0112
Q9Y605,103,0.0112
Q8N122,103,0.0112
Q9NZZ3,103,0.0112
O43692,103,0.0112
A8MZ26,103,0.0112
Q9BYV7,103,0.0112
Q9UBV8,103,0.0112
Q6PF18,103,0.0112
Q6NXE6,103,0.0112
Q8TDX6,103,0.0112
P55064,103,0.0112
Q96KK5,103,0.0112
Q6P4F1,103,0.0112
Q9UI38,103,0.0112
Q9UHG0,103,0.0112
O75072,103,0.0112
Q8IUX1,103,0.0112
P49773,103,0.0112
O95382,103,0.0112
Q6PID6,103,0.0112
O95050,103,0.0112
P0DPI2,103,0.0112
Q8N145,103,0.0112
P22310,103,0.0112
Q8IVG5,103,0.0112
Q9Y478,103,0.0112
Q9H853,103,0.0112
O95620,103,0.0112
Q9NV06,103,0.0112
Q92696,103,0.0112
O95843,103,0.0112
Q9NS00,103,0.0112
O75570,103,0.0112
O43716,103,0.0112
Q8N5M1,103,0.0112
Q9Y6G3,103,0.0112
A0A075B6I0,103,0.0112
O00602,103,0.0112
Q7L1V2,103,0.0112
O14715,103,0.0112
P05181,103,0.0112
Q9NUJ3,103,0.0112
P56556,103,0.0112
Q7Z6Z6,103,0.0112
Q9BYD9,103,0.0112
Q7Z494,103,0.0112
O76038,103,0.0112
P58005,103,0.0112
O00294,103,0.0112
Q96CS2,103,0.0112
O95461,102,0.0111
P16520,102,0.0111
Q9UHR4,102,0.0111
Q9NZ08,102,0.0111
P11117,102,0.0111
Q9UDX5,102,0.0111
P22314,102,0.0111
P63252,102,0.0111
O76070,102,0.0111
P14635,102,0.0111
Q8TCS8,102,0.0111
Q9BQ52,102,0.0111
Q9H867,102,0.0111
Q8N565,102,0.0111
Q8NHS4,102,0.0111
Q58DX5,102,0.0111
O15205,102,0.0111
Q7Z5P4,102,0.0111
O60304,102,0.0111
Q9P2S5,102,0.0111
P19367,102,0.0111
P42857,102,0.0111
Q8TE82,102,0.0111
O00754,102,0.0111
O95497,102,0.0111
Q96J77,102,0.0111
Q496H8,102,0.0111
Q8IZ13,102,0.0111
O43909,102,0.0111
O75715,102,0.0111
Q07001,102,0.0111
Q9BQR3,102,0.0111
Q96QT4,102,0.0111
Q08477,102,0.0111
Q14978,102,0.0111
Q7L9L4,101,0.011
Q5JU69,101,0.011
Q13045,101,0.011
P10632,101,0.011
Q9NWU5,101,0.011
Q92838,101,0.011
A2RUC4,101,0.011
Q96AQ9,101,0.011
P32456,101,0.011
P35225,101,0.011
Q68D91,101,0.011
O60383,101,0.011
Q8N5Z0,101,0.011
Q96PL5,101,0.011
Q9NR46,101,0.011
Q93079,101,0.011
Q9H6X5,101,0.011
Q9NRJ5,101,0.011
O60909,101,0.011
Q7Z392,101,0.011
P27695,101,0.011
Q86SZ2,101,0.011
P22674,101,0.011
P02774,101,0.011
Q8NEZ5,101,0.011
Q4W4Y0,101,0.011
Q9BR09,101,0.011
P49720,101,0.011
O00423,101,0.011
O75594,101,0.011
P41250,101,0.011
P55011,101,0.011
Q96NB2,101,0.011
P78417,101,0.011
Q9UHB9,101,0.011
P04080,101,0.011
Q9BSG0,101,0.011
Q5SZD4,101,0.011
Q17RP2,101,0.011
P11086,101,0.011
Q9BX84,101,0.011
Q16854,101,0.011
Q8NFU1,101,0.011
Q5GAN6,101,0.011
Q9ULP0,101,0.011
P08217,101,0.011
Q9BZE1,101,0.011
O43402,101,0.011
Q9H410,101,0.011
Q4U2R6,101,0.011
Q8TAM1,101,0.011
Q9H6Y2,101,0.011
Q8WXI4,100,0.0109
Q9NWS9,100,0.0109
Q96D31,100,0.0109
Q7Z7A3,100,0.0109
Q14457,100,0.0109
P69905,100,0.0109
Q9UNK4,100,0.0109
Q9Y606,100,0.0109
Q6GPI1,100,0.0109
Q969Q4,100,0.0109
Q9H1D9,100,0.0109
Q9BSH5,100,0.0109
A0A0A0MS15,100,0.0109
Q03113,100,0.0109
O95400,100,0.0109
Q71DI3,100,0.0109
P35504,100,0.0109
Q8TB36,100,0.0109
P50443,100,0.0109
Q8IYT2,100,0.0109
P33764,100,0.0109
Q8IV77,100,0.0109
Q8NB16,100,0.0109
Q86VV4,100,0.0109
Q9UKF2,100,0.0109
Q13077,100,0.0109
Q8WWU7,100,0.0109
P40121,100,0.0109
P05813,100,0.0109
Q96DL1,100,0.0109
Q8WVT3,100,0.0109
Q969I3,100,0.0109
Q9P0M9,100,0.0109
Q96E22,100,0.0109
Q13405,100,0.0109
Q6P158,100,0.0109
P07098,100,0.0109
Q8IYP2,100,0.0109
Q86UY8,100,0.0109
Q92185,100,0.0109
Q9NVZ3,100,0.0109
Q9BSH4,100,0.0109
P58743,100,0.0109
Q6UXE8,100,0.0109
Q8IXA5,100,0.0109
Q9P2X3,100,0.0109
P0DKL9,100,0.0109
P04183,100,0.0109
P29218,100,0.0109
Q8WXG8,100,0.0109
Q9BW66,100,0.0109
P09104,100,0.0109
Q969H8,100,0.0109
Q6UWM5,99,0.0108
P27482,99,0.0108
Q96M27,99,0.0108
P28328,99,0.0108
Q9BYS1,99,0.0108
Q8NE86,99,0.0108
P36404,99,0.0108
A0A0B4J1V2,99,0.0108
Q8TAE8,99,0.0108
Q7Z4H9,99,0.0108
P54803,99,0.0108
P46976,99,0.0108
Q9H607,99,0.0108
Q5R387,99,0.0108
Q9NRR1,99,0.0108
Q96LM5,99,0.0108
P78527,99,0.0108
Q99445,99,0.0108
O14921,99,0.0108
A0A1W2PR95,99,0.0108
Q9P2W3,99,0.0108
Q4G0W2,99,0.0108
P51828,99,0.0108
Q8IYB8,99,0.0108
Q9Y234,99,0.0108
Q9UNQ2,99,0.0108
Q13107,99,0.0108
P25815,99,0.0108
P55083,99,0.0108
Q0VFZ6,99,0.0108
Q8WVM0,99,0.0108
Q9P298,99,0.0108
Q9BTE0,99,0.0108
Q15008,99,0.0108
Q8N4A0,99,0.0108
Q9Y6G5,99,0.0108
Q5JU00,99,0.0108
Q6P161,99,0.0108
Q5GAN4,99,0.0108
O95477,99,0.0108
Q9BRF8,99,0.0108
Q9HAV7,99,0.0108
B5MCN3,99,0.0108
P23297,99,0.0108
A0PJZ3,99,0.0108
Q6NXT4,99,0.0108
Q5SRI9,99,0.0108
Q86XS5,98,0.0107
Q96JA3,98,0.0107
Q7Z7F7,98,0.0107
P50552,98,0.0107
P28062,98,0.0107
Q9BX68,98,0.0107
A0PJW6,98,0.0107
Q96EV8,98,0.0107
Q9BV79,98,0.0107
Q07075,98,0.0107
O15455,98,0.0107
Q9NS86,98,0.0107
P32856,98,0.0107
Q8IZ52,98,0.0107
Q5T013,98,0.0107
Q13822,98,0.0107
Q92539,98,0.0107
A2VCK2,98,0.0107
Q9BQI0,98,0.0107
Q96PH1,98,0.0107
Q96AQ7,98,0.0107
O00519,98,0.0107
P49902,98,0.0107
Q5BKX8,98,0.0107
Q8WXB1,98,0.0107
Q63ZY3,98,0.0107
Q9ULM3,98,0.0107
Q86TU7,98,0.0107
Q96DT6,98,0.0107
Q9BSB4,98,0.0107
Q9UMR2,98,0.0107
P53367,98,0.0107
O95298,98,0.0107
P10620,98,0.0107
P49795,98,0.0107
Q6UXB8,98,0.0107
A6QL64,98,0.0107
A0A0A0MRZ8,98,0.0107
Q9Y2Y6,98,0.0107
O00232,98,0.0107
Q96EF0,98,0.0107
Q2TBF2,98,0.0107
Q86WS5,98,0.0107
P11172,98,0.0107
Q9H720,98,0.0107
Q86VU5,98,0.0107
P16118,97,0.0106
A6ND01,97,0.0106
Q9NZJ6,97,0.0106
Q96S79,97,0.0106
Q9UK05,97,0.0106
Q9H4Y5,97,0.0106
O14756,97,0.0106
Q9BRQ4,97,0.0106
P21964,97,0.0106
P19474,97,0.0106
Q8WXQ8,97,0.0106
P19876,97,0.0106
Q96S19,97,0.0106
Q9UBR2,97,0.0106
Q9H1Z8,97,0.0106
Q5TEC6,97,0.0106
Q8TCI5,97,0.0106
P02760,97,0.0106
Q8NBI6,97,0.0106
P68871,97,0.0106
P68133,97,0.0106
Q9BQ67,97,0.0106
Q9GZQ8,97,0.0106
Q8WWV3,97,0.0106
P54920,97,0.0106
Q7Z2W9,97,0.0106
Q9UJX0,97,0.0106
Q9H6Q3,97,0.0106
Q13939,97,0.0106
Q9H3R5,97,0.0106
Q96EL2,97,0.0106
Q8N801,97,0.0106
Q96A44,97,0.0106
O95711,97,0.0106
P30039,97,0.0106
Q5VXJ0,97,0.0106
O75131,97,0.0106
P33260,97,0.0106
Q7L5N1,97,0.0106
Q6UW78,97,0.0106
Q9Y2Y0,97,0.0106
Q86X67,97,0.0106
P13995,97,0.0106
P19237,97,0.0106
Q14181,97,0.0106
P78508,97,0.0106
Q96BZ8,97,0.0106
Q96EG1,97,0.0106
O43513,97,0.0106
Q96A99,97,0.0106
Q8N1B4,97,0.0106
Q8IUB2,97,0.0106
Q8WXH4,97,0.0106
Q9BQA9,97,0.0106
Q5VVY1,97,0.0106
Q9Y3B9,97,0.0106
Q96S44,97,0.0106
Q9HD15,97,0.0106
Q9NXX6,97,0.0106
Q6PF06,97,0.0106
Q6EBC2,97,0.0106
P55103,97,0.0106
Q8WTX7,97,0.0106
Q9UMX3,97,0.0106
Q02543,96,0.0105
P19224,96,0.0105
P19387,96,0.0105
Q9NQE9,96,0.0105
A2RU48,96,0.0105
Q9BXJ0,96,0.0105
O94760,96,0.0105
Q96HQ2,96,0.0105
Q96SL4,96,0.0105
O60729,96,0.0105
Q495W5,96,0.0105
Q8NF37,96,0.0105
Q3KRA6,96,0.0105
P52758,96,0.0105
O43557,96,0.0105
P16066,96,0.0105
Q96LB9,96,0.0105
P21281,96,0.0105
P51841,96,0.0105
P06737,96,0.0105
Q9BYQ8,96,0.0105
Q9P086,96,0.0105
P06276,96,0.0105
P11802,96,0.0105
Q06136,96,0.0105
Q9Y2Y1,96,0.0105
P02743,96,0.0105
Q14207,96,0.0105
P14923,96,0.0105
A6NNW6,96,0.0105
Q53G44,96,0.0105
Q9C0D5,96,0.0105
Q9NX70,96,0.0105
Q8WTP8,96,0.0105
Q5XKP0,96,0.0105
Q8IXM3,96,0.0105
Q12841,96,0.0105
P01591,96,0.0105
Q9H190,96,0.0105
Q5RI15,96,0.0105
Q9BXJ2,96,0.0105
A6NMX2,96,0.0105
Q9NRD5,96,0.0105
Q9Y2B5,96,0.0105
Q9HAC8,96,0.0105
Q67FW5,96,0.0105
Q8N0Z2,96,0.0105
O60234,96,0.0105
P22392,96,0.0105
Q96Q83,96,0.0105
Q6P5X5,95,0.0103
Q99470,95,0.0103
P59861,95,0.0103
Q9BZE7,95,0.0103
O43482,95,0.0103
Q9H0H3,95,0.0103
Q6UW68,95,0.0103
Q9UNN4,95,0.0103
Q96KX1,95,0.0103
Q9UDW1,95,0.0103
P19801,95,0.0103
Q8N7B1,95,0.0103
Q9Y3C4,95,0.0103
P61313,95,0.0103
Q8TC94,95,0.0103
P56597,95,0.0103
P78329,95,0.0103
A0A0B4J1Y8,95,0.0103
O75947,95,0.0103
O75828,95,0.0103
A6NC86,95,0.0103
Q96A08,95,0.0103
P25189,95,0.0103
Q9NP85,95,0.0103
P36537,95,0.0103
Q6UW60,95,0.0103
O14933,95,0.0103
Q8IVN8,95,0.0103
Q9Y324,95,0.0103
Q9UQ90,95,0.0103
Q5T440,95,0.0103
P51553,95,0.0103
Q9NWM8,95,0.0103
Q86UK0,95,0.0103
Q9UGM6,95,0.0103
Q96EU6,95,0.0103
P57075,95,0.0103
A1L453,95,0.0103
Q86V40,95,0.0103
O95833,95,0.0103
Q8N1E2,94,0.0102
Q7Z7H8,94,0.0102
P49895,94,0.0102
O95714,94,0.0102
Q9BV19,94,0.0102
Q96D70,94,0.0102
Q9P000,94,0.0102
Q9NV35,94,0.0102
Q9UL45,94,0.0102
P08700,94,0.0102
Q9Y3C0,94,0.0102
A8MXV4,94,0.0102
Q9NUL7,94,0.0102
Q9BYX4,94,0.0102
P62736,94,0.0102
P56851,94,0.0102
Q9UHA3,94,0.0102
Q9UPM9,94,0.0102
P15088,94,0.0102
Q9HA92,94,0.0102
A4D1P6,94,0.0102
Q99619,94,0.0102
P08620,94,0.0102
Q8TE60,94,0.0102
Q96GS4,94,0.0102
O14618,94,0.0102
Q9UJX4,94,0.0102
Q9Y6Y9,94,0.0102
Q6UVY6,94,0.0102
Q6P5R6,94,0.0102
O75607,94,0.0102
Q16619,94,0.0102
P50749,94,0.0102
Q99732,94,0.0102
P82921,94,0.0102
Q9HBK9,94,0.0102
Q9Y3E2,94,0.0102
P14060,94,0.0102
O15357,94,0.0102
Q9BXJ1,94,0.0102
Q9ULE6,94,0.0102
Q13503,94,0.0102
Q14500,94,0.0102
Q9BSK4,94,0.0102
Q8N608,94,0.0102
P51801,94,0.0102
P04085,94,0.0102
Q8IVL5,94,0.0102
Q969Z3,94,0.0102
P15531,94,0.0102
P40925,94,0.0102
Q5VWZ2,94,0.0102
Q8NCR6,94,0.0102
Q9HBH0,94,0.0102
Q01523,94,0.0102
Q10588,94,0.0102
Q9GZQ3,94,0.0102
Q9H6Z9,94,0.0102
P00747,94,0.0102
P13236,94,0.0102
P20151,94,0.0102
Q6AI14,94,0.0102
Q5HYK3,94,0.0102
Q9BXU8,94,0.0102
Q9BQ50,94,0.0102
Q96IY1,94,0.0102
P00915,93,0.0101
P16435,93,0.0101
A8MTJ3,93,0.0101
Q9HAT2,93,0.0101
Q5SXM8,93,0.0101
Q9BZP6,93,0.0101
P20674,93,0.0101
O95167,93,0.0101
Q99747,93,0.0101
Q14166,93,0.0101
Q13901,93,0.0101
O95072,93,0.0101
Q16878,93,0.0101
P01594,93,0.0101
Q6IPT4,93,0.0101
Q96T91,93,0.0101
P48304,93,0.0101
Q7Z7C8,93,0.0101
Q6XZF7,93,0.0101
P33261,93,0.0101
Q9UM19,93,0.0101
Q96LK0,93,0.0101
Q7Z4H3,93,0.0101
Q6BCY4,93,0.0101
O96007,93,0.0101
Q9Y6I8,93,0.0101
Q9ULV0,93,0.0101
Q9Y3D6,93,0.0101
Q8WUH1,93,0.0101
Q8IY51,93,0.0101
Q9Y6I9,93,0.0101
Q99525,93,0.0101
Q8IWL1,93,0.0101
P56373,93,0.0101
Q14914,93,0.0101
Q9HBV1,93,0.0101
Q06124,93,0.0101
Q8N3Y1,93,0.0101
Q9NU02,93,0.0101
O75602,93,0.0101
Q8N456,93,0.0101
P12074,93,0.0101
P10144,93,0.0101
P16455,93,0.0101
A2A3L6,93,0.0101
P29973,93,0.0101
P35219,93,0.0101
P35125,93,0.0101
O14638,93,0.0101
Q93086,93,0.0101
Q9NZH6,93,0.0101
Q8NF86,93,0.0101
Q8TBN0,93,0.0101
P08218,93,0.0101
Q7Z4Y8,93,0.0101
P02745,93,0.0101
Q9BV86,93,0.0101
Q96AD5,93,0.0101
Q15327,93,0.0101
P01767,93,0.0101
P14649,93,0.0101
Q86XR7,93,0.0101
P58294,93,0.0101
P48052,93,0.0101
Q9H081,93,0.0101
Q9NVP2,93,0.0101
Q9NUU6,93,0.0101
Q8NEW7,93,0.0101
Q9NX78,93,0.0101
P28325,92,0.01
Q5TAH2,92,0.01
Q9UBW8,92,0.01
Q8WXF5,92,0.01
Q9BXP2,92,0.01
Q9NR23,92,0.01
P98088,92,0.01
Q14191,92,0.01
Q15814,92,0.01
Q13563,92,0.01
Q9BY07,92,0.01
O15318,92,0.01
O95841,92,0.01
O60610,92,0.01
Q96HY6,92,0.01
O15547,92,0.01
Q9BT73,92,0.01
Q9Y2J8,92,0.01
Q06830,92,0.01
Q13415,92,0.01
P02794,92,0.01
P35503,92,0.01
P17787,92,0.01
O43684,92,0.01
Q765P7,92,0.01
Q9UJV8,92,0.01
Q9UKQ9,92,0.01
Q13277,92,0.01
P61647,92,0.01
Q96F63,92,0.01
P04141,92,0.01
Q14654,92,0.01
Q12824,92,0.01
P12273,92,0.01
O94864,92,0.01
Q9NZD4,92,0.01
Q99708,92,0.01
P30519,92,0.01
O00187,92,0.01
P15586,92,0.01
Q6P2H8,92,0.01
Q8WXJ9,92,0.01
Q9H765,92,0.01
Q9Y3A6,92,0.01
P21266,92,0.01
P06870,92,0.01
P61599,92,0.01
Q9NZJ4,92,0.01
B2RV13,92,0.01
P18669,92,0.01
O60513,92,0.01
P30679,92,0.01
O76090,92,0.01
Q6YFQ2,92,0.01
P53355,92,0.01
Q13496,92,0.01
Q4G0G5,92,0.01
Q9Y3I0,92,0.01
A0A8I5KQE6,92,0.01
Q8N371,92,0.01
Q969L4,92,0.01
Q9UQ72,92,0.01
Q9BUE0,92,0.01
Q9NRX4,92,0.01
Q9NP80,91,0.0099
Q49B96,91,0.0099
O00764,91,0.0099
Q6ZNK6,91,0.0099
O00462,91,0.0099
P06858,91,0.0099
Q96E66,91,0.0099
Q92521,91,0.0099
Q8IY31,91,0.0099
O60542,91,0.0099
Q6R2W3,91,0.0099
P52198,91,0.0099
Q96PC3,91,0.0099
P29033,91,0.0099
Q9HAW7,91,0.0099
Q6ZUI0,91,0.0099
P0CG30,91,0.0099
O95661,91,0.0099
Q8TAC2,91,0.0099
Q9BT43,91,0.0099
Q6UWM7,91,0.0099
Q9Y2W7,91,0.0099
A6NIY4,91,0.0099
O00148,91,0.0099
O75964,91,0.0099
Q5T1C6,91,0.0099
O14939,91,0.0099
O95801,91,0.0099
Q3SXZ7,91,0.0099
Q7Z3Z4,91,0.0099
P04632,91,0.0099
P29459,91,0.0099
P08253,91,0.0099
P0CG38,91,0.0099
P24844,91,0.0099
Q9BVA1,91,0.0099
P15086,91,0.0099
P51993,91,0.0099
P15121,91,0.0099
Q9NWH2,91,0.0099
Q9HAE3,91,0.0099
O60499,91,0.0099
P47929,91,0.0099
Q9Y6W3,91,0.0099
Q8WW14,91,0.0099
Q8WWQ2,91,0.0099
Q7Z4T8,91,0.0099
O15539,91,0.0099
Q5JS37,91,0.0099
Q9Y2V7,91,0.0099
Q9NPB1,91,0.0099
Q9NRN5,91,0.0099
Q8NBT2,91,0.0099
Q6NXT2,91,0.0099
Q9NRG4,91,0.0099
Q8WTQ1,91,0.0099
P28161,91,0.0099
P49638,91,0.0099
P23919,90,0.0098
Q494R4,90,0.0098
Q9Y3C8,90,0.0098
Q05923,90,0.0098
Q6WRI0,90,0.0098
O95150,90,0.0098
Q13155,90,0.0098
P33763,90,0.0098
Q7RTV5,90,0.0098
P59103,90,0.0098
Q13231,90,0.0098
Q9H0X4,90,0.0098
Q9HDC9,90,0.0098
P49765,90,0.0098
P49247,90,0.0098
Q13190,90,0.0098
Q12879,90,0.0098
Q13402,90,0.0098
Q5T8I9,90,0.0098
Q8N135,90,0.0098
Q96NL8,90,0.0098
P14927,90,0.0098
Q03135,90,0.0098
Q9H3K2,90,0.0098
Q9NRC9,90,0.0098
P27539,90,0.0098
Q8TCP9,90,0.0098
Q9BS16,90,0.0098
P06280,90,0.0098
Q08AI8,90,0.0098
Q9Y576,90,0.0098
P09871,90,0.0098
P33316,90,0.0098
Q9NZH8,90,0.0098
Q7L2Z9,90,0.0098
Q9UJV9,90,0.0098
P00390,90,0.0098
P35243,90,0.0098
Q12923,90,0.0098
Q8N0V4,90,0.0098
A0A075B6S2,90,0.0098
A6NFY7,90,0.0098
P82673,90,0.0098
Q9H777,90,0.0098
P55107,90,0.0098
Q9H2T7,90,0.0098
Q9NS85,90,0.0098
O14657,90,0.0098
P82933,90,0.0098
Q12891,90,0.0098
Q6UWF7,90,0.0098
P01222,90,0.0098
P82912,90,0.0098
Q96HS1,90,0.0098
O75791,90,0.0098
P40306,90,0.0098
Q96HJ9,90,0.0098
Q7LBE3,90,0.0098
Q8IZW8,90,0.0098
Q49A17,90,0.0098
Q9Y2C4,90,0.0098
Q7Z478,90,0.0098
Q96M95,90,0.0098
O00587,90,0.0098
Q96LR7,90,0.0098
Q9Y587,90,0.0098
Q9NRM6,90,0.0098
P41218,90,0.0098
Q6PD74,90,0.0098
Q9UJY5,90,0.0098
P19961,90,0.0098
Q9H477,89,0.0097
Q9NXE8,89,0.0097
P78314,89,0.0097
Q9BWT6,89,0.0097
Q9UNX9,89,0.0097
Q9H3Y8,89,0.0097
Q9Y230,89,0.0097
Q9NXZ2,89,0.0097
O94811,89,0.0097
Q9UGM1,89,0.0097
P32320,89,0.0097
Q4G0N8,89,0.0097
Q92765,89,0.0097
Q9Y320,89,0.0097
O60333,89,0.0097
Q13609,89,0.0097
Q6NVV7,89,0.0097
Q9UNE7,89,0.0097
Q96GK7,89,0.0097
P01127,89,0.0097
Q9H7Z7,89,0.0097
P51124,89,0.0097
B9A064,89,0.0097
Q96QI5,89,0.0097
Q13332,89,0.0097
Q9UKG1,89,0.0097
Q8WZ82,89,0.0097
Q96MD2,89,0.0097
P05113,89,0.0097
Q6I9Y2,89,0.0097
Q9BXL8,89,0.0097
Q8IUA0,89,0.0097
Q6P2P2,89,0.0097
Q8WV22,89,0.0097
Q9Y2D0,89,0.0097
P09382,89,0.0097
Q9BU79,89,0.0097
P17900,89,0.0097
Q5W041,89,0.0097
Q6UWB4,89,0.0097
B1AK53,89,0.0097
P37802,89,0.0097
Q8N766,89,0.0097
Q96AP0,89,0.0097
Q9Y6I7,89,0.0097
P25685,89,0.0097
O75192,89,0.0097
Q13637,89,0.0097
Q9Y283,89,0.0097
Q59H18,89,0.0097
H3BPM6,89,0.0097
Q02535,89,0.0097
Q99471,89,0.0097
Q6P1L8,89,0.0097
Q9HD47,89,0.0097
Q9BWS9,89,0.0097
Q3ZCW2,89,0.0097
O75815,89,0.0097
O43820,89,0.0097
P80511,89,0.0097
O00399,89,0.0097
Q56VL3,89,0.0097
Q16875,89,0.0097
Q00887,89,0.0097
Q15642,88,0.0096
Q9H1C3,88,0.0096
P48751,88,0.0096
Q8IU99,88,0.0096
O60243,88,0.0096
Q9UNF0,88,0.0096
Q3SYG4,88,0.0096
Q8WXH5,88,0.0096
Q9BU02,88,0.0096
Q07864,88,0.0096
P56192,88,0.0096
Q68BL8,88,0.0096
Q9UBI1,88,0.0096
Q07021,88,0.0096
P22087,88,0.0096
Q96AJ1,88,0.0096
Q7L7L0,88,0.0096
Q9H3Q3,88,0.0096
Q9NRD1,88,0.0096
Q9UGB7,88,0.0096
Q9NRW4,88,0.0096
Q8NE22,88,0.0096
Q9NZH7,88,0.0096
Q96DP5,88,0.0096
Q96M32,88,0.0096
A2RU49,88,0.0096
Q02833,88,0.0096
P0DTE5,88,0.0096
Q8WXK1,88,0.0096
Q8N4U5,88,0.0096
Q96H20,88,0.0096
Q8IV16,88,0.0096
P29622,88,0.0096
P53992,88,0.0096
Q08257,88,0.0096
Q0VGL1,88,0.0096
O75911,88,0.0096
Q8WVZ7,88,0.0096
P35523,88,0.0096
Q8IY21,88,0.0096
Q96BQ1,88,0.0096
Q8IVN3,88,0.0096
Q5JPI3,88,0.0096
Q99961,88,0.0096
P13051,88,0.0096
Q10471,88,0.0096
Q15573,88,0.0096
Q9BV47,88,0.0096
Q92828,88,0.0096
Q13144,88,0.0096
P37198,88,0.0096
Q9UBM4,88,0.0096
Q6UW32,88,0.0096
Q9H008,88,0.0096
O00206,88,0.0096
P28332,88,0.0096
Q9BXW4,88,0.0096
Q6P2I3,88,0.0096
Q9Y4K0,88,0.0096
Q6BDI9,88,0.0096
Q8IZ73,88,0.0096
O95760,88,0.0096
O14796,88,0.0096
Q99932,88,0.0096
Q8N139,88,0.0096
Q13393,88,0.0096
P82664,88,0.0096
P51888,88,0.0096
Q03426,88,0.0096
Q8IYM1,88,0.0096
Q9Y4L1,88,0.0096
O94830,88,0.0096
Q86VI1,88,0.0096
P00742,88,0.0096
Q9Y3B2,87,0.0095
Q8IZH2,87,0.0095
Q8NCW6,87,0.0095
Q96P11,87,0.0095
Q9BQ69,87,0.0095
Q8TDH9,87,0.0095
P49862,87,0.0095
Q9ULX3,87,0.0095
Q14507,87,0.0095
Q9Y680,87,0.0095
P12277,87,0.0095
P78346,87,0.0095
O00212,87,0.0095
Q8TAA5,87,0.0095
Q9Y2V0,87,0.0095
Q15825,87,0.0095
O60784,87,0.0095
Q06203,87,0.0095
Q53F39,87,0.0095
P53370,87,0.0095
Q4G0X4,87,0.0095
P51164,87,0.0095
Q5TC63,87,0.0095
Q19AV6,87,0.0095
Q99538,87,0.0095
O60656,87,0.0095
Q9NZT1,87,0.0095
Q8NI08,87,0.0095
Q96BW9,87,0.0095
Q96A32,87,0.0095
Q8IUX4,87,0.0095
Q99879,87,0.0095
Q8TF65,87,0.0095
Q14833,87,0.0095
A6NLU0,87,0.0095
P0DN25,87,0.0095
Q8WTW4,87,0.0095
Q96F24,87,0.0095
Q96T52,87,0.0095
P23468,87,0.0095
P53621,87,0.0095
O60938,87,0.0095
Q9NWV4,87,0.0095
A2RTX5,87,0.0095
Q15118,87,0.0095
P58107,87,0.0095
P49903,87,0.0095
P53365,87,0.0095
Q9Y217,87,0.0095
Q8TC12,87,0.0095
Q9Y5M8,87,0.0095
Q92552,87,0.0095
Q2TBE0,87,0.0095
Q8N6R0,87,0.0095
Q8NC96,87,0.0095
O75865,87,0.0095
Q14147,87,0.0095
O95926,87,0.0095
Q86YZ3,87,0.0095
Q8N339,87,0.0095
Q8N443,87,0.0095
P24666,86,0.0094
Q9NYR9,86,0.0094
Q9BUJ0,86,0.0094
Q96FH0,86,0.0094
Q9NZ52,86,0.0094
Q9NPF8,86,0.0094
Q9UHD4,86,0.0094
Q8NFM4,86,0.0094
Q96JI7,86,0.0094
Q96FB5,86,0.0094
Q96AX9,86,0.0094
P04066,86,0.0094
Q8NFW8,86,0.0094
P36957,86,0.0094
Q8IXB1,86,0.0094
Q02410,86,0.0094
Q5T6J7,86,0.0094
Q8WV93,86,0.0094
Q4G176,86,0.0094
P80294,86,0.0094
Q14160,86,0.0094
P02750,86,0.0094
P10147,86,0.0094
Q96GM8,86,0.0094
Q9NQS1,86,0.0094
Q9BQD3,86,0.0094
Q6MZM0,86,0.0094
P07992,86,0.0094
Q12797,86,0.0094
Q15027,86,0.0094
Q9UID3,86,0.0094
O60259,86,0.0094
Q8IUC8,86,0.0094
Q9UH36,86,0.0094
Q86TD4,86,0.0094
O95453,86,0.0094
Q06190,86,0.0094
Q05901,86,0.0094
Q8NEY4,86,0.0094
Q8NHY5,86,0.0094
Q8IVS2,86,0.0094
P23921,86,0.0094
Q9Y259,86,0.0094
Q96DE0,86,0.0094
O60524,86,0.0094
Q9P0N5,86,0.0094
Q8WXU2,86,0.0094
Q9BT22,86,0.0094
Q16526,86,0.0094
Q8NCR0,86,0.0094
Q66K79,86,0.0094
Q99733,86,0.0094
Q9BYQ6,86,0.0094
P04070,86,0.0094
Q96A26,86,0.0094
Q8IYS0,86,0.0094
Q12983,86,0.0094
Q9UJZ1,86,0.0094
Q8TCV5,85,0.0093
Q9H665,85,0.0093
Q6IS24,85,0.0093
Q8TDE3,85,0.0093
Q9BZL3,85,0.0093
Q3SX64,85,0.0093
Q96RW7,85,0.0093
Q01628,85,0.0093
Q16842,85,0.0093
Q9NUH8,85,0.0093
P43235,85,0.0093
Q9HD23,85,0.0093
P60014,85,0.0093
Q16881,85,0.0093
Q8WV74,85,0.0093
P0CE71,85,0.0093
P49591,85,0.0093
O14771,85,0.0093
Q9UBD5,85,0.0093
P46098,85,0.0093
P12544,85,0.0093
O60762,85,0.0093
P55263,85,0.0093
P15814,85,0.0093
O60603,85,0.0093
Q16718,85,0.0093
Q96CA5,85,0.0093
Q1ED39,85,0.0093
P53004,85,0.0093
Q96PD7,85,0.0093
Q5VZ52,85,0.0093
P42766,85,0.0093
Q6PCB0,85,0.0093
Q9Y2A9,85,0.0093
Q9HB40,85,0.0093
Q9H7X7,85,0.0093
Q86WA6,85,0.0093
Q9Y3A0,85,0.0093
Q9Y603,85,0.0093
P55008,85,0.0093
Q8TE02,85,0.0093
Q6S5L8,85,0.0093
O75386,85,0.0093
P01008,85,0.0093
Q2M3T9,85,0.0093
P06703,85,0.0093
Q96S86,85,0.0093
P63302,85,0.0093
Q96BR5,85,0.0093
Q5HYI8,85,0.0093
O43704,85,0.0093
Q15506,85,0.0093
O43895,85,0.0093
Q86VQ6,85,0.0093
Q7Z412,85,0.0093
P30740,85,0.0093
Q8TE23,85,0.0093
P17538,85,0.0093
P62913,85,0.0093
Q9BUB4,85,0.0093
Q53EQ6,84,0.0091
Q9NSK0,84,0.0091
Q9NX63,84,0.0091
Q5BKU9,84,0.0091
Q6NS38,84,0.0091
O95295,84,0.0091
Q9UBQ5,84,0.0091
P10145,84,0.0091
A6NCL2,84,0.0091
Q9Y5R8,84,0.0091
Q9H1E1,84,0.0091
P39023,84,0.0091
Q6UXB3,84,0.0091
P0DP58,84,0.0091
O75223,84,0.0091
Q86W34,84,0.0091
Q8N4G2,84,0.0091
P12111,84,0.0091
Q6UWM9,84,0.0091
P22309,84,0.0091
Q9ULR0,84,0.0091
P42685,84,0.0091
Q86SG7,84,0.0091
Q9GZS1,84,0.0091
Q9NRN7,84,0.0091
Q9UIG4,84,0.0091
P0C7M8,84,0.0091
Q07837,84,0.0091
P12110,84,0.0091
Q9Y3E5,84,0.0091
Q15393,84,0.0091
Q9BRJ9,84,0.0091
P22612,84,0.0091
Q9HBM1,84,0.0091
Q9H2W6,84,0.0091
Q8N3J5,84,0.0091
Q8N3Y7,84,0.0091
O94911,84,0.0091
P22460,84,0.0091
Q9GZV9,84,0.0091
Q9H0R5,84,0.0091
Q6UWV6,84,0.0091
Q147U7,84,0.0091
Q9H6S0,84,0.0091
Q6UWY5,84,0.0091
Q8NB46,84,0.0091
Q9H336,84,0.0091
P02675,84,0.0091
P60660,84,0.0091
Q01449,84,0.0091
Q96NZ8,84,0.0091
Q8TCT0,84,0.0091
Q86UB9,84,0.0091
Q96LR4,84,0.0091
P52888,84,0.0091
P58166,84,0.0091
P0C7P0,84,0.0091
P14902,84,0.0091
P08100,84,0.0091
O15457,84,0.0091
Q96E29,84,0.0091
Q8IV48,84,0.0091
Q9Y6F1,84,0.0091
P10155,84,0.0091
Q9NX38,84,0.0091
O15145,84,0.0091
Q9P253,84,0.0091
Q9BUX1,84,0.0091
Q96HE8,83,0.009
Q8IUC4,83,0.009
Q9BRT2,83,0.009
Q6P4H8,83,0.009
P40933,83,0.009
P39019,83,0.009
Q8N0Z6,83,0.009
Q9NW81,83,0.009
Q8TC29,83,0.009
Q8TCX5,83,0.009
Q96GI7,83,0.009
P49411,83,0.009
Q8NDV1,83,0.009
Q9UNG2,83,0.009
Q07020,83,0.009
P47972,83,0.009
P49771,83,0.009
Q5SWH9,83,0.009
Q63HM1,83,0.009
Q9HCU9,83,0.009
Q9HCN8,83,0.009
Q96D21,83,0.009
O43913,83,0.009
O95484,83,0.009
Q9UDY6,83,0.009
Q96KX0,83,0.009
Q96SZ6,83,0.009
Q6ZW76,83,0.009
Q16762,83,0.009
O43247,83,0.009
Q8TCT1,83,0.009
Q9UNI6,83,0.009
Q96MH2,83,0.009
O76024,83,0.009
P51797,83,0.009
Q5JSS6,83,0.009
Q9H2B4,83,0.009
Q9H5F2,83,0.009
P0C5Y4,83,0.009
Q9NUD7,83,0.009
Q9NV23,83,0.009
O96009,83,0.009
P63211,83,0.009
Q5TCH4,83,0.009
P78330,83,0.009
Q8N2Z9,83,0.009
Q86XT4,83,0.009
Q8NHQ9,83,0.009
Q9BVV7,83,0.009
O43852,83,0.009
Q8IU60,83,0.009
Q99497,83,0.009
Q7Z407,83,0.009
Q96BD6,83,0.009
Q5SY16,83,0.009
P43026,83,0.009
Q9HCY8,83,0.009
O95302,83,0.009
Q9BVS4,83,0.009
Q96CG8,83,0.009
P48764,83,0.009
Q96PX6,83,0.009
A2RUU4,83,0.009
Q9Y6Y8,83,0.009
Q9Y3A5,83,0.009
P06340,83,0.009
Q71U36,83,0.009
Q9NY99,83,0.009
Q9HA77,83,0.009
Q9NZV6,83,0.009
Q6RSH7,83,0.009
P19021,83,0.009
A6NNT2,83,0.009
P56180,83,0.009
Q9BYD2,83,0.009
O60518,83,0.009
P55345,83,0.009
Q9BXS9,83,0.009
Q9UL15,83,0.009
Q5W5X9,82,0.0089
Q0JRZ9,82,0.0089
Q6P2C8,82,0.0089
P54819,82,0.0089
Q9BQ75,82,0.0089
O95716,82,0.0089
Q07627,82,0.0089
Q86X83,82,0.0089
Q8NE79,82,0.0089
Q96CJ1,82,0.0089
Q7Z5W3,82,0.0089
Q92750,82,0.0089
Q96FM1,82,0.0089
Q9Y6A4,82,0.0089
Q6GMV3,82,0.0089
O75093,82,0.0089
Q96PP8,82,0.0089
P05976,82,0.0089
Q9BU68,82,0.0089
P25054,82,0.0089
P07205,82,0.0089
Q4VC39,82,0.0089
Q9H2L5,82,0.0089
Q6ZVM7,82,0.0089
Q92564,82,0.0089
P32119,82,0.0089
P30536,82,0.0089
Q6UW15,82,0.0089
Q68CQ7,82,0.0089
P08631,82,0.0089
Q99748,82,0.0089
O43252,82,0.0089
Q9Y3A2,82,0.0089
Q9P275,82,0.0089
Q9Y493,82,0.0089
Q8N183,82,0.0089
Q6KF10,82,0.0089
P56202,82,0.0089
P30041,82,0.0089
O95865,82,0.0089
O77932,82,0.0089
Q9Y4A0,82,0.0089
Q13206,82,0.0089
Q9H223,82,0.0089
P0DPB6,82,0.0089
A6NJ78,82,0.0089
Q5W186,82,0.0089
P02788,82,0.0089
Q9H4G4,82,0.0089
Q9BRT8,82,0.0089
Q9H9Q2,82,0.0089
Q9BT92,82,0.0089
A6NLU5,82,0.0089
O75678,82,0.0089
Q6IBS0,82,0.0089
Q9HCR9,82,0.0089
Q9UJY4,82,0.0089
O43299,82,0.0089
Q9BVG3,82,0.0089
Q9UGC7,82,0.0089
A5D8V6,82,0.0089
P19835,82,0.0089
Q5TC12,82,0.0089
Q8TDN7,82,0.0089
Q9H9S4,82,0.0089
Q96MB7,82,0.0089
P04440,82,0.0089
Q8N1F7,82,0.0089
Q9UHA4,82,0.0089
Q96HE7,82,0.0089
O75159,82,0.0089
Q9Y2R4,82,0.0089
P47985,82,0.0089
P29992,82,0.0089
Q96MW7,82,0.0089
P09001,82,0.0089
P56750,82,0.0089
P54922,82,0.0089
Q9HCC6,82,0.0089
Q96P50,82,0.0089
O75955,82,0.0089
Q01415,82,0.0089
Q15751,82,0.0089
Q6UY27,82,0.0089
Q8WWX9,82,0.0089
P78560,81,0.0088
Q9HC35,81,0.0088
Q92616,81,0.0088
Q9UKU9,81,0.0088
A0A075B6S4,81,0.0088
Q92990,81,0.0088
Q9NQX3,81,0.0088
Q9P1Z3,81,0.0088
P46776,81,0.0088
P62424,81,0.0088
O75717,81,0.0088
Q9GZX9,81,0.0088
O00591,81,0.0088
Q9UPM8,81,0.0088
Q9UJ41,81,0.0088
Q66PJ3,81,0.0088
O60547,81,0.0088
O14745,81,0.0088
A0A0B4J1Z2,81,0.0088
Q96EK9,81,0.0088
Q16853,81,0.0088
O75529,81,0.0088
Q8NFY9,81,0.0088
P08865,81,0.0088
Q9H668,81,0.0088
O00295,81,0.0088
Q92777,81,0.0088
Q9BQ08,81,0.0088
O75575,81,0.0088
Q9HBI5,81,0.0088
Q6ICB4,81,0.0088
Q9BXN6,81,0.0088
Q99836,81,0.0088
Q96N28,81,0.0088
P52292,81,0.0088
O14908,81,0.0088
Q96KF7,81,0.0088
Q8WWA1,81,0.0088
Q9NWY4,81,0.0088
Q9UNX3,81,0.0088
P49354,81,0.0088
P22003,81,0.0088
Q5T653,81,0.0088
P55039,81,0.0088
Q6ZQW0,81,0.0088
Q86X19,81,0.0088
Q13488,81,0.0088
O14662,81,0.0088
P53816,81,0.0088
Q14315,81,0.0088
Q9H9B4,81,0.0088
Q8NCC3,81,0.0088
Q9UJS0,81,0.0088
Q11201,81,0.0088
Q8WWF5,81,0.0088
Q96CU9,81,0.0088
O95633,81,0.0088
P35227,81,0.0088
Q9Y614,81,0.0088
P05388,81,0.0088
A8K2U0,81,0.0088
Q8IVI9,81,0.0088
P14920,81,0.0088
Q9BWM7,81,0.0088
Q9NQX4,81,0.0088
P51452,81,0.0088
Q92982,80,0.0087
Q969F1,80,0.0087
Q6ZNM6,80,0.0087
Q9BYQ9,80,0.0087
Q9BV94,80,0.0087
Q9H173,80,0.0087
Q53HC5,80,0.0087
Q9NQX1,80,0.0087
Q96A11,80,0.0087
P48023,80,0.0087
Q9UBD3,80,0.0087
O95388,80,0.0087
Q6PF05,80,0.0087
P46199,80,0.0087
Q8WUX2,80,0.0087
P09668,80,0.0087
P48595,80,0.0087
O60551,80,0.0087
Q8IXB3,80,0.0087
Q8NFH3,80,0.0087
Q7Z3J2,80,0.0087
Q96LZ7,80,0.0087
O95990,80,0.0087
Q96DB5,80,0.0087
P0CG39,80,0.0087
P50607,80,0.0087
O75310,80,0.0087
Q9H8M7,80,0.0087
P50452,80,0.0087
Q9H1R3,80,0.0087
P34949,80,0.0087
P15291,80,0.0087
Q92876,80,0.0087
A6NMZ2,80,0.0087
Q96HR3,80,0.0087
P05423,80,0.0087
P20618,80,0.0087
Q9UEU0,80,0.0087
Q5VU69,80,0.0087
Q9H2F3,80,0.0087
P09669,80,0.0087
A1L4H1,80,0.0087
Q03395,80,0.0087
Q96SY0,80,0.0087
Q9NU23,80,0.0087
P01138,80,0.0087
Q10981,80,0.0087
Q00526,80,0.0087
Q9BUN5,80,0.0087
O95498,80,0.0087
Q14508,80,0.0087
P40879,80,0.0087
Q7Z5A8,80,0.0087
Q9NQW1,80,0.0087
P01111,80,0.0087
Q86XK3,80,0.0087
O60811,80,0.0087
Q86YJ6,80,0.0087
P98073,80,0.0087
Q7KYR7,80,0.0087
Q06828,80,0.0087
Q86VX2,80,0.0087
Q9H2X3,80,0.0087
P21757,80,0.0087
Q8TEQ0,80,0.0087
Q9UBK8,80,0.0087
Q6ZYL4,80,0.0087
Q8IUG1,80,0.0087
O15182,80,0.0087
Q96CM8,80,0.0087
Q5T686,80,0.0087
Q99598,80,0.0087
Q8NI60,80,0.0087
P09488,80,0.0087
Q8N4C7,80,0.0087
A6NDG6,80,0.0087
Q92485,80,0.0087
Q9BSU1,80,0.0087
Q9Y2V2,80,0.0087
P49619,80,0.0087
P00995,80,0.0087
P15104,80,0.0087
O43291,80,0.0087
P16157,80,0.0087
Q9H8S5,80,0.0087
A0A0C4DH32,80,0.0087
Q13424,80,0.0087
Q9NPI9,80,0.0087
Q99437,79,0.0086
Q9NRP2,79,0.0086
P98066,79,0.0086
Q9HCU5,79,0.0086
A0A1W2PR75,79,0.0086
P37058,79,0.0086
Q30KQ4,79,0.0086
P06746,79,0.0086
P68032,79,0.0086
Q96K31,79,0.0086
Q5JVF3,79,0.0086
O43805,79,0.0086
Q8WVF2,79,0.0086
Q9NX40,79,0.0086
Q9BT40,79,0.0086
P31146,79,0.0086
Q495B1,79,0.0086
A6NNL5,79,0.0086
Q96E14,79,0.0086
Q8TAI7,79,0.0086
Q8IW92,79,0.0086
Q9NYK5,79,0.0086
Q96GX9,79,0.0086
Q8TEX9,79,0.0086
Q86X40,79,0.0086
P00750,79,0.0086
Q16674,79,0.0086
P22083,79,0.0086
Q1L6U9,79,0.0086
Q06141,79,0.0086
O15091,79,0.0086
Q8TAD8,79,0.0086
Q13325,79,0.0086
A6NNB3,79,0.0086
Q9UJ71,79,0.0086
Q99627,79,0.0086
O14788,79,0.0086
P01225,79,0.0086
Q12965,79,0.0086
P12645,79,0.0086
Q96PN8,79,0.0086
Q9NQ87,79,0.0086
P24557,79,0.0086
Q8NCY6,79,0.0086
Q9P0S9,79,0.0086
Q12950,79,0.0086
O60809,79,0.0086
Q9BRG2,79,0.0086
Q8TDZ2,79,0.0086
O60928,79,0.0086
Q8IYT1,79,0.0086
Q8N987,79,0.0086
Q969R8,79,0.0086
P41159,79,0.0086
P08185,79,0.0086
P40199,79,0.0086
Q9UBB4,79,0.0086
Q9UNI1,79,0.0086
Q2KHM9,79,0.0086
Q9BRX2,79,0.0086
Q96HM7,79,0.0086
Q9Y371,79,0.0086
P27487,79,0.0086
Q99952,79,0.0086
P54315,79,0.0086
P05230,79,0.0086
Q9BYZ8,79,0.0086
Q93070,79,0.0086
Q5VSG8,79,0.0086
Q9H568,79,0.0086
Q5BKX5,79,0.0086
P55073,79,0.0086
P01009,79,0.0086
A6NIH7,79,0.0086
Q7Z699,79,0.0086
Q5VWP2,79,0.0086
Q86YW0,79,0.0086
P20591,79,0.0086
O14793,79,0.0086
Q99880,79,0.0086
P08311,79,0.0086
P42679,79,0.0086
P42830,79,0.0086
O00488,79,0.0086
Q9NV88,79,0.0086
Q12981,79,0.0086
Q7RTX1,78,0.0085
P35237,78,0.0085
Q8TCD5,78,0.0085
Q9UI46,78,0.0085
Q9BXS5,78,0.0085
P20142,78,0.0085
Q6P093,78,0.0085
A3QJZ7,78,0.0085
P54577,78,0.0085
Q9NRW3,78,0.0085
O00116,78,0.0085
P08684,78,0.0085
Q8N1G4,78,0.0085
Q96GD4,78,0.0085
P07306,78,0.0085
Q8NA72,78,0.0085
P00488,78,0.0085
Q8IZD4,78,0.0085
Q8NC06,78,0.0085
Q96BT7,78,0.0085
Q9UDX3,78,0.0085
P49848,78,0.0085
Q9UHC3,78,0.0085
Q9H8M9,78,0.0085
Q9H9Q4,78,0.0085
B3EWG3,78,0.0085
Q96SW2,78,0.0085
P42658,78,0.0085
Q99963,78,0.0085
Q8WVP5,78,0.0085
O75871,78,0.0085
Q8N6D5,78,0.0085
Q92529,78,0.0085
Q9Y2G4,78,0.0085
Q8TD06,78,0.0085
Q86VY4,78,0.0085
Q92542,78,0.0085
P83369,78,0.0085
P51798,78,0.0085
Q16891,78,0.0085
Q13253,78,0.0085
Q969Z4,78,0.0085
Q8WTR2,78,0.0085
Q01629,78,0.0085
O43741,78,0.0085
Q8N428,78,0.0085
Q8NHR9,78,0.0085
Q96AT9,78,0.0085
P02549,78,0.0085
Q9H4M3,78,0.0085
O75312,78,0.0085
Q9P299,78,0.0085
P23434,78,0.0085
Q15785,78,0.0085
O00338,78,0.0085
Q86YF9,78,0.0085
Q8NCH0,78,0.0085
Q9NPZ5,78,0.0085
Q96Q05,78,0.0085
Q4G0I0,78,0.0085
P59190,78,0.0085
A0A075B6K2,78,0.0085
P29034,78,0.0085
Q3KP44,78,0.0085
Q9HD89,78,0.0085
P02775,78,0.0085
Q86YS7,78,0.0085
P50238,78,0.0085
Q9UBG7,78,0.0085
Q9NRF9,78,0.0085
Q8N7A1,78,0.0085
Q13257,78,0.0085
P35236,78,0.0085
O95379,78,0.0085
Q6FHJ7,78,0.0085
Q6NSJ2,78,0.0085
Q99999,78,0.0085
Q8IUD6,78,0.0085
Q9NQG7,78,0.0085
Q96NT3,78,0.0085
P03973,78,0.0085
Q8N4B4,78,0.0085
O15116,78,0.0085
P08572,78,0.0085
O75019,78,0.0085
A6NLX3,78,0.0085
O75629,78,0.0085
P11150,78,0.0085
Q8WWZ4,78,0.0085
Q9NX36,78,0.0085
P09105,77,0.0084
O94889,77,0.0084
Q8TEA8,77,0.0084
P54284,77,0.0084
P06899,77,0.0084
P31949,77,0.0084
Q86U28,77,0.0084
Q6YN16,77,0.0084
P10586,77,0.0084
Q9BQ24,77,0.0084
O15143,77,0.0084
Q16690,77,0.0084
Q86WH2,77,0.0084
P43234,77,0.0084
Q99848,77,0.0084
O75635,77,0.0084
Q9H944,77,0.0084
Q86SX6,77,0.0084
Q7Z388,77,0.0084
Q9H3L0,77,0.0084
Q8WVV5,77,0.0084
P83436,77,0.0084
O15492,77,0.0084
P01034,77,0.0084
Q96JK4,77,0.0084
Q8NBF2,77,0.0084
P62502,77,0.0084
O43824,77,0.0084
P09341,77,0.0084
Q9NR96,77,0.0084
Q6UWX4,77,0.0084
Q9H8H3,77,0.0084
Q96MX6,77,0.0084
Q9Y5X4,77,0.0084
O14508,77,0.0084
O95707,77,0.0084
Q9UQP3,77,0.0084
Q9NX57,77,0.0084
Q96JP0,77,0.0084
O43639,77,0.0084
Q2QD12,77,0.0084
P01601,77,0.0084
P20718,77,0.0084
O60906,77,0.0084
Q96EW2,77,0.0084
Q8NDC4,77,0.0084
Q9H6S3,77,0.0084
Q75T13,77,0.0084
Q9BW72,77,0.0084
P49641,77,0.0084
P0C869,77,0.0084
Q9H3U1,77,0.0084
P04844,77,0.0084
Q5T7V8,77,0.0084
Q6XD76,77,0.0084
Q8WXC3,77,0.0084
Q9UL19,77,0.0084
O00478,77,0.0084
Q8NAG6,77,0.0084
Q9UQ84,77,0.0084
Q14028,77,0.0084
Q8NFU3,77,0.0084
O75794,77,0.0084
Q14002,77,0.0084
O95049,77,0.0084
Q6P1M0,77,0.0084
P13984,77,0.0084
O00222,77,0.0084
O95182,77,0.0084
Q15404,77,0.0084
O75971,77,0.0084
O43504,77,0.0084
Q5EG05,77,0.0084
Q9Y3C1,77,0.0084
O95199,77,0.0084
Q9H0R4,77,0.0084
A6NM36,77,0.0084
P0C1Z6,77,0.0084
Q9H306,77,0.0084
Q8N6K7,77,0.0084
Q9NZN3,77,0.0084
Q14573,77,0.0084
Q9NZQ0,77,0.0084
Q9NZN4,77,0.0084
P15374,77,0.0084
Q9BXX0,77,0.0084
Q8IUC6,77,0.0084
O76096,76,0.0083
Q96RT1,76,0.0083
Q9UJA5,76,0.0083
O15303,76,0.0083
Q9UIV8,76,0.0083
P03979,76,0.0083
Q5SWX8,76,0.0083
Q6Q4G3,76,0.0083
Q6PK04,76,0.0083
Q96T76,76,0.0083
Q9UHQ9,76,0.0083
P08493,76,0.0083
Q9BYC8,76,0.0083
P22234,76,0.0083
Q8WUH2,76,0.0083
Q9P2X0,76,0.0083
Q96RU7,76,0.0083
Q99536,76,0.0083
Q7Z5J8,76,0.0083
Q8TCA0,76,0.0083
Q96H22,76,0.0083
Q8TCB7,76,0.0083
Q6ZVH7,76,0.0083
Q8NBK3,76,0.0083
Q8WV16,76,0.0083
Q8WXG1,76,0.0083
Q9NS73,76,0.0083
Q8NCL4,76,0.0083
Q13201,76,0.0083
Q8WZ74,76,0.0083
Q9UNK0,76,0.0083
O43598,76,0.0083
Q9HB65,76,0.0083
Q9NTQ9,76,0.0083
P48594,76,0.0083
Q8WVQ1,76,0.0083
Q9UGV2,76,0.0083
Q14432,76,0.0083
P48147,76,0.0083
Q008S8,76,0.0083
A3KMH1,76,0.0083
Q9Y224,76,0.0083
Q8TBK2,76,0.0083
Q12884,76,0.0083
Q5HYI7,76,0.0083
Q86WU2,76,0.0083
Q9Y664,76,0.0083
P14091,76,0.0083
Q969T9,76,0.0083
Q8TAG9,76,0.0083
O14880,76,0.0083
Q86UD5,76,0.0083
O43148,76,0.0083
Q6UWN0,76,0.0083
Q8WU67,76,0.0083
Q9Y241,76,0.0083
Q9GZT4,76,0.0083
Q641Q2,76,0.0083
Q8NBQ5,76,0.0083
P42704,76,0.0083
Q5T2N8,76,0.0083
Q9GZU2,76,0.0083
Q9Y6Z7,76,0.0083
Q9BUK0,76,0.0083
O00468,76,0.0083
Q9UKT5,76,0.0083
Q9HBL0,76,0.0083
Q96B45,76,0.0083
P52565,76,0.0083
P0DH78,76,0.0083
Q9H741,76,0.0083
P15248,76,0.0083
Q9NP99,76,0.0083
Q8NDB2,76,0.0083
P05387,76,0.0083
O60861,76,0.0083
Q9BW30,76,0.0083
A6PVL3,76,0.0083
Q5I0X7,76,0.0083
P13639,76,0.0083
Q96EY7,76,0.0083
P30047,76,0.0083
Q92643,76,0.0083
Q8IWL3,75,0.0082
P05090,75,0.0082
Q17RY6,75,0.0082
Q96PZ2,75,0.0082
O60894,75,0.0082
A6NGE7,75,0.0082
Q96J94,75,0.0082
P00738,75,0.0082
A0A1B0GVK7,75,0.0082
O60543,75,0.0082
P37287,75,0.0082
Q02790,75,0.0082
Q8WYQ4,75,0.0082
Q9BQS8,75,0.0082
P20930,75,0.0082
Q8WXE0,75,0.0082
Q9Y2X8,75,0.0082
P16671,75,0.0082
P31947,75,0.0082
Q9NXL6,75,0.0082
P54274,75,0.0082
Q8N983,75,0.0082
O14924,75,0.0082
Q9H892,75,0.0082
P28476,75,0.0082
P06702,75,0.0082
Q13884,75,0.0082
Q8NCM2,75,0.0082
P31350,75,0.0082
Q86XR8,75,0.0082
Q8TF08,75,0.0082
Q8N427,75,0.0082
O95704,75,0.0082
Q6NT55,75,0.0082
Q9Y6J9,75,0.0082
Q12794,75,0.0082
Q5QGT7,75,0.0082
P00568,75,0.0082
P06028,75,0.0082
Q9NST1,75,0.0082
P23381,75,0.0082
P11226,75,0.0082
Q9H6L2,75,0.0082
Q9NVU0,75,0.0082
P08240,75,0.0082
P52849,75,0.0082
Q8WWU5,75,0.0082
A4D1T9,75,0.0082
Q9H875,75,0.0082
Q8IXI1,75,0.0082
Q86UP6,75,0.0082
Q9BY14,75,0.0082
Q5T6X5,75,0.0082
Q5MNZ6,75,0.0082
Q96F25,75,0.0082
P30532,75,0.0082
P51580,75,0.0082
Q6P0A1,75,0.0082
Q9NVK5,75,0.0082
Q9UKQ2,75,0.0082
Q96MF7,75,0.0082
Q5I7T1,75,0.0082
Q15849,75,0.0082
Q86UY6,75,0.0082
O00231,75,0.0082
Q68CK6,75,0.0082
Q9P126,75,0.0082
O94766,75,0.0082
P0C025,75,0.0082
P28845,75,0.0082
P13640,75,0.0082
P58397,75,0.0082
Q16873,75,0.0082
Q5BKY1,75,0.0082
Q6P1X6,75,0.0082
O95861,75,0.0082
Q6QHC5,75,0.0082
Q9UBN7,75,0.0082
O75712,75,0.0082
Q8NBI2,75,0.0082
Q99735,75,0.0082
O75604,75,0.0082
Q9ULZ3,75,0.0082
Q96BT3,75,0.0082
A6NK44,75,0.0082
Q9Y484,74,0.0081
O43187,74,0.0081
Q12980,74,0.0081
P14867,74,0.0081
Q6IQ20,74,0.0081
Q8IXV7,74,0.0081
Q15165,74,0.0081
Q6NUQ1,74,0.0081
P0CF97,74,0.0081
Q14249,74,0.0081
Q6SZW1,74,0.0081
P98187,74,0.0081
O75888,74,0.0081
Q9NX01,74,0.0081
Q6ZMI3,74,0.0081
Q9BYQ5,74,0.0081
Q9Y490,74,0.0081
Q53GI3,74,0.0081
Q13490,74,0.0081
Q92902,74,0.0081
P30154,74,0.0081
P45452,74,0.0081
Q6RW13,74,0.0081
Q969Q1,74,0.0081
Q96CW6,74,0.0081
Q8TEQ6,74,0.0081
Q8IZP0,74,0.0081
Q96FK6,74,0.0081
Q96MF6,74,0.0081
P53618,74,0.0081
Q9NPF7,74,0.0081
Q96A58,74,0.0081
Q5M9Q1,74,0.0081
Q13520,74,0.0081
P00797,74,0.0081
Q8WTV1,74,0.0081
Q96MS3,74,0.0081
Q86Y78,74,0.0081
A6NLX4,74,0.0081
Q10472,74,0.0081
Q9H3Y6,74,0.0081
O00483,74,0.0081
Q9C029,74,0.0081
O95273,74,0.0081
O00203,74,0.0081
Q9BXU3,74,0.0081
P35606,74,0.0081
Q9H0U9,74,0.0081
Q9HCN4,74,0.0081
Q9HC23,74,0.0081
Q9C0K3,74,0.0081
Q6PII5,74,0.0081
Q7Z6V5,74,0.0081
Q9Y4X3,74,0.0081
P04792,74,0.0081
Q96JH8,74,0.0081
Q15599,74,0.0081
Q6IEV9,74,0.0081
Q5UCC4,74,0.0081
Q13795,74,0.0081
Q8N2U0,74,0.0081
P18858,74,0.0081
Q9H204,74,0.0081
Q9NUQ8,74,0.0081
P40123,74,0.0081
Q9NWL6,74,0.0081
P17706,74,0.0081
Q658N2,74,0.0081
Q5T5N4,74,0.0081
Q8N9F0,74,0.0081
A4D1U4,74,0.0081
Q2TB18,74,0.0081
Q9BRX9,74,0.0081
Q9BY64,74,0.0081
Q9UHI6,74,0.0081
Q99622,74,0.0081
Q9UBT7,74,0.0081
Q30KP8,74,0.0081
P0DTL5,74,0.0081
Q96DN0,74,0.0081
P60413,74,0.0081
Q8N394,74,0.0081
Q6UWJ1,74,0.0081
Q15646,74,0.0081
Q8N7C7,74,0.0081
A0PK00,74,0.0081
Q8IUR5,74,0.0081
P36543,74,0.0081
Q8TAB5,74,0.0081
P20592,74,0.0081
P50591,74,0.0081
P57055,74,0.0081
Q7Z6L0,74,0.0081
Q9UII2,74,0.0081
Q9BZ19,74,0.0081
Q9BTA0,74,0.0081
A6NKC9,74,0.0081
Q96CP6,74,0.0081
C9JBD0,74,0.0081
P05120,74,0.0081
Q9NS28,74,0.0081
Q96H15,73,0.0079
A6NK59,73,0.0079
Q8TE57,73,0.0079
Q9HD34,73,0.0079
O75674,73,0.0079
Q9Y4A8,73,0.0079
Q92508,73,0.0079
Q6XPS3,73,0.0079
Q5T7W7,73,0.0079
Q9NPJ3,73,0.0079
Q8IVD9,73,0.0079
Q8WU39,73,0.0079
Q96BQ5,73,0.0079
P01040,73,0.0079
O95868,73,0.0079
O15118,73,0.0079
Q99726,73,0.0079
O60496,73,0.0079
Q969X2,73,0.0079
Q8N807,73,0.0079
Q7Z5J1,73,0.0079
Q6ZRP7,73,0.0079
O00341,73,0.0079
Q01780,73,0.0079
Q7L5Y9,73,0.0079
Q9H3P2,73,0.0079
Q9UMX2,73,0.0079
P03951,73,0.0079
P57730,73,0.0079
Q8TC44,73,0.0079
Q53GQ0,73,0.0079
Q8IZQ5,73,0.0079
O95969,73,0.0079
Q2M389,73,0.0079
Q504Y2,73,0.0079
Q5BVD1,73,0.0079
O14548,73,0.0079
P84074,73,0.0079
O75628,73,0.0079
O00159,73,0.0079
Q8TB45,73,0.0079
O00626,73,0.0079
A8MV81,73,0.0079
P0DN37,73,0.0079
O76003,73,0.0079
Q9UI95,73,0.0079
Q14674,73,0.0079
Q4G0M1,73,0.0079
P82663,73,0.0079
Q8NEG7,73,0.0079
P55001,73,0.0079
Q9H583,73,0.0079
Q8N436,73,0.0079
O15399,73,0.0079
Q10567,73,0.0079
Q16706,73,0.0079
Q9NRQ2,73,0.0079
O00481,73,0.0079
Q8IYA6,73,0.0079
Q6IS14,73,0.0079
Q99426,73,0.0079
O14879,73,0.0079
Q8N3I7,73,0.0079
Q14435,73,0.0079
Q9NQZ2,73,0.0079
Q9BQI4,73,0.0079
Q9BSH3,73,0.0079
Q96GC5,73,0.0079
Q9BRA0,73,0.0079
Q8TE56,73,0.0079
P12429,73,0.0079
Q15744,73,0.0079
Q96AM1,73,0.0079
Q04756,73,0.0079
Q8N6M5,73,0.0079
Q9HDD0,73,0.0079
Q9H813,73,0.0079
Q8WWZ8,73,0.0079
Q8NDN9,73,0.0079
P62875,73,0.0079
P35247,73,0.0079
Q7Z6K1,73,0.0079
Q8IUA7,73,0.0079
Q99712,73,0.0079
Q96RP7,72,0.0078
P56589,72,0.0078
Q96EN9,72,0.0078
Q8N3Z0,72,0.0078
O00463,72,0.0078
Q8NEW0,72,0.0078
P06400,72,0.0078
P56385,72,0.0078
P09327,72,0.0078
Q96KE9,72,0.0078
Q5T2S8,72,0.0078
O75897,72,0.0078
Q8WTU2,72,0.0078
Q92186,72,0.0078
P14555,72,0.0078
Q96L58,72,0.0078
Q8IWF6,72,0.0078
Q8IV03,72,0.0078
A6NLP5,72,0.0078
P57740,72,0.0078
P48556,72,0.0078
O75347,72,0.0078
P09958,72,0.0078
Q5TGZ0,72,0.0078
Q969H6,72,0.0078
Q9UBW5,72,0.0078
Q9NRN9,72,0.0078
Q8N4N3,72,0.0078
P11230,72,0.0078
O43324,72,0.0078
Q9BQ87,72,0.0078
Q9BQB4,72,0.0078
Q6ZN16,72,0.0078
Q5XKK7,72,0.0078
Q92535,72,0.0078
Q2M5E4,72,0.0078
P00403,72,0.0078
Q9HC96,72,0.0078
Q9UNZ5,72,0.0078
Q9NQW8,72,0.0078
Q8TCE6,72,0.0078
O76074,72,0.0078
P22760,72,0.0078
Q9BPW8,72,0.0078
Q9NP92,72,0.0078
Q96PZ0,72,0.0078
P0C0E4,72,0.0078
P40145,72,0.0078
Q9UQ03,72,0.0078
P01210,72,0.0078
Q13239,72,0.0078
Q16825,72,0.0078
Q4VC31,72,0.0078
Q9NPI5,72,0.0078
Q9UHF1,72,0.0078
Q8WVE7,72,0.0078
Q969K4,72,0.0078
O00204,72,0.0078
Q8WWZ3,72,0.0078
Q01064,72,0.0078
O94903,72,0.0078
Q9BTY2,72,0.0078
Q16445,72,0.0078
Q13454,72,0.0078
O00499,72,0.0078
Q9H772,72,0.0078
Q9Y2E8,72,0.0078
Q9NRD9,72,0.0078
Q9HAT1,72,0.0078
P43629,72,0.0078
Q9NWV8,72,0.0078
O75140,72,0.0078
Q9BRR6,72,0.0078
Q9NUJ1,72,0.0078
O14656,72,0.0078
P29322,72,0.0078
O75829,72,0.0078
Q8N104,72,0.0078
P09238,72,0.0078
P47992,72,0.0078
P04406,72,0.0078
Q9Y2G8,72,0.0078
Q9Y6N9,72,0.0078
P10073,72,0.0078
P09466,72,0.0078
Q9NPG2,72,0.0078
Q9H4T2,72,0.0078
Q8NG50,72,0.0078
Q9Y210,72,0.0078
Q9BQ49,72,0.0078
P0DM35,72,0.0078
A6NCJ1,72,0.0078
P35269,72,0.0078
Q9UH77,71,0.0077
Q9HCX4,71,0.0077
P31997,71,0.0077
Q6ZMB0,71,0.0077
Q86WT6,71,0.0077
Q6UX72,71,0.0077
Q9NWQ9,71,0.0077
Q15126,71,0.0077
Q495C1,71,0.0077
Q8WV92,71,0.0077
P16278,71,0.0077
P55042,71,0.0077
Q9UDY8,71,0.0077
Q9UIA0,71,0.0077
Q9Y5L0,71,0.0077
P10109,71,0.0077
Q08431,71,0.0077
Q9NPJ6,71,0.0077
Q14957,71,0.0077
Q5JR98,71,0.0077
Q9Y5J5,71,0.0077
Q13451,71,0.0077
Q9BYR8,71,0.0077
Q9Y258,71,0.0077
Q9NZ72,71,0.0077
Q56P42,71,0.0077
P40126,71,0.0077
Q9BRJ7,71,0.0077
P61601,71,0.0077
P58658,71,0.0077
Q13507,71,0.0077
P31749,71,0.0077
Q9UN36,71,0.0077
O95147,71,0.0077
O95292,71,0.0077
Q5SYB0,71,0.0077
P25067,71,0.0077
Q8TBB1,71,0.0077
P55040,71,0.0077
Q8NGM1,71,0.0077
O95810,71,0.0077
O43818,71,0.0077
Q7Z3E5,71,0.0077
P24046,71,0.0077
Q32P28,71,0.0077
Q86V35,71,0.0077
Q9H0T7,71,0.0077
Q8N149,71,0.0077
Q9BSC4,71,0.0077
Q9NSI2,71,0.0077
Q7Z2Z2,71,0.0077
Q9ULV4,71,0.0077
Q8NFH4,71,0.0077
P23471,71,0.0077
Q15293,71,0.0077
Q6ICH7,71,0.0077
Q9UQB9,71,0.0077
Q69YI7,71,0.0077
Q9UFC0,71,0.0077
P49914,71,0.0077
P43403,71,0.0077
Q8NFX7,71,0.0077
Q9H4E5,71,0.0077
O00762,71,0.0077
P22891,71,0.0077
P04155,71,0.0077
Q6ZS82,71,0.0077
Q9UGQ2,71,0.0077
Q8WVC6,71,0.0077
O43257,71,0.0077
P10606,71,0.0077
Q9P2D3,71,0.0077
Q13094,71,0.0077
Q9H7C9,71,0.0077
Q7LGA3,71,0.0077
Q14112,71,0.0077
O95757,71,0.0077
O94777,71,0.0077
Q6B9Z1,71,0.0077
Q9HA47,71,0.0077
Q16531,71,0.0077
Q6ICB0,71,0.0077
O95521,71,0.0077
Q12849,71,0.0077
Q9H6A0,71,0.0077
Q6PIV2,71,0.0077
Q7L2H7,71,0.0077
Q9H0N0,71,0.0077
Q7Z7G1,71,0.0077
P09471,71,0.0077
O60896,71,0.0077
O00471,71,0.0077
Q8WU03,71,0.0077
P50502,71,0.0077
Q92558,71,0.0077
Q6DHV7,71,0.0077
Q9GZX7,71,0.0077
Q9NP87,71,0.0077
Q7Z7M9,71,0.0077
Q9GZP4,71,0.0077
O43683,71,0.0077
Q9H808,71,0.0077
Q9UBP9,70,0.0076
Q6NUN0,70,0.0076
Q7Z2F6,70,0.0076
P02656,70,0.0076
Q03403,70,0.0076
O95721,70,0.0076
Q8IVY1,70,0.0076
Q8IZJ3,70,0.0076
Q9UJW9,70,0.0076
Q6X9E4,70,0.0076
Q13003,70,0.0076
P35542,70,0.0076
Q5VZV1,70,0.0076
Q96RT7,70,0.0076
Q7Z5A7,70,0.0076
Q9Y337,70,0.0076
O15524,70,0.0076
Q96GE9,70,0.0076
Q5JXM2,70,0.0076
P53611,70,0.0076
Q9H6Y7,70,0.0076
Q07617,70,0.0076
Q0VDF9,70,0.0076
Q11206,70,0.0076
O95259,70,0.0076
Q86WA9,70,0.0076
Q2M2W7,70,0.0076
Q9NRA0,70,0.0076
Q96BK5,70,0.0076
Q4QY38,70,0.0076
Q9H082,70,0.0076
Q14416,70,0.0076
Q8N8N7,70,0.0076
Q17RN3,70,0.0076
O95372,70,0.0076
Q9UK55,70,0.0076
A0AVI4,70,0.0076
A0A0C4DH34,70,0.0076
Q9H9L3,70,0.0076
P57060,70,0.0076
A6NED2,70,0.0076
P43378,70,0.0076
Q8TDN1,70,0.0076
P54855,70,0.0076
Q9NXR1,70,0.0076
A6NH57,70,0.0076
O75146,70,0.0076
P07360,70,0.0076
Q7LFX5,70,0.0076
Q13158,70,0.0076
Q96S42,70,0.0076
Q86WA8,70,0.0076
Q8NBX0,70,0.0076
P04275,70,0.0076
P26572,70,0.0076
O95190,70,0.0076
P05452,70,0.0076
P21709,70,0.0076
Q96L34,70,0.0076
Q53GS9,70,0.0076
O60256,70,0.0076
Q7Z7K0,70,0.0076
Q8N336,70,0.0076
Q8IUH2,70,0.0076
A0A075B6H7,70,0.0076
P47944,70,0.0076
Q8NBS9,70,0.0076
P09874,70,0.0076
P35670,70,0.0076
P21283,70,0.0076
P26641,70,0.0076
Q8N100,70,0.0076
Q9NRS4,70,0.0076
Q5VUE5,70,0.0076
Q9P003,70,0.0076
F8VTS6,70,0.0076
Q8N8D1,70,0.0076
Q8TD22,70,0.0076
Q7RTZ2,70,0.0076
P42785,70,0.0076
Q92530,70,0.0076
P15880,70,0.0076
Q969D9,70,0.0076
P22304,70,0.0076
Q8IVB4,70,0.0076
Q00577,70,0.0076
O95237,70,0.0076
P13232,70,0.0076
Q9BSQ5,70,0.0076
O00308,70,0.0076
Q7Z4G4,70,0.0076
Q16627,70,0.0076
P26045,70,0.0076
P80075,70,0.0076
O14593,70,0.0076
O95178,70,0.0076
Q86YD1,70,0.0076
O43678,70,0.0076
Q969G6,70,0.0076
Q16661,70,0.0076
Q8N3E9,70,0.0076
P30926,70,0.0076
A0A1B0GVR7,70,0.0076
Q9BYR7,70,0.0076
P80162,70,0.0076
P60328,70,0.0076
A8MPS7,70,0.0076
Q9BZG2,69,0.0075
Q8N129,69,0.0075
Q6IPU0,69,0.0075
P18206,69,0.0075
Q08881,69,0.0075
P23470,69,0.0075
Q14108,69,0.0075
Q8TF42,69,0.0075
A0A1B0GUA7,69,0.0075
P42345,69,0.0075
Q9BRV8,69,0.0075
O00459,69,0.0075
Q8N442,69,0.0075
O43822,69,0.0075
O15041,69,0.0075
Q8TAA1,69,0.0075
P05121,69,0.0075
Q9Y2E5,69,0.0075
P10768,69,0.0075
Q15018,69,0.0075
A8MPY1,69,0.0075
Q9H999,69,0.0075
P03952,69,0.0075
Q15464,69,0.0075
O60391,69,0.0075
Q8TDG4,69,0.0075
Q3ZCN5,69,0.0075
Q5QJU3,69,0.0075
Q02818,69,0.0075
Q6P1R4,69,0.0075
O60269,69,0.0075
Q96CB9,69,0.0075
Q6UWQ7,69,0.0075
P01011,69,0.0075
Q8WYP5,69,0.0075
P29279,69,0.0075
Q9H2C0,69,0.0075
Q99623,69,0.0075
Q8WX77,69,0.0075
Q8WUK0,69,0.0075
P36551,69,0.0075
A6NEH6,69,0.0075
P37840,69,0.0075
Q96DE9,69,0.0075
Q9ULS5,69,0.0075
Q6DKJ4,69,0.0075
Q96FN4,69,0.0075
Q5VXI9,69,0.0075
Q9Y2Y8,69,0.0075
P08754,69,0.0075
P0DJI8,69,0.0075
Q9UGK8,69,0.0075
P20062,69,0.0075
Q96S94,69,0.0075
O95925,69,0.0075
Q9HC24,69,0.0075
Q9ULC3,69,0.0075
Q86WQ0,69,0.0075
Q9Y615,69,0.0075
Q7Z3Z2,69,0.0075
Q86X45,69,0.0075
O60925,69,0.0075
P86791,69,0.0075
P41231,69,0.0075
P00450,69,0.0075
Q9H9P2,69,0.0075
A0A0C4DH39,69,0.0075
P51800,69,0.0075
P06731,69,0.0075
Q9UJ72,69,0.0075
Q8IY81,69,0.0075
O14836,69,0.0075
Q96AZ1,69,0.0075
Q8IY95,69,0.0075
O60231,69,0.0075
Q49A26,69,0.0075
P16298,69,0.0075
Q86T20,69,0.0075
Q7Z4G1,69,0.0075
Q6UWU2,69,0.0075
P13861,69,0.0075
Q96BZ9,69,0.0075
Q8IWL2,69,0.0075
Q9BZQ4,69,0.0075
Q6P9G0,69,0.0075
Q8TF17,69,0.0075
Q15669,69,0.0075
Q99584,69,0.0075
Q9P0S2,69,0.0075
Q8NET6,69,0.0075
Q8N6N6,69,0.0075
Q96CD0,69,0.0075
A4GXA9,69,0.0075
O43570,68,0.0074
Q49AG3,68,0.0074
Q96RP3,68,0.0074
P32970,68,0.0074
Q6NW29,68,0.0074
O15243,68,0.0074
Q96MG7,68,0.0074
Q7Z6J2,68,0.0074
Q9BV99,68,0.0074
Q15697,68,0.0074
Q96EK6,68,0.0074
Q8IYX1,68,0.0074
P48745,68,0.0074
Q8WWA0,68,0.0074
Q6UXG8,68,0.0074
A8MXD5,68,0.0074
Q9UNY5,68,0.0074
Q9BXU2,68,0.0074
Q9NQ31,68,0.0074
Q8N257,68,0.0074
Q9UBX8,68,0.0074
Q6UWU4,68,0.0074
O43295,68,0.0074
Q9BTT4,68,0.0074
Q7Z624,68,0.0074
Q9UNQ0,68,0.0074
O94979,68,0.0074
P59990,68,0.0074
P58557,68,0.0074
Q8IWA0,68,0.0074
Q9Y2C9,68,0.0074
Q8IWT1,68,0.0074
Q14CX7,68,0.0074
Q53H76,68,0.0074
Q86X24,68,0.0074
Q9UBV2,68,0.0074
P61626,68,0.0074
Q96G28,68,0.0074
Q9UNW1,68,0.0074
Q56NI9,68,0.0074
O43815,68,0.0074
Q9UJT9,68,0.0074
Q9UQ53,68,0.0074
Q9BVM4,68,0.0074
C9JLW8,68,0.0074
Q16763,68,0.0074
P05111,68,0.0074
Q92966,68,0.0074
Q9BYR6,68,0.0074
Q8N1C3,68,0.0074
Q02083,68,0.0074
Q68DD2,68,0.0074
Q2TAA2,68,0.0074
P55056,68,0.0074
Q8TED0,68,0.0074
Q6IA17,68,0.0074
Q8WVN8,68,0.0074
Q5T215,68,0.0074
Q8N5C1,68,0.0074
P46777,68,0.0074
Q9NUG6,68,0.0074
Q9H0C5,68,0.0074
P45877,68,0.0074
P82251,68,0.0074
Q9BTP7,68,0.0074
Q9NVF9,68,0.0074
Q63HR2,68,0.0074
O94763,68,0.0074
P58505,68,0.0074
P81274,68,0.0074
Q99447,68,0.0074
P17812,68,0.0074
Q00LT1,68,0.0074
Q9P1T7,68,0.0074
Q7Z692,68,0.0074
Q7Z6J9,68,0.0074
Q08188,68,0.0074
Q01484,68,0.0074
P18754,68,0.0074
P09769,68,0.0074
O00585,68,0.0074
O14520,68,0.0074
P07585,68,0.0074
P62910,68,0.0074
P51957,68,0.0074
P52429,68,0.0074
Q4VC12,68,0.0074
Q05048,68,0.0074
P28065,68,0.0074
Q9BRR3,68,0.0074
Q92759,68,0.0074
Q495X7,68,0.0074
P78543,68,0.0074
Q8TDG2,68,0.0074
Q8IYS8,68,0.0074
Q8TCT7,68,0.0074
Q9UHR6,68,0.0074
Q18PE1,68,0.0074
Q6IPR1,68,0.0074
Q92791,68,0.0074
Q6ZVZ8,68,0.0074
Q9UKY0,68,0.0074
P47211,68,0.0074
P39210,68,0.0074
Q14694,68,0.0074
Q9BV87,68,0.0074
A0PK11,68,0.0074
P05937,68,0.0074
Q9BRU9,68,0.0074
Q8IZ41,68,0.0074
Q86SG6,68,0.0074
A8MT69,68,0.0074
Q969G5,68,0.0074
Q9H596,68,0.0074
Q00005,68,0.0074
P19878,68,0.0074
Q58HT5,68,0.0074
P36955,68,0.0074
Q8IZS6,68,0.0074
Q9P0B6,68,0.0074
Q9H8L6,67,0.0073
O43653,67,0.0073
Q15389,67,0.0073
Q92826,67,0.0073
Q9NWU2,67,0.0073
Q5U4P2,67,0.0073
Q8N9R6,67,0.0073
Q969Y0,67,0.0073
Q68CZ2,67,0.0073
Q8N8I0,67,0.0073
A1XBS5,67,0.0073
P61923,67,0.0073
P00395,67,0.0073
Q9HB29,67,0.0073
Q9BW11,67,0.0073
Q53S08,67,0.0073
Q14964,67,0.0073
Q8IWT0,67,0.0073
O15504,67,0.0073
Q969Q6,67,0.0073
P19086,67,0.0073
Q8TC84,67,0.0073
Q9Y2Q5,67,0.0073
A8MYV0,67,0.0073
Q9Y2T2,67,0.0073
Q9P0P8,67,0.0073
Q9GZN8,67,0.0073
C9J3I9,67,0.0073
O15131,67,0.0073
Q08397,67,0.0073
Q9NYY8,67,0.0073
Q8WUD4,67,0.0073
Q9NNZ3,67,0.0073
Q96FW1,67,0.0073
Q9H4M9,67,0.0073
Q9Y235,67,0.0073
Q92625,67,0.0073
Q14331,67,0.0073
Q2WGJ8,67,0.0073
P04818,67,0.0073
Q9BYD5,67,0.0073
P0DI82,67,0.0073
Q9UKP4,67,0.0073
Q6XZB0,67,0.0073
Q6NUT2,67,0.0073
Q9UNP4,67,0.0073
Q00973,67,0.0073
Q8NET8,67,0.0073
Q16558,67,0.0073
Q9NPH3,67,0.0073
Q8TDC0,67,0.0073
Q9UKA8,67,0.0073
Q5H8A4,67,0.0073
Q96PV6,67,0.0073
Q6GMV2,67,0.0073
Q7Z7B7,67,0.0073
P05109,67,0.0073
O96015,67,0.0073
Q10469,67,0.0073
Q96LB0,67,0.0073
O75915,67,0.0073
Q9Y365,67,0.0073
P26447,67,0.0073
Q96MC5,67,0.0073
Q9UM22,67,0.0073
P35749,67,0.0073
O95551,67,0.0073
O75477,67,0.0073
P10323,67,0.0073
Q9H3S3,67,0.0073
Q9BTM9,67,0.0073
Q9BTV6,67,0.0073
Q96JZ2,67,0.0073
Q6UWE3,67,0.0073
P53677,67,0.0073
Q9BZM1,67,0.0073
Q7Z7G2,67,0.0073
Q9BYV8,67,0.0073
P22894,67,0.0073
O00305,67,0.0073
Q96AN5,67,0.0073
P18621,67,0.0073
Q8N5S3,67,0.0073
Q9NZP8,67,0.0073
Q8N752,67,0.0073
P04271,67,0.0073
Q96CW5,67,0.0073
Q6ZTZ1,67,0.0073
Q9UMW8,67,0.0073
O60658,67,0.0073
O95989,67,0.0073
O95685,67,0.0073
Q9NP79,67,0.0073
O75916,67,0.0073
A2PYH4,67,0.0073
P31371,67,0.0073
O95750,67,0.0073
Q5W064,67,0.0073
Q6P6B7,67,0.0073
Q15649,67,0.0073
Q8TCU5,67,0.0073
P22528,67,0.0073
Q96LB8,67,0.0073
Q9Y625,67,0.0073
Q9Y272,67,0.0073
Q9BQK8,67,0.0073
Q9Y3B3,67,0.0073
Q07889,67,0.0073
Q7Z449,67,0.0073
P15882,67,0.0073
Q8NFL0,67,0.0073
Q8NFU0,67,0.0073
Q9BYM8,66,0.0072
P33778,66,0.0072
Q96BD8,66,0.0072
Q8N6N3,66,0.0072
A6NCL1,66,0.0072
Q99489,66,0.0072
Q9H089,66,0.0072
A9UHW6,66,0.0072
C9J6K1,66,0.0072
O14543,66,0.0072
Q96AJ9,66,0.0072
Q6B0K9,66,0.0072
Q9Y263,66,0.0072
Q92482,66,0.0072
Q8N3F8,66,0.0072
P60866,66,0.0072
O43559,66,0.0072
Q6UX07,66,0.0072
Q8WVH0,66,0.0072
P51153,66,0.0072
Q5U623,66,0.0072
Q6X4U4,66,0.0072
Q8WWR8,66,0.0072
Q8N1Q8,66,0.0072
Q9GZN4,66,0.0072
Q9BZD4,66,0.0072
Q5VVH2,66,0.0072
Q3ZCQ3,66,0.0072
Q6NXS1,66,0.0072
A6NI79,66,0.0072
Q9NSY0,66,0.0072
P43308,66,0.0072
Q8WXA2,66,0.0072
Q96S52,66,0.0072
Q96FV3,66,0.0072
O43566,66,0.0072
O00566,66,0.0072
Q9Y6N1,66,0.0072
P35452,66,0.0072
Q02928,66,0.0072
P15538,66,0.0072
Q93075,66,0.0072
P55735,66,0.0072
P05156,66,0.0072
Q13569,66,0.0072
Q9UBC7,66,0.0072
Q8WW52,66,0.0072
Q86VS3,66,0.0072
Q5T160,66,0.0072
O60266,66,0.0072
Q96I36,66,0.0072
Q9UKB3,66,0.0072
Q92932,66,0.0072
Q9NX08,66,0.0072
Q9HAD4,66,0.0072
O43240,66,0.0072
P05154,66,0.0072
Q06520,66,0.0072
O15537,66,0.0072
Q8NBS3,66,0.0072
Q93077,66,0.0072
P0C7W6,66,0.0072
Q9UH17,66,0.0072
Q0VAK6,66,0.0072
Q9H840,66,0.0072
Q15119,66,0.0072
P46778,66,0.0072
Q9H7H0,66,0.0072
P49842,66,0.0072
Q6VN20,66,0.0072
Q96F15,66,0.0072
Q537H7,66,0.0072
Q5VIR6,66,0.0072
P08758,66,0.0072
Q6ZPD8,66,0.0072
Q52LD8,66,0.0072
Q9Y512,66,0.0072
O43676,66,0.0072
Q6PI98,66,0.0072
Q99962,66,0.0072
Q9Y6H3,66,0.0072
O14957,66,0.0072
Q6ZMS7,66,0.0072
Q96GX2,66,0.0072
Q9H0I2,66,0.0072
Q86W42,66,0.0072
Q96EY5,66,0.0072
Q9Y575,66,0.0072
Q96QK1,66,0.0072
Q6UDR6,66,0.0072
Q9NZH5,66,0.0072
Q8N5I4,66,0.0072
P49441,66,0.0072
Q8IWE2,66,0.0072
Q6ZVX7,66,0.0072
O75973,66,0.0072
Q9NZM6,66,0.0072
P26678,66,0.0072
Q9Y5J6,66,0.0072
Q96NW4,66,0.0072
Q8IWU4,66,0.0072
O95755,66,0.0072
Q8TEC5,66,0.0072
Q6UX41,66,0.0072
Q8N1B3,66,0.0072
Q96HN2,66,0.0072
O43914,66,0.0072
Q96QE5,66,0.0072
Q9BZR8,66,0.0072
Q5VVQ6,66,0.0072
Q96KN4,65,0.0071
Q8N112,65,0.0071
Q8IUK5,65,0.0071
Q969X0,65,0.0071
A4D1E9,65,0.0071
P0CG21,65,0.0071
P41181,65,0.0071
P05164,65,0.0071
P30086,65,0.0071
Q15034,65,0.0071
Q15166,65,0.0071
Q8N423,65,0.0071
O43924,65,0.0071
P43405,65,0.0071
O75443,65,0.0071
P24387,65,0.0071
P50395,65,0.0071
Q13542,65,0.0071
O95817,65,0.0071
O95389,65,0.0071
A0A096LP55,65,0.0071
Q99574,65,0.0071
Q8NHW6,65,0.0071
Q9HC57,65,0.0071
Q14690,65,0.0071
Q32MK0,65,0.0071
Q9H2E6,65,0.0071
P29350,65,0.0071
Q9H2J4,65,0.0071
Q7Z6M1,65,0.0071
Q7Z7L7,65,0.0071
Q3LIE5,65,0.0071
Q8WU10,65,0.0071
Q96I51,65,0.0071
Q99767,65,0.0071
Q9BX70,65,0.0071
Q9NVR7,65,0.0071
Q99645,65,0.0071
P27144,65,0.0071
O00160,65,0.0071
Q6IMI4,65,0.0071
Q8WVK7,65,0.0071
Q9BV38,65,0.0071
P00734,65,0.0071
Q96S59,65,0.0071
O15479,65,0.0071
Q15672,65,0.0071
O60516,65,0.0071
Q9H0I3,65,0.0071
Q8IXN7,65,0.0071
Q6ZTA4,65,0.0071
Q9NQL2,65,0.0071
Q9BTV7,65,0.0071
P01906,65,0.0071
P02679,65,0.0071
Q9NUQ7,65,0.0071
Q9Y3D8,65,0.0071
P16422,65,0.0071
Q96RQ1,65,0.0071
Q8TBZ6,65,0.0071
Q96C92,65,0.0071
Q8N4S0,65,0.0071
Q9UQQ2,65,0.0071
Q8NA47,65,0.0071
Q9HBH5,65,0.0071
Q86WC6,65,0.0071
Q12846,65,0.0071
Q9BZG1,65,0.0071
P14854,65,0.0071
Q9NWA0,65,0.0071
Q9H0A9,65,0.0071
A2RRP1,65,0.0071
Q86UA6,65,0.0071
Q86VD9,65,0.0071
P80098,65,0.0071
O94813,65,0.0071
Q32P44,65,0.0071
O94905,65,0.0071
Q6SJ93,65,0.0071
Q9NQ88,65,0.0071
O43312,65,0.0071
Q9H3S7,65,0.0071
Q8N6N7,65,0.0071
Q5K4E3,65,0.0071
P61916,65,0.0071
P57737,65,0.0071
Q9H1D0,65,0.0071
Q8N136,65,0.0071
Q9NXW9,65,0.0071
Q86VN1,65,0.0071
Q8TEV9,65,0.0071
O95754,65,0.0071
Q86WG5,65,0.0071
Q99816,65,0.0071
P01178,65,0.0071
P59942,65,0.0071
P50995,65,0.0071
Q9H7X0,65,0.0071
Q9Y6W6,65,0.0071
Q13395,65,0.0071
P54136,65,0.0071
Q9BQ83,64,0.007
P51161,64,0.007
O94923,64,0.007
O95562,64,0.007
O15335,64,0.007
Q5JW98,64,0.007
Q8N8L6,64,0.007
Q96TC7,64,0.007
Q6ICG8,64,0.007
Q8NBJ7,64,0.007
A0A0B4J1Y9,64,0.007
Q9P0M2,64,0.007
Q9UP65,64,0.007
Q9GZT9,64,0.007
P0DTE4,64,0.007
Q9UK08,64,0.007
Q6ICC9,64,0.007
Q99944,64,0.007
Q8N5I9,64,0.007
A2RRL7,64,0.007
O14907,64,0.007
O14493,64,0.007
Q92623,64,0.007
Q9NSA3,64,0.007
Q5TA89,64,0.007
O75688,64,0.007
Q9H6B9,64,0.007
P0DJ07,64,0.007
Q9NY72,64,0.007
Q5JX71,64,0.007
Q9NZ32,64,0.007
P14324,64,0.007
Q8NE01,64,0.007
Q9GZV7,64,0.007
P01583,64,0.007
O00748,64,0.007
Q9NV79,64,0.007
A6NK02,64,0.007
Q6NT32,64,0.007
Q9NSP4,64,0.007
Q401N2,64,0.007
Q8N4F7,64,0.007
Q96EX3,64,0.007
Q9ULJ7,64,0.007
P32297,64,0.007
Q9NR71,64,0.007
P23327,64,0.007
Q8NCI6,64,0.007
P50897,64,0.007
Q92845,64,0.007
Q96PS8,64,0.007
P24592,64,0.007
Q9UI42,64,0.007
Q9H0A0,64,0.007
P56962,64,0.007
Q16533,64,0.007
Q8WW01,64,0.007
P24821,64,0.007
O95832,64,0.007
Q12792,64,0.007
O15442,64,0.007
Q9UPQ3,64,0.007
Q96MN5,64,0.007
Q9H4I8,64,0.007
O95922,64,0.007
Q8N7L0,64,0.007
Q9UGI9,64,0.007
Q8N1A6,64,0.007
O75528,64,0.007
O14949,64,0.007
Q7RTP6,64,0.007
P78333,64,0.007
O43464,64,0.007
Q9NRY6,64,0.007
C9JXX5,64,0.007
Q5SWA1,64,0.007
O60942,64,0.007
P04733,64,0.007
O15498,64,0.007
P02787,64,0.007
Q9Y5K1,64,0.007
Q8IYQ7,64,0.007
O60306,64,0.007
Q9UEE9,64,0.007
Q6EEV6,64,0.007
P15328,64,0.007
P08138,64,0.007
P62906,64,0.007
Q14554,64,0.007
A6NFD8,64,0.007
Q8NA75,64,0.007
Q6NZI2,64,0.007
Q14641,64,0.007
P41247,64,0.007
Q15554,64,0.007
Q9BUL9,64,0.007
P16035,64,0.007
Q92527,64,0.007
Q2KJY2,64,0.007
Q9H8T0,64,0.007
Q86XT2,64,0.007
Q9NUU7,64,0.007
Q9HBH1,64,0.007
Q9BY27,64,0.007
P80108,64,0.007
Q9UBX1,64,0.007
Q9P1F3,63,0.0069
P55786,63,0.0069
Q8N0Y7,63,0.0069
P11473,63,0.0069
Q9NPH6,63,0.0069
Q9NX46,63,0.0069
Q99616,63,0.0069
P55000,63,0.0069
Q8N264,63,0.0069
Q15782,63,0.0069
P38567,63,0.0069
Q8N157,63,0.0069
O43306,63,0.0069
P24903,63,0.0069
Q16322,63,0.0069
Q5TGI0,63,0.0069
Q7Z5L4,63,0.0069
O95867,63,0.0069
Q9NRG0,63,0.0069
Q16849,63,0.0069
P42681,63,0.0069
Q9BWV3,63,0.0069
Q9NVX2,63,0.0069
Q13489,63,0.0069
Q14997,63,0.0069
Q9Y266,63,0.0069
O15169,63,0.0069
O60512,63,0.0069
Q13588,63,0.0069
Q9UKS6,63,0.0069
Q6NSJ0,63,0.0069
Q86VE3,63,0.0069
O00623,63,0.0069
O14492,63,0.0069
Q9GZR7,63,0.0069
Q9UK99,63,0.0069
Q6UXL0,63,0.0069
P00414,63,0.0069
Q12962,63,0.0069
Q6P988,63,0.0069
Q9H2A9,63,0.0069
A0A075B6P5,63,0.0069
Q86TX2,63,0.0069
Q9NRG1,63,0.0069
Q96JF0,63,0.0069
Q96FT9,63,0.0069
P05981,63,0.0069
P14616,63,0.0069
P30301,63,0.0069
Q16651,63,0.0069
Q9P0T7,63,0.0069
Q8N431,63,0.0069
Q9UKI3,63,0.0069
A0A3B3IT33,63,0.0069
Q8TEQ8,63,0.0069
P41223,63,0.0069
Q15029,63,0.0069
Q9GZL7,63,0.0069
P50461,63,0.0069
Q6NTF7,63,0.0069
O00291,63,0.0069
Q9NZL4,63,0.0069
Q8N5I3,63,0.0069
Q8IWU5,63,0.0069
O95881,63,0.0069
Q9NTK5,63,0.0069
Q9UGJ0,63,0.0069
Q76M96,63,0.0069
Q6PJG6,63,0.0069
Q92478,63,0.0069
P47224,63,0.0069
P51681,63,0.0069
P04808,63,0.0069
O75886,63,0.0069
Q13113,63,0.0069
Q92673,63,0.0069
P13987,63,0.0069
P02655,63,0.0069
Q8IUH8,63,0.0069
P51589,63,0.0069
Q9P0L9,63,0.0069
Q8IYK2,63,0.0069
Q96A00,63,0.0069
O14684,63,0.0069
P52757,63,0.0069
Q9UBY0,63,0.0069
Q9BW04,63,0.0069
Q9P0R6,63,0.0069
Q9Y2R5,63,0.0069
Q9Y6D0,63,0.0069
Q4AE62,63,0.0069
O76027,63,0.0069
Q9Y2I8,63,0.0069
Q92911,63,0.0069
P22680,63,0.0069
P53778,63,0.0069
Q9NR33,63,0.0069
P29083,63,0.0069
Q96IS3,63,0.0069
Q9BYW3,63,0.0069
Q9BVW5,63,0.0069
Q9BQ66,63,0.0069
Q6XPR3,63,0.0069
P08034,63,0.0069
Q02221,63,0.0069
Q9NXG2,63,0.0069
O43679,63,0.0069
Q9BU23,62,0.0068
Q9Y5R4,62,0.0068
Q9UM13,62,0.0068
Q9UHJ6,62,0.0068
P78318,62,0.0068
O75691,62,0.0068
O60268,62,0.0068
P04004,62,0.0068
Q8N912,62,0.0068
Q96G30,62,0.0068
O95858,62,0.0068
Q9NRP0,62,0.0068
Q4G148,62,0.0068
Q9NVM9,62,0.0068
P18075,62,0.0068
Q9HB90,62,0.0068
Q9UGY1,62,0.0068
Q68DC2,62,0.0068
Q9BSD7,62,0.0068
Q96IT1,62,0.0068
A1A4Y4,62,0.0068
Q9UBC9,62,0.0068
P62847,62,0.0068
Q96FN9,62,0.0068
Q7RTT5,62,0.0068
Q9H0K6,62,0.0068
P56557,62,0.0068
Q5JTV8,62,0.0068
O60238,62,0.0068
P21810,62,0.0068
P51606,62,0.0068
O60503,62,0.0068
P22466,62,0.0068
Q9UDY4,62,0.0068
A6NF36,62,0.0068
Q6ZWB6,62,0.0068
A6NGY3,62,0.0068
P09529,62,0.0068
Q9H0W9,62,0.0068
Q8WVM8,62,0.0068
Q9NPE3,62,0.0068
Q9BXX3,62,0.0068
O95622,62,0.0068
Q9H0V1,62,0.0068
P03999,62,0.0068
Q9H4D5,62,0.0068
Q6P582,62,0.0068
Q9UN42,62,0.0068
Q8N9V3,62,0.0068
Q6U841,62,0.0068
Q8N4Y2,62,0.0068
P30281,62,0.0068
P25205,62,0.0068
Q99436,62,0.0068
Q96LW7,62,0.0068
Q0VAM2,62,0.0068
P61764,62,0.0068
P61244,62,0.0068
P55774,62,0.0068
Q8N4B5,62,0.0068
Q86UY5,62,0.0068
Q60I27,62,0.0068
P05451,62,0.0068
P19652,62,0.0068
P49767,62,0.0068
K7EJ46,62,0.0068
O76054,62,0.0068
Q6P1J9,62,0.0068
O60232,62,0.0068
Q7Z7H3,62,0.0068
Q92878,62,0.0068
Q5U5X0,62,0.0068
Q9NPB0,62,0.0068
Q9NR21,62,0.0068
P41439,62,0.0068
Q8TD33,62,0.0068
O14817,62,0.0068
P86790,62,0.0068
Q9BY71,62,0.0068
Q9H009,62,0.0068
Q6UXB1,62,0.0068
Q9BZE4,62,0.0068
Q9Y3D5,62,0.0068
Q05823,62,0.0068
Q9UHW9,62,0.0068
P24385,62,0.0068
P06576,62,0.0068
Q8WWC4,62,0.0068
Q9Y6K1,62,0.0068
P08575,62,0.0068
Q53GA4,62,0.0068
Q8IVT2,62,0.0068
Q86XF0,62,0.0068
Q1EHB4,62,0.0068
Q9H1K6,62,0.0068
Q6PB30,62,0.0068
Q8NBF6,62,0.0068
Q05469,62,0.0068
P08294,62,0.0068
O95568,62,0.0068
Q6UWS5,62,0.0068
Q96N03,62,0.0068
O14983,62,0.0068
Q86WD7,62,0.0068
A0A075B6I4,62,0.0068
Q9NZQ3,62,0.0068
Q9UJX2,62,0.0068
Q96NG3,62,0.0068
Q13410,62,0.0068
O14792,62,0.0068
Q8NH83,62,0.0068
O75896,62,0.0068
Q9UJH8,62,0.0068
Q6X4T0,62,0.0068
O95968,62,0.0068
Q8NGF9,62,0.0068
Q9H0F7,62,0.0068
Q5JPI9,62,0.0068
P34932,62,0.0068
Q99969,62,0.0068
P58876,62,0.0068
Q9H361,62,0.0068
P30520,62,0.0068
P09497,62,0.0068
Q53EV4,62,0.0068
Q8TD55,62,0.0068
Q8WVF5,62,0.0068
Q8WUJ3,62,0.0068
P13385,62,0.0068
Q9UJX3,62,0.0068
O95377,62,0.0068
Q9ULV1,62,0.0068
Q5T9L3,62,0.0068
Q8N7M0,62,0.0068
P04053,62,0.0068
Q9UBX0,62,0.0068
O95807,62,0.0068
Q8N4Z0,62,0.0068
Q9H0B6,62,0.0068
Q9BYT5,62,0.0068
Q96A35,62,0.0068
Q8TD35,62,0.0068
Q7Z713,62,0.0068
Q6JBY9,62,0.0068
Q8TBP0,62,0.0068
Q8IVV8,62,0.0068
Q7Z5L3,61,0.0066
Q9UPQ4,61,0.0066
Q9H115,61,0.0066
O15204,61,0.0066
Q96LP2,61,0.0066
Q8N2F6,61,0.0066
Q16549,61,0.0066
Q6IPR3,61,0.0066
O15400,61,0.0066
Q9NSC7,61,0.0066
Q9H2U9,61,0.0066
O75348,61,0.0066
Q7Z6K3,61,0.0066
P53420,61,0.0066
Q8NDX9,61,0.0066
Q96C00,61,0.0066
Q07699,61,0.0066
Q96SZ5,61,0.0066
Q99795,61,0.0066
P49888,61,0.0066
Q8TEU8,61,0.0066
Q99704,61,0.0066
O15037,61,0.0066
Q9BYR5,61,0.0066
P46977,61,0.0066
Q9H2U1,61,0.0066
P02778,61,0.0066
P19875,61,0.0066
Q8NHV4,61,0.0066
Q9H0F6,61,0.0066
A6NGH8,61,0.0066
O14717,61,0.0066
Q96F44,61,0.0066
Q5T871,61,0.0066
O75506,61,0.0066
P56747,61,0.0066
P07438,61,0.0066
Q9NZL9,61,0.0066
Q9NYB0,61,0.0066
Q5JTB6,61,0.0066
Q9UL52,61,0.0066
Q30KP9,61,0.0066
O95749,61,0.0066
Q96PL2,61,0.0066
Q9NPF2,61,0.0066
P49721,61,0.0066
Q969F2,61,0.0066
Q15080,61,0.0066
Q9NT62,61,0.0066
A6NI87,61,0.0066
Q5SWL8,61,0.0066
B2RXH2,61,0.0066
Q8WUN7,61,0.0066
Q9BVK6,61,0.0066
P34913,61,0.0066
Q96IY4,61,0.0066
Q9Y5L4,61,0.0066
Q8N568,61,0.0066
Q7L5A3,61,0.0066
Q66LE6,61,0.0066
Q8N695,61,0.0066
O43617,61,0.0066
P27216,61,0.0066
Q99683,61,0.0066
Q9BZQ6,61,0.0066
P42772,61,0.0066
Q8WVE0,61,0.0066
P51671,61,0.0066
Q6PL24,61,0.0066
Q92813,61,0.0066
O15264,61,0.0066
P17050,61,0.0066
Q6ZW61,61,0.0066
Q9UNA1,61,0.0066
P63261,61,0.0066
Q8TBB0,61,0.0066
B0I1T2,61,0.0066
Q8NFT2,61,0.0066
Q96C03,61,0.0066
Q8TBF2,61,0.0066
Q9BQE4,61,0.0066
Q9H0W8,61,0.0066
P09564,61,0.0066
Q92547,61,0.0066
Q9BRX8,61,0.0066
Q96GD0,61,0.0066
P20061,61,0.0066
P60228,61,0.0066
P13501,61,0.0066
P11511,61,0.0066
O75369,61,0.0066
P63272,61,0.0066
Q8NDL9,61,0.0066
Q86TI4,61,0.0066
Q92620,61,0.0066
Q9BV10,61,0.0066
P01024,61,0.0066
Q8TDD1,61,0.0066
Q9NWS0,61,0.0066
P82980,61,0.0066
Q86TN4,61,0.0066
Q8N661,61,0.0066
O60522,61,0.0066
O75711,61,0.0066
Q6ZT21,61,0.0066
P36544,61,0.0066
Q6PI47,61,0.0066
P57076,61,0.0066
Q96J66,61,0.0066
P07510,61,0.0066
O75608,61,0.0066
B3EWG5,61,0.0066
Q6P9G4,61,0.0066
P38646,61,0.0066
Q9UMS0,61,0.0066
Q7Z5M8,61,0.0066
P19526,61,0.0066
P35052,61,0.0066
Q96HZ4,61,0.0066
Q9Y221,61,0.0066
Q9NXH3,61,0.0066
Q86UF1,61,0.0066
Q6YHK3,61,0.0066
O00194,61,0.0066
Q8TBE9,61,0.0066
Q0P5P2,61,0.0066
Q5VYY2,61,0.0066
Q6RFH5,61,0.0066
Q12798,61,0.0066
Q9BRG1,61,0.0066
Q8NCG5,61,0.0066
Q9Y2C3,61,0.0066
Q9BXL6,61,0.0066
Q53S33,61,0.0066
O76081,61,0.0066
Q99878,61,0.0066
O15446,61,0.0066
Q15466,61,0.0066
P10966,61,0.0066
Q8TE67,61,0.0066
P05386,61,0.0066
Q99814,61,0.0066
Q96LU5,61,0.0066
O95214,61,0.0066
Q8N6F1,61,0.0066
Q14689,61,0.0066
A0A0C4DH62,60,0.0065
O75683,60,0.0065
Q9NZE8,60,0.0065
P60174,60,0.0065
Q96KN1,60,0.0065
Q16553,60,0.0065
Q92874,60,0.0065
Q6ZN84,60,0.0065
P56182,60,0.0065
Q8WWH5,60,0.0065
Q6P4A7,60,0.0065
P98161,60,0.0065
Q9BUI4,60,0.0065
Q9H239,60,0.0065
Q9Y334,60,0.0065
P02814,60,0.0065
Q92583,60,0.0065
Q9Y282,60,0.0065
Q9NUB1,60,0.0065
Q9Y5J9,60,0.0065
Q9BRP7,60,0.0065
P09237,60,0.0065
Q8N4H0,60,0.0065
Q8NI37,60,0.0065
Q2TAP0,60,0.0065
Q15131,60,0.0065
Q96P53,60,0.0065
Q9NQX7,60,0.0065
Q9H871,60,0.0065
Q9ULI2,60,0.0065
Q13347,60,0.0065
Q17RR3,60,0.0065
P12018,60,0.0065
P60331,60,0.0065
P78509,60,0.0065
Q9GZM3,60,0.0065
Q8IWX7,60,0.0065
P81133,60,0.0065
Q5TAB7,60,0.0065
Q96AP4,60,0.0065
Q9HC16,60,0.0065
Q9BXU0,60,0.0065
P38935,60,0.0065
P49447,60,0.0065
O15467,60,0.0065
P60411,60,0.0065
A8K855,60,0.0065
O14727,60,0.0065
Q92685,60,0.0065
O76083,60,0.0065
Q8TBM7,60,0.0065
P32971,60,0.0065
P49917,60,0.0065
P35612,60,0.0065
Q3MIT2,60,0.0065
Q9UBT2,60,0.0065
P20339,60,0.0065
Q96JC9,60,0.0065
Q04725,60,0.0065
Q53HV7,60,0.0065
Q99706,60,0.0065
Q8WUD1,60,0.0065
O14763,60,0.0065
Q13370,60,0.0065
Q92572,60,0.0065
A0A0J9YWL9,60,0.0065
Q8N5H7,60,0.0065
Q9P0V9,60,0.0065
Q9BXM0,60,0.0065
Q9NRY5,60,0.0065
O95502,60,0.0065
Q8IYD2,60,0.0065
Q9BTE6,60,0.0065
Q96JB5,60,0.0065
Q9NXU5,60,0.0065
Q9NQI0,60,0.0065
Q9BTE1,60,0.0065
P28072,60,0.0065
Q9Y5Y6,60,0.0065
A6NMD0,60,0.0065
Q9GZN7,60,0.0065
Q16890,60,0.0065
Q8NB15,60,0.0065
P48443,60,0.0065
Q16099,60,0.0065
Q96LT7,60,0.0065
Q9BPY3,60,0.0065
Q96CX2,60,0.0065
Q96B42,60,0.0065
P49715,60,0.0065
Q4G0N4,60,0.0065
O95428,60,0.0065
P16403,60,0.0065
P13667,60,0.0065
O15230,60,0.0065
H3BNL1,60,0.0065
Q9P2J2,60,0.0065
Q8WUF8,60,0.0065
Q9NY56,60,0.0065
Q7L211,60,0.0065
O75431,60,0.0065
Q16612,60,0.0065
Q13501,60,0.0065
Q86UU1,60,0.0065
Q13561,60,0.0065
Q96MF2,60,0.0065
Q86YS6,60,0.0065
Q17R31,60,0.0065
Q8TEA1,60,0.0065
Q6UXN2,60,0.0065
Q6UXH1,60,0.0065
Q96RS0,60,0.0065
Q9NQV7,60,0.0065
Q8WUM0,60,0.0065
O94769,60,0.0065
P62841,60,0.0065
Q9Y689,60,0.0065
Q6UWN8,60,0.0065
Q5SZB4,60,0.0065
Q13049,60,0.0065
Q9BQI9,60,0.0065
Q6URK8,60,0.0065
Q53R41,60,0.0065
Q9C0B1,60,0.0065
Q12933,60,0.0065
O14737,60,0.0065
Q9BTP6,60,0.0065
Q96AT1,60,0.0065
O60262,60,0.0065
Q8TET4,60,0.0065
O00418,60,0.0065
Q8N1G2,60,0.0065
Q86SF2,60,0.0065
P59646,60,0.0065
Q13461,60,0.0065
Q9Y5X3,60,0.0065
P24462,60,0.0065
Q8NG41,60,0.0065
P05546,60,0.0065
Q13296,59,0.0064
Q9BQP7,59,0.0064
P51959,59,0.0064
O15342,59,0.0064
Q9NU39,59,0.0064
P51654,59,0.0064
Q02747,59,0.0064
P30990,59,0.0064
Q6UB99,59,0.0064
Q3KPI0,59,0.0064
Q53FT3,59,0.0064
O95970,59,0.0064
Q5BJF2,59,0.0064
Q96LB4,59,0.0064
Q30KQ6,59,0.0064
Q8N9V2,59,0.0064
Q6T4R5,59,0.0064
Q9BTF0,59,0.0064
O95406,59,0.0064
Q99674,59,0.0064
Q13426,59,0.0064
Q96EH8,59,0.0064
P55087,59,0.0064
Q8NDD1,59,0.0064
Q9NVX7,59,0.0064
P81605,59,0.0064
Q9Y3B1,59,0.0064
Q9UHA2,59,0.0064
Q00765,59,0.0064
Q8N8V4,59,0.0064
O43752,59,0.0064
Q06432,59,0.0064
Q8IVL6,59,0.0064
P20963,59,0.0064
B6SEH8,59,0.0064
Q9UPV0,59,0.0064
Q53H12,59,0.0064
Q14442,59,0.0064
Q9ULX5,59,0.0064
Q99572,59,0.0064
Q5MNZ9,59,0.0064
Q8WWH4,59,0.0064
Q8N5X7,59,0.0064
Q9H649,59,0.0064
Q8N6M8,59,0.0064
Q86WV5,59,0.0064
O75339,59,0.0064
Q9H6J7,59,0.0064
Q13505,59,0.0064
O94973,59,0.0064
O94817,59,0.0064
P43304,59,0.0064
P01275,59,0.0064
O15162,59,0.0064
O95825,59,0.0064
Q2VIR3,59,0.0064
P49758,59,0.0064
P20036,59,0.0064
Q13099,59,0.0064
Q9NYM9,59,0.0064
P26951,59,0.0064
A1L168,59,0.0064
Q96NZ9,59,0.0064
O75425,59,0.0064
Q9UI15,59,0.0064
Q96B21,59,0.0064
Q9BY41,59,0.0064
Q9Y5S1,59,0.0064
Q9Y3F4,59,0.0064
O14960,59,0.0064
P02818,59,0.0064
Q3MUY2,59,0.0064
Q14696,59,0.0064
Q6QNY0,59,0.0064
Q16663,59,0.0064
P52434,59,0.0064
P48995,59,0.0064
P35240,59,0.0064
Q8WWY8,59,0.0064
P03923,59,0.0064
P27707,59,0.0064
Q13610,59,0.0064
Q9HB55,59,0.0064
Q7Z6J0,59,0.0064
Q86W67,59,0.0064
Q9H633,59,0.0064
O15144,59,0.0064
Q00604,59,0.0064
Q14679,59,0.0064
Q9NZC9,59,0.0064
Q8N0X2,59,0.0064
Q96Q42,59,0.0064
O75884,59,0.0064
Q13283,59,0.0064
O75354,59,0.0064
Q5W0U4,59,0.0064
P20337,59,0.0064
Q9ULW8,59,0.0064
P18077,59,0.0064
Q6UXB4,59,0.0064
P00709,59,0.0064
Q13519,59,0.0064
Q14410,59,0.0064
Q9NQS7,59,0.0064
Q9P2R3,59,0.0064
Q9BWL3,59,0.0064
Q5VV42,59,0.0064
Q06210,59,0.0064
Q8N3D4,59,0.0064
Q9ULM6,59,0.0064
Q8TCY5,59,0.0064
Q9Y2B0,59,0.0064
Q8WW59,59,0.0064
P23142,59,0.0064
O75293,59,0.0064
O43765,59,0.0064
Q96ER9,59,0.0064
Q9NTI2,59,0.0064
A8MTL0,59,0.0064
Q9H4I9,59,0.0064
O94826,59,0.0064
P60981,59,0.0064
Q02641,59,0.0064
Q9BZH6,59,0.0064
Q9H013,59,0.0064
Q969T7,59,0.0064
Q96EX1,59,0.0064
A0A1B0GTD5,59,0.0064
A6NHQ2,59,0.0064
Q96S95,58,0.0063
O43424,58,0.0063
Q9P1U1,58,0.0063
Q6VVB1,58,0.0063
P49754,58,0.0063
Q6IAA8,58,0.0063
Q6PIU2,58,0.0063
Q9BQ70,58,0.0063
Q07890,58,0.0063
Q96D53,58,0.0063
O95433,58,0.0063
P20338,58,0.0063
Q53HL2,58,0.0063
P13164,58,0.0063
Q9UGC6,58,0.0063
Q5VVB8,58,0.0063
Q9ULI1,58,0.0063
Q86UA1,58,0.0063
O75690,58,0.0063
Q8NG48,58,0.0063
Q5VVC0,58,0.0063
H3BQB6,58,0.0063
Q9BUT9,58,0.0063
P51946,58,0.0063
A0A075B6J9,58,0.0063
Q9H8S9,58,0.0063
Q9UNU6,58,0.0063
O15235,58,0.0063
Q38SD2,58,0.0063
Q8NFQ8,58,0.0063
Q86XP6,58,0.0063
A8MYZ0,58,0.0063
Q96D98,58,0.0063
O75031,58,0.0063
Q8N7C3,58,0.0063
Q9H511,58,0.0063
Q16595,58,0.0063
Q9BQE5,58,0.0063
P60903,58,0.0063
P13489,58,0.0063
Q13115,58,0.0063
Q8N5I2,58,0.0063
Q9BVC4,58,0.0063
Q3MIR4,58,0.0063
Q16667,58,0.0063
Q9H106,58,0.0063
Q56P03,58,0.0063
P24864,58,0.0063
A6NHA9,58,0.0063
Q13275,58,0.0063
P24534,58,0.0063
Q13416,58,0.0063
Q8TE58,58,0.0063
Q9BXA7,58,0.0063
Q9BVX2,58,0.0063
Q96K12,58,0.0063
Q9UMX5,58,0.0063
A6PVY3,58,0.0063
O43506,58,0.0063
O95025,58,0.0063
Q9NZ01,58,0.0063
P51178,58,0.0063
Q96BN2,58,0.0063
Q9Y5K6,58,0.0063
Q6UX53,58,0.0063
P52943,58,0.0063
P38606,58,0.0063
Q96JN8,58,0.0063
Q9Y274,58,0.0063
Q8NEC7,58,0.0063
Q6UWW8,58,0.0063
Q13478,58,0.0063
Q9UBP5,58,0.0063
P39905,58,0.0063
P33527,58,0.0063
P30101,58,0.0063
P48444,58,0.0063
Q8IYU2,58,0.0063
Q96IU4,58,0.0063
P50583,58,0.0063
Q9BYL1,58,0.0063
Q504U0,58,0.0063
Q13002,58,0.0063
Q15392,58,0.0063
Q4ZJI4,58,0.0063
O75496,58,0.0063
Q6ZPD9,58,0.0063
Q7Z4H8,58,0.0063
O43156,58,0.0063
Q9UFF9,58,0.0063
P98082,58,0.0063
P24310,58,0.0063
O14994,58,0.0063
P48061,58,0.0063
Q9BXN1,58,0.0063
Q9BZ71,58,0.0063
Q8WXH6,58,0.0063
P27105,58,0.0063
P59510,58,0.0063
Q5XG92,58,0.0063
P29965,58,0.0063
P02763,58,0.0063
Q9NQ89,58,0.0063
Q16586,58,0.0063
Q9NP97,58,0.0063
P29122,58,0.0063
A6NDU8,58,0.0063
Q6ZWI9,58,0.0063
Q8N4J0,58,0.0063
Q9H7P6,58,0.0063
Q8TAV3,58,0.0063
Q8WU20,58,0.0063
O00628,58,0.0063
O60704,58,0.0063
Q8NGL9,58,0.0063
Q8N6Q8,58,0.0063
Q8N5J2,58,0.0063
P43358,58,0.0063
A0A0A0MRZ7,58,0.0063
P10253,58,0.0063
A2A288,58,0.0063
Q6T310,58,0.0063
Q99614,58,0.0063
Q8TC56,58,0.0063
Q9NVR2,58,0.0063
P15927,58,0.0063
O15047,58,0.0063
A4D2B0,58,0.0063
P62753,58,0.0063
Q9H3R1,58,0.0063
Q86XP0,58,0.0063
P42694,58,0.0063
P51530,58,0.0063
Q9BRQ8,58,0.0063
Q9BYS8,58,0.0063
P15923,58,0.0063
Q5SSQ6,58,0.0063
O75094,58,0.0063
Q8NET1,58,0.0063
Q5HYW2,58,0.0063
Q15111,58,0.0063
P81277,58,0.0063
Q9BUV8,58,0.0063
P14780,58,0.0063
P02585,58,0.0063
O43281,58,0.0063
Q9NQ33,58,0.0063
Q9H444,57,0.0062
Q92574,57,0.0062
P25024,57,0.0062
Q9UBK7,57,0.0062
Q14676,57,0.0062
O95741,57,0.0062
O60676,57,0.0062
O76021,57,0.0062
P11684,57,0.0062
Q16658,57,0.0062
P80365,57,0.0062
P26022,57,0.0062
Q8N9V6,57,0.0062
O95500,57,0.0062
Q86VZ2,57,0.0062
O94851,57,0.0062
Q9Y5L5,57,0.0062
P43357,57,0.0062
Q01955,57,0.0062
O14966,57,0.0062
Q8TCC3,57,0.0062
Q15542,57,0.0062
Q9UHR5,57,0.0062
Q8N6V4,57,0.0062
Q9Y6G1,57,0.0062
Q5D862,57,0.0062
Q2WGJ6,57,0.0062
Q13508,57,0.0062
Q6ZMR5,57,0.0062
P35790,57,0.0062
Q9H6R3,57,0.0062
Q07444,57,0.0062
Q6MZW2,57,0.0062
P28300,57,0.0062
O75844,57,0.0062
Q9BR39,57,0.0062
Q9Y2B4,57,0.0062
Q70EL2,57,0.0062
Q9BU64,57,0.0062
Q3MJ62,57,0.0062
Q5JXA9,57,0.0062
P20333,57,0.0062
Q04837,57,0.0062
Q9NX07,57,0.0062
Q96MZ0,57,0.0062
Q13156,57,0.0062
Q96AK3,57,0.0062
O43255,57,0.0062
Q9BXR5,57,0.0062
O14791,57,0.0062
Q9BT04,57,0.0062
Q9BZF9,57,0.0062
Q02388,57,0.0062
O95084,57,0.0062
O60504,57,0.0062
P35625,57,0.0062
Q9H497,57,0.0062
P01019,57,0.0062
Q2WEN9,57,0.0062
Q8IXY8,57,0.0062
Q15813,57,0.0062
P52788,57,0.0062
Q14515,57,0.0062
Q2NKX9,57,0.0062
Q9BWT3,57,0.0062
O95803,57,0.0062
Q96PD5,57,0.0062
Q9ULH0,57,0.0062
P07686,57,0.0062
Q9BWG4,57,0.0062
P01718,57,0.0062
Q70CQ3,57,0.0062
Q9P2W7,57,0.0062
Q01453,57,0.0062
P30044,57,0.0062
O60869,57,0.0062
P40198,57,0.0062
Q9BWU0,57,0.0062
P62979,57,0.0062
Q9NQ38,57,0.0062
Q99578,57,0.0062
Q9NTU4,57,0.0062
P01258,57,0.0062
Q86UD0,57,0.0062
Q8NHE4,57,0.0062
Q96NY9,57,0.0062
Q9BQD7,57,0.0062
P01611,57,0.0062
Q9Y277,57,0.0062
Q5T0D9,57,0.0062
P60763,57,0.0062
Q12802,57,0.0062
A8MTZ0,57,0.0062
P54793,57,0.0062
P20742,57,0.0062
P52435,57,0.0062
P20472,57,0.0062
Q14CZ8,57,0.0062
P03956,57,0.0062
P54710,57,0.0062
P27352,57,0.0062
Q14257,57,0.0062
Q9NRH1,57,0.0062
O43681,57,0.0062
Q9UP79,57,0.0062
Q15653,57,0.0062
O15393,57,0.0062
Q9NPI0,57,0.0062
P16662,57,0.0062
Q96QS6,57,0.0062
Q96FX2,57,0.0062
P42285,57,0.0062
Q8N6M9,57,0.0062
P10720,57,0.0062
Q6UXV0,57,0.0062
P02776,57,0.0062
P57771,57,0.0062
O95786,57,0.0062
Q53GG5,57,0.0062
P0CW18,56,0.0061
Q9H171,56,0.0061
Q7Z3B0,56,0.0061
P15692,56,0.0061
P07947,56,0.0061
Q9BYJ4,56,0.0061
Q9UKF5,56,0.0061
Q9UNT1,56,0.0061
O60667,56,0.0061
Q99519,56,0.0061
P0C8F1,56,0.0061
Q9BYR9,56,0.0061
Q9Y2P5,56,0.0061
Q8N6G2,56,0.0061
P48047,56,0.0061
P57727,56,0.0061
P49916,56,0.0061
Q9UKR5,56,0.0061
Q9NPC3,56,0.0061
O14862,56,0.0061
Q96NA2,56,0.0061
Q9NU22,56,0.0061
Q49AH0,56,0.0061
Q9UIM3,56,0.0061
Q2I0M5,56,0.0061
P62714,56,0.0061
Q9HBM6,56,0.0061
P00374,56,0.0061
P21128,56,0.0061
Q13541,56,0.0061
O15121,56,0.0061
Q14012,56,0.0061
Q13033,56,0.0061
Q9H4Q4,56,0.0061
O95256,56,0.0061
Q30KQ5,56,0.0061
P51788,56,0.0061
P40225,56,0.0061
Q6HA08,56,0.0061
Q6IMI6,56,0.0061
Q8WUS8,56,0.0061
Q96IW7,56,0.0061
Q9Y6R1,56,0.0061
Q8N6V9,56,0.0061
Q969F9,56,0.0061
Q9Y2D1,56,0.0061
P48058,56,0.0061
Q01459,56,0.0061
Q7L1T6,56,0.0061
P31323,56,0.0061
Q9HAV0,56,0.0061
H0Y354,56,0.0061
Q6UXH8,56,0.0061
P43360,56,0.0061
P10092,56,0.0061
Q9H490,56,0.0061
Q9NVG8,56,0.0061
Q5FWF7,56,0.0061
Q6P179,56,0.0061
Q9NPB8,56,0.0061
Q8WTQ4,56,0.0061
P61803,56,0.0061
P51460,56,0.0061
Q9NXN4,56,0.0061
Q15546,56,0.0061
Q9UKL6,56,0.0061
P62070,56,0.0061
Q9UIV1,56,0.0061
Q8NEZ2,56,0.0061
Q5T4T6,56,0.0061
P31025,56,0.0061
O15078,56,0.0061
Q9BXB5,56,0.0061
Q9H9A5,56,0.0061
P61221,56,0.0061
Q6ZNX1,56,0.0061
Q96DM3,56,0.0061
Q6UWK7,56,0.0061
Q9H3J6,56,0.0061
P55344,56,0.0061
Q9UBL9,56,0.0061
Q8NA66,56,0.0061
Q659C4,56,0.0061
Q9NYP8,56,0.0061
Q9ULI4,56,0.0061
Q92994,56,0.0061
Q9Y4W6,56,0.0061
Q5FYA8,56,0.0061
Q8TED1,56,0.0061
Q5VZE5,56,0.0061
Q9BUE6,56,0.0061
P78562,56,0.0061
Q8IYJ1,56,0.0061
O75081,56,0.0061
P84098,56,0.0061
P55209,56,0.0061
P55957,56,0.0061
A0A0A0MT76,56,0.0061
P25788,56,0.0061
Q9NWT6,56,0.0061
Q9H4B4,56,0.0061
Q9NPE2,56,0.0061
Q8N2H3,56,0.0061
P02008,56,0.0061
Q9NR63,56,0.0061
Q4V339,56,0.0061
Q9H981,56,0.0061
P19634,56,0.0061
O75030,56,0.0061
Q14CZ0,56,0.0061
Q8IZ63,56,0.0061
Q8NFM7,56,0.0061
Q6NSI3,56,0.0061
Q15057,56,0.0061
Q15102,56,0.0061
Q16478,56,0.0061
O60812,56,0.0061
Q6PJ21,56,0.0061
Q99615,56,0.0061
P38432,56,0.0061
Q96FT7,56,0.0061
P60983,56,0.0061
Q06481,56,0.0061
Q9NYT0,56,0.0061
Q8IXS2,56,0.0061
Q7RTU1,56,0.0061
Q9Y2E4,56,0.0061
Q9UKJ8,56,0.0061
P78556,56,0.0061
Q86WR7,56,0.0061
P28749,56,0.0061
Q2UY09,56,0.0061
P54105,56,0.0061
A0A1B0GVM6,56,0.0061
Q6UWN5,56,0.0061
Q9UF11,56,0.0061
P49407,56,0.0061
Q69YL0,56,0.0061
O14522,55,0.006
O94906,55,0.006
Q8IYK8,55,0.006
O95059,55,0.006
Q9Y663,55,0.006
A8MT33,55,0.006
Q6PJ69,55,0.006
Q8NEP3,55,0.006
Q5VWJ9,55,0.006
P20815,55,0.006
Q96S21,55,0.006
Q9H832,55,0.006
Q9H0Y0,55,0.006
Q8WYN0,55,0.006
O00186,55,0.006
Q07325,55,0.006
Q68CL5,55,0.006
P29590,55,0.006
Q9H492,55,0.006
O60258,55,0.006
Q8TE99,55,0.006
Q13352,55,0.006
P16402,55,0.006
Q8NCW0,55,0.006
A8K0Z3,55,0.006
Q08116,55,0.006
Q15758,55,0.006
Q04671,55,0.006
Q9BYJ0,55,0.006
P49863,55,0.006
O15304,55,0.006
Q9NVM1,55,0.006
Q9NPD8,55,0.006
Q5JVL4,55,0.006
Q8TE68,55,0.006
Q92598,55,0.006
Q9NRB3,55,0.006
Q9UMR7,55,0.006
Q6ZVE7,55,0.006
O60260,55,0.006
A0A075B6S6,55,0.006
Q8NEC5,55,0.006
O75694,55,0.006
A0PJW8,55,0.006
Q9UK39,55,0.006
Q8NA23,55,0.006
Q9P0I2,55,0.006
O43505,55,0.006
O43399,55,0.006
Q6UXH9,55,0.006
Q9UPY5,55,0.006
Q8N0S6,55,0.006
O95166,55,0.006
P04118,55,0.006
O96020,55,0.006
Q86XH1,55,0.006
Q504Y3,55,0.006
O94907,55,0.006
P48723,55,0.006
Q86WK7,55,0.006
Q9BZL4,55,0.006
P24347,55,0.006
P29972,55,0.006
Q9HBJ7,55,0.006
Q15363,55,0.006
Q9NR77,55,0.006
Q00610,55,0.006
Q5JTN6,55,0.006
P49910,55,0.006
Q16270,55,0.006
Q8IYV9,55,0.006
P07237,55,0.006
Q9Y2S7,55,0.006
Q9Y3I1,55,0.006
Q15113,55,0.006
Q96RL6,55,0.006
Q86XW9,55,0.006
Q8IZ69,55,0.006
P22792,55,0.006
Q8WXI8,55,0.006
Q96JB6,55,0.006
P25705,55,0.006
O60235,55,0.006
P35070,55,0.006
Q6UWW0,55,0.006
Q99727,55,0.006
Q6ZNQ3,55,0.006
Q9Y570,55,0.006
Q8N5L8,55,0.006
P23743,55,0.006
Q6ZVD8,55,0.006
O94805,55,0.006
P52306,55,0.006
O60613,55,0.006
P13569,55,0.006
Q9NYL4,55,0.006
O95263,55,0.006
Q9Y3R4,55,0.006
P02042,55,0.006
P25800,55,0.006
Q4LDR2,55,0.006
Q9P2I0,55,0.006
Q96KN9,55,0.006
O95670,55,0.006
Q9BSM1,55,0.006
Q14197,55,0.006
Q9NXI6,55,0.006
P26232,55,0.006
Q5VZQ5,55,0.006
Q9BXJ9,55,0.006
O60494,55,0.006
Q6XR72,55,0.006
Q86U17,55,0.006
O14625,55,0.006
Q96Q11,54,0.0059
Q9P016,54,0.0059
P43003,54,0.0059
Q9NVV0,54,0.0059
P12643,54,0.0059
Q9UL26,54,0.0059
P0C7M7,54,0.0059
O94823,54,0.0059
Q9NRR6,54,0.0059
P50453,54,0.0059
Q9Y5Q5,54,0.0059
P60370,54,0.0059
Q9UDW3,54,0.0059
Q13769,54,0.0059
P22303,54,0.0059
P01023,54,0.0059
Q02080,54,0.0059
Q6UX40,54,0.0059
Q13951,54,0.0059
Q16611,54,0.0059
P09681,54,0.0059
O43323,54,0.0059
A0AUZ9,54,0.0059
Q9UBY9,54,0.0059
Q7Z5L9,54,0.0059
O00253,54,0.0059
Q5JT25,54,0.0059
Q9NR00,54,0.0059
Q969Z0,54,0.0059
Q8NGP3,54,0.0059
Q15397,54,0.0059
Q8N1M1,54,0.0059
O75493,54,0.0059
P30040,54,0.0059
P10645,54,0.0059
P61006,54,0.0059
Q9Y3M2,54,0.0059
Q6IF82,54,0.0059
Q9Y5U8,54,0.0059
Q8NHS9,54,0.0059
O14524,54,0.0059
Q15048,54,0.0059
Q5JUW0,54,0.0059
Q7Z7M8,54,0.0059
P46783,54,0.0059
Q8IZ81,54,0.0059
Q5VXU1,54,0.0059
P52815,54,0.0059
O95424,54,0.0059
Q9UK23,54,0.0059
Q8NG06,54,0.0059
Q8N2G8,54,0.0059
P07737,54,0.0059
Q969E2,54,0.0059
Q5T6V5,54,0.0059
Q7RTY5,54,0.0059
Q5D0E6,54,0.0059
E9PQX1,54,0.0059
Q49AM1,54,0.0059
Q5MJ68,54,0.0059
Q9NWM0,54,0.0059
Q7Z6J8,54,0.0059
Q15020,54,0.0059
Q9BSG5,54,0.0059
Q9P0Z9,54,0.0059
P22492,54,0.0059
Q9UHV9,54,0.0059
Q9BY79,54,0.0059
Q9NZC2,54,0.0059
Q6UX06,54,0.0059
Q7Z4P5,54,0.0059
Q8TAM2,54,0.0059
Q9P265,54,0.0059
Q9H0U4,54,0.0059
Q15561,54,0.0059
P22004,54,0.0059
P04198,54,0.0059
Q96L42,54,0.0059
Q9BV35,54,0.0059
Q9UPX8,54,0.0059
P07919,54,0.0059
Q9H3N1,54,0.0059
Q8IUR0,54,0.0059
O00329,54,0.0059
Q53EL6,54,0.0059
Q8TF66,54,0.0059
Q6UXN7,54,0.0059
Q8N3F0,54,0.0059
O14929,54,0.0059
P00492,54,0.0059
A6NFH5,54,0.0059
Q96LA9,54,0.0059
O14827,54,0.0059
P04035,54,0.0059
Q53TN4,54,0.0059
Q96C12,54,0.0059
Q9BWV7,54,0.0059
A6NMN3,54,0.0059
Q9NRF8,54,0.0059
O95183,54,0.0059
P02654,54,0.0059
Q9BUF7,54,0.0059
Q5JR12,54,0.0059
Q8TCT8,54,0.0059
Q86WR0,54,0.0059
Q8TEW6,54,0.0059
Q9NTZ6,54,0.0059
C9JJ37,54,0.0059
Q9UQB8,54,0.0059
O60487,54,0.0059
Q8TCF1,54,0.0059
Q9NVD3,54,0.0059
Q9BSE2,54,0.0059
Q9NZ42,54,0.0059
A8MSI8,54,0.0059
Q8NEL0,54,0.0059
Q8NA92,54,0.0059
Q9Y661,54,0.0059
Q6FI81,54,0.0059
P31941,54,0.0059
Q9Y6B6,54,0.0059
O14975,54,0.0059
Q96CS7,54,0.0059
Q8NI29,54,0.0059
P62854,54,0.0059
A6NF83,54,0.0059
O60825,54,0.0059
Q9HD26,54,0.0059
P48507,54,0.0059
Q5QNW6,54,0.0059
C9JDP6,54,0.0059
P10646,54,0.0059
Q9Y5U2,54,0.0059
Q9H1K1,54,0.0059
Q96SI1,54,0.0059
Q92187,54,0.0059
Q6NZ67,54,0.0059
Q96P70,54,0.0059
Q7Z591,54,0.0059
Q9HBA0,54,0.0059
P18031,53,0.0058
Q8TDD5,53,0.0058
Q9BRZ2,53,0.0058
O14595,53,0.0058
Q5T9G4,53,0.0058
P61165,53,0.0058
Q6NUI6,53,0.0058
Q7Z5A9,53,0.0058
Q07283,53,0.0058
O43927,53,0.0058
Q15120,53,0.0058
P13693,53,0.0058
Q9Y577,53,0.0058
P0CF75,53,0.0058
Q9BRI3,53,0.0058
P51636,53,0.0058
Q9NZV8,53,0.0058
O43379,53,0.0058
Q5R3K3,53,0.0058
Q8NHR7,53,0.0058
Q9BYR2,53,0.0058
Q9BYN0,53,0.0058
Q92905,53,0.0058
Q99689,53,0.0058
Q9H930,53,0.0058
A6NER3,53,0.0058
P07108,53,0.0058
Q9UNE0,53,0.0058
Q86UW8,53,0.0058
Q14802,53,0.0058
Q3I5F7,53,0.0058
Q5JS54,53,0.0058
Q8N4P3,53,0.0058
Q6N022,53,0.0058
Q9Y4P8,53,0.0058
O43422,53,0.0058
O43825,53,0.0058
Q99928,53,0.0058
Q3YBR2,53,0.0058
P02689,53,0.0058
P13498,53,0.0058
Q9HAY2,53,0.0058
Q14005,53,0.0058
Q8IZ16,53,0.0058
Q9Y239,53,0.0058
Q8IW40,53,0.0058
Q6PD62,53,0.0058
Q8N2A8,53,0.0058
Q9UHP7,53,0.0058
P26842,53,0.0058
Q9Y328,53,0.0058
Q969Q5,53,0.0058
Q92608,53,0.0058
Q86W11,53,0.0058
O95997,53,0.0058
O76094,53,0.0058
Q96GR2,53,0.0058
Q9NY37,53,0.0058
P18428,53,0.0058
Q9Y662,53,0.0058
Q15842,53,0.0058
Q8WY91,53,0.0058
O43677,53,0.0058
O15173,53,0.0058
A6NKD9,53,0.0058
Q9BXJ7,53,0.0058
P27448,53,0.0058
P29317,53,0.0058
P09132,53,0.0058
O60930,53,0.0058
P50150,53,0.0058
O60224,53,0.0058
P09543,53,0.0058
P28074,53,0.0058
Q9Y672,53,0.0058
P42773,53,0.0058
Q6P444,53,0.0058
Q9UIK4,53,0.0058
Q9H5X1,53,0.0058
Q9NZQ9,53,0.0058
P55036,53,0.0058
Q9BVV8,53,0.0058
P30260,53,0.0058
Q5VYY1,53,0.0058
P51955,53,0.0058
Q5VTE6,53,0.0058
Q96EE3,53,0.0058
O75746,53,0.0058
Q9Y289,53,0.0058
P54252,53,0.0058
Q9Y2Z9,53,0.0058
P43628,53,0.0058
Q96ER3,53,0.0058
Q16517,53,0.0058
Q9NS69,53,0.0058
Q8IYW4,53,0.0058
Q9P2N4,53,0.0058
Q5QJ38,53,0.0058
Q8NBJ9,53,0.0058
Q6PEY0,53,0.0058
P56730,53,0.0058
P22362,53,0.0058
Q9Y4Z2,53,0.0058
Q02108,53,0.0058
A8MX76,53,0.0058
Q9P2G3,53,0.0058
Q5TZF3,53,0.0058
Q969V3,53,0.0058
A0A096LNP1,53,0.0058
P62861,53,0.0058
Q9UJC5,53,0.0058
O60939,53,0.0058
Q9H9H4,53,0.0058
Q16280,53,0.0058
O95563,53,0.0058
Q9NY25,53,0.0058
O14981,53,0.0058
Q8TEF2,53,0.0058
O75173,53,0.0058
Q08AH1,53,0.0058
Q95460,53,0.0058
P42684,53,0.0058
Q30KQ9,53,0.0058
Q96MH6,53,0.0058
Q8N3T1,53,0.0058
Q8WZA0,53,0.0058
O43665,53,0.0058
O60346,53,0.0058
P59797,53,0.0058
Q12967,53,0.0058
P19883,53,0.0058
Q9UBC5,53,0.0058
Q15545,53,0.0058
Q9UJ14,53,0.0058
Q6P4Q7,53,0.0058
Q53RE8,53,0.0058
O75185,53,0.0058
Q6P4F2,53,0.0058
Q8IZ02,53,0.0058
Q9Y696,53,0.0058
Q71RG4,53,0.0058
P01732,53,0.0058
Q8WTV0,52,0.0057
Q9NR83,52,0.0057
Q9HCH3,52,0.0057
Q6PIF2,52,0.0057
Q9NS91,52,0.0057
Q9BYE2,52,0.0057
Q9UGJ1,52,0.0057
P68371,52,0.0057
P08567,52,0.0057
P48645,52,0.0057
Q9HAQ2,52,0.0057
Q9NQT6,52,0.0057
Q6ZS10,52,0.0057
Q9Y3C7,52,0.0057
Q16401,52,0.0057
Q9UL42,52,0.0057
Q6NXR4,52,0.0057
Q86UV7,52,0.0057
P51809,52,0.0057
Q32M84,52,0.0057
Q9H8W3,52,0.0057
A0A075B6I7,52,0.0057
Q16816,52,0.0057
Q14520,52,0.0057
C9JJH3,52,0.0057
Q6ZR85,52,0.0057
O60343,52,0.0057
Q6ZNE9,52,0.0057
Q9BSE4,52,0.0057
Q8NGP6,52,0.0057
P42892,52,0.0057
P41271,52,0.0057
Q5T2D3,52,0.0057
Q9Y2Q9,52,0.0057
P62310,52,0.0057
C9JCN9,52,0.0057
Q17RB0,52,0.0057
Q9Y3D0,52,0.0057
Q86UN6,52,0.0057
Q9NQE7,52,0.0057
Q96MM6,52,0.0057
Q8NGP0,52,0.0057
Q9H6Z4,52,0.0057
Q6UVW9,52,0.0057
Q9UJQ7,52,0.0057
Q9Y281,52,0.0057
O75204,52,0.0057
Q9NRG7,52,0.0057
Q5T4W7,52,0.0057
Q8WV28,52,0.0057
P08949,52,0.0057
Q99983,52,0.0057
Q5EBM0,52,0.0057
Q9BQ89,52,0.0057
Q14129,52,0.0057
Q8NHV1,52,0.0057
Q96N95,52,0.0057
P19957,52,0.0057
Q8WUY8,52,0.0057
Q99608,52,0.0057
P20941,52,0.0057
B3GLJ2,52,0.0057
P20648,52,0.0057
A0A1W2PQ72,52,0.0057
P41220,52,0.0057
Q53QZ3,52,0.0057
Q8TB40,52,0.0057
Q6ZQX7,52,0.0057
Q9H6X4,52,0.0057
P51532,52,0.0057
O43715,52,0.0057
P04090,52,0.0057
Q8N7F7,52,0.0057
Q5QJE6,52,0.0057
Q86U70,52,0.0057
Q9UK73,52,0.0057
Q12889,52,0.0057
Q6GQQ9,52,0.0057
P60368,52,0.0057
P60369,52,0.0057
Q9H503,52,0.0057
P63096,52,0.0057
Q8N6N2,52,0.0057
P80297,52,0.0057
Q9BYG7,52,0.0057
P16519,52,0.0057
Q8NEZ4,52,0.0057
Q9ULW3,52,0.0057
P60520,52,0.0057
O14972,52,0.0057
Q5U5Z8,52,0.0057
Q8IX90,52,0.0057
Q9BZ72,52,0.0057
Q9C009,52,0.0057
Q9NV96,52,0.0057
Q6GTX8,52,0.0057
P51911,52,0.0057
Q9NQV8,52,0.0057
Q96IP4,52,0.0057
Q9C002,52,0.0057
P49798,52,0.0057
Q9C0F1,52,0.0057
Q9NRA1,52,0.0057
Q9GZX3,52,0.0057
Q9BQB6,52,0.0057
O15033,52,0.0057
Q9Y616,52,0.0057
Q9H967,52,0.0057
P29373,52,0.0057
Q14116,52,0.0057
P36954,52,0.0057
P16410,52,0.0057
P56880,52,0.0057
P15907,52,0.0057
Q96GX8,52,0.0057
Q9NPI6,52,0.0057
Q9UQF2,52,0.0057
Q8TD47,52,0.0057
A8MW95,52,0.0057
Q6ZMY6,52,0.0057
Q9NUQ6,52,0.0057
P23219,52,0.0057
Q8NGD2,52,0.0057
O00192,52,0.0057
Q9NS61,52,0.0057
Q8N5N7,52,0.0057
P01833,52,0.0057
O95271,52,0.0057
Q15678,52,0.0057
P55060,52,0.0057
Q96L12,52,0.0057
Q14940,52,0.0057
Q9BVG4,52,0.0057
Q15544,52,0.0057
Q14571,52,0.0057
P55055,52,0.0057
H3BRN8,52,0.0057
Q96IM9,52,0.0057
Q7LGC8,52,0.0057
Q9BX93,52,0.0057
A6NKF2,52,0.0057
Q6PI26,52,0.0057
Q96JX3,52,0.0057
O60882,52,0.0057
P00740,52,0.0057
Q6ZMN8,52,0.0057
O95361,52,0.0057
Q9NVH6,52,0.0057
O14530,52,0.0057
P12883,52,0.0057
Q9Y255,51,0.0056
P18507,51,0.0056
P06133,51,0.0056
P53801,51,0.0056
P52848,51,0.0056
Q969R2,51,0.0056
P52907,51,0.0056
A6NNX1,51,0.0056
Q5TFE4,51,0.0056
Q9NX55,51,0.0056
P80303,51,0.0056
Q9UM01,51,0.0056
Q8IWJ2,51,0.0056
Q09470,51,0.0056
Q53S58,51,0.0056
Q9H7X2,51,0.0056
P49755,51,0.0056
Q9NZM3,51,0.0056
Q6UWH6,51,0.0056
Q9Y2D4,51,0.0056
Q49AM3,51,0.0056
P01374,51,0.0056
P60568,51,0.0056
Q9Y240,51,0.0056
Q9H3S5,51,0.0056
O60830,51,0.0056
P55145,51,0.0056
Q9BV81,51,0.0056
Q9Y3D2,51,0.0056
Q8N8F7,51,0.0056
Q8NE71,51,0.0056
Q9P2L0,51,0.0056
Q9NSN8,51,0.0056
Q9HBG7,51,0.0056
P30533,51,0.0056
Q9NUJ7,51,0.0056
Q9UEY8,51,0.0056
Q9BXB4,51,0.0056
Q9BWG6,51,0.0056
Q6NUM9,51,0.0056
A0A075B6R9,51,0.0056
Q8WZ64,51,0.0056
O43688,51,0.0056
O00635,51,0.0056
P31213,51,0.0056
Q9UBP0,51,0.0056
Q9UQ05,51,0.0056
Q6GPH4,51,0.0056
Q12791,51,0.0056
Q9NXJ0,51,0.0056
Q9Y6N5,51,0.0056
Q7L2E3,51,0.0056
Q8N3R3,51,0.0056
O60271,51,0.0056
Q99811,51,0.0056
P0DI80,51,0.0056
Q9NQG6,51,0.0056
Q9Y3U8,51,0.0056
Q9NX00,51,0.0056
Q86Y97,51,0.0056
P04083,51,0.0056
Q13439,51,0.0056
Q0VG99,51,0.0056
P10124,51,0.0056
Q8NFI3,51,0.0056
Q96ID5,51,0.0056
Q8IZU3,51,0.0056
P62249,51,0.0056
Q5T2E6,51,0.0056
Q5T292,51,0.0056
Q9H299,51,0.0056
A6NFZ4,51,0.0056
Q15777,51,0.0056
Q495M3,51,0.0056
Q9UKN7,51,0.0056
E9PRG8,51,0.0056
O00560,51,0.0056
Q96KA5,51,0.0056
O94885,51,0.0056
Q9Y6L7,51,0.0056
Q16850,51,0.0056
Q13686,51,0.0056
P78325,51,0.0056
Q96EF6,51,0.0056
Q96SN7,51,0.0056
I3L3R5,51,0.0056
Q8NGD1,51,0.0056
Q99457,51,0.0056
Q16548,51,0.0056
Q5T5C0,51,0.0056
Q14210,51,0.0056
Q9ULH1,51,0.0056
P42356,51,0.0056
O95872,51,0.0056
P27694,51,0.0056
Q99865,51,0.0056
Q8WYJ6,51,0.0056
O14669,51,0.0056
Q8NG66,51,0.0056
Q9UI12,51,0.0056
Q6ZV70,51,0.0056
Q96EZ8,51,0.0056
P49703,51,0.0056
Q9Y3V2,51,0.0056
Q96AE7,51,0.0056
Q86XP1,51,0.0056
Q9UK45,51,0.0056
Q8IZL9,51,0.0056
Q9UBT3,51,0.0056
P13688,51,0.0056
Q9Y291,51,0.0056
Q9P0L1,51,0.0056
A6NGQ2,51,0.0056
Q9UBI4,51,0.0056
Q6VVX0,51,0.0056
P02790,51,0.0056
P16333,51,0.0056
Q96NS1,51,0.0056
P51677,51,0.0056
Q8IZP7,51,0.0056
Q9NSV4,51,0.0056
P26885,51,0.0056
P12644,51,0.0056
P37235,51,0.0056
P0C7I6,51,0.0056
P31153,51,0.0056
P26436,51,0.0056
Q8N6G5,51,0.0056
P51787,51,0.0056
Q15013,51,0.0056
Q9UEW3,51,0.0056
Q9UDV6,51,0.0056
P46782,51,0.0056
O75509,51,0.0056
Q9UBF2,51,0.0056
Q6X4W1,51,0.0056
Q149N8,51,0.0056
P57721,51,0.0056
Q9H7D0,51,0.0056
Q1W4C9,51,0.0056
Q53FV1,51,0.0056
Q5I0X4,51,0.0056
Q16626,51,0.0056
Q9Y5K5,51,0.0056
Q8IWE4,51,0.0056
Q13492,51,0.0056
Q6EIG7,51,0.0056
Q9UKA2,50,0.0054
Q96GE4,50,0.0054
Q9H3S1,50,0.0054
Q13606,50,0.0054
Q5XUX1,50,0.0054
P53567,50,0.0054
P62081,50,0.0054
O75461,50,0.0054
Q15109,50,0.0054
Q8NFP0,50,0.0054
Q9C019,50,0.0054
Q9UIQ6,50,0.0054
O14544,50,0.0054
Q8N9N7,50,0.0054
Q16832,50,0.0054
P32189,50,0.0054
Q9Y4F1,50,0.0054
P56381,50,0.0054
P08514,50,0.0054
Q01534,50,0.0054
P61966,50,0.0054
O60225,50,0.0054
Q15831,50,0.0054
P35568,50,0.0054
P17844,50,0.0054
Q5JSQ8,50,0.0054
P47914,50,0.0054
O75795,50,0.0054
O15072,50,0.0054
Q9NWZ3,50,0.0054
P17152,50,0.0054
P98170,50,0.0054
O15535,50,0.0054
O60890,50,0.0054
P36575,50,0.0054
Q9NRS6,50,0.0054
Q14697,50,0.0054
Q8IZT8,50,0.0054
P25398,50,0.0054
Q494V2,50,0.0054
Q96MT7,50,0.0054
Q9P104,50,0.0054
P78348,50,0.0054
P56748,50,0.0054
Q96RS6,50,0.0054
Q9BXB7,50,0.0054
Q9BZK7,50,0.0054
H3BR10,50,0.0054
P0C264,50,0.0054
A6NJL1,50,0.0054
P49716,50,0.0054
P12821,50,0.0054
P0C7W0,50,0.0054
P0DJD1,50,0.0054
P41134,50,0.0054
Q86U06,50,0.0054
Q53RD9,50,0.0054
P17081,50,0.0054
Q6W0C5,50,0.0054
O95777,50,0.0054
Q9ULW6,50,0.0054
A8MTT3,50,0.0054
P04920,50,0.0054
P00156,50,0.0054
P58215,50,0.0054
P43007,50,0.0054
Q9H0R8,50,0.0054
Q8WVX9,50,0.0054
Q9ULR5,50,0.0054
Q8NES8,50,0.0054
Q9H8V3,50,0.0054
Q8IVA1,50,0.0054
Q5T7P8,50,0.0054
Q8IUE6,50,0.0054
Q9H1F0,50,0.0054
P23469,50,0.0054
P10746,50,0.0054
Q9BRP4,50,0.0054
Q9ULZ9,50,0.0054
P39748,50,0.0054
O15551,50,0.0054
Q14642,50,0.0054
O14647,50,0.0054
Q8WXD9,50,0.0054
Q5D1E8,50,0.0054
Q9UMR3,50,0.0054
Q9P0U1,50,0.0054
P62873,50,0.0054
P28472,50,0.0054
Q8N841,50,0.0054
Q13443,50,0.0054
Q9NWW9,50,0.0054
Q9NZ45,50,0.0054
Q9Y5T5,50,0.0054
Q9H9H5,50,0.0054
P48740,50,0.0054
P27169,50,0.0054
Q9H0K4,50,0.0054
P14679,50,0.0054
P62829,50,0.0054
P60604,50,0.0054
Q5VTH9,50,0.0054
O15321,50,0.0054
Q9NQ35,50,0.0054
Q9NWX5,50,0.0054
Q96RU3,50,0.0054
Q15003,50,0.0054
O14610,50,0.0054
P05496,50,0.0054
Q04656,50,0.0054
P10275,50,0.0054
P11474,50,0.0054
Q9H0E9,50,0.0054
P19174,50,0.0054
P35321,50,0.0054
Q9NPQ8,50,0.0054
O75817,50,0.0054
P32121,50,0.0054
H3BQJ8,50,0.0054
O94778,50,0.0054
Q6IFG1,50,0.0054
P13765,50,0.0054
Q9H2X8,50,0.0054
P52657,50,0.0054
P40818,50,0.0054
Q9Y4I1,50,0.0054
Q9Y4H2,50,0.0054
Q9Y6I4,50,0.0054
P04843,50,0.0054
P54851,50,0.0054
P48509,50,0.0054
O96013,50,0.0054
Q9UPQ7,50,0.0054
Q9NWC5,50,0.0054
Q13740,50,0.0054
Q9H9C1,50,0.0054
P51884,50,0.0054
Q14512,50,0.0054
Q68CR1,50,0.0054
A8MZ36,50,0.0054
P53582,50,0.0054
Q86WI1,50,0.0054
O75962,50,0.0054
Q15370,50,0.0054
A0A0C4DH28,50,0.0054
Q9BSJ1,50,0.0054
Q5T9Z0,50,0.0054
O14764,50,0.0054
Q6PJP8,50,0.0054
Q96SQ9,50,0.0054
Q8N7B6,50,0.0054
Q14161,50,0.0054
O94829,50,0.0054
Q9HC44,50,0.0054
Q7L5N7,49,0.0053
Q08AM6,49,0.0053
P61289,49,0.0053
P53814,49,0.0053
O43567,49,0.0053
O14807,49,0.0053
O00541,49,0.0053
Q9Y6U7,49,0.0053
Q6PHR2,49,0.0053
Q9UJU6,49,0.0053
Q6WN34,49,0.0053
D3W0D1,49,0.0053
Q8WVJ2,49,0.0053
P63267,49,0.0053
Q8TCU4,49,0.0053
Q5T0L3,49,0.0053
Q8NC67,49,0.0053
Q8WYP3,49,0.0053
Q9NUQ2,49,0.0053
Q8TE54,49,0.0053
P63220,49,0.0053
P03928,49,0.0053
P00439,49,0.0053
Q8WW35,49,0.0053
P98155,49,0.0053
O60502,49,0.0053
P14207,49,0.0053
A1L190,49,0.0053
O75385,49,0.0053
Q7L2J0,49,0.0053
Q06643,49,0.0053
Q96BP2,49,0.0053
O76095,49,0.0053
Q9Y5Z6,49,0.0053
Q5VWC8,49,0.0053
Q9BRA2,49,0.0053
Q00653,49,0.0053
Q9NP77,49,0.0053
P0C7M6,49,0.0053
O43426,49,0.0053
Q8WTW3,49,0.0053
P27986,49,0.0053
Q86XZ4,49,0.0053
Q96DF8,49,0.0053
Q96G27,49,0.0053
Q9NWB7,49,0.0053
Q9HC38,49,0.0053
Q9NZ09,49,0.0053
P60891,49,0.0053
O75324,49,0.0053
Q9H2U2,49,0.0053
Q9Y6H1,49,0.0053
Q6P1M3,49,0.0053
Q9NY47,49,0.0053
H3BU77,49,0.0053
Q9HCG8,49,0.0053
Q16514,49,0.0053
Q96QR8,49,0.0053
O96004,49,0.0053
P12271,49,0.0053
Q9Y446,49,0.0053
Q9ULY5,49,0.0053
A6NDY0,49,0.0053
Q8TC90,49,0.0053
Q9BSJ5,49,0.0053
Q9Y3Q8,49,0.0053
Q14699,49,0.0053
Q92831,49,0.0053
Q8N0W4,49,0.0053
P61960,49,0.0053
P61163,49,0.0053
Q9NZM5,49,0.0053
Q9UHD1,49,0.0053
Q96EQ8,49,0.0053
Q16820,49,0.0053
P31751,49,0.0053
E5RJM6,49,0.0053
Q7Z7M0,49,0.0053
Q1L5Z9,49,0.0053
Q96CT7,49,0.0053
Q86XR5,49,0.0053
P55273,49,0.0053
Q9H2K2,49,0.0053
Q6UVJ0,49,0.0053
Q9NR19,49,0.0053
P13533,49,0.0053
Q5SV17,49,0.0053
Q8NGP4,49,0.0053
Q9GZY4,49,0.0053
Q96HU8,49,0.0053
Q6NUS8,49,0.0053
P22681,49,0.0053
Q9ULV8,49,0.0053
P02100,49,0.0053
O75553,49,0.0053
O75449,49,0.0053
B4DJY2,49,0.0053
Q03181,49,0.0053
Q96RT8,49,0.0053
Q8N6M0,49,0.0053
Q92887,49,0.0053
O75593,49,0.0053
O75881,49,0.0053
Q86WV1,49,0.0053
Q9BYQ4,49,0.0053
O95340,49,0.0053
C0HLV8,49,0.0053
Q8TBY9,49,0.0053
Q96K62,49,0.0053
Q16653,49,0.0053
A2RUH7,49,0.0053
Q9BY12,49,0.0053
Q14807,49,0.0053
Q8IY45,49,0.0053
A1A519,49,0.0053
P49223,49,0.0053
Q8TDW4,49,0.0053
Q86XQ3,49,0.0053
Q6P3S1,49,0.0053
Q9NP72,49,0.0053
Q07820,49,0.0053
Q96HF1,49,0.0053
Q8N4L4,49,0.0053
P78369,49,0.0053
O60858,49,0.0053
Q9UHK0,49,0.0053
Q13261,49,0.0053
O60844,49,0.0053
Q9Y6C2,49,0.0053
Q96KC2,49,0.0053
Q9Y3E0,49,0.0053
Q96N23,49,0.0053
A6NI73,49,0.0053
O95972,49,0.0053
Q16678,49,0.0053
Q6ZVN8,49,0.0053
P57052,49,0.0053
Q8WXF3,48,0.0052
Q9NRL2,48,0.0052
Q7Z6M2,48,0.0052
O43396,48,0.0052
P00519,48,0.0052
P25025,48,0.0052
Q9BRC7,48,0.0052
Q96LR2,48,0.0052
Q8NAV1,48,0.0052
Q9Y573,48,0.0052
Q6L8G8,48,0.0052
P52824,48,0.0052
Q9NNX6,48,0.0052
Q86TP1,48,0.0052
Q16589,48,0.0052
Q9H0R3,48,0.0052
P06239,48,0.0052
Q9NR34,48,0.0052
A0A0B4J1U3,48,0.0052
Q9UHV2,48,0.0052
A0A075B6J6,48,0.0052
Q9Y316,48,0.0052
Q9C0E4,48,0.0052
Q9UET6,48,0.0052
Q5T7B8,48,0.0052
Q9Y487,48,0.0052
Q6IPW1,48,0.0052
B6SEH9,48,0.0052
Q6L8H4,48,0.0052
Q8TCD6,48,0.0052
Q8NGD0,48,0.0052
Q9NS40,48,0.0052
Q8NHH1,48,0.0052
Q96JS3,48,0.0052
Q96SM3,48,0.0052
Q6ZTW0,48,0.0052
O00453,48,0.0052
P0C875,48,0.0052
Q9H6T3,48,0.0052
Q92973,48,0.0052
O75469,48,0.0052
Q96GX5,48,0.0052
Q8NGF8,48,0.0052
O15528,48,0.0052
O75366,48,0.0052
Q5K4L6,48,0.0052
P21781,48,0.0052
Q8N8G2,48,0.0052
Q8N5K1,48,0.0052
P0DJR0,48,0.0052
Q9P2G9,48,0.0052
P26439,48,0.0052
Q8WYA6,48,0.0052
Q7Z5Y7,48,0.0052
O60927,48,0.0052
A6NG13,48,0.0052
P27361,48,0.0052
P61218,48,0.0052
Q9H0W7,48,0.0052
Q02509,48,0.0052
A0A0B4J1X8,48,0.0052
O75426,48,0.0052
Q5EE01,48,0.0052
Q96RP8,48,0.0052
O60673,48,0.0052
Q16610,48,0.0052
O75112,48,0.0052
Q8IWY8,48,0.0052
A6NC42,48,0.0052
Q9H0N5,48,0.0052
Q9BQ48,48,0.0052
Q9NY87,48,0.0052
P20929,48,0.0052
Q2VPB7,48,0.0052
P22888,48,0.0052
P0DP57,48,0.0052
A8MTY7,48,0.0052
Q12800,48,0.0052
Q9UL03,48,0.0052
Q9P278,48,0.0052
P05067,48,0.0052
Q8WXS8,48,0.0052
Q07108,48,0.0052
P29475,48,0.0052
O43592,48,0.0052
Q8NBT0,48,0.0052
P61513,48,0.0052
Q8IVL8,48,0.0052
Q6WKZ4,48,0.0052
B0YJ81,48,0.0052
Q96BM0,48,0.0052
Q9H0E2,48,0.0052
P52798,48,0.0052
Q9UKX5,48,0.0052
Q6ZMP0,48,0.0052
Q5TBC7,48,0.0052
O95948,48,0.0052
Q8IY92,48,0.0052
P02753,48,0.0052
Q9BYQ7,48,0.0052
Q5VT06,48,0.0052
Q3V5L5,48,0.0052
Q9NYK6,48,0.0052
Q8N4S7,48,0.0052
Q13404,48,0.0052
Q8TAE6,48,0.0052
Q86UW6,48,0.0052
Q8NEM8,48,0.0052
Q9BY11,48,0.0052
Q12955,48,0.0052
Q8N8Y2,48,0.0052
Q99714,48,0.0052
Q9P0J6,48,0.0052
Q96BN8,48,0.0052
Q9Y673,48,0.0052
Q86T26,48,0.0052
Q4L235,48,0.0052
P0CW23,48,0.0052
Q9Y253,48,0.0052
Q30KQ7,48,0.0052
P41252,48,0.0052
Q9HBX8,48,0.0052
Q6PID8,48,0.0052
Q5BKT4,48,0.0052
Q99759,48,0.0052
P59045,48,0.0052
A0A075B6R0,48,0.0052
Q8IZ21,48,0.0052
Q9UK22,48,0.0052
Q9NWW6,48,0.0052
Q9UQC2,48,0.0052
Q9BRN9,48,0.0052
Q14687,48,0.0052
Q5T681,48,0.0052
P26373,48,0.0052
Q8N158,48,0.0052
Q86Y56,48,0.0052
Q9NRQ5,48,0.0052
P0DP09,48,0.0052
Q9H790,48,0.0052
Q9UBU3,48,0.0052
A2RU14,48,0.0052
O14641,48,0.0052
Q9UQL6,48,0.0052
Q14684,48,0.0052
Q3KNW5,48,0.0052
P60371,48,0.0052
Q8TEJ3,48,0.0052
Q9BTM1,48,0.0052
Q9P2J5,48,0.0052
Q96A72,48,0.0052
Q14140,48,0.0052
P04731,48,0.0052
A6NI61,48,0.0052
O76071,48,0.0052
Q9P2H5,48,0.0052
Q8TA86,48,0.0052
Q6PF15,48,0.0052
Q8NA54,48,0.0052
Q53FZ2,48,0.0052
P27544,48,0.0052
Q9P2P1,48,0.0052
Q86UV6,47,0.0051
Q9BX74,47,0.0051
A0A0A6YYK6,47,0.0051
P13497,47,0.0051
Q92830,47,0.0051
Q6ZMJ2,47,0.0051
Q9HCU8,47,0.0051
Q86UR1,47,0.0051
Q6NUK1,47,0.0051
Q9UBF8,47,0.0051
Q13596,47,0.0051
Q9H8M1,47,0.0051
O14818,47,0.0051
P30273,47,0.0051
Q9GZZ8,47,0.0051
P50281,47,0.0051
Q9P2K2,47,0.0051
Q6NXR0,47,0.0051
P07148,47,0.0051
Q15054,47,0.0051
Q9Y6R0,47,0.0051
O60507,47,0.0051
Q96QB1,47,0.0051
Q5EBL4,47,0.0051
Q92854,47,0.0051
O75800,47,0.0051
Q2VYF4,47,0.0051
A0A2R8Y2Y2,47,0.0051
P30405,47,0.0051
Q92730,47,0.0051
Q86Y33,47,0.0051
Q8N119,47,0.0051
Q9P2E2,47,0.0051
Q8IYX8,47,0.0051
O43264,47,0.0051
Q5TD94,47,0.0051
Q96DR7,47,0.0051
Q9NRL3,47,0.0051
Q6PIY5,47,0.0051
Q9GZU8,47,0.0051
Q96DZ9,47,0.0051
Q15738,47,0.0051
Q13216,47,0.0051
P61366,47,0.0051
P21145,47,0.0051
Q9UI26,47,0.0051
A6NIV6,47,0.0051
P35241,47,0.0051
Q8TDM5,47,0.0051
Q92484,47,0.0051
P21580,47,0.0051
Q9P2P6,47,0.0051
Q9UJW3,47,0.0051
P35638,47,0.0051
Q8WU66,47,0.0051
Q9NQ48,47,0.0051
O95208,47,0.0051
Q15334,47,0.0051
O15018,47,0.0051
O94988,47,0.0051
Q6TCH7,47,0.0051
Q15847,47,0.0051
A0A075B6Q5,47,0.0051
O75764,47,0.0051
P49757,47,0.0051
Q9UKU6,47,0.0051
Q8NH49,47,0.0051
P38919,47,0.0051
Q8IWW6,47,0.0051
Q5ZPR3,47,0.0051
P54709,47,0.0051
P19013,47,0.0051
P36269,47,0.0051
Q96L33,47,0.0051
P50748,47,0.0051
A1A580,47,0.0051
Q7L775,47,0.0051
Q05952,47,0.0051
Q14511,47,0.0051
Q2PPJ7,47,0.0051
Q8NBZ0,47,0.0051
Q99877,47,0.0051
Q14146,47,0.0051
Q96LD8,47,0.0051
Q15907,47,0.0051
O75556,47,0.0051
P12259,47,0.0051
Q96PU4,47,0.0051
Q8WYQ3,47,0.0051
Q01581,47,0.0051
Q9NRJ3,47,0.0051
Q86YT9,47,0.0051
Q9NS64,47,0.0051
Q9P2D6,47,0.0051
Q96AQ1,47,0.0051
Q15038,47,0.0051
Q460N3,47,0.0051
Q9UL58,47,0.0051
Q8IX18,47,0.0051
Q08AG7,47,0.0051
O75409,47,0.0051
P05060,47,0.0051
Q14831,47,0.0051
Q9NXK8,47,0.0051
Q9UHQ4,47,0.0051
Q9BUW7,47,0.0051
Q15819,47,0.0051
Q9Y5A6,47,0.0051
Q8WZA2,47,0.0051
P35498,47,0.0051
Q8NGD5,47,0.0051
Q9BRT3,47,0.0051
Q8WV19,47,0.0051
Q9NRZ5,47,0.0051
Q5VWW1,47,0.0051
Q8TAK5,47,0.0051
Q8NBR6,47,0.0051
Q6ZW49,47,0.0051
P48167,47,0.0051
Q96M86,47,0.0051
Q96P48,47,0.0051
Q7Z3F1,47,0.0051
O75569,47,0.0051
O60573,47,0.0051
Q96MN2,47,0.0051
P57088,47,0.0051
Q8N4E4,47,0.0051
Q96HH9,47,0.0051
Q502W7,47,0.0051
Q9UD71,47,0.0051
Q8N6F7,47,0.0051
Q9H5K3,47,0.0051
P00558,47,0.0051
O75438,47,0.0051
P28715,47,0.0051
P43490,47,0.0051
Q9BYU5,47,0.0051
P47755,47,0.0051
P09430,47,0.0051
P04216,46,0.005
Q15543,46,0.005
Q8NAA4,46,0.005
Q6NSZ9,46,0.005
Q9P2T0,46,0.005
O14594,46,0.005
O95947,46,0.005
P55854,46,0.005
O95070,46,0.005
Q9H2A7,46,0.005
P18859,46,0.005
Q9NZU7,46,0.005
Q9HB58,46,0.005
P21583,46,0.005
Q13618,46,0.005
Q8IWZ3,46,0.005
O43451,46,0.005
P01116,46,0.005
O15379,46,0.005
Q15582,46,0.005
Q99965,46,0.005
P28289,46,0.005
Q6UX73,46,0.005
P78368,46,0.005
Q13956,46,0.005
Q96DC7,46,0.005
Q92968,46,0.005
Q9BXJ8,46,0.005
Q8TAP9,46,0.005
Q9BY44,46,0.005
O60645,46,0.005
P54198,46,0.005
P36952,46,0.005
Q96JJ7,46,0.005
P23284,46,0.005
A6NK89,46,0.005
Q969N2,46,0.005
P27348,46,0.005
P21796,46,0.005
Q52MB2,46,0.005
P13611,46,0.005
P51149,46,0.005
Q8IUY3,46,0.005
Q9NSC5,46,0.005
P52655,46,0.005
Q08043,46,0.005
P60985,46,0.005
Q96DB9,46,0.005
Q8NG35,46,0.005
Q13671,46,0.005
O43572,46,0.005
O00567,46,0.005
O75155,46,0.005
Q9H3M9,46,0.005
Q96T51,46,0.005
O15444,46,0.005
Q96DS6,46,0.005
Q9H3V2,46,0.005
Q6L8Q7,46,0.005
Q9Y6C9,46,0.005
P47902,46,0.005
Q96DX7,46,0.005
O76031,46,0.005
Q14995,46,0.005
Q969P6,46,0.005
P11274,46,0.005
Q92752,46,0.005
Q9BX26,46,0.005
O60303,46,0.005
Q9BY19,46,0.005
Q4ADV7,46,0.005
P0DJI9,46,0.005
O95478,46,0.005
P42338,46,0.005
P56856,46,0.005
O75382,46,0.005
Q8WXF8,46,0.005
O95816,46,0.005
A6NHY2,46,0.005
P25787,46,0.005
Q5QGZ9,46,0.005
Q86YV6,46,0.005
P01215,46,0.005
Q9BQS6,46,0.005
P43366,46,0.005
Q9NWT1,46,0.005
Q6IEG0,46,0.005
A8K4G0,46,0.005
Q08708,46,0.005
Q86XJ0,46,0.005
Q9BTL3,46,0.005
Q6V0L0,46,0.005
Q9NXW2,46,0.005
P45880,46,0.005
Q9NSI6,46,0.005
Q9BZE9,46,0.005
Q155Q3,46,0.005
Q9NZI6,46,0.005
Q96A98,46,0.005
Q9HAP6,46,0.005
P22749,46,0.005
Q9BV40,46,0.005
Q8NCR3,46,0.005
P14410,46,0.005
Q8WUH6,46,0.005
Q68DU8,46,0.005
P05026,46,0.005
Q69YG0,46,0.005
P60329,46,0.005
Q5TCZ1,46,0.005
Q9BYE7,46,0.005
Q8NGB8,46,0.005
Q9H3T3,46,0.005
O43866,46,0.005
Q86YA3,46,0.005
O95522,46,0.005
Q96F86,46,0.005
Q9Y3Q4,46,0.005
Q6UX65,46,0.005
Q92995,46,0.005
Q8IYB4,46,0.005
Q9Y2T4,46,0.005
Q99527,46,0.005
P31946,46,0.005
Q96DA0,46,0.005
Q8N6I1,46,0.005
Q92747,46,0.005
Q9BYV2,46,0.005
Q92843,46,0.005
O94832,46,0.005
P49406,46,0.005
P63172,46,0.005
A0A1W2PRP0,46,0.005
Q96NI6,46,0.005
P14384,46,0.005
Q5VT98,46,0.005
Q7L804,46,0.005
Q7Z2Z1,46,0.005
P01597,46,0.005
Q8N4L8,46,0.005
Q9BRT6,46,0.005
B2RXH8,46,0.005
P47736,46,0.005
P19623,46,0.005
Q9BX67,45,0.0049
Q9BXV9,45,0.0049
Q9HB21,45,0.0049
P22736,45,0.0049
Q9NQP4,45,0.0049
O95789,45,0.0049
Q9H1A4,45,0.0049
O00273,45,0.0049
O95231,45,0.0049
Q9ULJ6,45,0.0049
P49321,45,0.0049
A0A0C4DH26,45,0.0049
Q9NP66,45,0.0049
Q9UQ13,45,0.0049
Q96EQ0,45,0.0049
Q9UIY3,45,0.0049
Q99757,45,0.0049
Q5H943,45,0.0049
Q2I0M4,45,0.0049
P23435,45,0.0049
O95994,45,0.0049
P78412,45,0.0049
P04746,45,0.0049
Q5T0N5,45,0.0049
P59047,45,0.0049
Q6ZMU5,45,0.0049
Q96DR4,45,0.0049
B2RUY7,45,0.0049
Q8NGN6,45,0.0049
Q9BQ31,45,0.0049
Q92499,45,0.0049
Q06413,45,0.0049
Q9UHY7,45,0.0049
P58062,45,0.0049
Q96J86,45,0.0049
Q3SXM0,45,0.0049
Q03188,45,0.0049
Q05932,45,0.0049
Q9P035,45,0.0049
Q9HAS0,45,0.0049
Q9H4I3,45,0.0049
P56945,45,0.0049
O15287,45,0.0049
Q9BXT6,45,0.0049
O15520,45,0.0049
Q9H347,45,0.0049
Q8IYI0,45,0.0049
Q9Y2Q0,45,0.0049
Q8TF62,45,0.0049
O14617,45,0.0049
A1A5D9,45,0.0049
P19827,45,0.0049
P02545,45,0.0049
Q8NH73,45,0.0049
Q8TF21,45,0.0049
Q08752,45,0.0049
P13994,45,0.0049
Q9UNS2,45,0.0049
O95170,45,0.0049
O60312,45,0.0049
O15195,45,0.0049
Q07960,45,0.0049
Q9NYS0,45,0.0049
Q96DX5,45,0.0049
Q9BUH6,45,0.0049
Q96I34,45,0.0049
P09960,45,0.0049
Q92997,45,0.0049
Q96RG2,45,0.0049
Q8NCD3,45,0.0049
P19438,45,0.0049
P61353,45,0.0049
Q9NZC4,45,0.0049
Q6SJ96,45,0.0049
P00533,45,0.0049
Q8N690,45,0.0049
Q3ZCT8,45,0.0049
Q96HU1,45,0.0049
Q9H4G1,45,0.0049
Q5T0J7,45,0.0049
P52823,45,0.0049
Q9UKC9,45,0.0049
Q12772,45,0.0049
Q99550,45,0.0049
Q96SJ8,45,0.0049
Q9NVV9,45,0.0049
Q9H6F5,45,0.0049
Q9Y5J3,45,0.0049
Q567V2,45,0.0049
Q53HC9,45,0.0049
Q6XE38,45,0.0049
O60814,45,0.0049
Q96J88,45,0.0049
Q9Y3T6,45,0.0049
Q9GZS9,45,0.0049
P49019,45,0.0049
Q0VDE8,45,0.0049
Q96LL4,45,0.0049
Q9NZR1,45,0.0049
Q9BYQ0,45,0.0049
O43309,45,0.0049
Q6Y7W6,45,0.0049
Q8NEB7,45,0.0049
Q9P0W8,45,0.0049
Q8TBC5,45,0.0049
Q8NC56,45,0.0049
Q6NTE8,45,0.0049
P63218,45,0.0049
Q9BUP3,45,0.0049
Q16777,45,0.0049
O15397,45,0.0049
Q9H1H1,45,0.0049
P59095,45,0.0049
Q9NQL9,45,0.0049
Q9BTY7,45,0.0049
Q2NL98,45,0.0049
Q969S3,45,0.0049
Q00722,45,0.0049
O00574,45,0.0049
P49238,45,0.0049
Q16082,45,0.0049
Q15818,45,0.0049
O43286,45,0.0049
Q9BR11,45,0.0049
Q7RTR0,45,0.0049
Q9UBR5,45,0.0049
Q13895,45,0.0049
Q96CX6,45,0.0049
Q9H7U1,45,0.0049
Q6UWJ8,45,0.0049
Q86SG2,45,0.0049
Q6NT16,45,0.0049
Q8NAB2,45,0.0049
Q14657,45,0.0049
Q9C0C6,45,0.0049
Q5T6F0,45,0.0049
Q92681,45,0.0049
Q9UN19,45,0.0049
P15169,45,0.0049
P27449,45,0.0049
Q8NGB4,45,0.0049
O75752,45,0.0049
Q5SGD2,45,0.0049
Q13287,45,0.0049
P21333,45,0.0049
Q14563,45,0.0049
O75319,45,0.0049
C9J2P7,45,0.0049
Q6ZVT0,45,0.0049
Q96JY0,45,0.0049
Q9P2J3,45,0.0049
Q9UIF8,45,0.0049
Q8N1W1,45,0.0049
Q16594,45,0.0049
P55085,45,0.0049
Q8IZ57,45,0.0049
O60921,45,0.0049
O75191,45,0.0049
Q8TDX9,45,0.0049
O75325,45,0.0049
Q5TBE3,45,0.0049
P01375,45,0.0049
Q6NYC8,45,0.0049
P35228,45,0.0049
Q8N687,45,0.0049
O95264,45,0.0049
Q8IY49,45,0.0049
O95393,45,0.0049
Q9H4M7,45,0.0049
P62899,45,0.0049
Q6UX04,45,0.0049
Q9Y5I7,44,0.0048
Q9NQT8,44,0.0048
O43521,44,0.0048
O43155,44,0.0048
Q7Z3T1,44,0.0048
Q96BJ3,44,0.0048
Q96EB6,44,0.0048
Q9NSY2,44,0.0048
Q9NP31,44,0.0048
Q92834,44,0.0048
Q14145,44,0.0048
Q9Y3B8,44,0.0048
P49207,44,0.0048
P53805,44,0.0048
Q5T4F7,44,0.0048
Q8TAT2,44,0.0048
Q8WW22,44,0.0048
A0A0B4J1V6,44,0.0048
Q96S15,44,0.0048
P61457,44,0.0048
Q99551,44,0.0048
P55061,44,0.0048
Q9H9L7,44,0.0048
Q5VUM1,44,0.0048
Q96AQ6,44,0.0048
P49069,44,0.0048
Q8IXH6,44,0.0048
Q8WXH0,44,0.0048
O60759,44,0.0048
Q8N1L9,44,0.0048
Q8N0Y3,44,0.0048
Q8IYT8,44,0.0048
Q6PJE2,44,0.0048
Q9P1W8,44,0.0048
Q01524,44,0.0048
P53708,44,0.0048
Q969T3,44,0.0048
Q9NPU4,44,0.0048
P35232,44,0.0048
Q9ULW2,44,0.0048
Q14344,44,0.0048
Q8NEG4,44,0.0048
P11055,44,0.0048
Q93050,44,0.0048
Q03112,44,0.0048
Q5SRR4,44,0.0048
P04156,44,0.0048
Q9UHP9,44,0.0048
Q8NC01,44,0.0048
P49427,44,0.0048
Q6P461,44,0.0048
O00562,44,0.0048
Q9UJA9,44,0.0048
Q96DZ1,44,0.0048
Q9H8G2,44,0.0048
Q4LEZ3,44,0.0048
Q53H54,44,0.0048
P25106,44,0.0048
Q9UMR5,44,0.0048
Q13829,44,0.0048
Q92734,44,0.0048
Q7Z7J5,44,0.0048
O95471,44,0.0048
Q969E3,44,0.0048
Q68DK2,44,0.0048
Q7Z3B3,44,0.0048
Q2TAM9,44,0.0048
Q5QJ74,44,0.0048
Q5VYV0,44,0.0048
Q9UDY2,44,0.0048
P16070,44,0.0048
Q8TAF8,44,0.0048
O14948,44,0.0048
Q8NF99,44,0.0048
P28290,44,0.0048
Q96AH0,44,0.0048
Q5VYX0,44,0.0048
Q8N1P7,44,0.0048
O15540,44,0.0048
Q9NQ34,44,0.0048
Q96DD0,44,0.0048
Q17RS7,44,0.0048
P57105,44,0.0048
Q14451,44,0.0048
P61266,44,0.0048
Q8NFR3,44,0.0048
Q3KRA9,44,0.0048
Q6UX46,44,0.0048
P21860,44,0.0048
Q9P2F8,44,0.0048
Q6P9H5,44,0.0048
Q9UKK6,44,0.0048
P62341,44,0.0048
Q8NC69,44,0.0048
O95390,44,0.0048
Q9BT49,44,0.0048
Q99719,44,0.0048
Q8NFA0,44,0.0048
O14925,44,0.0048
Q8WZ60,44,0.0048
Q02930,44,0.0048
Q16143,44,0.0048
Q8N2R8,44,0.0048
Q96L50,44,0.0048
Q9BRR9,44,0.0048
Q9P0V8,44,0.0048
Q3SY77,44,0.0048
Q04771,44,0.0048
P0DJJ0,44,0.0048
Q587J8,44,0.0048
Q8IUF1,44,0.0048
Q8N2G4,44,0.0048
Q8NGN4,44,0.0048
A6NFT4,44,0.0048
P50120,44,0.0048
P78380,44,0.0048
Q8IWU6,44,0.0048
A0A0B4J1U4,44,0.0048
P48146,44,0.0048
O00161,44,0.0048
P23409,44,0.0048
O00220,44,0.0048
P69891,44,0.0048
P24522,44,0.0048
Q5VVJ2,44,0.0048
Q93045,44,0.0048
Q8NC24,44,0.0048
P62072,44,0.0048
P27469,44,0.0048
Q96KQ4,44,0.0048
Q9BWH2,44,0.0048
Q9UQC9,44,0.0048
Q9BT78,44,0.0048
P57077,44,0.0048
Q14213,44,0.0048
Q9H5Q4,44,0.0048
Q8WUR7,44,0.0048
P17040,44,0.0048
Q01518,44,0.0048
Q400G9,44,0.0048
Q567U6,44,0.0048
Q9H7E9,44,0.0048
Q6UXG3,44,0.0048
A6NMK8,44,0.0048
Q9NZU0,44,0.0048
P08519,44,0.0048
Q8TDY4,44,0.0048
Q5T700,44,0.0048
O75381,44,0.0048
Q6ZUM4,44,0.0048
Q9P2K8,44,0.0048
Q6ZQY2,44,0.0048
Q93038,44,0.0048
Q96S82,43,0.0047
Q6PKX4,43,0.0047
Q9UK17,43,0.0047
O95157,43,0.0047
A6NFY4,43,0.0047
P02461,43,0.0047
Q14296,43,0.0047
Q8WWP7,43,0.0047
Q99741,43,0.0047
P33992,43,0.0047
Q9BS18,43,0.0047
P30556,43,0.0047
Q53HC0,43,0.0047
Q9Y2X0,43,0.0047
Q9Y2D8,43,0.0047
Q9BX79,43,0.0047
Q86WN1,43,0.0047
Q969Q0,43,0.0047
Q5MIZ7,43,0.0047
P49802,43,0.0047
Q7Z6P3,43,0.0047
Q96JY6,43,0.0047
O75394,43,0.0047
Q9UKF6,43,0.0047
Q8N5G0,43,0.0047
Q8IV45,43,0.0047
Q5H9S7,43,0.0047
Q96KF2,43,0.0047
P28069,43,0.0047
Q99985,43,0.0047
Q96KP1,43,0.0047
Q6UXT8,43,0.0047
O95415,43,0.0047
O00451,43,0.0047
Q8TE77,43,0.0047
P01903,43,0.0047
Q49A92,43,0.0047
Q8WY64,43,0.0047
P57086,43,0.0047
Q96M20,43,0.0047
Q9Y5H6,43,0.0047
Q9BTA9,43,0.0047
Q8NFU4,43,0.0047
Q6PI73,43,0.0047
Q9BXU9,43,0.0047
Q5VY09,43,0.0047
P08133,43,0.0047
O14709,43,0.0047
O75554,43,0.0047
O96001,43,0.0047
O75388,43,0.0047
Q14289,43,0.0047
Q96LW9,43,0.0047
Q99698,43,0.0047
Q86UW1,43,0.0047
Q8N6K0,43,0.0047
Q6ZMV9,43,0.0047
Q9P2Z0,43,0.0047
Q8N584,43,0.0047
Q01344,43,0.0047
A1X283,43,0.0047
P61020,43,0.0047
O60237,43,0.0047
Q8NEV1,43,0.0047
Q8NDG6,43,0.0047
Q6UXX9,43,0.0047
Q15019,43,0.0047
Q695T7,43,0.0047
P31275,43,0.0047
Q9Y287,43,0.0047
Q10589,43,0.0047
Q92624,43,0.0047
O00213,43,0.0047
P29762,43,0.0047
Q6ZSG2,43,0.0047
Q6UY14,43,0.0047
O95057,43,0.0047
A0A0A0MS00,43,0.0047
P13349,43,0.0047
Q8NGJ4,43,0.0047
Q8N7X4,43,0.0047
Q6UXK5,43,0.0047
P57723,43,0.0047
Q96GJ1,43,0.0047
O75175,43,0.0047
A8MQ03,43,0.0047
P15153,43,0.0047
Q9P283,43,0.0047
Q7Z6B7,43,0.0047
Q14409,43,0.0047
Q9NUG4,43,0.0047
Q9Y543,43,0.0047
Q9UII4,43,0.0047
Q5VUY0,43,0.0047
O00391,43,0.0047
Q02985,43,0.0047
Q5JX69,43,0.0047
O76041,43,0.0047
Q69YU5,43,0.0047
Q9NYM4,43,0.0047
Q96NJ5,43,0.0047
A0A0C4DH24,43,0.0047
Q9NQ75,43,0.0047
O75908,43,0.0047
P23510,43,0.0047
Q8WWY6,43,0.0047
Q9Y342,43,0.0047
O00241,43,0.0047
O14498,43,0.0047
Q9ULD8,43,0.0047
Q08623,43,0.0047
Q9BXW9,43,0.0047
Q99417,43,0.0047
Q96E17,43,0.0047
Q8N2Y8,43,0.0047
Q8TAS1,43,0.0047
Q9BTV5,43,0.0047
Q5SZI1,43,0.0047
Q9HCL2,43,0.0047
Q96BH3,43,0.0047
A6NGE4,43,0.0047
Q9BUR5,43,0.0047
P28562,43,0.0047
Q96DA6,43,0.0047
Q96GG9,43,0.0047
Q8WWY7,43,0.0047
P12872,43,0.0047
Q9NXH8,43,0.0047
Q8IUB3,43,0.0047
Q9UM21,43,0.0047
Q4ZHG4,43,0.0047
Q9UNY4,43,0.0047
Q53GS7,43,0.0047
Q9Y6S9,43,0.0047
Q6PIL6,43,0.0047
Q02153,43,0.0047
O43897,43,0.0047
P01286,43,0.0047
Q6QAJ8,43,0.0047
P08238,43,0.0047
O95626,43,0.0047
Q8N0V3,43,0.0047
Q96RJ6,43,0.0047
Q9BQW3,43,0.0047
Q8IVP5,43,0.0047
Q15084,43,0.0047
Q6ZRS2,43,0.0047
Q5TGY1,43,0.0047
Q9P258,43,0.0047
O43613,43,0.0047
P23560,43,0.0047
Q9H3T2,43,0.0047
Q9HC62,43,0.0047
Q9Y566,43,0.0047
A6NI28,43,0.0047
Q9P1Y6,43,0.0047
Q96DE5,43,0.0047
Q9HCN3,43,0.0047
Q9BW91,43,0.0047
O95210,43,0.0047
Q8N475,43,0.0047
O15213,43,0.0047
Q8NGD4,43,0.0047
Q13418,43,0.0047
O00299,43,0.0047
Q7Z7B8,43,0.0047
P25786,43,0.0047
Q6UW49,43,0.0047
A6NLW8,43,0.0047
Q92915,43,0.0047
Q8IXR9,43,0.0047
Q6P2Q9,43,0.0047
Q9NSB8,43,0.0047
Q7Z4T9,43,0.0047
Q6ZRY4,43,0.0047
O43865,43,0.0047
B2RBV5,43,0.0047
P0C0P6,43,0.0047
P08118,43,0.0047
Q92731,42,0.0046
Q8IV08,42,0.0046
P17643,42,0.0046
Q6PIJ6,42,0.0046
P20138,42,0.0046
Q8N143,42,0.0046
O43903,42,0.0046
O00482,42,0.0046
Q99972,42,0.0046
Q16819,42,0.0046
Q07973,42,0.0046
Q53FE4,42,0.0046
Q9UK00,42,0.0046
Q96CP2,42,0.0046
Q5XKE5,42,0.0046
Q99731,42,0.0046
Q8WWW0,42,0.0046
P43250,42,0.0046
Q9P0M6,42,0.0046
Q5JXC2,42,0.0046
Q9H6B4,42,0.0046
Q9NX62,42,0.0046
Q9Y247,42,0.0046
Q96E16,42,0.0046
Q9P2J9,42,0.0046
P20393,42,0.0046
P85299,42,0.0046
O14775,42,0.0046
Q8NEE8,42,0.0046
Q96HP4,42,0.0046
Q5JTZ5,42,0.0046
O75311,42,0.0046
Q5TGS1,42,0.0046
P48230,42,0.0046
O43157,42,0.0046
Q8N2H4,42,0.0046
Q6NY19,42,0.0046
O60755,42,0.0046
B1AL88,42,0.0046
Q8NGD3,42,0.0046
Q64LD2,42,0.0046
O15194,42,0.0046
Q6PIW4,42,0.0046
Q5TDH0,42,0.0046
P01344,42,0.0046
Q9UPW5,42,0.0046
Q9Y5I3,42,0.0046
Q9UHG3,42,0.0046
Q9UGM5,42,0.0046
Q13043,42,0.0046
Q9BYP8,42,0.0046
Q9NRK6,42,0.0046
P60510,42,0.0046
Q16828,42,0.0046
Q9ULZ2,42,0.0046
Q0Z7S8,42,0.0046
Q99502,42,0.0046
Q8NEX6,42,0.0046
Q7L8L6,42,0.0046
Q9BYH8,42,0.0046
P18848,42,0.0046
Q6UWI4,42,0.0046
Q9BQQ3,42,0.0046
Q9NRF2,42,0.0046
Q8NCF5,42,0.0046
Q0VDD7,42,0.0046
Q96HJ3,42,0.0046
Q9Y2L5,42,0.0046
Q86W54,42,0.0046
P59666,42,0.0046
O15263,42,0.0046
Q08999,42,0.0046
Q13619,42,0.0046
Q96QZ7,42,0.0046
P03886,42,0.0046
A0A0B4J271,42,0.0046
Q8N4S9,42,0.0046
Q9H4A5,42,0.0046
P25774,42,0.0046
Q16647,42,0.0046
Q16568,42,0.0046
P40305,42,0.0046
P47900,42,0.0046
O14944,42,0.0046
H7C350,42,0.0046
Q15776,42,0.0046
O43304,42,0.0046
A6NHG4,42,0.0046
Q7Z5U6,42,0.0046
Q6P3W2,42,0.0046
Q7L0X0,42,0.0046
Q99933,42,0.0046
Q8N4K4,42,0.0046
P25963,42,0.0046
Q9UNH7,42,0.0046
Q71RC9,42,0.0046
Q9P031,42,0.0046
P84243,42,0.0046
Q8N3H0,42,0.0046
A6NFE3,42,0.0046
Q2MKA7,42,0.0046
Q8NGC4,42,0.0046
Q96GF1,42,0.0046
Q569H4,42,0.0046
O00472,42,0.0046
Q8WV44,42,0.0046
Q9H0R1,42,0.0046
Q7Z4Q2,42,0.0046
Q9P296,42,0.0046
Q8WVI0,42,0.0046
Q9HC07,42,0.0046
O95932,42,0.0046
Q96HP8,42,0.0046
Q9HBE4,42,0.0046
Q9UKP5,42,0.0046
Q8WWM9,42,0.0046
A0A539,42,0.0046
Q4G0N7,42,0.0046
Q14114,42,0.0046
Q8IZA3,42,0.0046
Q9NRJ4,42,0.0046
O00622,42,0.0046
Q9NQ79,42,0.0046
Q5JTW2,42,0.0046
Q6ZQQ2,42,0.0046
A8MWV9,42,0.0046
Q9NPH5,42,0.0046
Q9Y5X2,42,0.0046
Q14832,42,0.0046
Q9NVI1,42,0.0046
P51826,42,0.0046
Q7Z7L1,42,0.0046
Q9Y231,42,0.0046
P49759,42,0.0046
Q9Y5T4,42,0.0046
O75356,42,0.0046
Q9NYV6,42,0.0046
Q8NCR9,42,0.0046
P49184,42,0.0046
A8MXK1,42,0.0046
O95859,42,0.0046
O95674,42,0.0046
Q9NRR8,42,0.0046
Q9BYE4,42,0.0046
Q6PCB7,42,0.0046
P25311,42,0.0046
O75952,42,0.0046
Q6ZMB5,42,0.0046
O15260,42,0.0046
Q9H611,42,0.0046
Q9ULX7,42,0.0046
P0C7Q5,42,0.0046
Q8IV36,42,0.0046
A0A577,42,0.0046
P18545,42,0.0046
Q9NX14,42,0.0046
Q9BXA5,42,0.0046
Q5VUA4,42,0.0046
Q9UNZ2,42,0.0046
Q9H1M4,42,0.0046
Q6PJG9,42,0.0046
O95677,41,0.0045
Q7Z5H3,41,0.0045
P04732,41,0.0045
Q9Y5J7,41,0.0045
Q9BQI3,41,0.0045
Q99687,41,0.0045
Q9UHI5,41,0.0045
Q5TEA3,41,0.0045
Q99653,41,0.0045
Q9Y530,41,0.0045
Q5T2D2,41,0.0045
Q8NBL1,41,0.0045
A7E2U8,41,0.0045
Q9BYR4,41,0.0045
O75390,41,0.0045
P07355,41,0.0045
P60412,41,0.0045
P09683,41,0.0045
Q9BQ39,41,0.0045
Q6K0P9,41,0.0045
Q8WUY9,41,0.0045
Q9BRK3,41,0.0045
O94967,41,0.0045
Q96N87,41,0.0045
Q8ND90,41,0.0045
P40197,41,0.0045
Q075Z2,41,0.0045
P54646,41,0.0045
Q8TDB4,41,0.0045
O00444,41,0.0045
Q99453,41,0.0045
P54852,41,0.0045
Q9BXA6,41,0.0045
Q16623,41,0.0045
Q9Y5Q6,41,0.0045
P0DMU9,41,0.0045
P67812,41,0.0045
O75563,41,0.0045
Q16186,41,0.0045
Q6ZQN5,41,0.0045
Q96DI7,41,0.0045
P54652,41,0.0045
P61981,41,0.0045
Q9UNK9,41,0.0045
Q86XD8,41,0.0045
Q9UIL4,41,0.0045
Q86WS3,41,0.0045
Q9UH99,41,0.0045
P25686,41,0.0045
Q8IV20,41,0.0045
Q9H0M0,41,0.0045
Q96A54,41,0.0045
P12830,41,0.0045
O14950,41,0.0045
Q96LJ8,41,0.0045
O15218,41,0.0045
P0DX04,41,0.0045
Q9BZD2,41,0.0045
P54619,41,0.0045
O95267,41,0.0045
Q5VZP5,41,0.0045
Q9BTX7,41,0.0045
O14558,41,0.0045
Q12894,41,0.0045
Q9NYL9,41,0.0045
O15211,41,0.0045
Q15125,41,0.0045
P0C263,41,0.0045
Q96CN9,41,0.0045
Q7Z6M4,41,0.0045
O43918,41,0.0045
Q13615,41,0.0045
Q9GZV4,41,0.0045
P01584,41,0.0045
P24071,41,0.0045
Q9NX58,41,0.0045
Q9P218,41,0.0045
Q7L5A8,41,0.0045
Q9NPH0,41,0.0045
Q99467,41,0.0045
Q9NYN1,41,0.0045
Q8N1G1,41,0.0045
Q96IZ2,41,0.0045
P0DJD9,41,0.0045
Q96BM1,41,0.0045
P59773,41,0.0045
P20396,41,0.0045
Q6AI08,41,0.0045
Q9Y5N6,41,0.0045
P69892,41,0.0045
Q9NRE1,41,0.0045
Q96C11,41,0.0045
Q96BP3,41,0.0045
P16870,41,0.0045
O14686,41,0.0045
O94761,41,0.0045
P51679,41,0.0045
Q7Z465,41,0.0045
Q13371,41,0.0045
O75420,41,0.0045
Q9UKW4,41,0.0045
P48145,41,0.0045
Q5VUB5,41,0.0045
Q16543,41,0.0045
P23527,41,0.0045
O43414,41,0.0045
Q86VP1,41,0.0045
Q9NW38,41,0.0045
Q8WXA8,41,0.0045
Q9P0U3,41,0.0045
O95976,41,0.0045
Q969M1,41,0.0045
Q9BXW6,41,0.0045
P07199,41,0.0045
Q9UBF1,41,0.0045
Q86UT8,41,0.0045
Q9NY33,41,0.0045
Q1W6H9,41,0.0045
Q86UD1,41,0.0045
O60292,41,0.0045
Q8N7C0,41,0.0045
Q08828,41,0.0045
P22735,41,0.0045
Q9C0C4,41,0.0045
Q7Z7D3,41,0.0045
P11234,41,0.0045
Q14123,41,0.0045
Q76N89,41,0.0045
Q96A56,41,0.0045
Q9UJP4,41,0.0045
Q96A73,41,0.0045
Q12926,41,0.0045
Q8IXW0,41,0.0045
Q96CG3,41,0.0045
Q8NEN0,41,0.0045
P08254,41,0.0045
P22061,41,0.0045
Q68D06,41,0.0045
Q5FWF4,41,0.0045
Q9NX45,41,0.0045
Q9UBU9,41,0.0045
Q8TC27,41,0.0045
Q8WUY1,41,0.0045
Q96JQ5,41,0.0045
Q86WJ1,41,0.0045
Q9NZF1,41,0.0045
Q5VXH4,41,0.0045
Q86Y82,41,0.0045
P01737,41,0.0045
O60493,41,0.0045
O75391,41,0.0045
Q7L513,41,0.0045
Q629K1,41,0.0045
Q5VTH2,41,0.0045
Q13137,41,0.0045
Q9H329,41,0.0045
P10997,41,0.0045
Q15154,41,0.0045
Q96KQ7,41,0.0045
Q96AY2,41,0.0045
Q9HCQ7,41,0.0045
Q8N8X9,41,0.0045
Q9UBU6,41,0.0045
Q01151,41,0.0045
P78395,41,0.0045
P62166,41,0.0045
Q96IK0,41,0.0045
A6NFE2,41,0.0045
A6NKW6,41,0.0045
Q92626,41,0.0045
P62136,41,0.0045
Q9BYQ3,41,0.0045
Q9Y4Y9,41,0.0045
P12882,41,0.0045
Q8IZK6,40,0.0044
Q86T90,40,0.0044
Q9Y536,40,0.0044
Q96EE4,40,0.0044
Q03405,40,0.0044
Q8IV56,40,0.0044
Q9UKJ0,40,0.0044
Q96A83,40,0.0044
P22692,40,0.0044
B4E2M5,40,0.0044
Q9NQ29,40,0.0044
Q5FBB7,40,0.0044
O15232,40,0.0044
O15155,40,0.0044
P31267,40,0.0044
Q7Z3V4,40,0.0044
Q96PF2,40,0.0044
Q9H0U3,40,0.0044
O75077,40,0.0044
P61604,40,0.0044
Q7Z3H4,40,0.0044
O43159,40,0.0044
O00175,40,0.0044
Q96MC2,40,0.0044
P08833,40,0.0044
Q9BY84,40,0.0044
Q8NE62,40,0.0044
Q9BPZ3,40,0.0044
O00743,40,0.0044
Q9H0X6,40,0.0044
Q8N9W5,40,0.0044
Q8NHV9,40,0.0044
P22794,40,0.0044
P29120,40,0.0044
Q9Y508,40,0.0044
P60842,40,0.0044
Q7Z5B4,40,0.0044
O95238,40,0.0044
Q14142,40,0.0044
Q00597,40,0.0044
Q496M5,40,0.0044
Q5TYX0,40,0.0044
P19105,40,0.0044
Q9NTU7,40,0.0044
Q8TE69,40,0.0044
O95229,40,0.0044
Q0VG06,40,0.0044
Q13733,40,0.0044
Q02223,40,0.0044
O43353,40,0.0044
P28799,40,0.0044
Q8IY26,40,0.0044
Q96B96,40,0.0044
Q86YT5,40,0.0044
Q5SQS8,40,0.0044
Q9H114,40,0.0044
Q9UKN5,40,0.0044
Q6B0I6,40,0.0044
Q86XL3,40,0.0044
Q96MI6,40,0.0044
Q9NX65,40,0.0044
A6NFA1,40,0.0044
A0A0C4DH25,40,0.0044
Q5T230,40,0.0044
Q13470,40,0.0044
Q86WW8,40,0.0044
Q96RI0,40,0.0044
Q5SZD1,40,0.0044
P11309,40,0.0044
P0C7V8,40,0.0044
Q9BWK5,40,0.0044
Q8WYH8,40,0.0044
O00337,40,0.0044
Q9Y547,40,0.0044
O15056,40,0.0044
Q9BYG3,40,0.0044
Q96D71,40,0.0044
P41227,40,0.0044
Q7RTS7,40,0.0044
Q15223,40,0.0044
O00526,40,0.0044
O60664,40,0.0044
P60410,40,0.0044
Q96HR9,40,0.0044
Q9UPE1,40,0.0044
Q9H1Y0,40,0.0044
Q8WUF5,40,0.0044
P60709,40,0.0044
P53680,40,0.0044
Q9NZJ9,40,0.0044
Q5JQS6,40,0.0044
P51793,40,0.0044
P08579,40,0.0044
Q5J8X5,40,0.0044
Q6PI78,40,0.0044
Q9UBC0,40,0.0044
P49747,40,0.0044
Q8NGB6,40,0.0044
Q9Y3Q7,40,0.0044
Q9BT88,40,0.0044
Q15390,40,0.0044
Q8NCE2,40,0.0044
Q6IBW4,40,0.0044
Q96RL7,40,0.0044
Q13574,40,0.0044
P07311,40,0.0044
P35326,40,0.0044
P02652,40,0.0044
Q6UXP7,40,0.0044
P78310,40,0.0044
Q9BVV2,40,0.0044
Q4KMQ1,40,0.0044
Q9UGR2,40,0.0044
Q9GZR2,40,0.0044
Q9Y6R9,40,0.0044
Q9NY91,40,0.0044
Q5EB52,40,0.0044
Q9H3W5,40,0.0044
P08581,40,0.0044
Q2L4Q9,40,0.0044
A3KFT3,40,0.0044
Q99750,40,0.0044
Q86W28,40,0.0044
Q8IWB7,40,0.0044
P55072,40,0.0044
O60931,40,0.0044
P15421,40,0.0044
P60409,40,0.0044
Q13162,40,0.0044
Q14106,40,0.0044
P57772,40,0.0044
P0C7H8,40,0.0044
Q8IYI6,40,0.0044
Q9NUV9,40,0.0044
Q9BZW4,40,0.0044
Q6PJW8,40,0.0044
A6NIK2,40,0.0044
Q9UGN4,40,0.0044
O76075,40,0.0044
O43301,40,0.0044
Q9NYJ1,40,0.0044
Q13554,40,0.0044
P30153,40,0.0044
Q6DCA0,40,0.0044
A6NC51,40,0.0044
Q92890,40,0.0044
P78317,40,0.0044
O96006,40,0.0044
P53804,40,0.0044
A0A0A0MS14,40,0.0044
P49746,40,0.0044
Q86YQ8,40,0.0044
A1L157,40,0.0044
P46060,40,0.0044
Q9H1M0,40,0.0044
Q4VC44,40,0.0044
Q9Y295,40,0.0044
Q9UKR8,40,0.0044
Q9BUD6,40,0.0044
A6NCL7,40,0.0044
Q8NC74,40,0.0044
Q8N4C8,40,0.0044
Q9Y6V0,40,0.0044
P46087,40,0.0044
P01185,40,0.0044
Q9H3P7,40,0.0044
O95782,39,0.0042
Q5J5C9,39,0.0042
Q8NEK8,39,0.0042
P24863,39,0.0042
Q86WC4,39,0.0042
P04234,39,0.0042
P46781,39,0.0042
Q5SZJ8,39,0.0042
P25445,39,0.0042
Q5T5M9,39,0.0042
P36894,39,0.0042
Q5VTA0,39,0.0042
Q5VT99,39,0.0042
Q96RN5,39,0.0042
P14778,39,0.0042
Q53LP3,39,0.0042
Q8WTT0,39,0.0042
Q7L8S5,39,0.0042
Q9Y6J0,39,0.0042
Q9H112,39,0.0042
Q15631,39,0.0042
Q6IC83,39,0.0042
Q14CN4,39,0.0042
Q9H4A6,39,0.0042
D6RGH6,39,0.0042
Q9Y5I2,39,0.0042
Q9H0D6,39,0.0042
P51690,39,0.0042
Q9UN37,39,0.0042
Q86X52,39,0.0042
Q06033,39,0.0042
Q6P4A8,39,0.0042
Q13224,39,0.0042
Q96KR7,39,0.0042
A5X5Y0,39,0.0042
Q9H2X0,39,0.0042
P17342,39,0.0042
Q2Y0W8,39,0.0042
Q96A23,39,0.0042
Q8IUR7,39,0.0042
O76076,39,0.0042
Q8TDQ0,39,0.0042
P51685,39,0.0042
O43747,39,0.0042
O95452,39,0.0042
P49418,39,0.0042
Q8IWZ8,39,0.0042
Q99678,39,0.0042
Q643R3,39,0.0042
Q8ND94,39,0.0042
Q96JG6,39,0.0042
Q96LR5,39,0.0042
Q6ZS11,39,0.0042
Q9ULK2,39,0.0042
Q96HH4,39,0.0042
Q6ZT07,39,0.0042
Q9UHI8,39,0.0042
P35410,39,0.0042
A6NHZ5,39,0.0042
O43150,39,0.0042
P17693,39,0.0042
Q6PI25,39,0.0042
Q96RU8,39,0.0042
Q14093,39,0.0042
Q8N8R7,39,0.0042
P16452,39,0.0042
Q1KMD3,39,0.0042
P33991,39,0.0042
Q14CS0,39,0.0042
Q8TDR4,39,0.0042
Q9BXY8,39,0.0042
Q9BQ90,39,0.0042
Q9Y5S8,39,0.0042
Q8WW38,39,0.0042
Q92930,39,0.0042
Q14258,39,0.0042
Q9UPU5,39,0.0042
Q15762,39,0.0042
P62487,39,0.0042
Q8NE18,39,0.0042
Q9ULR3,39,0.0042
Q9Y2B1,39,0.0042
P15311,39,0.0042
Q8WWB3,39,0.0042
P08910,39,0.0042
Q969E1,39,0.0042
Q9BRQ0,39,0.0042
P29353,39,0.0042
O00410,39,0.0042
Q9UIB8,39,0.0042
Q9Y5X9,39,0.0042
Q9H346,39,0.0042
O00443,39,0.0042
Q9UKT8,39,0.0042
Q8N365,39,0.0042
Q96M98,39,0.0042
A6NDD5,39,0.0042
Q5VV41,39,0.0042
Q96LI9,39,0.0042
O00258,39,0.0042
Q9BU76,39,0.0042
Q9NRX1,39,0.0042
O00515,39,0.0042
Q76LX8,39,0.0042
Q86YT6,39,0.0042
Q9UBI6,39,0.0042
Q8IZC4,39,0.0042
Q9Y6K8,39,0.0042
A6NKG5,39,0.0042
Q0D2K3,39,0.0042
P01579,39,0.0042
Q13112,39,0.0042
Q96FF7,39,0.0042
Q92636,39,0.0042
O75473,39,0.0042
Q8TEU7,39,0.0042
O60609,39,0.0042
P56378,39,0.0042
Q9ULS6,39,0.0042
Q9H255,39,0.0042
Q93009,39,0.0042
Q7Z698,39,0.0042
P56211,39,0.0042
Q701N4,39,0.0042
Q9H8Y5,39,0.0042
Q96P68,39,0.0042
P41240,39,0.0042
P16389,39,0.0042
Q8NE28,39,0.0042
Q9NTI7,39,0.0042
P54829,39,0.0042
Q15406,39,0.0042
P30411,39,0.0042
P35354,39,0.0042
O60895,39,0.0042
Q7Z6W1,39,0.0042
Q8IV38,39,0.0042
P14210,39,0.0042
A0A087WV53,39,0.0042
P67870,39,0.0042
Q15645,39,0.0042
Q8WXF0,39,0.0042
P01282,39,0.0042
Q8N7P3,39,0.0042
Q8TCW7,39,0.0042
P32969,39,0.0042
Q8IUW5,39,0.0042
P51571,39,0.0042
Q9NUN7,39,0.0042
Q9H6F2,39,0.0042
P01148,39,0.0042
Q969G9,39,0.0042
Q9HCM4,39,0.0042
Q96A22,39,0.0042
Q9HBY0,39,0.0042
P42262,39,0.0042
P21980,39,0.0042
Q9HBI1,39,0.0042
Q16644,39,0.0042
P02795,39,0.0042
O43405,39,0.0042
Q8TEB1,39,0.0042
Q9NYD6,39,0.0042
Q13387,38,0.0041
P12104,38,0.0041
A0A0C4DH42,38,0.0041
Q15858,38,0.0041
Q9H211,38,0.0041
Q8NCF0,38,0.0041
Q92466,38,0.0041
Q8N967,38,0.0041
O60880,38,0.0041
P50579,38,0.0041
P41002,38,0.0041
Q9P209,38,0.0041
Q04721,38,0.0041
Q8IWT6,38,0.0041
Q9HBY8,38,0.0041
P0C2L3,38,0.0041
Q8N5U1,38,0.0041
Q32P41,38,0.0041
O95905,38,0.0041
Q9H1B7,38,0.0041
Q9P0S3,38,0.0041
Q9UL18,38,0.0041
Q9P212,38,0.0041
Q8NHU3,38,0.0041
Q6UXM1,38,0.0041
Q8TD26,38,0.0041
P17600,38,0.0041
B2RU33,38,0.0041
P29074,38,0.0041
P28067,38,0.0041
O00255,38,0.0041
O15514,38,0.0041
P61158,38,0.0041
Q86YS3,38,0.0041
Q99569,38,0.0041
Q96PL1,38,0.0041
Q7L3B6,38,0.0041
Q5TGU0,38,0.0041
Q13237,38,0.0041
Q8NEP7,38,0.0041
O14561,38,0.0041
Q9H6Y5,38,0.0041
O75787,38,0.0041
A8MV23,38,0.0041
Q8WUM4,38,0.0041
Q6TGC4,38,0.0041
Q9BRD0,38,0.0041
P39900,38,0.0041
P61952,38,0.0041
Q9Y2F9,38,0.0041
Q13546,38,0.0041
P59998,38,0.0041
P60900,38,0.0041
O75144,38,0.0041
Q9H0H5,38,0.0041
H3BNL8,38,0.0041
O76061,38,0.0041
Q9BTE7,38,0.0041
P42261,38,0.0041
P78345,38,0.0041
Q9H4X1,38,0.0041
Q66K64,38,0.0041
P41145,38,0.0041
O95164,38,0.0041
Q13888,38,0.0041
P82909,38,0.0041
O15054,38,0.0041
Q7L3V2,38,0.0041
Q8N4H5,38,0.0041
Q9NP73,38,0.0041
Q9H079,38,0.0041
Q8NGN3,38,0.0041
Q969F0,38,0.0041
P17022,38,0.0041
Q14165,38,0.0041
A0A087WTH1,38,0.0041
Q96D42,38,0.0041
Q9BR10,38,0.0041
O95876,38,0.0041
Q7LDG7,38,0.0041
Q93100,38,0.0041
Q96C23,38,0.0041
Q6ZUJ4,38,0.0041
P43630,38,0.0041
Q9NX02,38,0.0041
P59046,38,0.0041
Q9P0J1,38,0.0041
P20774,38,0.0041
Q6ZUT1,38,0.0041
Q86VV8,38,0.0041
Q9NVD7,38,0.0041
Q9GZZ1,38,0.0041
A8MZ97,38,0.0041
Q8NEX5,38,0.0041
Q8IVF2,38,0.0041
Q7Z569,38,0.0041
Q8WV48,38,0.0041
P55089,38,0.0041
Q6P1K8,38,0.0041
Q9BRR0,38,0.0041
Q5JTY5,38,0.0041
Q9UGK3,38,0.0041
Q7L622,38,0.0041
Q9GZU7,38,0.0041
Q5T655,38,0.0041
Q9BTN0,38,0.0041
Q15040,38,0.0041
Q9UBZ9,38,0.0041
O43529,38,0.0041
P0C5Y9,38,0.0041
Q03111,38,0.0041
Q8IWF9,38,0.0041
Q99549,38,0.0041
Q96GN5,38,0.0041
P51003,38,0.0041
Q8TD08,38,0.0041
O95073,38,0.0041
Q8N392,38,0.0041
Q9UI33,38,0.0041
Q9NVV5,38,0.0041
O95573,38,0.0041
Q16560,38,0.0041
O14562,38,0.0041
Q9NYS7,38,0.0041
Q9UN72,38,0.0041
Q9NRR3,38,0.0041
Q96ME1,38,0.0041
P61927,38,0.0041
Q8WV41,38,0.0041
Q9HAJ7,38,0.0041
P15924,38,0.0041
Q96MT8,38,0.0041
Q9UBQ0,38,0.0041
Q9BYJ9,38,0.0041
Q3KNV8,38,0.0041
A2A2Y4,38,0.0041
Q96H72,38,0.0041
P40617,38,0.0041
Q7Z745,38,0.0041
P42680,38,0.0041
P10912,38,0.0041
Q2TAA5,38,0.0041
O60671,38,0.0041
Q13522,38,0.0041
P04798,38,0.0041
A5PLL1,38,0.0041
Q8IXQ4,38,0.0041
P30419,38,0.0041
O60716,38,0.0041
Q9H3F6,38,0.0041
O15427,38,0.0041
O95870,38,0.0041
P16871,38,0.0041
Q2WGN9,38,0.0041
Q5W111,38,0.0041
Q8TDQ1,38,0.0041
P0CB38,38,0.0041
Q9UNA0,38,0.0041
Q9P1U0,38,0.0041
Q9Y4H4,38,0.0041
Q4KMZ8,38,0.0041
Q9H0E7,38,0.0041
Q8N239,38,0.0041
A0A0B4J279,38,0.0041
O14639,38,0.0041
Q96B86,38,0.0041
Q9BQS7,38,0.0041
Q7Z4H4,38,0.0041
Q92520,38,0.0041
Q96QH2,38,0.0041
Q12805,38,0.0041
P22413,38,0.0041
Q96P65,38,0.0041
O60831,38,0.0041
Q9H0G5,38,0.0041
Q15319,38,0.0041
Q96GW9,38,0.0041
P62701,38,0.0041
Q6ZSC3,38,0.0041
P04921,38,0.0041
Q8N682,38,0.0041
Q6P5Q4,38,0.0041
Q5T9A4,37,0.004
Q4KMZ1,37,0.004
A0A075B6J1,37,0.004
Q9UBM8,37,0.004
Q9C075,37,0.004
Q9Y5L2,37,0.004
P51668,37,0.004
Q9NZL6,37,0.004
P09603,37,0.004
Q03721,37,0.004
Q9UMS5,37,0.004
P17482,37,0.004
Q9H553,37,0.004
Q96Q45,37,0.004
P06493,37,0.004
Q8NFY4,37,0.004
Q6IQ49,37,0.004
Q96HC4,37,0.004
Q96NT1,37,0.004
P28907,37,0.004
Q9NRG9,37,0.004
P59025,37,0.004
Q8IYR6,37,0.004
Q9NPF5,37,0.004
P49593,37,0.004
Q14469,37,0.004
P09629,37,0.004
O96019,37,0.004
O14646,37,0.004
Q6ZQN7,37,0.004
Q8TEW0,37,0.004
Q12988,37,0.004
Q8WZ55,37,0.004
Q5RHP9,37,0.004
P07949,37,0.004
O60583,37,0.004
Q5T1B0,37,0.004
Q76KD6,37,0.004
Q86W24,37,0.004
Q8IV61,37,0.004
Q9BU19,37,0.004
Q8NBT3,37,0.004
P54219,37,0.004
Q68CZ6,37,0.004
Q9GZU0,37,0.004
P18084,37,0.004
Q9NWM3,37,0.004
Q15911,37,0.004
P62699,37,0.004
Q9H6V9,37,0.004
Q86SK9,37,0.004
A0A075B6T8,37,0.004
P40238,37,0.004
Q9H7M9,37,0.004
Q9Y297,37,0.004
Q8N729,37,0.004
Q56UN5,37,0.004
Q9BPV8,37,0.004
Q9UPI3,37,0.004
P16860,37,0.004
Q9P244,37,0.004
O15499,37,0.004
Q9Y3R0,37,0.004
P0DOY2,37,0.004
Q8NBE8,37,0.004
Q99871,37,0.004
Q08AF3,37,0.004
Q6IQ16,37,0.004
P31150,37,0.004
Q9NQ92,37,0.004
Q68DX3,37,0.004
Q7L2K0,37,0.004
O43760,37,0.004
P55157,37,0.004
Q14449,37,0.004
A6NGD5,37,0.004
Q96MX0,37,0.004
Q8WXR4,37,0.004
Q8N2M4,37,0.004
Q14154,37,0.004
Q8NBJ4,37,0.004
P29320,37,0.004
P0CG47,37,0.004
P15173,37,0.004
Q07866,37,0.004
Q9BX73,37,0.004
Q8WVI7,37,0.004
P49279,37,0.004
Q969E8,37,0.004
P30050,37,0.004
Q96BJ8,37,0.004
Q9H6D7,37,0.004
Q16655,37,0.004
P83111,37,0.004
P55199,37,0.004
Q9NS98,37,0.004
Q9UKT7,37,0.004
Q9UBK9,37,0.004
Q96QZ0,37,0.004
Q9BR01,37,0.004
A6NFU0,37,0.004
P08134,37,0.004
P86397,37,0.004
O00358,37,0.004
O14976,37,0.004
Q9UBS3,37,0.004
Q5SZL2,37,0.004
Q9Y572,37,0.004
O75051,37,0.004
Q9UKM7,37,0.004
O60216,37,0.004
P53350,37,0.004
Q68EM7,37,0.004
Q9H2L4,37,0.004
Q96C90,37,0.004
P04049,37,0.004
O95967,37,0.004
Q9P287,37,0.004
Q04323,37,0.004
Q8NGY9,37,0.004
Q6ZU15,37,0.004
Q8N6L1,37,0.004
Q9BVM2,37,0.004
Q96IX5,37,0.004
Q15061,37,0.004
Q8IXQ8,37,0.004
P0C7L1,37,0.004
Q8NHZ8,37,0.004
A8MYP8,37,0.004
Q9Y2K6,37,0.004
Q9UBH6,37,0.004
Q8NH70,37,0.004
Q8NGI9,37,0.004
P62277,37,0.004
A6NCW7,37,0.004
O15060,37,0.004
O95407,37,0.004
P04437,37,0.004
Q0P6H9,37,0.004
Q9HCG7,37,0.004
P14373,37,0.004
Q6MZT1,37,0.004
Q9Y4P9,37,0.004
Q9NZI7,37,0.004
O76093,37,0.004
O94929,37,0.004
Q9P2D1,37,0.004
P07948,37,0.004
Q7Z5G4,37,0.004
Q15435,37,0.004
P27338,37,0.004
Q9NPA3,37,0.004
P47928,37,0.004
O95445,37,0.004
Q92544,37,0.004
Q9UBC3,37,0.004
Q96LB2,37,0.004
Q8N9T8,37,0.004
Q6UY01,37,0.004
Q5TH69,37,0.004
Q70CQ4,37,0.004
P36980,37,0.004
Q96LL9,37,0.004
Q9BYU1,37,0.004
Q6ZMT4,37,0.004
Q6YHU6,37,0.004
Q92805,37,0.004
Q05586,37,0.004
Q5VUD6,37,0.004
Q5TCQ9,37,0.004
Q6ZNA5,37,0.004
Q96EH5,37,0.004
Q9BYG5,37,0.004
A6NGS2,37,0.004
Q8NEA5,37,0.004
Q9NRX6,37,0.004
Q0ZGT2,37,0.004
P43361,37,0.004
Q9H4B6,37,0.004
Q07812,37,0.004
Q01831,37,0.004
O95450,37,0.004
P30408,37,0.004
Q13576,37,0.004
Q5VV17,37,0.004
P46109,37,0.004
Q7RTY8,37,0.004
Q8WVD5,37,0.004
Q9Y5J1,37,0.004
Q9NYQ8,37,0.004
Q00688,37,0.004
Q9Y5A7,37,0.004
Q16559,37,0.004
Q5VWT5,37,0.004
Q96FZ5,37,0.004
Q495N2,37,0.004
Q9H501,37,0.004
Q8N1K5,37,0.004
Q9BT09,37,0.004
O60449,37,0.004
Q9UG63,37,0.004
Q8TBC3,37,0.004
Q13029,37,0.004
Q9Y6A2,37,0.004
Q13017,37,0.004
Q13724,37,0.004
Q5SQ64,37,0.004
Q9ULK6,37,0.004
Q9NYP9,37,0.004
Q496F6,37,0.004
O43915,37,0.004
P07204,37,0.004
P51148,37,0.004
O43612,37,0.004
Q13572,37,0.004
O76050,36,0.0039
O60688,36,0.0039
P14138,36,0.0039
Q9Y262,36,0.0039
Q00403,36,0.0039
Q8IYM9,36,0.0039
O14894,36,0.0039
Q70YC5,36,0.0039
Q9HCD5,36,0.0039
Q92738,36,0.0039
Q5VWN6,36,0.0039
Q9Y265,36,0.0039
Q96HJ5,36,0.0039
Q15691,36,0.0039
Q8TC36,36,0.0039
Q9Y5H5,36,0.0039
Q5TIA1,36,0.0039
Q96J87,36,0.0039
Q5T2W1,36,0.0039
Q9Y3A4,36,0.0039
Q8WW33,36,0.0039
Q9UHJ3,36,0.0039
O60500,36,0.0039
O00322,36,0.0039
P12109,36,0.0039
Q9P273,36,0.0039
Q08462,36,0.0039
Q14CZ7,36,0.0039
P78406,36,0.0039
A0A0A0MT36,36,0.0039
Q9NPR2,36,0.0039
Q6WRX3,36,0.0039
Q92737,36,0.0039
Q15633,36,0.0039
Q9P0K7,36,0.0039
Q99633,36,0.0039
Q8TBF8,36,0.0039
Q15398,36,0.0039
Q96HW7,36,0.0039
Q3SY00,36,0.0039
O15229,36,0.0039
Q6IQ19,36,0.0039
Q9H8N7,36,0.0039
Q6P5S2,36,0.0039
O60641,36,0.0039
O00487,36,0.0039
Q9NXZ1,36,0.0039
Q01469,36,0.0039
P18124,36,0.0039
Q15257,36,0.0039
Q49AJ0,36,0.0039
P11277,36,0.0039
Q92913,36,0.0039
Q8WWY3,36,0.0039
P05129,36,0.0039
Q96GC6,36,0.0039
Q9Y6I3,36,0.0039
Q13636,36,0.0039
Q96ND0,36,0.0039
O43280,36,0.0039
O43248,36,0.0039
Q8ND76,36,0.0039
Q5T2T1,36,0.0039
Q9NQ84,36,0.0039
Q9HB75,36,0.0039
P04114,36,0.0039
A6NI15,36,0.0039
Q7RTS1,36,0.0039
Q6L8G5,36,0.0039
Q9NPB9,36,0.0039
Q969V5,36,0.0039
A0A075B6T7,36,0.0039
Q9BPW5,36,0.0039
Q9P241,36,0.0039
P61009,36,0.0039
O95995,36,0.0039
P59991,36,0.0039
Q13480,36,0.0039
Q8WXX5,36,0.0039
Q15493,36,0.0039
O15439,36,0.0039
P17661,36,0.0039
P50993,36,0.0039
Q7Z6J6,36,0.0039
Q2QL34,36,0.0039
Q8NGX8,36,0.0039
Q5NUL3,36,0.0039
Q99603,36,0.0039
P19012,36,0.0039
Q86UP8,36,0.0039
Q9NW75,36,0.0039
Q96HD1,36,0.0039
Q8N448,36,0.0039
Q9NT68,36,0.0039
Q5VYS4,36,0.0039
Q96LU7,36,0.0039
O75954,36,0.0039
O75143,36,0.0039
Q4G0F5,36,0.0039
Q14CW9,36,0.0039
Q9BUM1,36,0.0039
P31948,36,0.0039
Q9H1Q7,36,0.0039
P62273,36,0.0039
Q9BSI4,36,0.0039
Q6UQ28,36,0.0039
Q9NXS3,36,0.0039
Q9Y3Y4,36,0.0039
Q7Z5L7,36,0.0039
Q5T7N3,36,0.0039
Q16572,36,0.0039
Q6P0Q8,36,0.0039
Q86SJ2,36,0.0039
Q8IXI2,36,0.0039
Q9BXU7,36,0.0039
Q8NBI3,36,0.0039
P60602,36,0.0039
P04899,36,0.0039
Q8TDF5,36,0.0039
O94887,36,0.0039
Q6UXZ3,36,0.0039
Q5JZY3,36,0.0039
Q8WW32,36,0.0039
Q8TC76,36,0.0039
Q5XPI4,36,0.0039
Q9H3M7,36,0.0039
P13535,36,0.0039
P19793,36,0.0039
Q15011,36,0.0039
Q8WWN8,36,0.0039
Q8TBE3,36,0.0039
Q96D59,36,0.0039
O60423,36,0.0039
P55895,36,0.0039
O97980,36,0.0039
Q9NQU5,36,0.0039
A6NEN9,36,0.0039
Q9BQ51,36,0.0039
Q6ZRV2,36,0.0039
Q8WXI2,36,0.0039
Q5JUR7,36,0.0039
O43196,36,0.0039
Q13217,36,0.0039
Q0IIM8,36,0.0039
Q8NGC6,36,0.0039
Q96G91,36,0.0039
Q8IYF1,36,0.0039
O43638,36,0.0039
Q8IUH5,36,0.0039
Q96NY8,36,0.0039
Q9NQ66,36,0.0039
O75264,36,0.0039
O75781,36,0.0039
Q16666,36,0.0039
Q8IUS5,36,0.0039
Q9H213,36,0.0039
Q96B67,36,0.0039
Q8TF40,36,0.0039
P40200,36,0.0039
Q86SU0,36,0.0039
Q8TDS4,36,0.0039
Q12887,36,0.0039
Q9UN73,36,0.0039
Q8IYT4,36,0.0039
Q13163,36,0.0039
Q9BTT6,36,0.0039
Q9Y6Q1,36,0.0039
P46013,36,0.0039
Q9H172,36,0.0039
Q5J8M3,36,0.0039
Q86SM8,36,0.0039
Q6NXT1,36,0.0039
P55316,36,0.0039
P63215,36,0.0039
Q6P9H4,36,0.0039
Q5XUX0,36,0.0039
Q9UGI0,36,0.0039
Q15811,36,0.0039
Q9H467,36,0.0039
Q96SU4,36,0.0039
Q687X5,36,0.0039
Q9UHY1,36,0.0039
Q8TAD4,36,0.0039
Q96S99,36,0.0039
Q5RL73,36,0.0039
Q8IUL8,36,0.0039
Q9NS82,36,0.0039
P58872,36,0.0039
Q9GZN1,36,0.0039
Q8TDX7,35,0.0038
Q5HYJ1,35,0.0038
O95198,35,0.0038
Q9P2B7,35,0.0038
Q3SXY7,35,0.0038
P28908,35,0.0038
Q08334,35,0.0038
Q6AI39,35,0.0038
P09016,35,0.0038
O14810,35,0.0038
P46663,35,0.0038
Q9GZR5,35,0.0038
O15389,35,0.0038
Q16617,35,0.0038
Q9BWD3,35,0.0038
Q2M2Z5,35,0.0038
Q9H9J4,35,0.0038
Q00532,35,0.0038
Q96A04,35,0.0038
Q9NSA2,35,0.0038
O14936,35,0.0038
Q12974,35,0.0038
Q9BSY9,35,0.0038
C9J302,35,0.0038
Q9P1Q5,35,0.0038
P62241,35,0.0038
Q9H1P3,35,0.0038
A6NM45,35,0.0038
Q96II8,35,0.0038
O14965,35,0.0038
Q9NR31,35,0.0038
Q8NGK1,35,0.0038
Q9H300,35,0.0038
Q8IZJ4,35,0.0038
Q00444,35,0.0038
Q9HAT8,35,0.0038
Q9NPA2,35,0.0038
P56199,35,0.0038
Q8IY84,35,0.0038
Q15768,35,0.0038
Q9H9E1,35,0.0038
Q9UM44,35,0.0038
P49685,35,0.0038
P49674,35,0.0038
Q15771,35,0.0038
Q5JUK2,35,0.0038
P48165,35,0.0038
Q13285,35,0.0038
Q9Y5I1,35,0.0038
Q9UN75,35,0.0038
Q9HCP0,35,0.0038
P07332,35,0.0038
P36405,35,0.0038
A0A0B4J272,35,0.0038
Q8N2E2,35,0.0038
Q9BW62,35,0.0038
Q8IYX4,35,0.0038
Q8N7S2,35,0.0038
P78536,35,0.0038
P56746,35,0.0038
P26371,35,0.0038
O75427,35,0.0038
Q9Y5G9,35,0.0038
Q8NBM8,35,0.0038
Q8NGV7,35,0.0038
Q8NFF2,35,0.0038
Q9H2H8,35,0.0038
P00846,35,0.0038
O15247,35,0.0038
O94874,35,0.0038
Q96S65,35,0.0038
Q7Z2T5,35,0.0038
Q12905,35,0.0038
Q15303,35,0.0038
Q5W0B1,35,0.0038
Q8WZ59,35,0.0038
Q70CQ1,35,0.0038
Q96AP7,35,0.0038
O00244,35,0.0038
P49458,35,0.0038
Q9P0L2,35,0.0038
Q9H8K7,35,0.0038
O75317,35,0.0038
P54707,35,0.0038
P23415,35,0.0038
Q9NR12,35,0.0038
Q8IVU3,35,0.0038
Q5H9J7,35,0.0038
Q969L2,35,0.0038
P0DI81,35,0.0038
Q9UGI6,35,0.0038
Q96BY2,35,0.0038
O75586,35,0.0038
Q8NH72,35,0.0038
Q9BUZ4,35,0.0038
Q8NGJ1,35,0.0038
Q8NGI6,35,0.0038
Q9NXK6,35,0.0038
O15381,35,0.0038
Q01970,35,0.0038
A6NI03,35,0.0038
Q9NUM4,35,0.0038
A6NM03,35,0.0038
P60508,35,0.0038
Q6UWT4,35,0.0038
Q14643,35,0.0038
O14503,35,0.0038
Q5VST6,35,0.0038
Q9HCF6,35,0.0038
A6NDI0,35,0.0038
O60749,35,0.0038
Q9Y5H4,35,0.0038
P42127,35,0.0038
Q2HXU8,35,0.0038
Q8N283,35,0.0038
O15431,35,0.0038
P01031,35,0.0038
Q92896,35,0.0038
Q96ES7,35,0.0038
Q15628,35,0.0038
Q99943,35,0.0038
Q96S90,35,0.0038
P20827,35,0.0038
Q5SZQ8,35,0.0038
Q99853,35,0.0038
P54849,35,0.0038
Q14330,35,0.0038
Q9UK80,35,0.0038
Q86WS4,35,0.0038
Q9NYX4,35,0.0038
P26374,35,0.0038
Q8NGZ3,35,0.0038
Q9Y4Z0,35,0.0038
Q8N9N8,35,0.0038
Q9HBG4,35,0.0038
P09919,35,0.0038
P51817,35,0.0038
P15509,35,0.0038
P51689,35,0.0038
Q9UBL3,35,0.0038
Q9NPG1,35,0.0038
P20702,35,0.0038
Q9NZN8,35,0.0038
Q6QHF9,35,0.0038
P20292,35,0.0038
Q16621,35,0.0038
P58499,35,0.0038
O14786,35,0.0038
Q13617,35,0.0038
P04201,35,0.0038
Q9H2Z4,35,0.0038
O14829,35,0.0038
Q5C9Z4,35,0.0038
P00973,35,0.0038
Q96D96,35,0.0038
Q9BYG0,35,0.0038
Q9Y2P4,35,0.0038
Q66K74,35,0.0038
Q9NPD7,35,0.0038
Q969M7,35,0.0038
P43365,35,0.0038
Q05639,35,0.0038
Q8NFW1,35,0.0038
P01266,35,0.0038
O15511,35,0.0038
Q5JPH6,35,0.0038
Q96CK0,35,0.0038
P31277,35,0.0038
Q6ZUJ8,35,0.0038
Q8WV24,35,0.0038
Q96J92,35,0.0038
O43174,35,0.0038
Q96NA8,35,0.0038
Q5VW00,35,0.0038
Q04900,35,0.0038
Q9H4Q3,35,0.0038
Q9Y2E6,35,0.0038
P31644,35,0.0038
Q86WK9,35,0.0038
P11171,35,0.0038
A0A087WSZ9,35,0.0038
Q5SWL7,35,0.0038
Q8N2K1,35,0.0038
P33908,35,0.0038
Q9P2G1,35,0.0038
Q96MW1,35,0.0038
Q9H1M3,35,0.0038
Q9Y242,35,0.0038
Q13838,35,0.0038
Q92903,35,0.0038
P15515,35,0.0038
Q6ZWK6,35,0.0038
Q6ZVF9,35,0.0038
Q9BZY9,35,0.0038
Q9Y2G2,35,0.0038
Q8IXR5,35,0.0038
O43186,35,0.0038
A8MU46,35,0.0038
Q8NGI4,35,0.0038
Q8IZV5,35,0.0038
P17658,35,0.0038
O95944,35,0.0038
O94925,35,0.0038
Q96JB8,35,0.0038
Q8NH41,35,0.0038
Q9NWD9,35,0.0038
Q13203,35,0.0038
Q9BYV6,35,0.0038
Q27J81,35,0.0038
P10176,35,0.0038
P62280,35,0.0038
P46939,35,0.0038
P19075,34,0.0037
Q7Z3H0,34,0.0037
P20936,34,0.0037
Q9UIW2,34,0.0037
Q9HCK5,34,0.0037
Q9BWV2,34,0.0037
Q13202,34,0.0037
Q8NH37,34,0.0037
O14683,34,0.0037
Q9H446,34,0.0037
P46091,34,0.0037
P35226,34,0.0037
Q96LD4,34,0.0037
Q15836,34,0.0037
Q14582,34,0.0037
Q9H2K0,34,0.0037
Q9P2V4,34,0.0037
Q9Y5B0,34,0.0037
Q86VZ5,34,0.0037
A8MZG2,34,0.0037
P35398,34,0.0037
Q9NS37,34,0.0037
O95007,34,0.0037
Q9Y256,34,0.0037
Q9HBX9,34,0.0037
Q5BLP8,34,0.0037
Q8WXA3,34,0.0037
Q96RD2,34,0.0037
A6NKD2,34,0.0037
Q00059,34,0.0037
Q9Y2U9,34,0.0037
A6NH00,34,0.0037
Q5TEZ5,34,0.0037
Q9UKS7,34,0.0037
Q96K30,34,0.0037
Q9H7Z3,34,0.0037
Q14264,34,0.0037
Q86UL8,34,0.0037
Q9Y4C4,34,0.0037
P30279,34,0.0037
Q9BXN2,34,0.0037
P0DJH9,34,0.0037
Q8N688,34,0.0037
Q8N4Q1,34,0.0037
Q5SZK8,34,0.0037
P0C2S0,34,0.0037
P29016,34,0.0037
Q8NHZ7,34,0.0037
O75398,34,0.0037
P48730,34,0.0037
Q5T011,34,0.0037
Q8IU89,34,0.0037
Q9Y693,34,0.0037
P47870,34,0.0037
Q9Y6Q6,34,0.0037
Q08495,34,0.0037
Q9NQZ5,34,0.0037
A0A2R8Y619,34,0.0037
Q9H8J5,34,0.0037
P37173,34,0.0037
Q9H9A7,34,0.0037
Q3B7S5,34,0.0037
Q86T82,34,0.0037
Q6SA08,34,0.0037
O95473,34,0.0037
Q8NGK3,34,0.0037
P32298,34,0.0037
Q9BZR6,34,0.0037
A1L167,34,0.0037
Q96MP5,34,0.0037
Q13485,34,0.0037
Q96LT9,34,0.0037
P05543,34,0.0037
Q8NH43,34,0.0037
P17029,34,0.0037
A0A0B4J1V7,34,0.0037
Q8NB90,34,0.0037
O00590,34,0.0037
Q15078,34,0.0037
Q96MY7,34,0.0037
Q93084,34,0.0037
Q9UHD2,34,0.0037
Q96H96,34,0.0037
Q16821,34,0.0037
Q96PE2,34,0.0037
Q8NFK1,34,0.0037
Q9HD90,34,0.0037
Q5W5W9,34,0.0037
Q8WUA7,34,0.0037
Q8IVF6,34,0.0037
Q86TM3,34,0.0037
Q9Y679,34,0.0037
Q8IYB1,34,0.0037
P54753,34,0.0037
O75436,34,0.0037
P07437,34,0.0037
Q9BZJ4,34,0.0037
Q13368,34,0.0037
Q9BWC9,34,0.0037
O60318,34,0.0037
Q8WWG1,34,0.0037
Q15181,34,0.0037
Q9UPR3,34,0.0037
P68543,34,0.0037
Q6QHK4,34,0.0037
Q8NEL9,34,0.0037
P36406,34,0.0037
Q9H257,34,0.0037
Q9UKN8,34,0.0037
Q9BPX5,34,0.0037
Q8TAE7,34,0.0037
P24278,34,0.0037
Q9UKT9,34,0.0037
Q9ULT8,34,0.0037
Q92496,34,0.0037
Q3ZAQ7,34,0.0037
Q63HK3,34,0.0037
Q7RTU3,34,0.0037
Q8TBP5,34,0.0037
Q9NW08,34,0.0037
P42336,34,0.0037
Q9UK58,34,0.0037
Q92888,34,0.0037
O00411,34,0.0037
Q32P51,34,0.0037
Q8NHU6,34,0.0037
Q8TDB6,34,0.0037
P41217,34,0.0037
P62834,34,0.0037
Q8IV53,34,0.0037
Q13214,34,0.0037
Q9NR22,34,0.0037
Q9BSW2,34,0.0037
Q676U5,34,0.0037
Q9UPS8,34,0.0037
Q9H205,34,0.0037
P58180,34,0.0037
Q5SW24,34,0.0037
G5E9R7,34,0.0037
Q6P1X5,34,0.0037
O75626,34,0.0037
P67775,34,0.0037
Q7RTU0,34,0.0037
P35869,34,0.0037
O94901,34,0.0037
Q99675,34,0.0037
O75446,34,0.0037
Q9BQA1,34,0.0037
Q5VWG9,34,0.0037
Q9BY21,34,0.0037
O75165,34,0.0037
Q2M1V0,34,0.0037
Q9UBT6,34,0.0037
Q9UBU2,34,0.0037
Q7L985,34,0.0037
Q9HCP6,34,0.0037
Q5T1M5,34,0.0037
P35325,34,0.0037
P16949,34,0.0037
Q02161,34,0.0037
A0AV96,34,0.0037
Q6PML9,34,0.0037
Q969W0,34,0.0037
O43520,34,0.0037
Q30201,34,0.0037
Q9H2G9,34,0.0037
P56937,34,0.0037
Q17RG1,34,0.0037
Q9UFW8,34,0.0037
O60575,34,0.0037
Q9BSR8,34,0.0037
Q6P1J6,34,0.0037
Q8N205,34,0.0037
Q9HCK0,34,0.0037
O43759,34,0.0037
Q9UK85,34,0.0037
Q16633,34,0.0037
P20800,34,0.0037
P54098,34,0.0037
Q8NG11,34,0.0037
Q494W8,34,0.0037
P14678,33,0.0036
Q12913,33,0.0036
Q13133,33,0.0036
Q8NH18,33,0.0036
Q8NGG5,33,0.0036
Q8TC71,33,0.0036
Q9NVH1,33,0.0036
Q5VZY2,33,0.0036
Q6IE38,33,0.0036
A6NFK2,33,0.0036
Q9BV29,33,0.0036
Q2Q1W2,33,0.0036
Q2M2D7,33,0.0036
Q2KHN1,33,0.0036
Q9H469,33,0.0036
Q9UL25,33,0.0036
Q9H609,33,0.0036
Q9H3M0,33,0.0036
Q8IUK8,33,0.0036
Q9UN74,33,0.0036
Q2T9L4,33,0.0036
P15172,33,0.0036
P17752,33,0.0036
A6ND36,33,0.0036
Q8NH74,33,0.0036
A0A0D9SF12,33,0.0036
P49585,33,0.0036
A2A368,33,0.0036
O95619,33,0.0036
P09326,33,0.0036
P62244,33,0.0036
Q6AI12,33,0.0036
Q12873,33,0.0036
P11678,33,0.0036
P22079,33,0.0036
Q96JB2,33,0.0036
Q9GZU5,33,0.0036
O75899,33,0.0036
O60907,33,0.0036
Q8N5Y2,33,0.0036
P29474,33,0.0036
Q9P227,33,0.0036
Q6JEL2,33,0.0036
Q9P1Q0,33,0.0036
Q8IVH8,33,0.0036
Q9BSF0,33,0.0036
Q96L11,33,0.0036
P84085,33,0.0036
P13584,33,0.0036
Q8N118,33,0.0036
Q96LT4,33,0.0036
Q8IW00,33,0.0036
Q99929,33,0.0036
Q13526,33,0.0036
Q9NWW0,33,0.0036
Q96CV9,33,0.0036
Q15532,33,0.0036
P43243,33,0.0036
Q5T124,33,0.0036
Q9UM07,33,0.0036
Q5VUY2,33,0.0036
Q8TEA7,33,0.0036
Q8IWB1,33,0.0036
Q9NW68,33,0.0036
P58418,33,0.0036
Q15735,33,0.0036
Q14094,33,0.0036
Q96LI5,33,0.0036
Q9H9R9,33,0.0036
Q9BQ04,33,0.0036
Q6UW88,33,0.0036
Q13349,33,0.0036
Q15652,33,0.0036
Q9UBX3,33,0.0036
A6NIR3,33,0.0036
Q49MG5,33,0.0036
Q07654,33,0.0036
Q92925,33,0.0036
Q96PQ0,33,0.0036
Q8WWQ8,33,0.0036
A5PLN9,33,0.0036
Q8N292,33,0.0036
O95476,33,0.0036
Q6NW40,33,0.0036
Q7Z794,33,0.0036
O60806,33,0.0036
Q9NUP9,33,0.0036
Q6ISU1,33,0.0036
Q02094,33,0.0036
Q9NZN5,33,0.0036
Q8NGJ0,33,0.0036
Q9H2D6,33,0.0036
Q96MC4,33,0.0036
Q8IXE1,33,0.0036
Q86W25,33,0.0036
P19099,33,0.0036
Q92882,33,0.0036
Q8N2N9,33,0.0036
Q86TM6,33,0.0036
Q8WZ19,33,0.0036
Q9H091,33,0.0036
Q6PCB6,33,0.0036
Q13972,33,0.0036
Q5GLZ8,33,0.0036
Q8NGI2,33,0.0036
Q8N3R9,33,0.0036
Q8NBD8,33,0.0036
Q8N0U7,33,0.0036
P83859,33,0.0036
P22001,33,0.0036
Q8TEZ7,33,0.0036
Q8N9I0,33,0.0036
P14406,33,0.0036
P43354,33,0.0036
Q9H8Y8,33,0.0036
Q9Y237,33,0.0036
Q5FWF5,33,0.0036
Q9UM82,33,0.0036
O00167,33,0.0036
Q96PU5,33,0.0036
Q9BY50,33,0.0036
Q9UKX3,33,0.0036
Q9Y623,33,0.0036
O00429,33,0.0036
Q3SXY8,33,0.0036
Q14714,33,0.0036
Q9BT56,33,0.0036
P21854,33,0.0036
Q9NQ60,33,0.0036
Q9H6R4,33,0.0036
O75052,33,0.0036
Q9BW85,33,0.0036
Q99873,33,0.0036
Q7KZI7,33,0.0036
Q9Y385,33,0.0036
P51790,33,0.0036
Q9UI14,33,0.0036
O60941,33,0.0036
O14782,33,0.0036
Q9NUD9,33,0.0036
O75830,33,0.0036
Q6UWV2,33,0.0036
P07766,33,0.0036
Q9NY46,33,0.0036
Q8WXS3,33,0.0036
P29597,33,0.0036
P25713,33,0.0036
Q9BWJ5,33,0.0036
Q92859,33,0.0036
Q8TDW0,33,0.0036
P08729,33,0.0036
Q58F21,33,0.0036
Q9P286,33,0.0036
O95425,33,0.0036
Q6UX71,33,0.0036
P07359,33,0.0036
Q9BY08,33,0.0036
Q8WWL7,33,0.0036
Q5T1S8,33,0.0036
Q5VTJ3,33,0.0036
Q5U651,33,0.0036
Q5SYC1,33,0.0036
P0DUQ2,33,0.0036
Q13952,33,0.0036
Q9NW15,33,0.0036
Q8WTS1,33,0.0036
Q8IWV2,33,0.0036
Q50LG9,33,0.0036
Q5EBL8,33,0.0036
P98172,33,0.0036
Q6E213,33,0.0036
Q9UIK5,33,0.0036
Q8NA31,33,0.0036
Q8N5Y8,33,0.0036
P41597,33,0.0036
Q96H35,33,0.0036
Q96Q15,33,0.0036
Q9BYW2,33,0.0036
Q04912,33,0.0036
P49221,33,0.0036
P61081,33,0.0036
Q9H5Y7,33,0.0036
Q9BTX3,33,0.0036
P0DME0,33,0.0036
Q7L0Q8,33,0.0036
O95866,33,0.0036
Q9BT25,33,0.0036
Q9H222,33,0.0036
Q0D2K2,33,0.0036
P60880,33,0.0036
Q96R30,33,0.0036
Q9C0D0,33,0.0036
Q9BXG8,33,0.0036
Q9UIA9,33,0.0036
P21754,33,0.0036
Q9HD20,33,0.0036
Q16570,33,0.0036
Q5VZ18,33,0.0036
P09067,33,0.0036
Q8WWB5,33,0.0036
P35443,33,0.0036
Q8NGR5,33,0.0036
Q05193,33,0.0036
O95274,33,0.0036
Q86YL5,33,0.0036
Q17RB8,33,0.0036
Q96CW1,33,0.0036
Q9H3D4,33,0.0036
P58304,32,0.0035
Q9NV12,32,0.0035
P14866,32,0.0035
Q9NPP4,32,0.0035
Q8NCA5,32,0.0035
Q96GW7,32,0.0035
Q8TDU9,32,0.0035
Q99469,32,0.0035
P27701,32,0.0035
Q17R89,32,0.0035
Q92536,32,0.0035
P23763,32,0.0035
A6NNP5,32,0.0035
Q9NSD5,32,0.0035
Q8NG75,32,0.0035
Q8NET5,32,0.0035
O15432,32,0.0035
Q13797,32,0.0035
Q96B97,32,0.0035
Q8N5V2,32,0.0035
Q3KQZ1,32,0.0035
O15075,32,0.0035
Q96E93,32,0.0035
Q9HC97,32,0.0035
Q5THR3,32,0.0035
Q9HD67,32,0.0035
Q8TAT6,32,0.0035
P63151,32,0.0035
Q12837,32,0.0035
Q12999,32,0.0035
P47869,32,0.0035
P18505,32,0.0035
Q13018,32,0.0035
Q12959,32,0.0035
Q5T7N2,32,0.0035
A0A087WSY6,32,0.0035
Q96E39,32,0.0035
Q14966,32,0.0035
Q5T5A4,32,0.0035
Q13685,32,0.0035
Q5VV63,32,0.0035
Q8NDY8,32,0.0035
Q8IUZ0,32,0.0035
P35754,32,0.0035
Q8N7G0,32,0.0035
O95219,32,0.0035
Q96F05,32,0.0035
Q9H1C0,32,0.0035
Q15382,32,0.0035
P54760,32,0.0035
Q8NHU0,32,0.0035
Q5HYA8,32,0.0035
Q13367,32,0.0035
Q641Q3,32,0.0035
Q504Q3,32,0.0035
P38570,32,0.0035
Q8TBP6,32,0.0035
O00144,32,0.0035
A8MV65,32,0.0035
Q13591,32,0.0035
O75127,32,0.0035
Q14247,32,0.0035
Q8TAX9,32,0.0035
Q9NY27,32,0.0035
Q63HM9,32,0.0035
Q86W26,32,0.0035
Q6EMB2,32,0.0035
P20248,32,0.0035
Q86SE5,32,0.0035
Q6UX27,32,0.0035
P26196,32,0.0035
Q9Y2B9,32,0.0035
Q96CT2,32,0.0035
Q9NRW1,32,0.0035
Q7Z304,32,0.0035
Q96BY6,32,0.0035
Q9C0E8,32,0.0035
Q8NH42,32,0.0035
P48506,32,0.0035
Q9NUY8,32,0.0035
Q01968,32,0.0035
Q9HCK8,32,0.0035
P49326,32,0.0035
Q8WVB6,32,0.0035
P52735,32,0.0035
Q13794,32,0.0035
Q7Z6B0,32,0.0035
Q8NHB7,32,0.0035
Q9NZS9,32,0.0035
Q8WUY3,32,0.0035
Q96IQ7,32,0.0035
O95153,32,0.0035
O14931,32,0.0035
Q96A25,32,0.0035
Q14562,32,0.0035
Q01850,32,0.0035
P22459,32,0.0035
Q8NHG7,32,0.0035
Q8IWV7,32,0.0035
P05155,32,0.0035
A0A0A0MRZ9,32,0.0035
Q8WUW1,32,0.0035
P11215,32,0.0035
P13056,32,0.0035
Q96RN1,32,0.0035
Q9HB96,32,0.0035
Q9HCE1,32,0.0035
Q96LY2,32,0.0035
P25789,32,0.0035
Q86YC3,32,0.0035
Q16342,32,0.0035
Q8TB24,32,0.0035
Q96QU8,32,0.0035
O60353,32,0.0035
Q96PE5,32,0.0035
P04839,32,0.0035
Q5FVE4,32,0.0035
Q8NGP9,32,0.0035
Q9Y2X3,32,0.0035
Q9Y458,32,0.0035
Q6P5Z2,32,0.0035
P80188,32,0.0035
Q9BUG6,32,0.0035
O60687,32,0.0035
Q14656,32,0.0035
P33402,32,0.0035
Q6UXT9,32,0.0035
Q9UEW8,32,0.0035
Q9HAV4,32,0.0035
Q8N5Q1,32,0.0035
P78334,32,0.0035
Q8TDN4,32,0.0035
Q71RS6,32,0.0035
O75822,32,0.0035
Q15286,32,0.0035
P78559,32,0.0035
P62750,32,0.0035
Q96CP7,32,0.0035
Q9H2S6,32,0.0035
Q8NC42,32,0.0035
Q15853,32,0.0035
Q86VD7,32,0.0035
Q2TAL6,32,0.0035
Q6P7N7,32,0.0035
Q8IV01,32,0.0035
Q9HAW0,32,0.0035
P05108,32,0.0035
Q7L523,32,0.0035
Q7L1S5,32,0.0035
Q9P2E3,32,0.0035
P35080,32,0.0035
P02144,32,0.0035
Q3KRB8,32,0.0035
Q9HB31,32,0.0035
P13500,32,0.0035
Q96QA6,32,0.0035
P98173,32,0.0035
Q8NEB5,32,0.0035
Q96BZ4,32,0.0035
Q53G59,32,0.0035
Q9UKX2,32,0.0035
O15374,32,0.0035
Q9Y620,32,0.0035
Q9BTL4,32,0.0035
Q969J2,32,0.0035
Q6UXN9,32,0.0035
Q9Y5G1,32,0.0035
Q8NFQ5,32,0.0035
Q8N131,32,0.0035
Q969V1,32,0.0035
O95222,32,0.0035
Q13015,32,0.0035
O14490,32,0.0035
Q8N3J2,32,0.0035
Q13772,32,0.0035
P84095,32,0.0035
Q7RTM1,32,0.0035
Q8NDZ4,32,0.0035
Q70Z35,32,0.0035
Q9UN88,32,0.0035
Q9NXL9,32,0.0035
P06241,32,0.0035
Q5SV97,32,0.0035
Q9P0P0,32,0.0035
Q8IZ07,32,0.0035
Q9HCJ5,32,0.0035
P0DPA2,32,0.0035
Q9Y4C2,32,0.0035
Q15388,32,0.0035
Q8WVV9,32,0.0035
Q8N3C7,32,0.0035
Q15834,32,0.0035
Q8NEG2,32,0.0035
Q9HCM2,32,0.0035
Q9H9V4,32,0.0035
Q96E52,32,0.0035
Q96PQ1,32,0.0035
A6NGN9,32,0.0035
Q93096,32,0.0035
Q5VYJ5,32,0.0035
O15522,32,0.0035
Q9NYJ8,32,0.0035
P47881,32,0.0035
Q9H6R6,32,0.0035
Q9GZN2,32,0.0035
Q8TE85,32,0.0035
Q16880,32,0.0035
P38484,32,0.0035
Q8WY98,32,0.0035
Q9Y2U8,32,0.0035
Q9UKJ5,32,0.0035
P10721,32,0.0035
Q8WYR4,32,0.0035
Q9H672,32,0.0035
Q13547,32,0.0035
O14497,32,0.0035
A0A075B6I6,32,0.0035
Q68D85,32,0.0035
Q96SN8,32,0.0035
P00167,32,0.0035
Q12929,32,0.0035
P09630,32,0.0035
Q15560,32,0.0035
Q6P1S2,31,0.0034
Q5VXT5,31,0.0034
Q8N5D0,31,0.0034
A1L188,31,0.0034
Q6TFL4,31,0.0034
O75665,31,0.0034
Q68D51,31,0.0034
P46092,31,0.0034
Q6ZUS5,31,0.0034
Q96T21,31,0.0034
P50151,31,0.0034
Q9BT23,31,0.0034
Q8IX05,31,0.0034
P07602,31,0.0034
P48201,31,0.0034
Q5VV16,31,0.0034
Q96FG2,31,0.0034
P12931,31,0.0034
Q8NGF1,31,0.0034
P60033,31,0.0034
A6NEQ2,31,0.0034
P10588,31,0.0034
Q96RE7,31,0.0034
A2RU54,31,0.0034
O43320,31,0.0034
Q86VZ1,31,0.0034
Q9NZI5,31,0.0034
Q0P6D6,31,0.0034
Q6ZS81,31,0.0034
P0DTL4,31,0.0034
O75179,31,0.0034
P02489,31,0.0034
Q9H158,31,0.0034
Q3B726,31,0.0034
Q8WUA2,31,0.0034
Q6NZY4,31,0.0034
Q8NGK4,31,0.0034
Q01362,31,0.0034
P55265,31,0.0034
P05106,31,0.0034
Q96R67,31,0.0034
Q9NXR5,31,0.0034
Q9BYR3,31,0.0034
Q8IWA6,31,0.0034
Q9UKK3,31,0.0034
Q96CE8,31,0.0034
Q7L190,31,0.0034
Q14566,31,0.0034
O60832,31,0.0034
Q01650,31,0.0034
Q6ZST4,31,0.0034
Q8NGN0,31,0.0034
Q6UXB2,31,0.0034
Q8NA61,31,0.0034
Q9H1J1,31,0.0034
Q5VZ89,31,0.0034
Q5PSV4,31,0.0034
Q9NPC1,31,0.0034
Q9BW71,31,0.0034
Q5T089,31,0.0034
Q8N138,31,0.0034
Q96B49,31,0.0034
Q6ISS4,31,0.0034
Q8N6Y2,31,0.0034
Q96PP4,31,0.0034
Q9BVK8,31,0.0034
Q06455,31,0.0034
O75462,31,0.0034
Q9NR09,31,0.0034
Q9GZT3,31,0.0034
O75069,31,0.0034
Q9NXR7,31,0.0034
Q7Z2H8,31,0.0034
Q9Y5E8,31,0.0034
Q9UBD6,31,0.0034
O00254,31,0.0034
P0DMV8,31,0.0034
Q9NXV6,31,0.0034
Q569G3,31,0.0034
O75095,31,0.0034
Q9BR61,31,0.0034
P36578,31,0.0034
Q7L5Y6,31,0.0034
P49908,31,0.0034
Q99523,31,0.0034
A0A578,31,0.0034
P62993,31,0.0034
Q8WVX3,31,0.0034
O75909,31,0.0034
Q6ZUK4,31,0.0034
O60870,31,0.0034
A8MZ59,31,0.0034
Q9BSL1,31,0.0034
Q9BS26,31,0.0034
P54578,31,0.0034
Q92783,31,0.0034
Q09161,31,0.0034
P42263,31,0.0034
Q13409,31,0.0034
Q9UPR6,31,0.0034
Q96PR1,31,0.0034
P28068,31,0.0034
Q96MN9,31,0.0034
P61160,31,0.0034
Q9Y3L3,31,0.0034
A6NJ69,31,0.0034
Q86SQ0,31,0.0034
Q8NB66,31,0.0034
O43699,31,0.0034
Q96MA1,31,0.0034
Q0GE19,31,0.0034
P15954,31,0.0034
Q9Y466,31,0.0034
A6NMZ7,31,0.0034
Q86US8,31,0.0034
P26010,31,0.0034
Q8N999,31,0.0034
Q53H80,31,0.0034
P33981,31,0.0034
P17301,31,0.0034
Q15058,31,0.0034
P35609,31,0.0034
P18085,31,0.0034
Q14139,31,0.0034
Q13241,31,0.0034
Q6P1K1,31,0.0034
Q70HW3,31,0.0034
Q8NAA5,31,0.0034
Q13472,31,0.0034
P16989,31,0.0034
Q86YJ7,31,0.0034
Q8N5U0,31,0.0034
O75326,31,0.0034
P10276,31,0.0034
A4FU01,31,0.0034
O95202,31,0.0034
Q6EKJ0,31,0.0034
Q9GZP9,31,0.0034
Q52LW3,31,0.0034
P37023,31,0.0034
O95398,31,0.0034
Q15562,31,0.0034
Q9ULH4,31,0.0034
Q8N8R5,31,0.0034
Q9P2P5,31,0.0034
Q86X55,31,0.0034
A0A075B6H8,31,0.0034
Q14764,31,0.0034
Q96H12,31,0.0034
Q96SB4,31,0.0034
P16401,31,0.0034
Q9UBQ6,31,0.0034
Q9NYY3,31,0.0034
O43278,31,0.0034
Q3SY84,31,0.0034
P35222,31,0.0034
Q86VI3,31,0.0034
O00421,31,0.0034
Q8IYA8,31,0.0034
A0A096LP01,31,0.0034
Q8TD19,31,0.0034
Q96PB1,31,0.0034
P51808,31,0.0034
Q05682,31,0.0034
A0A0C4DH35,31,0.0034
Q9BZM5,31,0.0034
Q9BXC0,31,0.0034
Q75V66,31,0.0034
Q32NC0,31,0.0034
Q9UKP6,31,0.0034
Q6ZN44,31,0.0034
Q9ULL8,31,0.0034
Q86X02,31,0.0034
O43166,31,0.0034
Q6ZVK8,31,0.0034
Q96RD7,31,0.0034
A4D1F6,31,0.0034
Q9NP71,31,0.0034
Q96FC9,31,0.0034
Q9H5U6,31,0.0034
Q15077,31,0.0034
Q9BXB1,31,0.0034
Q16851,31,0.0034
P34925,31,0.0034
A0A075B6T6,31,0.0034
Q9UMZ2,31,0.0034
O15438,31,0.0034
O43318,30,0.0033
Q9Y3M8,30,0.0033
Q9P2D0,30,0.0033
Q14324,30,0.0033
Q8IV63,30,0.0033
Q96I82,30,0.0033
Q6QNY1,30,0.0033
Q9Y6D5,30,0.0033
O14863,30,0.0033
P05177,30,0.0033
Q92692,30,0.0033
Q13506,30,0.0033
Q9HB71,30,0.0033
O95297,30,0.0033
P43489,30,0.0033
Q13075,30,0.0033
P53990,30,0.0033
Q96Q80,30,0.0033
O00155,30,0.0033
O95255,30,0.0033
Q7RTR2,30,0.0033
Q06055,30,0.0033
Q15185,30,0.0033
Q99542,30,0.0033
P40189,30,0.0033
Q16778,30,0.0033
Q9UNA4,30,0.0033
Q9UMY1,30,0.0033
P35659,30,0.0033
Q9NR30,30,0.0033
Q8IUB5,30,0.0033
O43854,30,0.0033
O95971,30,0.0033
Q9BQS2,30,0.0033
P31513,30,0.0033
Q8NHC8,30,0.0033
Q9BV23,30,0.0033
P43268,30,0.0033
Q5RIA9,30,0.0033
O94782,30,0.0033
Q6ZN32,30,0.0033
A0A0B4J265,30,0.0033
P0DMV9,30,0.0033
Q9ULK0,30,0.0033
Q70EL1,30,0.0033
Q9Y6M5,30,0.0033
A0A0A0MS02,30,0.0033
Q9HC21,30,0.0033
Q96RB7,30,0.0033
P07900,30,0.0033
A1L4L8,30,0.0033
Q9ULG6,30,0.0033
O75078,30,0.0033
A0A1B0GUW7,30,0.0033
O14514,30,0.0033
Q9Y4X0,30,0.0033
P38435,30,0.0033
Q96SQ7,30,0.0033
Q9Y546,30,0.0033
Q9NZ20,30,0.0033
Q8IVL0,30,0.0033
O14910,30,0.0033
Q7RTU4,30,0.0033
Q13635,30,0.0033
Q86WG3,30,0.0033
O75487,30,0.0033
Q6U736,30,0.0033
P33897,30,0.0033
Q9H1X3,30,0.0033
Q6P3S6,30,0.0033
P03897,30,0.0033
A0A1B0GW35,30,0.0033
Q9H5I1,30,0.0033
P61587,30,0.0033
Q69YW2,30,0.0033
A8K979,30,0.0033
Q9Y6B2,30,0.0033
P0CAP2,30,0.0033
P51572,30,0.0033
Q8IWU9,30,0.0033
Q9NU19,30,0.0033
A0A075B6J2,30,0.0033
M5A8F1,30,0.0033
Q5VXH5,30,0.0033
Q8WU08,30,0.0033
Q99884,30,0.0033
P62263,30,0.0033
P01871,30,0.0033
Q14999,30,0.0033
P59768,30,0.0033
Q8WUJ0,30,0.0033
P30307,30,0.0033
Q13105,30,0.0033
Q9Y215,30,0.0033
Q9Y3C6,30,0.0033
Q86YW5,30,0.0033
Q99808,30,0.0033
O60675,30,0.0033
Q71F56,30,0.0033
Q9H4P4,30,0.0033
P28066,30,0.0033
P40855,30,0.0033
Q8TF74,30,0.0033
Q6UW56,30,0.0033
P46094,30,0.0033
Q8IYB7,30,0.0033
Q99909,30,0.0033
O14843,30,0.0033
P43307,30,0.0033
Q5TYM5,30,0.0033
Q13188,30,0.0033
Q8IXL9,30,0.0033
Q8N114,30,0.0033
Q13145,30,0.0033
Q92570,30,0.0033
Q8NB14,30,0.0033
Q9UBK5,30,0.0033
Q13136,30,0.0033
Q86SX3,30,0.0033
Q8IV31,30,0.0033
Q8N945,30,0.0033
Q8IZT9,30,0.0033
Q5T4T1,30,0.0033
B7ZBB8,30,0.0033
A6NEE1,30,0.0033
Q8N0T1,30,0.0033
P78539,30,0.0033
Q9H1K0,30,0.0033
Q8NGP8,30,0.0033
A8MXZ3,30,0.0033
P11908,30,0.0033
Q9NYK1,30,0.0033
Q13444,30,0.0033
Q96F83,30,0.0033
Q9BRL7,30,0.0033
P11912,30,0.0033
P57738,30,0.0033
A1KZ92,30,0.0033
Q8N7R7,30,0.0033
P48664,30,0.0033
P78356,30,0.0033
P41236,30,0.0033
P15918,30,0.0033
P84550,30,0.0033
P45844,30,0.0033
P32314,30,0.0033
Q8N5M9,30,0.0033
Q8N9Z2,30,0.0033
Q2M329,30,0.0033
O00522,30,0.0033
Q9H0A6,30,0.0033
O14798,30,0.0033
Q96QD5,30,0.0033
A0A0A6YYK1,30,0.0033
A0A0B4J241,30,0.0033
A0A0B4J235,30,0.0033
O00168,30,0.0033
Q8N146,30,0.0033
Q7L5L3,30,0.0033
P15735,30,0.0033
A1L390,30,0.0033
P20851,30,0.0033
Q96NX5,30,0.0033
Q9UFD9,30,0.0033
P42768,30,0.0033
P51795,30,0.0033
Q8TC99,30,0.0033
Q96RD0,30,0.0033
Q9HAI6,30,0.0033
Q8NHQ8,30,0.0033
P29017,30,0.0033
P26717,30,0.0033
Q9Y2X7,30,0.0033
Q13131,30,0.0033
Q9Y4A9,30,0.0033
Q9NRZ7,30,0.0033
Q8IZQ1,30,0.0033
Q9ULM0,30,0.0033
P62068,30,0.0033
Q9H9A6,30,0.0033
Q8IXQ5,30,0.0033
O96008,30,0.0033
Q5PT55,30,0.0033
Q9C056,30,0.0033
Q8N1S5,30,0.0033
O15069,30,0.0033
Q07869,30,0.0033
Q6UXN8,30,0.0033
Q9UF02,30,0.0033
A6NGY5,30,0.0033
A6NGB9,30,0.0033
P54289,30,0.0033
P32249,30,0.0033
Q9H4F8,30,0.0033
Q96DX8,30,0.0033
Q8NHC4,30,0.0033
A0A1B0GTL2,30,0.0033
Q9H8Y1,30,0.0033
Q7Z4L0,30,0.0033
Q9Y448,30,0.0033
P05997,30,0.0033
Q86UD3,30,0.0033
Q9BQN1,30,0.0033
Q86Z20,30,0.0033
O75054,30,0.0033
Q15906,30,0.0033
Q6ZMN7,30,0.0033
Q96B18,30,0.0033
O60563,30,0.0033
Q9H0Q3,30,0.0033
Q9P215,30,0.0033
Q9UNW8,30,0.0033
O43916,30,0.0033
Q52LJ0,30,0.0033
Q9NP74,30,0.0033
Q9NZS2,30,0.0033
Q9HAP2,30,0.0033
Q9H756,30,0.0033
P12524,30,0.0033
Q9P0J7,30,0.0033
Q7Z5D8,30,0.0033
P04233,30,0.0033
P35442,30,0.0033
Q8NHB8,30,0.0033
A0JD37,30,0.0033
Q5VY80,30,0.0033
O76064,30,0.0033
Q9HBL6,30,0.0033
Q99590,29,0.0032
Q75WM6,29,0.0032
Q8TBQ9,29,0.0032
Q8NH04,29,0.0032
O95999,29,0.0032
Q96RQ9,29,0.0032
O43868,29,0.0032
Q8IZL2,29,0.0032
P0CI25,29,0.0032
Q9UKI9,29,0.0032
P21439,29,0.0032
Q7Z739,29,0.0032
Q6YBV0,29,0.0032
Q8WTR4,29,0.0032
P06307,29,0.0032
O95907,29,0.0032
Q92576,29,0.0032
O95158,29,0.0032
Q13394,29,0.0032
P49736,29,0.0032
Q9H7J1,29,0.0032
A0A0B4J245,29,0.0032
Q7Z7B1,29,0.0032
Q9BR77,29,0.0032
Q9UN86,29,0.0032
O43739,29,0.0032
P20749,29,0.0032
Q02363,29,0.0032
Q1RMZ1,29,0.0032
Q9NVF7,29,0.0032
Q9C0B7,29,0.0032
A6NCQ9,29,0.0032
A0A075B6N4,29,0.0032
Q96PM5,29,0.0032
Q8IW19,29,0.0032
Q9NP58,29,0.0032
P13631,29,0.0032
P23634,29,0.0032
Q92537,29,0.0032
Q9H305,29,0.0032
Q9NS25,29,0.0032
Q6ZWJ1,29,0.0032
Q9UNE2,29,0.0032
Q02575,29,0.0032
Q13291,29,0.0032
P68106,29,0.0032
P58549,29,0.0032
O00571,29,0.0032
Q8IV50,29,0.0032
Q8TCG2,29,0.0032
Q92952,29,0.0032
P07093,29,0.0032
Q7Z614,29,0.0032
Q8WTQ7,29,0.0032
A8K8P3,29,0.0032
Q99941,29,0.0032
Q04917,29,0.0032
Q8IX07,29,0.0032
Q86XI6,29,0.0032
Q9NY97,29,0.0032
Q13342,29,0.0032
P06730,29,0.0032
Q92835,29,0.0032
Q96M69,29,0.0032
Q01543,29,0.0032
Q9UPP2,29,0.0032
Q8N302,29,0.0032
A0A0B4J276,29,0.0032
A8MQ27,29,0.0032
Q8IYM2,29,0.0032
Q86YD3,29,0.0032
A0A075B6I3,29,0.0032
O60308,29,0.0032
O15496,29,0.0032
Q8NF91,29,0.0032
Q969J5,29,0.0032
P0CG48,29,0.0032
Q8TCD1,29,0.0032
O60635,29,0.0032
O14867,29,0.0032
Q9NWW5,29,0.0032
Q86UW2,29,0.0032
O75841,29,0.0032
Q14240,29,0.0032
P18850,29,0.0032
Q96IK1,29,0.0032
Q8NGX9,29,0.0032
P0C6C1,29,0.0032
P50135,29,0.0032
P61073,29,0.0032
Q99418,29,0.0032
Q13309,29,0.0032
Q9UQK1,29,0.0032
Q9H910,29,0.0032
Q8WVD3,29,0.0032
Q9NYG5,29,0.0032
O95257,29,0.0032
Q7Z695,29,0.0032
P50221,29,0.0032
O95864,29,0.0032
Q147X3,29,0.0032
Q49SQ1,29,0.0032
Q6UWT2,29,0.0032
Q8IZN7,29,0.0032
B1AKI9,29,0.0032
P51511,29,0.0032
P62140,29,0.0032
Q15828,29,0.0032
Q9HCU0,29,0.0032
Q96GY3,29,0.0032
Q9NZV1,29,0.0032
A4D1S0,29,0.0032
Q8N0Z9,29,0.0032
Q08345,29,0.0032
A6NFN9,29,0.0032
Q9NRA2,29,0.0032
Q7Z7B0,29,0.0032
Q9NVH0,29,0.0032
Q9H972,29,0.0032
Q9UBS8,29,0.0032
P78423,29,0.0032
Q96LT6,29,0.0032
A6NI47,29,0.0032
Q9NY57,29,0.0032
Q86TJ2,29,0.0032
Q8N815,29,0.0032
Q53QV2,29,0.0032
P09012,29,0.0032
Q8N1H7,29,0.0032
O43293,29,0.0032
Q9ULZ1,29,0.0032
P35268,29,0.0032
Q8IWR1,29,0.0032
O94933,29,0.0032
Q9ULD6,29,0.0032
Q9HD36,29,0.0032
P52179,29,0.0032
Q13098,29,0.0032
A0PK05,29,0.0032
P47756,29,0.0032
Q9Y3P9,29,0.0032
Q96MR6,29,0.0032
A6NDP7,29,0.0032
Q08380,29,0.0032
Q5VZB9,29,0.0032
P23458,29,0.0032
Q9NXL2,29,0.0032
Q5T848,29,0.0032
Q8N9B8,29,0.0032
P49146,29,0.0032
Q9NTK1,29,0.0032
Q6ZS72,29,0.0032
Q6ZSZ5,29,0.0032
Q96T88,29,0.0032
Q9UJ90,29,0.0032
Q75N90,29,0.0032
P13797,29,0.0032
O00151,29,0.0032
P09758,29,0.0032
Q8NER1,29,0.0032
P62269,29,0.0032
Q96NX9,29,0.0032
Q6ISB3,29,0.0032
Q9HBB8,29,0.0032
Q12767,29,0.0032
Q14919,29,0.0032
Q9H4A4,29,0.0032
P62312,29,0.0032
Q8N6I4,29,0.0032
P12980,29,0.0032
O60682,29,0.0032
A6NE02,29,0.0032
Q13319,29,0.0032
P62508,29,0.0032
Q9HBH7,29,0.0032
Q96DY7,29,0.0032
O43768,29,0.0032
Q96A28,29,0.0032
Q969P0,29,0.0032
Q8TAD7,29,0.0032
P18564,29,0.0032
Q8N6S5,29,0.0032
P11021,29,0.0032
Q9UNN8,29,0.0032
O60476,29,0.0032
P0DKX4,29,0.0032
Q9UBG0,29,0.0032
Q5JUK9,29,0.0032
A7MCY6,29,0.0032
P0DP24,29,0.0032
Q09327,29,0.0032
O43167,29,0.0032
Q13790,29,0.0032
Q9ULE3,29,0.0032
O15266,29,0.0032
A0A0B4J234,29,0.0032
Q5BJH2,29,0.0032
Q9Y4C5,29,0.0032
Q9UBS0,29,0.0032
Q6NXT6,29,0.0032
Q5TGL8,29,0.0032
A5PLL7,29,0.0032
Q8IXW5,29,0.0032
Q9GZP1,29,0.0032
Q8WXD0,29,0.0032
H3BTG2,29,0.0032
Q9NP61,29,0.0032
P36941,29,0.0032
Q05655,29,0.0032
O95047,29,0.0032
Q9Y336,29,0.0032
Q6NW34,29,0.0032
O00401,29,0.0032
Q9UPY8,29,0.0032
Q9UJA3,29,0.0032
Q2M2I3,29,0.0032
O95793,29,0.0032
Q08211,28,0.003
A0A0J9YX57,28,0.003
B5MD39,28,0.003
Q9UM47,28,0.003
P23193,28,0.003
Q717R9,28,0.003
P15090,28,0.003
Q6ZNJ1,28,0.003
P51674,28,0.003
Q8ND30,28,0.003
Q12982,28,0.003
Q8WW18,28,0.003
O15350,28,0.003
Q86Y37,28,0.003
B2RUZ4,28,0.003
P11388,28,0.003
Q9BYQ2,28,0.003
Q9GZY6,28,0.003
O94868,28,0.003
Q7Z2Q7,28,0.003
P61769,28,0.003
P63162,28,0.003
A8MWY0,28,0.003
Q9NZW5,28,0.003
Q9P2N2,28,0.003
Q8TD46,28,0.003
P49450,28,0.003
Q9H307,28,0.003
Q86U38,28,0.003
O60320,28,0.003
P51513,28,0.003
Q9H2F9,28,0.003
Q9NSI8,28,0.003
Q8WYA0,28,0.003
Q69YZ2,28,0.003
P18577,28,0.003
Q8WUJ1,28,0.003
Q9Y624,28,0.003
Q00839,28,0.003
Q7Z3S7,28,0.003
Q9NQ30,28,0.003
Q8NG81,28,0.003
P35555,28,0.003
P52799,28,0.003
Q9BZW2,28,0.003
A5YKK6,28,0.003
Q9NP94,28,0.003
Q5VYV7,28,0.003
Q96I23,28,0.003
A0A1B0GX56,28,0.003
P27635,28,0.003
Q5T5P2,28,0.003
P18405,28,0.003
Q9GZV5,28,0.003
A8MVW5,28,0.003
Q9NZJ0,28,0.003
P02765,28,0.003
Q9UKE5,28,0.003
Q8TCJ2,28,0.003
A0A0B4J244,28,0.003
Q8N2H9,28,0.003
Q02325,28,0.003
Q9H3H1,28,0.003
Q14680,28,0.003
Q6ZUT3,28,0.003
O14777,28,0.003
Q9UIL8,28,0.003
O75154,28,0.003
Q6P9F5,28,0.003
Q53EU6,28,0.003
Q8IW93,28,0.003
P35813,28,0.003
Q7L0R7,28,0.003
Q96L93,28,0.003
Q9UJX5,28,0.003
Q96JK9,28,0.003
Q9UNP9,28,0.003
Q68CP9,28,0.003
Q92886,28,0.003
Q9BZM6,28,0.003
A1IGU5,28,0.003
Q8NG76,28,0.003
P28358,28,0.003
Q76NI1,28,0.003
A0A075B6N2,28,0.003
P41212,28,0.003
Q9Y2H0,28,0.003
P08571,28,0.003
O76082,28,0.003
Q92599,28,0.003
Q9Y343,28,0.003
Q9Y6M1,28,0.003
Q8NG83,28,0.003
A0A0A6YYK4,28,0.003
Q9ULC5,28,0.003
Q7Z3E2,28,0.003
Q8TEW8,28,0.003
Q92600,28,0.003
Q8NG77,28,0.003
P13378,28,0.003
P46734,28,0.003
P78410,28,0.003
Q9Y450,28,0.003
Q9NP56,28,0.003
O43556,28,0.003
Q9NR97,28,0.003
A5D8T8,28,0.003
A6NC57,28,0.003
P41238,28,0.003
Q8NCG7,28,0.003
O00584,28,0.003
Q66K14,28,0.003
Q7Z434,28,0.003
Q9BWT7,28,0.003
Q8IWD4,28,0.003
Q96DA2,28,0.003
Q9BTX1,28,0.003
Q15459,28,0.003
Q14527,28,0.003
P61619,28,0.003
Q9HC77,28,0.003
Q9H8H0,28,0.003
Q2M3G0,28,0.003
O43908,28,0.003
P28336,28,0.003
A8MTQ0,28,0.003
Q8NHP8,28,0.003
Q14681,28,0.003
P56915,28,0.003
P55058,28,0.003
Q5T0W9,28,0.003
M0QZC1,28,0.003
Q8N819,28,0.003
Q99942,28,0.003
Q86XJ1,28,0.003
Q92806,28,0.003
Q3YEC7,28,0.003
P03372,28,0.003
Q96EU7,28,0.003
Q5TBK1,28,0.003
Q8N228,28,0.003
P19622,28,0.003
O43921,28,0.003
Q8IZC6,28,0.003
Q13813,28,0.003
Q8NGR4,28,0.003
A6NLI5,28,0.003
Q9UBS4,28,0.003
Q9Y5H7,28,0.003
Q6P2M8,28,0.003
P19823,28,0.003
Q5T6L9,28,0.003
A0A804HLA8,28,0.003
Q9Y4B4,28,0.003
Q8IYU4,28,0.003
P48050,28,0.003
Q8N4N8,28,0.003
Q8WW43,28,0.003
Q8IXF9,28,0.003
P43004,28,0.003
Q8NGG4,28,0.003
Q8IZD0,28,0.003
P10415,28,0.003
Q9P021,28,0.003
A0A0B4J249,28,0.003
A6NHJ4,28,0.003
P15498,28,0.003
Q96A37,28,0.003
Q8NHS0,28,0.003
O15440,28,0.003
Q9NS75,28,0.003
Q9NXR8,28,0.003
P14317,28,0.003
O00219,28,0.003
P16050,28,0.003
Q9HC98,28,0.003
Q8IVM0,28,0.003
Q86VW2,28,0.003
Q9Y5W5,28,0.003
Q8TAY7,28,0.003
O95460,28,0.003
P09917,28,0.003
O14529,28,0.003
P42081,28,0.003
P21673,28,0.003
Q02246,28,0.003
O14559,28,0.003
Q8NH87,28,0.003
Q15620,28,0.003
Q5DX21,28,0.003
Q2M3V2,28,0.003
Q3KP22,28,0.003
Q9NVA2,28,0.003
A0A075B6N3,28,0.003
Q9Y6X3,28,0.003
Q86UE6,28,0.003
Q9HAK2,28,0.003
Q8NH60,28,0.003
Q6EMK4,28,0.003
Q86W10,28,0.003
O00398,28,0.003
Q9C0H6,28,0.003
Q92953,28,0.003
Q96KK3,28,0.003
P01308,28,0.003
P0DP23,28,0.003
Q9ULC0,28,0.003
Q9H246,28,0.003
Q8IVB5,28,0.003
Q9Y5S9,28,0.003
O75132,28,0.003
Q8WZ73,27,0.0029
P07911,27,0.0029
Q8NHV5,27,0.0029
Q8WX94,27,0.0029
A8MTB9,27,0.0029
Q71UM5,27,0.0029
O95149,27,0.0029
Q6P2C0,27,0.0029
Q96BI1,27,0.0029
O14494,27,0.0029
P43363,27,0.0029
Q5T7W0,27,0.0029
Q9P291,27,0.0029
P31639,27,0.0029
Q96G23,27,0.0029
Q5VT79,27,0.0029
Q4JDL3,27,0.0029
Q15155,27,0.0029
Q9H063,27,0.0029
Q8N6R1,27,0.0029
Q8IWR0,27,0.0029
Q8TBF5,27,0.0029
P01042,27,0.0029
Q9BZC1,27,0.0029
Q9NP60,27,0.0029
Q8TEB7,27,0.0029
Q8N5W8,27,0.0029
Q9BXT4,27,0.0029
Q9Y2L1,27,0.0029
Q92954,27,0.0029
Q86X27,27,0.0029
A6PVI3,27,0.0029
Q9UJM3,27,0.0029
Q86W74,27,0.0029
Q6NT46,27,0.0029
P48553,27,0.0029
P36873,27,0.0029
Q9Y5X0,27,0.0029
Q8N8J7,27,0.0029
P32302,27,0.0029
P52952,27,0.0029
Q9P0T4,27,0.0029
Q495A1,27,0.0029
Q9NQW6,27,0.0029
Q9BPX3,27,0.0029
Q96DX4,27,0.0029
Q8TDS7,27,0.0029
Q68D86,27,0.0029
Q96BU1,27,0.0029
Q8N6Q1,27,0.0029
P36956,27,0.0029
Q96DZ5,27,0.0029
O43933,27,0.0029
Q6UWW9,27,0.0029
Q9Y2S6,27,0.0029
P61024,27,0.0029
P22415,27,0.0029
Q15121,27,0.0029
Q96QP1,27,0.0029
B2RXF5,27,0.0029
Q5T3J3,27,0.0029
Q9BXS6,27,0.0029
P60002,27,0.0029
Q14156,27,0.0029
Q14651,27,0.0029
Q9H6R7,27,0.0029
Q8NI77,27,0.0029
Q09428,27,0.0029
Q9H019,27,0.0029
P57078,27,0.0029
Q9UNN5,27,0.0029
Q8NBV4,27,0.0029
P59533,27,0.0029
Q9Y5F1,27,0.0029
Q6PEW0,27,0.0029
Q9Y250,27,0.0029
O95466,27,0.0029
A0A183,27,0.0029
Q9NR99,27,0.0029
Q15031,27,0.0029
P15813,27,0.0029
Q6P6C2,27,0.0029
P32246,27,0.0029
Q8N413,27,0.0029
P54725,27,0.0029
Q9HBJ8,27,0.0029
Q5BJH7,27,0.0029
Q96M34,27,0.0029
Q14061,27,0.0029
Q99705,27,0.0029
Q6XYQ8,27,0.0029
Q9H4G0,27,0.0029
Q8WYK2,27,0.0029
Q8N461,27,0.0029
A0PJK1,27,0.0029
Q8N0U8,27,0.0029
P09131,27,0.0029
Q14088,27,0.0029
Q9P289,27,0.0029
O00507,27,0.0029
P17252,27,0.0029
Q8ND07,27,0.0029
P48739,27,0.0029
Q8WZ79,27,0.0029
P13726,27,0.0029
Q6ZN01,27,0.0029
Q15004,27,0.0029
O14978,27,0.0029
P54821,27,0.0029
Q96F45,27,0.0029
Q86V86,27,0.0029
Q8NGK0,27,0.0029
A0A075B6X5,27,0.0029
O75882,27,0.0029
Q2YD98,27,0.0029
Q9NR55,27,0.0029
Q9H2M9,27,0.0029
Q8TB96,27,0.0029
P01615,27,0.0029
P56277,27,0.0029
Q7Z7J9,27,0.0029
P52945,27,0.0029
O14682,27,0.0029
Q76MJ5,27,0.0029
P26599,27,0.0029
O14787,27,0.0029
Q9BZV1,27,0.0029
Q6VB84,27,0.0029
Q96ED9,27,0.0029
Q9NZM4,27,0.0029
P63000,27,0.0029
Q9Y2N7,27,0.0029
Q15759,27,0.0029
Q9P217,27,0.0029
Q03169,27,0.0029
O60674,27,0.0029
P41222,27,0.0029
Q96RK1,27,0.0029
Q8J025,27,0.0029
A8MTL9,27,0.0029
Q9UIW0,27,0.0029
Q2TAL5,27,0.0029
O75360,27,0.0029
Q13641,27,0.0029
O43795,27,0.0029
Q8WXC6,27,0.0029
Q9Y5H3,27,0.0029
A1Z1Q3,27,0.0029
P23416,27,0.0029
O15527,27,0.0029
A8MTL3,27,0.0029
O75907,27,0.0029
P34903,27,0.0029
P20336,27,0.0029
Q7Z2W4,27,0.0029
O94927,27,0.0029
P30511,27,0.0029
O94819,27,0.0029
Q8WWR9,27,0.0029
Q9NQS3,27,0.0029
Q9BV68,27,0.0029
Q5TB30,27,0.0029
Q4KMG9,27,0.0029
A0A0B4J266,27,0.0029
Q8WUB8,27,0.0029
Q86UN2,27,0.0029
Q8IWT3,27,0.0029
Q5JTD0,27,0.0029
Q8IW50,27,0.0029
Q6NZ36,27,0.0029
Q15916,27,0.0029
Q9Y5Y7,27,0.0029
Q96IK5,27,0.0029
Q9H7V2,27,0.0029
Q8NGY6,27,0.0029
P99999,27,0.0029
Q6UW10,27,0.0029
P43034,27,0.0029
Q05516,27,0.0029
Q5TA31,27,0.0029
Q16527,27,0.0029
P10082,27,0.0029
Q8IV32,27,0.0029
Q9BZI7,27,0.0029
Q12874,27,0.0029
A2RUB1,27,0.0029
Q5JVX7,27,0.0029
Q32NB8,27,0.0029
Q5VXU3,27,0.0029
A8K7I4,27,0.0029
Q13425,27,0.0029
P59901,27,0.0029
Q96KK4,27,0.0029
Q9BW61,27,0.0029
P54764,27,0.0029
O95402,27,0.0029
P0CI26,27,0.0029
A6NKL6,27,0.0029
Q8WUX9,27,0.0029
P60059,27,0.0029
Q9NRM2,27,0.0029
Q8N9F7,27,0.0029
Q96JQ0,27,0.0029
Q9UKP3,27,0.0029
Q8NH85,27,0.0029
Q14393,27,0.0029
Q8NA82,27,0.0029
P02511,27,0.0029
O60763,27,0.0029
Q86UB2,27,0.0029
Q66GS9,27,0.0029
A6NEL2,27,0.0029
Q8NC60,27,0.0029
Q6ZU52,27,0.0029
A6NNF4,27,0.0029
Q9NY12,27,0.0029
A0A5B7,27,0.0029
Q9UBB6,27,0.0029
A0A5B6,27,0.0029
O43808,27,0.0029
Q53ET0,27,0.0029
Q8IVE3,27,0.0029
Q99567,27,0.0029
Q9UQD0,27,0.0029
O75113,27,0.0029
Q6IEU7,27,0.0029
O15040,27,0.0029
Q92858,27,0.0029
Q99742,26,0.0028
A0A087WT03,26,0.0028
A0A0B4J273,26,0.0028
Q15743,26,0.0028
P27797,26,0.0028
Q53GL0,26,0.0028
Q99435,26,0.0028
Q9NZT2,26,0.0028
Q86T65,26,0.0028
Q9NUD5,26,0.0028
B9A014,26,0.0028
Q9Y314,26,0.0028
Q6ZWK4,26,0.0028
P78545,26,0.0028
P62745,26,0.0028
Q13467,26,0.0028
Q15555,26,0.0028
Q0P6D2,26,0.0028
Q9Y3C5,26,0.0028
Q1HG44,26,0.0028
Q9NXD2,26,0.0028
P98153,26,0.0028
Q86SS6,26,0.0028
P24311,26,0.0028
P62308,26,0.0028
Q96BW1,26,0.0028
Q8WUU5,26,0.0028
P59923,26,0.0028
A0A0B4J238,26,0.0028
Q9Y5H9,26,0.0028
P46531,26,0.0028
Q8N300,26,0.0028
Q86W56,26,0.0028
Q8NE31,26,0.0028
Q15465,26,0.0028
Q6P2E9,26,0.0028
Q9Y548,26,0.0028
P42568,26,0.0028
P0C6S8,26,0.0028
Q14627,26,0.0028
Q70Z53,26,0.0028
Q12946,26,0.0028
Q96IZ0,26,0.0028
Q9Y2L6,26,0.0028
Q9UGU5,26,0.0028
Q8WUA8,26,0.0028
A0A0B4J237,26,0.0028
Q86SJ6,26,0.0028
Q53HI1,26,0.0028
Q9UBY8,26,0.0028
Q86SE9,26,0.0028
P35414,26,0.0028
A6NCS4,26,0.0028
Q15615,26,0.0028
Q96BY9,26,0.0028
Q9BX46,26,0.0028
Q14728,26,0.0028
Q9Y597,26,0.0028
Q86VZ6,26,0.0028
Q8WXE1,26,0.0028
A2RUT3,26,0.0028
O14569,26,0.0028
Q86XP3,26,0.0028
Q68DA7,26,0.0028
Q5SRD1,26,0.0028
P51397,26,0.0028
Q96DD7,26,0.0028
Q8NF50,26,0.0028
P13612,26,0.0028
P50402,26,0.0028
Q1A5X6,26,0.0028
Q06587,26,0.0028
Q9H340,26,0.0028
Q9H343,26,0.0028
P58181,26,0.0028
P41146,26,0.0028
Q6Q6R5,26,0.0028
Q9Y6X5,26,0.0028
Q9NSI5,26,0.0028
P17861,26,0.0028
Q96L73,26,0.0028
P55916,26,0.0028
A0A075B6W5,26,0.0028
Q5M7Z0,26,0.0028
A0A075B6V5,26,0.0028
P08476,26,0.0028
Q9UEE5,26,0.0028
O94966,26,0.0028
Q96FE5,26,0.0028
Q99593,26,0.0028
Q96EX2,26,0.0028
Q9H4L5,26,0.0028
P31268,26,0.0028
Q00534,26,0.0028
Q8NHS3,26,0.0028
Q8NEA9,26,0.0028
P23760,26,0.0028
Q8N474,26,0.0028
Q9NQ25,26,0.0028
Q8IYA7,26,0.0028
Q6L8G4,26,0.0028
P10412,26,0.0028
O94991,26,0.0028
Q9H4H8,26,0.0028
O76014,26,0.0028
Q8TBZ3,26,0.0028
Q9NY61,26,0.0028
O43173,26,0.0028
P06126,26,0.0028
O75352,26,0.0028
Q9H175,26,0.0028
Q9UBJ2,26,0.0028
Q12860,26,0.0028
Q6UN15,26,0.0028
P15516,26,0.0028
Q8N808,26,0.0028
P01133,26,0.0028
Q9C0D3,26,0.0028
Q9BX40,26,0.0028
P01160,26,0.0028
P28702,26,0.0028
O14730,26,0.0028
Q8TAA3,26,0.0028
Q96M89,26,0.0028
Q9NYL5,26,0.0028
Q8IWV8,26,0.0028
Q12952,26,0.0028
P14625,26,0.0028
Q9Y5X1,26,0.0028
Q9H0Z9,26,0.0028
Q01113,26,0.0028
P83731,26,0.0028
Q9H992,26,0.0028
Q8N4V1,26,0.0028
Q99956,26,0.0028
Q9UPT9,26,0.0028
A2CJ06,26,0.0028
H3BMG3,26,0.0028
P15056,26,0.0028
Q96HP0,26,0.0028
Q8IWA5,26,0.0028
Q9Y586,26,0.0028
O75578,26,0.0028
Q01664,26,0.0028
Q96KT7,26,0.0028
Q12918,26,0.0028
P61254,26,0.0028
Q562E7,26,0.0028
Q9BPZ7,26,0.0028
O75618,26,0.0028
Q8TBY0,26,0.0028
P41182,26,0.0028
Q8WU17,26,0.0028
Q8NDM7,26,0.0028
Q6UXV4,26,0.0028
P09693,26,0.0028
O00505,26,0.0028
Q9GZV8,26,0.0028
P23396,26,0.0028
Q9UJY1,26,0.0028
Q9Y4E6,26,0.0028
Q5VWM3,26,0.0028
A6NLE4,26,0.0028
A0A0K0K1C4,26,0.0028
Q7Z429,26,0.0028
Q9Y5E5,26,0.0028
P51693,26,0.0028
P50895,26,0.0028
A0A0A6YYJ7,26,0.0028
A0A0B4J248,26,0.0028
A0A0A6YYC5,26,0.0028
Q8ND71,26,0.0028
P0DJD8,26,0.0028
Q92844,26,0.0028
Q8WVL7,26,0.0028
Q9Y5B9,26,0.0028
P49675,26,0.0028
O95429,26,0.0028
P01135,26,0.0028
P51843,26,0.0028
P61011,26,0.0028
Q6PII3,26,0.0028
Q9NZU5,26,0.0028
Q96FV0,26,0.0028
Q9NZI8,26,0.0028
Q9BVC5,26,0.0028
Q96M61,26,0.0028
Q68DE3,26,0.0028
Q9UL01,26,0.0028
Q9UG22,26,0.0028
P48169,26,0.0028
P43115,26,0.0028
Q9BV36,26,0.0028
Q8IZV2,26,0.0028
P80217,26,0.0028
Q8NGA5,26,0.0028
Q15772,26,0.0028
P62937,26,0.0028
Q9Y6H8,26,0.0028
Q99570,26,0.0028
A6H8Z2,26,0.0028
Q96DM1,26,0.0028
A1L3X0,26,0.0028
Q6UWV7,26,0.0028
Q13114,26,0.0028
Q96A49,26,0.0028
Q68EN5,26,0.0028
Q9Y613,26,0.0028
Q13255,26,0.0028
Q5TGI4,26,0.0028
P0DKB6,26,0.0028
P63244,26,0.0028
A6NJG6,26,0.0028
P08648,26,0.0028
P24941,26,0.0028
Q9Y333,26,0.0028
Q3L8U1,26,0.0028
P80370,26,0.0028
Q9UHB7,26,0.0028
O15062,26,0.0028
Q15438,26,0.0028
Q2TAY7,26,0.0028
O15239,26,0.0028
Q9H3H9,26,0.0028
A5D6W6,26,0.0028
Q96QR1,26,0.0028
O15265,26,0.0028
P33241,25,0.0027
A8MW99,25,0.0027
Q8IVF5,25,0.0027
Q5THJ4,25,0.0027
P32248,25,0.0027
Q4G0S7,25,0.0027
Q8TDI0,25,0.0027
Q3T906,25,0.0027
P25208,25,0.0027
Q86XS8,25,0.0027
Q8N755,25,0.0027
Q92504,25,0.0027
Q6JVE6,25,0.0027
Q6ZMV5,25,0.0027
Q9BZ81,25,0.0027
Q7RTT9,25,0.0027
Q9HBT7,25,0.0027
Q9NYW2,25,0.0027
Q7L8J4,25,0.0027
Q5TH74,25,0.0027
Q6P9F7,25,0.0027
Q9UHL3,25,0.0027
Q15042,25,0.0027
P51815,25,0.0027
P33121,25,0.0027
Q9Y330,25,0.0027
Q14CN2,25,0.0027
Q8IW35,25,0.0027
P50876,25,0.0027
Q9UN30,25,0.0027
A6NJI9,25,0.0027
A0A0C4DH30,25,0.0027
P34972,25,0.0027
P56278,25,0.0027
Q9UL51,25,0.0027
O60732,25,0.0027
O60741,25,0.0027
P42566,25,0.0027
O95985,25,0.0027
Q9BRU2,25,0.0027
Q13823,25,0.0027
Q02763,25,0.0027
Q13698,25,0.0027
Q96PF1,25,0.0027
P29536,25,0.0027
P47712,25,0.0027
Q5T447,25,0.0027
Q8NG68,25,0.0027
Q8WXS4,25,0.0027
Q15391,25,0.0027
Q5ST30,25,0.0027
Q8NGT7,25,0.0027
Q587I9,25,0.0027
P05413,25,0.0027
Q96JA1,25,0.0027
O00631,25,0.0027
Q9BVW6,25,0.0027
Q96E35,25,0.0027
Q04759,25,0.0027
Q5VUG0,25,0.0027
Q96L03,25,0.0027
Q5VV43,25,0.0027
P0C2W1,25,0.0027
Q86TC9,25,0.0027
Q8IV76,25,0.0027
Q5M775,25,0.0027
P46093,25,0.0027
Q9H095,25,0.0027
P56749,25,0.0027
P21359,25,0.0027
Q86UT6,25,0.0027
Q70EL4,25,0.0027
Q9C0J9,25,0.0027
A0A0B4J268,25,0.0027
Q8WVZ9,25,0.0027
Q8TAP8,25,0.0027
Q9H9F9,25,0.0027
Q9P0L0,25,0.0027
P48426,25,0.0027
Q06416,25,0.0027
Q9UH62,25,0.0027
C9J3V5,25,0.0027
Q15386,25,0.0027
P56559,25,0.0027
P10909,25,0.0027
P80192,25,0.0027
Q86SQ7,25,0.0027
Q15052,25,0.0027
Q00056,25,0.0027
Q8TCY9,25,0.0027
A6NKQ9,25,0.0027
Q8N6L0,25,0.0027
Q4KMQ2,25,0.0027
P78504,25,0.0027
Q6ZNR0,25,0.0027
Q8NAV2,25,0.0027
Q96K21,25,0.0027
Q9Y6X4,25,0.0027
Q9UBM7,25,0.0027
O00408,25,0.0027
Q8N1A0,25,0.0027
Q9BQ15,25,0.0027
P78352,25,0.0027
Q9BRS2,25,0.0027
Q96AW1,25,0.0027
Q9BQQ7,25,0.0027
Q8N1N4,25,0.0027
Q9NXB9,25,0.0027
Q9H1E5,25,0.0027
O75342,25,0.0027
O95678,25,0.0027
Q6NUT3,25,0.0027
P14598,25,0.0027
Q8TDT2,25,0.0027
Q68CJ9,25,0.0027
P60468,25,0.0027
Q9BRP8,25,0.0027
Q6L8G9,25,0.0027
O15294,25,0.0027
P62304,25,0.0027
Q9Y2H5,25,0.0027
Q9UKL2,25,0.0027
Q96J01,25,0.0027
Q13428,25,0.0027
Q59EK9,25,0.0027
A0A0K0K1D8,25,0.0027
Q9Y2W6,25,0.0027
Q712K3,25,0.0027
Q9NXG0,25,0.0027
Q496Y0,25,0.0027
A6NMK7,25,0.0027
Q2TAC6,25,0.0027
Q9H0X9,25,0.0027
Q9NSG2,25,0.0027
P0DTL6,25,0.0027
Q96DU3,25,0.0027
B6A8C7,25,0.0027
Q13356,25,0.0027
Q9BXR6,25,0.0027
Q70JA7,25,0.0027
P56159,25,0.0027
P02452,25,0.0027
Q6UXU6,25,0.0027
Q5T481,25,0.0027
Q15329,25,0.0027
Q8TCU3,25,0.0027
Q9HB03,25,0.0027
Q9H310,25,0.0027
O75663,25,0.0027
O94806,25,0.0027
P42701,25,0.0027
Q15434,25,0.0027
Q7Z589,25,0.0027
P31689,25,0.0027
Q8IYE1,25,0.0027
Q9NTJ5,25,0.0027
Q9NVC6,25,0.0027
Q86V87,25,0.0027
P52333,25,0.0027
Q8NH69,25,0.0027
Q5H8A3,25,0.0027
Q96FA3,25,0.0027
Q96HE9,25,0.0027
Q9BSF8,25,0.0027
P31483,25,0.0027
Q96AG3,25,0.0027
Q9Y2K1,25,0.0027
Q8NGL7,25,0.0027
P62820,25,0.0027
O75074,25,0.0027
Q8NH59,25,0.0027
Q6UWB1,25,0.0027
Q7L8C5,25,0.0027
Q96FF9,25,0.0027
Q8IXM2,25,0.0027
Q9BVT8,25,0.0027
Q8NFP7,25,0.0027
P01270,25,0.0027
O00264,25,0.0027
Q96JJ3,25,0.0027
P16591,25,0.0027
P55771,25,0.0027
Q8N5H3,25,0.0027
Q8NHS1,25,0.0027
P33681,25,0.0027
Q86Y46,25,0.0027
A6NKN8,25,0.0027
P68402,25,0.0027
O15296,25,0.0027
Q9BTD8,25,0.0027
Q8NGF4,25,0.0027
Q6ZW13,25,0.0027
Q8WVN6,25,0.0027
Q9BXS4,25,0.0027
P30531,25,0.0027
Q92609,25,0.0027
Q9Y2M2,25,0.0027
Q9Y585,25,0.0027
Q8N823,25,0.0027
Q15116,25,0.0027
Q9Y5H1,25,0.0027
Q05D60,25,0.0027
Q9ULJ3,25,0.0027
Q9UHQ7,25,0.0027
Q9NYW5,25,0.0027
Q9UIG0,25,0.0027
P28360,25,0.0027
P10747,25,0.0027
A6NES4,25,0.0027
P51965,25,0.0027
Q00169,25,0.0027
Q8N0Y2,25,0.0027
O75023,25,0.0027
Q9UHD8,25,0.0027
Q6UWD8,25,0.0027
Q92575,25,0.0027
Q9ULB4,25,0.0027
Q96BT1,25,0.0027
Q96KR6,25,0.0027
Q8NGJ6,25,0.0027
O60879,25,0.0027
Q9NPA8,25,0.0027
Q92503,25,0.0027
Q8NEB9,25,0.0027
Q8N878,24,0.0026
Q2M3M2,24,0.0026
Q15800,24,0.0026
Q99784,24,0.0026
Q9P2Q2,24,0.0026
Q96PY5,24,0.0026
Q05925,24,0.0026
Q9NRZ9,24,0.0026
Q12996,24,0.0026
B2RTY4,24,0.0026
P01033,24,0.0026
Q9Y4K3,24,0.0026
Q9HCJ2,24,0.0026
P22532,24,0.0026
Q5JTD7,24,0.0026
Q9NZJ7,24,0.0026
Q8N531,24,0.0026
P62917,24,0.0026
Q9UQ07,24,0.0026
Q9NUA8,24,0.0026
Q8NBP5,24,0.0026
Q5F1R6,24,0.0026
Q8WZ94,24,0.0026
Q5GFL6,24,0.0026
Q96R45,24,0.0026
P16260,24,0.0026
Q9BSK0,24,0.0026
Q5U5R9,24,0.0026
Q8NFZ4,24,0.0026
Q5DT21,24,0.0026
Q8NFN8,24,0.0026
Q8NFH8,24,0.0026
Q9BRP1,24,0.0026
A6QL63,24,0.0026
P0C672,24,0.0026
Q15699,24,0.0026
P61758,24,0.0026
P43355,24,0.0026
Q96T49,24,0.0026
Q8NGG0,24,0.0026
Q13286,24,0.0026
P46108,24,0.0026
Q01546,24,0.0026
Q9Y6X9,24,0.0026
Q7RTX7,24,0.0026
Q13683,24,0.0026
P53803,24,0.0026
Q68CJ6,24,0.0026
Q9UMY4,24,0.0026
Q8NGK2,24,0.0026
Q6L8H2,24,0.0026
Q8N201,24,0.0026
Q96SA4,24,0.0026
P98194,24,0.0026
P52294,24,0.0026
Q9H0L4,24,0.0026
Q7L1W4,24,0.0026
Q9UJA2,24,0.0026
Q96L92,24,0.0026
P58417,24,0.0026
Q9HA38,24,0.0026
Q12899,24,0.0026
Q96T55,24,0.0026
Q9NWK9,24,0.0026
P02458,24,0.0026
Q6P3X8,24,0.0026
Q9Y6A5,24,0.0026
P22607,24,0.0026
Q9HAZ1,24,0.0026
Q9UBN4,24,0.0026
P18847,24,0.0026
Q9BUQ8,24,0.0026
P62324,24,0.0026
Q8NB25,24,0.0026
Q12948,24,0.0026
P15260,24,0.0026
Q96EK7,24,0.0026
P0DP25,24,0.0026
P21730,24,0.0026
Q9Y4G2,24,0.0026
Q16760,24,0.0026
Q96R08,24,0.0026
Q6ZS86,24,0.0026
Q96DY2,24,0.0026
Q14D04,24,0.0026
Q9BX10,24,0.0026
O95935,24,0.0026
P49961,24,0.0026
P32019,24,0.0026
Q8WXF1,24,0.0026
P31260,24,0.0026
O00198,24,0.0026
Q6PEW1,24,0.0026
A6NJG2,24,0.0026
Q5HYC2,24,0.0026
Q9BSA9,24,0.0026
Q9UNL4,24,0.0026
P19397,24,0.0026
Q96DR8,24,0.0026
P09912,24,0.0026
P48736,24,0.0026
Q9UMN6,24,0.0026
P56178,24,0.0026
Q9H2G4,24,0.0026
Q6PJQ5,24,0.0026
O43300,24,0.0026
Q9Y4E8,24,0.0026
Q86Y91,24,0.0026
O00230,24,0.0026
Q07002,24,0.0026
Q7RTN6,24,0.0026
Q8NGH9,24,0.0026
Q9HBI0,24,0.0026
Q8IWY4,24,0.0026
P45974,24,0.0026
Q8N4L2,24,0.0026
Q8IUQ0,24,0.0026
Q13946,24,0.0026
P35548,24,0.0026
Q9NR64,24,0.0026
P26718,24,0.0026
Q9NV92,24,0.0026
P10114,24,0.0026
A0A576,24,0.0026
P40259,24,0.0026
Q5TA78,24,0.0026
Q96QD9,24,0.0026
Q96PH6,24,0.0026
Q969P5,24,0.0026
Q15569,24,0.0026
Q9NS39,24,0.0026
Q9Y271,24,0.0026
Q6NXG1,24,0.0026
Q9NR82,24,0.0026
Q8NH16,24,0.0026
Q5TCX8,24,0.0026
Q6P3W7,24,0.0026
Q15005,24,0.0026
Q9Y226,24,0.0026
Q9HAZ2,24,0.0026
P62491,24,0.0026
Q8NCL9,24,0.0026
P0DOY3,24,0.0026
Q6ZMT1,24,0.0026
Q9Y2M5,24,0.0026
O43761,24,0.0026
Q6ZTN6,24,0.0026
P07996,24,0.0026
Q5VZL5,24,0.0026
Q9Y2F5,24,0.0026
Q02078,24,0.0026
Q05D32,24,0.0026
P08069,24,0.0026
Q969S6,24,0.0026
Q03252,24,0.0026
O14964,24,0.0026
Q9Y2J2,24,0.0026
Q8N8U9,24,0.0026
P12319,24,0.0026
Q8NGX3,24,0.0026
P31269,24,0.0026
P41594,24,0.0026
Q16790,24,0.0026
P49189,24,0.0026
Q9NPE6,24,0.0026
Q5SVZ6,24,0.0026
P0C7I0,24,0.0026
Q8IV04,24,0.0026
Q9NZB2,24,0.0026
Q8ND56,24,0.0026
Q9UBX5,24,0.0026
Q6PIZ9,24,0.0026
Q8N8B7,24,0.0026
P33552,24,0.0026
Q70EK8,24,0.0026
Q9Y2Y4,24,0.0026
Q8IY18,24,0.0026
O00750,24,0.0026
P29377,24,0.0026
O95983,24,0.0026
Q68DK7,24,0.0026
Q9UJG1,24,0.0026
Q8TD91,24,0.0026
P50750,24,0.0026
Q7Z3D4,24,0.0026
Q9H147,24,0.0026
Q15904,24,0.0026
Q06710,24,0.0026
Q3YBM2,24,0.0026
Q8TCJ0,24,0.0026
P35318,24,0.0026
Q9UPZ3,24,0.0026
Q6R327,24,0.0026
A0A1B0GX68,24,0.0026
Q96IV6,24,0.0026
A0A1B0GVZ6,24,0.0026
O75531,24,0.0026
Q9HAU4,24,0.0026
O75526,24,0.0026
Q8N1N0,24,0.0026
A0A0B4J262,24,0.0026
A0A0B4J274,24,0.0026
A0A075B6U4,24,0.0026
Q2TAL8,24,0.0026
O75128,24,0.0026
Q9BZM3,24,0.0026
Q6S5H5,24,0.0026
Q15722,24,0.0026
Q99805,24,0.0026
Q9NVR5,24,0.0026
Q8IU81,24,0.0026
O00534,24,0.0026
Q8N609,24,0.0026
O75333,24,0.0026
O94915,24,0.0026
Q8WYN3,24,0.0026
Q9BYG4,24,0.0026
Q9Y3B4,24,0.0026
Q32MH5,23,0.0025
Q3LI68,23,0.0025
Q1HG43,23,0.0025
Q9H344,23,0.0025
P52739,23,0.0025
Q9HC73,23,0.0025
P82987,23,0.0025
Q86Y34,23,0.0025
O95475,23,0.0025
Q9NP08,23,0.0025
Q9P270,23,0.0025
Q8IZF4,23,0.0025
P11801,23,0.0025
Q8TAZ6,23,0.0025
P24394,23,0.0025
B3EWG6,23,0.0025
Q96BM9,23,0.0025
Q13835,23,0.0025
P51170,23,0.0025
Q96QA5,23,0.0025
Q9Y6Y1,23,0.0025
Q96R05,23,0.0025
P52797,23,0.0025
Q9BQI5,23,0.0025
O00458,23,0.0025
Q8TC26,23,0.0025
P0CG32,23,0.0025
Q8TCX1,23,0.0025
O94972,23,0.0025
O15105,23,0.0025
O95376,23,0.0025
A6NC98,23,0.0025
Q16539,23,0.0025
Q8N3P4,23,0.0025
Q9UGF6,23,0.0025
Q6P1Q0,23,0.0025
O00237,23,0.0025
P49006,23,0.0025
Q8NGG8,23,0.0025
Q9Y225,23,0.0025
O00287,23,0.0025
Q8NEM7,23,0.0025
P12004,23,0.0025
Q6NYC1,23,0.0025
Q6TCH4,23,0.0025
Q15375,23,0.0025
O43731,23,0.0025
Q9C010,23,0.0025
Q8NHB1,23,0.0025
Q96RI8,23,0.0025
Q9UGT4,23,0.0025
Q96D46,23,0.0025
Q9BS40,23,0.0025
Q9Y3P4,23,0.0025
Q5T442,23,0.0025
Q6ZXV5,23,0.0025
Q9Y3A3,23,0.0025
Q9UPW6,23,0.0025
Q86YV9,23,0.0025
A8MVA2,23,0.0025
P14652,23,0.0025
Q8NAU1,23,0.0025
Q99439,23,0.0025
P36897,23,0.0025
Q8IYE0,23,0.0025
O95747,23,0.0025
Q9H920,23,0.0025
Q75VX8,23,0.0025
O43463,23,0.0025
Q8TAM6,23,0.0025
Q5TG30,23,0.0025
Q96BR1,23,0.0025
P17612,23,0.0025
Q5JU85,23,0.0025
O75716,23,0.0025
Q15291,23,0.0025
A2RUB6,23,0.0025
O00629,23,0.0025
Q9C0D7,23,0.0025
Q9HDC5,23,0.0025
Q6ZV65,23,0.0025
Q9UK96,23,0.0025
Q8TDS5,23,0.0025
Q12893,23,0.0025
Q96LC9,23,0.0025
Q8NH10,23,0.0025
Q86WB0,23,0.0025
Q96IV0,23,0.0025
Q5TYW2,23,0.0025
Q5VSY0,23,0.0025
O95602,23,0.0025
Q9H209,23,0.0025
Q16829,23,0.0025
Q14693,23,0.0025
Q53FD0,23,0.0025
Q6UXI9,23,0.0025
Q5TID7,23,0.0025
Q9BZX2,23,0.0025
Q8N960,23,0.0025
Q9H2A3,23,0.0025
Q8N9A8,23,0.0025
Q9BX95,23,0.0025
Q96IG2,23,0.0025
Q92904,23,0.0025
Q96A65,23,0.0025
Q8N434,23,0.0025
Q9HAU8,23,0.0025
Q02880,23,0.0025
P46100,23,0.0025
O95965,23,0.0025
Q9Y275,23,0.0025
P22455,23,0.0025
Q8N4T4,23,0.0025
O75084,23,0.0025
Q9UQF0,23,0.0025
P22531,23,0.0025
Q8N699,23,0.0025
O95835,23,0.0025
Q99967,23,0.0025
P25116,23,0.0025
A0JD36,23,0.0025
P58182,23,0.0025
Q8IYX7,23,0.0025
Q8N7X0,23,0.0025
P63146,23,0.0025
P15812,23,0.0025
Q6ZTI6,23,0.0025
Q6ZNC4,23,0.0025
P22090,23,0.0025
P62952,23,0.0025
Q9UKM9,23,0.0025
Q9NQ11,23,0.0025
Q9H5L6,23,0.0025
A0PJX4,23,0.0025
Q6H9L7,23,0.0025
Q9Y5F2,23,0.0025
Q9Y5G5,23,0.0025
O15554,23,0.0025
Q8N307,23,0.0025
Q6ZRS4,23,0.0025
Q9BVC6,23,0.0025
Q9HB20,23,0.0025
Q6BEB4,23,0.0025
Q8NH48,23,0.0025
Q7RTP0,23,0.0025
O60422,23,0.0025
Q9H9S3,23,0.0025
Q96BQ3,23,0.0025
P78344,23,0.0025
Q68DV7,23,0.0025
Q96LB1,23,0.0025
Q96K49,23,0.0025
P01593,23,0.0025
P17028,23,0.0025
P61201,23,0.0025
Q9UHP3,23,0.0025
Q9NRD0,23,0.0025
O14735,23,0.0025
Q8NA03,23,0.0025
Q96P56,23,0.0025
Q9H7F4,23,0.0025
Q9H5V9,23,0.0025
Q8NEG5,23,0.0025
Q16620,23,0.0025
Q9GZU1,23,0.0025
Q9GZZ0,23,0.0025
Q9BWQ8,23,0.0025
Q9Y4C8,23,0.0025
Q9NTJ3,23,0.0025
P21462,23,0.0025
P14543,23,0.0025
P06748,23,0.0025
Q9Y2Z2,23,0.0025
Q684P5,23,0.0025
Q9H5V7,23,0.0025
Q9NQM4,23,0.0025
O75832,23,0.0025
Q9NP90,23,0.0025
Q14CB8,23,0.0025
Q02962,23,0.0025
Q9BVA0,23,0.0025
Q8TF61,23,0.0025
Q9BST9,23,0.0025
P32745,23,0.0025
Q460N5,23,0.0025
Q9UMS4,23,0.0025
Q9BZV2,23,0.0025
P23497,23,0.0025
P07196,23,0.0025
Q86YM7,23,0.0025
Q9Y278,23,0.0025
Q9BUN8,23,0.0025
Q96CH1,23,0.0025
Q15773,23,0.0025
Q9NUC0,23,0.0025
Q6ZNC8,23,0.0025
P30046,23,0.0025
Q96DZ7,23,0.0025
Q8NGA6,23,0.0025
P51956,23,0.0025
A0A0C4DH36,23,0.0025
Q9NY35,23,0.0025
Q9Y284,23,0.0025
P49190,23,0.0025
Q15012,23,0.0025
Q99250,23,0.0025
Q5VU92,23,0.0025
P51816,23,0.0025
Q9NQG1,23,0.0025
Q9BWF2,23,0.0025
Q53T94,23,0.0025
P55318,23,0.0025
A8MXT2,23,0.0025
P55769,23,0.0025
Q92802,23,0.0025
O95125,23,0.0025
A4D161,23,0.0025
Q6ZP29,23,0.0025
Q96KD3,23,0.0025
Q8TEK3,23,0.0025
Q7Z6Z7,23,0.0025
Q96RD3,23,0.0025
O95886,23,0.0025
Q96FJ2,23,0.0025
Q8NFR9,23,0.0025
Q6P995,22,0.0024
Q6ZN04,22,0.0024
Q8N9W6,22,0.0024
O43310,22,0.0024
Q9NQ94,22,0.0024
P62253,22,0.0024
Q7RTY1,22,0.0024
Q4G0X9,22,0.0024
P81172,22,0.0024
Q12756,22,0.0024
P62987,22,0.0024
Q3MIV0,22,0.0024
Q9UJD0,22,0.0024
A1YPR0,22,0.0024
Q5T953,22,0.0024
A7E2S9,22,0.0024
P78324,22,0.0024
Q8N0U4,22,0.0024
Q7Z3Q1,22,0.0024
Q9BXM7,22,0.0024
Q86YR7,22,0.0024
Q8NGI0,22,0.0024
Q07326,22,0.0024
Q9NQG5,22,0.0024
Q6PCD5,22,0.0024
Q8IZA0,22,0.0024
P48378,22,0.0024
P49643,22,0.0024
Q9Y5Z7,22,0.0024
P28356,22,0.0024
Q7RTS6,22,0.0024
Q9UBS5,22,0.0024
P22059,22,0.0024
Q9BX66,22,0.0024
Q99543,22,0.0024
Q96H79,22,0.0024
Q9BZF1,22,0.0024
Q9H1H9,22,0.0024
O15049,22,0.0024
Q7Z3E1,22,0.0024
O75592,22,0.0024
Q05195,22,0.0024
O95206,22,0.0024
A6NKP2,22,0.0024
P26715,22,0.0024
P57087,22,0.0024
O60220,22,0.0024
Q9UBP4,22,0.0024
Q15717,22,0.0024
Q9H6S1,22,0.0024
P01106,22,0.0024
Q9ULV5,22,0.0024
P42858,22,0.0024
P62258,22,0.0024
Q96A84,22,0.0024
Q969M3,22,0.0024
O94876,22,0.0024
Q08ET2,22,0.0024
Q15170,22,0.0024
P50570,22,0.0024
Q9UPU3,22,0.0024
A0A0A0MS06,22,0.0024
Q7Z2X7,22,0.0024
O75818,22,0.0024
O75151,22,0.0024
Q96Q07,22,0.0024
Q8NH50,22,0.0024
P37108,22,0.0024
Q9BZW8,22,0.0024
Q96FE7,22,0.0024
Q13601,22,0.0024
P84157,22,0.0024
P20719,22,0.0024
Q96IZ7,22,0.0024
P60606,22,0.0024
P06213,22,0.0024
Q9HCJ3,22,0.0024
Q8WY21,22,0.0024
P54845,22,0.0024
Q09328,22,0.0024
Q8WWF1,22,0.0024
Q9BZ95,22,0.0024
P61088,22,0.0024
O94983,22,0.0024
Q8N5Z5,22,0.0024
P17544,22,0.0024
Q9UGP8,22,0.0024
Q9NP62,22,0.0024
O76011,22,0.0024
O75901,22,0.0024
P18054,22,0.0024
A6NF89,22,0.0024
Q96JM7,22,0.0024
P27930,22,0.0024
P10589,22,0.0024
Q9BZL1,22,0.0024
Q93062,22,0.0024
Q9P0N9,22,0.0024
A6NJW4,22,0.0024
O95998,22,0.0024
Q9NWZ8,22,0.0024
Q9P0W2,22,0.0024
Q8NG85,22,0.0024
Q9H816,22,0.0024
Q96CS3,22,0.0024
Q9NZV5,22,0.0024
Q9UHV7,22,0.0024
Q96FS4,22,0.0024
Q9H9G7,22,0.0024
Q86WB7,22,0.0024
P40616,22,0.0024
O60309,22,0.0024
Q9H9P8,22,0.0024
P53667,22,0.0024
Q562F6,22,0.0024
Q5T6F2,22,0.0024
Q9UJQ1,22,0.0024
P0CI01,22,0.0024
Q13191,22,0.0024
Q9H4L7,22,0.0024
Q09019,22,0.0024
Q01118,22,0.0024
Q8TAB3,22,0.0024
O95857,22,0.0024
Q6ZN28,22,0.0024
P28324,22,0.0024
Q96QS1,22,0.0024
Q9Y4D1,22,0.0024
Q5BKY9,22,0.0024
Q99575,22,0.0024
Q9UPU9,22,0.0024
Q96PD2,22,0.0024
Q9Y5Y9,22,0.0024
Q8IWE5,22,0.0024
P78563,22,0.0024
Q9HAU0,22,0.0024
O43614,22,0.0024
O43680,22,0.0024
Q8N7H5,22,0.0024
Q9BRL6,22,0.0024
Q05513,22,0.0024
A6NN92,22,0.0024
Q96PI1,22,0.0024
O75864,22,0.0024
Q9ULN7,22,0.0024
Q8NGY2,22,0.0024
Q9P232,22,0.0024
Q8IZS8,22,0.0024
P36896,22,0.0024
P08183,22,0.0024
Q8IZU0,22,0.0024
P50148,22,0.0024
Q9P2M4,22,0.0024
Q96BH1,22,0.0024
O95371,22,0.0024
Q9Y4R8,22,0.0024
Q6ZUX7,22,0.0024
P02808,22,0.0024
Q8NFW9,22,0.0024
O15130,22,0.0024
Q92519,22,0.0024
P0DMQ9,22,0.0024
O75631,22,0.0024
Q8NDV3,22,0.0024
P48051,22,0.0024
Q96B36,22,0.0024
P59817,22,0.0024
Q71H61,22,0.0024
Q5TZ20,22,0.0024
A0A075B6N1,22,0.0024
Q8N4W6,22,0.0024
Q7Z572,22,0.0024
Q9H898,22,0.0024
Q6PIY7,22,0.0024
Q6XYB7,22,0.0024
P61247,22,0.0024
A6NDH6,22,0.0024
A6NDS4,22,0.0024
Q9H2Y9,22,0.0024
P57768,22,0.0024
Q3B7T1,22,0.0024
Q96NC0,22,0.0024
Q8WXG9,22,0.0024
P24593,22,0.0024
Q9UJX6,22,0.0024
Q8WU76,22,0.0024
O43772,22,0.0024
P62195,22,0.0024
Q9BY42,22,0.0024
A6NHS7,22,0.0024
Q86UX6,22,0.0024
Q8TAQ9,22,0.0024
Q15612,22,0.0024
Q9UBS9,22,0.0024
Q9UN67,22,0.0024
Q16649,22,0.0024
Q9HBH9,22,0.0024
Q9UKB5,22,0.0024
Q9C0J8,22,0.0024
Q05DH4,22,0.0024
Q01804,22,0.0024
Q9HCL0,22,0.0024
P62266,22,0.0024
Q15053,22,0.0024
O75038,22,0.0024
P60321,22,0.0024
Q8NGH7,22,0.0024
P48551,22,0.0024
Q96HR8,22,0.0024
Q9H3U7,22,0.0024
Q12770,22,0.0024
Q7KZ85,22,0.0024
Q6L9W6,22,0.0024
Q9H0C8,22,0.0024
Q6ZNB5,22,0.0024
Q9HB89,22,0.0024
Q12834,22,0.0024
P05408,22,0.0024
Q9Y3P8,22,0.0024
Q9NQT5,22,0.0024
O15480,22,0.0024
P0C7V6,22,0.0024
Q8NGE8,22,0.0024
P31512,22,0.0024
Q9NZC3,22,0.0024
Q6PL45,22,0.0024
Q08648,22,0.0024
Q8N6H7,22,0.0024
Q9C093,22,0.0024
P10828,22,0.0024
Q02539,22,0.0024
Q9UQ35,22,0.0024
Q9HCB6,22,0.0024
Q8NCS7,22,0.0024
P41279,22,0.0024
Q5T5U3,22,0.0024
Q9NS18,22,0.0024
O60239,22,0.0024
Q15198,22,0.0024
O15375,22,0.0024
Q3MIP1,22,0.0024
O43548,22,0.0024
P49761,22,0.0024
Q15059,21,0.0023
Q5T8I3,21,0.0023
Q9Y6Q2,21,0.0023
O00268,21,0.0023
P02671,21,0.0023
Q9NRY4,21,0.0023
Q2VWP7,21,0.0023
Q9NW82,21,0.0023
P48549,21,0.0023
Q9BWX5,21,0.0023
Q7Z769,21,0.0023
Q5VWM4,21,0.0023
Q14576,21,0.0023
Q5T9C2,21,0.0023
Q8NH93,21,0.0023
P30988,21,0.0023
Q14990,21,0.0023
Q8IX21,21,0.0023
P52803,21,0.0023
Q701N2,21,0.0023
O95156,21,0.0023
Q9H8M5,21,0.0023
Q13061,21,0.0023
O94768,21,0.0023
Q9H841,21,0.0023
O00300,21,0.0023
P23276,21,0.0023
Q16637,21,0.0023
Q9NTN9,21,0.0023
Q8IXZ2,21,0.0023
Q14677,21,0.0023
Q5GH72,21,0.0023
Q96BD0,21,0.0023
P24386,21,0.0023
Q9NP64,21,0.0023
Q8WZ92,21,0.0023
P35663,21,0.0023
Q8IZT6,21,0.0023
Q9UHN6,21,0.0023
P50479,21,0.0023
Q8WUZ0,21,0.0023
O75379,21,0.0023
P61225,21,0.0023
P15036,21,0.0023
Q8NGL3,21,0.0023
P16144,21,0.0023
Q9BRV3,21,0.0023
Q96R28,21,0.0023
Q9NXP7,21,0.0023
Q6ZSG1,21,0.0023
A0A1B0GTK4,21,0.0023
O95373,21,0.0023
Q8NH51,21,0.0023
Q03591,21,0.0023
O75808,21,0.0023
P0DMV0,21,0.0023
Q15617,21,0.0023
Q99626,21,0.0023
Q86TG1,21,0.0023
Q9C073,21,0.0023
Q8IUH4,21,0.0023
P34947,21,0.0023
Q6IQ26,21,0.0023
Q8NGW1,21,0.0023
Q86T24,21,0.0023
P05412,21,0.0023
Q14739,21,0.0023
Q6P4F7,21,0.0023
P01298,21,0.0023
O43763,21,0.0023
P61970,21,0.0023
Q92934,21,0.0023
Q14332,21,0.0023
P04196,21,0.0023
Q9UQ52,21,0.0023
Q92800,21,0.0023
P50616,21,0.0023
O15327,21,0.0023
Q8TBM8,21,0.0023
P21741,21,0.0023
Q8IX01,21,0.0023
Q9C0E2,21,0.0023
P42677,21,0.0023
Q9NZN1,21,0.0023
Q15846,21,0.0023
Q15650,21,0.0023
Q7L9B9,21,0.0023
Q9H6T0,21,0.0023
O43169,21,0.0023
Q5MJ70,21,0.0023
P24588,21,0.0023
Q09472,21,0.0023
Q9NY15,21,0.0023
Q9BQG0,21,0.0023
Q8IZL8,21,0.0023
Q8IX15,21,0.0023
Q9C0A1,21,0.0023
Q9NY26,21,0.0023
P29460,21,0.0023
P15407,21,0.0023
Q8NBH2,21,0.0023
Q9H2C5,21,0.0023
Q9H0J9,21,0.0023
A6NE82,21,0.0023
A0A0K0K1B3,21,0.0023
Q9NPC7,21,0.0023
Q3MII6,21,0.0023
P11836,21,0.0023
Q9Y2U5,21,0.0023
P16104,21,0.0023
P55290,21,0.0023
Q93033,21,0.0023
Q96NL1,21,0.0023
O15516,21,0.0023
Q8WV99,21,0.0023
Q76KP1,21,0.0023
A6NKK0,21,0.0023
P62891,21,0.0023
Q9BRQ3,21,0.0023
Q0VD86,21,0.0023
Q9UPS6,21,0.0023
Q04941,21,0.0023
Q5TGJ6,21,0.0023
Q13595,21,0.0023
Q9BQL6,21,0.0023
Q68G75,21,0.0023
Q8N1F8,21,0.0023
A2RRH5,21,0.0023
Q496A3,21,0.0023
Q9NRP7,21,0.0023
C9J7I0,21,0.0023
Q5VWX1,21,0.0023
Q9Y5A9,21,0.0023
P0C7P3,21,0.0023
Q9C0H9,21,0.0023
P50052,21,0.0023
Q53EZ4,21,0.0023
O95751,21,0.0023
Q96T58,21,0.0023
Q6PIV7,21,0.0023
Q3MIX3,21,0.0023
Q6IF00,21,0.0023
A0A1B0GWK0,21,0.0023
Q1X8D7,21,0.0023
P52272,21,0.0023
Q9C0C9,21,0.0023
Q9BRY0,21,0.0023
Q9HAS3,21,0.0023
Q04724,21,0.0023
P01909,21,0.0023
O15212,21,0.0023
A0A0B4J275,21,0.0023
A0A0B4J240,21,0.0023
Q0VAQ4,21,0.0023
Q8IXF0,21,0.0023
Q8TAT5,21,0.0023
Q9NS71,21,0.0023
A8K8V0,21,0.0023
Q96GQ5,21,0.0023
P24723,21,0.0023
Q9UM54,21,0.0023
Q9NPJ8,21,0.0023
Q6UWY0,21,0.0023
Q8TF39,21,0.0023
O60264,21,0.0023
Q9P2K6,21,0.0023
P78386,21,0.0023
Q8WY36,21,0.0023
P14770,21,0.0023
Q6NZY7,21,0.0023
Q8NGE2,21,0.0023
Q8TAF3,21,0.0023
P48382,21,0.0023
Q9ULL1,21,0.0023
Q8TBF4,21,0.0023
Q9Y286,21,0.0023
Q9ULK4,21,0.0023
Q7Z422,21,0.0023
Q6UW02,21,0.0023
Q9Y6W8,21,0.0023
Q92841,21,0.0023
O43896,21,0.0023
P31274,21,0.0023
Q9BZL6,21,0.0023
Q8IZQ8,21,0.0023
Q8N628,21,0.0023
Q9Y5H8,21,0.0023
Q13219,21,0.0023
Q9BZM4,21,0.0023
Q9UPN7,21,0.0023
Q969S2,21,0.0023
Q6AWC2,21,0.0023
Q9H792,21,0.0023
Q7Z5J4,21,0.0023
P46059,21,0.0023
P13796,21,0.0023
Q6UB98,21,0.0023
P12035,21,0.0023
P25090,21,0.0023
A6H8Y1,21,0.0023
O60684,21,0.0023
P11940,21,0.0023
P17483,21,0.0023
Q9HBE5,21,0.0023
Q7Z6K4,21,0.0023
P62879,21,0.0023
A0A087WT02,21,0.0023
P51686,21,0.0023
A5YM72,21,0.0023
Q9H1A3,21,0.0023
P51582,21,0.0023
P35908,21,0.0023
P04264,21,0.0023
O43298,21,0.0023
P62955,21,0.0023
P25089,21,0.0023
Q8IUQ4,20,0.0022
A4FU69,20,0.0022
Q8NCU7,20,0.0022
Q9UDV7,20,0.0022
Q14183,20,0.0022
B2RPK0,20,0.0022
Q8WXT5,20,0.0022
Q14137,20,0.0022
Q8NEM2,20,0.0022
Q96D05,20,0.0022
Q99618,20,0.0022
Q8IUD2,20,0.0022
Q8TDM6,20,0.0022
Q8NGR1,20,0.0022
Q8NGL0,20,0.0022
A0A1B0GUV7,20,0.0022
Q502W6,20,0.0022
Q9NW97,20,0.0022
O94779,20,0.0022
Q9BWQ6,20,0.0022
Q96B33,20,0.0022
P13727,20,0.0022
Q8NAP8,20,0.0022
Q5XX13,20,0.0022
P18065,20,0.0022
Q9UMQ3,20,0.0022
A8MTJ6,20,0.0022
Q8IVW8,20,0.0022
Q8NGY0,20,0.0022
Q96QV1,20,0.0022
Q8NEY8,20,0.0022
Q96BR9,20,0.0022
Q9GZK7,20,0.0022
Q96CN5,20,0.0022
Q9UH65,20,0.0022
Q9BXP5,20,0.0022
Q9UL63,20,0.0022
Q6PJI9,20,0.0022
A0A0C4DH27,20,0.0022
Q8TD07,20,0.0022
P49913,20,0.0022
Q96RJ3,20,0.0022
P17936,20,0.0022
A6NET4,20,0.0022
Q9BZV3,20,0.0022
Q6ZT52,20,0.0022
P35590,20,0.0022
P49683,20,0.0022
Q14765,20,0.0022
O75063,20,0.0022
Q5TCS8,20,0.0022
Q8NGL4,20,0.0022
Q9Y675,20,0.0022
Q9UPQ8,20,0.0022
P29084,20,0.0022
Q969H0,20,0.0022
Q709C8,20,0.0022
Q02487,20,0.0022
Q8N8N0,20,0.0022
Q96L08,20,0.0022
P29323,20,0.0022
Q9Y2V3,20,0.0022
Q9UF56,20,0.0022
Q86TB3,20,0.0022
O15027,20,0.0022
P20908,20,0.0022
P10074,20,0.0022
Q15283,20,0.0022
O94822,20,0.0022
Q9HCC8,20,0.0022
P07492,20,0.0022
Q9UIX4,20,0.0022
Q6UWE0,20,0.0022
Q9H074,20,0.0022
Q9Y2M0,20,0.0022
Q6P4E1,20,0.0022
P46459,20,0.0022
O43516,20,0.0022
Q8N8E3,20,0.0022
Q9UKF7,20,0.0022
Q9NQZ6,20,0.0022
Q9GZS3,20,0.0022
Q9BSW7,20,0.0022
Q86XX4,20,0.0022
Q86WV6,20,0.0022
Q16576,20,0.0022
P54277,20,0.0022
Q05707,20,0.0022
Q9UKV8,20,0.0022
Q01101,20,0.0022
Q15475,20,0.0022
Q8N6L7,20,0.0022
Q14994,20,0.0022
A6NJ46,20,0.0022
Q96LW4,20,0.0022
Q9H8M2,20,0.0022
Q8NCT1,20,0.0022
Q8NGE1,20,0.0022
Q92688,20,0.0022
Q01740,20,0.0022
Q6Q0C0,20,0.0022
Q9H9Z2,20,0.0022
Q5SRE5,20,0.0022
Q5JUQ0,20,0.0022
Q9Y5H2,20,0.0022
Q9BQY4,20,0.0022
C9JH25,20,0.0022
Q9Y5G3,20,0.0022
Q4LDE5,20,0.0022
P47901,20,0.0022
Q6KB66,20,0.0022
Q8NGX1,20,0.0022
P07202,20,0.0022
Q6ZR37,20,0.0022
Q9Y5F7,20,0.0022
Q9UBC1,20,0.0022
Q8NCJ5,20,0.0022
Q96FX8,20,0.0022
Q2M1Z3,20,0.0022
H0UI37,20,0.0022
Q9HCH0,20,0.0022
Q9P1V8,20,0.0022
Q8IYL9,20,0.0022
Q9BQI6,20,0.0022
Q8IU85,20,0.0022
Q9H334,20,0.0022
P34982,20,0.0022
P61224,20,0.0022
Q15746,20,0.0022
Q16348,20,0.0022
Q9NR81,20,0.0022
Q14849,20,0.0022
O75530,20,0.0022
Q7RTY0,20,0.0022
Q9P2B4,20,0.0022
Q15056,20,0.0022
P30550,20,0.0022
P47871,20,0.0022
Q9Y5E6,20,0.0022
P0C874,20,0.0022
P50914,20,0.0022
A0A0A6YYK7,20,0.0022
Q9H040,20,0.0022
Q8NG80,20,0.0022
Q8NH02,20,0.0022
P29728,20,0.0022
P16615,20,0.0022
P31270,20,0.0022
P16619,20,0.0022
Q9H341,20,0.0022
Q7Z3B4,20,0.0022
Q6UYE1,20,0.0022
Q96HV5,20,0.0022
Q9GZW8,20,0.0022
Q9H819,20,0.0022
Q16254,20,0.0022
Q12972,20,0.0022
Q9UPV9,20,0.0022
Q8IWF2,20,0.0022
Q5U5X8,20,0.0022
P50553,20,0.0022
Q96Q40,20,0.0022
Q8NC54,20,0.0022
O96024,20,0.0022
Q9NU53,20,0.0022
P21941,20,0.0022
O14974,20,0.0022
Q8WXH2,20,0.0022
Q6ZUU3,20,0.0022
O94888,20,0.0022
Q8N6D2,20,0.0022
Q9UK76,20,0.0022
O75508,20,0.0022
Q8N8Q1,20,0.0022
P49459,20,0.0022
Q8TE76,20,0.0022
Q9H244,20,0.0022
Q9UBZ4,20,0.0022
P26006,20,0.0022
Q8N8S7,20,0.0022
Q12870,20,0.0022
P41208,20,0.0022
Q12872,20,0.0022
Q15063,20,0.0022
A6NML5,20,0.0022
Q8WVY7,20,0.0022
P62316,20,0.0022
Q9UKI2,20,0.0022
Q9Y376,20,0.0022
Q8IYX3,20,0.0022
O94992,20,0.0022
Q8TBH0,20,0.0022
H7C241,20,0.0022
P04629,20,0.0022
Q96B54,20,0.0022
Q4G0N0,20,0.0022
P61962,20,0.0022
O75444,20,0.0022
Q96C34,20,0.0022
Q6NT76,20,0.0022
Q6ZSB9,20,0.0022
Q8WWT9,20,0.0022
Q58WW2,20,0.0022
Q9C099,20,0.0022
Q969X1,20,0.0022
Q6ZMG9,20,0.0022
Q8NGJ7,20,0.0022
O75368,20,0.0022
Q8IUE1,20,0.0022
Q9UPV7,20,0.0022
P62857,20,0.0022
A0A0B4J264,20,0.0022
P04179,20,0.0022
Q4KMG0,20,0.0022
P84022,20,0.0022
P41743,20,0.0022
P31431,20,0.0022
Q15036,20,0.0022
Q9Y5Q0,20,0.0022
Q9Y5E3,20,0.0022
Q99500,20,0.0022
Q8NGH3,20,0.0022
Q8NBM4,20,0.0022
Q3B7T3,20,0.0022
P09496,20,0.0022
P61326,20,0.0022
Q8IUH3,20,0.0022
Q8WVK2,20,0.0022
Q7Z3B1,20,0.0022
Q8TAC9,20,0.0022
Q04864,20,0.0022
O15164,20,0.0022
Q14596,20,0.0022
Q9UKZ1,20,0.0022
Q9P0V3,20,0.0022
Q8NGS3,20,0.0022
Q5MY95,19,0.0021
Q00535,19,0.0021
Q9Y4C1,19,0.0021
Q5T870,19,0.0021
Q2KHR2,19,0.0021
Q96NL6,19,0.0021
A8MPX8,19,0.0021
Q8TEM1,19,0.0021
Q6UXX5,19,0.0021
Q8N8U3,19,0.0021
O00461,19,0.0021
Q96FL8,19,0.0021
Q6GPH6,19,0.0021
Q6ZU64,19,0.0021
Q9NPC8,19,0.0021
Q5JS13,19,0.0021
P60852,19,0.0021
Q8NCS4,19,0.0021
Q5JUX0,19,0.0021
Q9NP91,19,0.0021
Q9BUJ2,19,0.0021
P12755,19,0.0021
P35610,19,0.0021
Q5XG99,19,0.0021
Q9UPX6,19,0.0021
P01589,19,0.0021
Q8NGR3,19,0.0021
P11308,19,0.0021
O43314,19,0.0021
P11233,19,0.0021
Q9Y3T9,19,0.0021
Q13148,19,0.0021
P51684,19,0.0021
Q14152,19,0.0021
O95561,19,0.0021
Q15014,19,0.0021
Q6FIF0,19,0.0021
Q9H1Z4,19,0.0021
Q9BZS1,19,0.0021
A6NGH7,19,0.0021
O95831,19,0.0021
Q6ZUB1,19,0.0021
Q01974,19,0.0021
P61019,19,0.0021
P02751,19,0.0021
A0A087WT01,19,0.0021
Q0VDI3,19,0.0021
Q15172,19,0.0021
Q8N1I0,19,0.0021
Q8NHP6,19,0.0021
Q8N144,19,0.0021
Q6RI45,19,0.0021
F5H284,19,0.0021
Q9BZD7,19,0.0021
P23229,19,0.0021
Q9UP38,19,0.0021
Q8NHG8,19,0.0021
P50548,19,0.0021
Q8NGX5,19,0.0021
P54727,19,0.0021
Q9Y5E4,19,0.0021
Q8N5N4,19,0.0021
Q92604,19,0.0021
Q5VT40,19,0.0021
Q9Y3X0,19,0.0021
Q9NYZ4,19,0.0021
Q14916,19,0.0021
Q7Z602,19,0.0021
Q5VTB9,19,0.0021
Q96I76,19,0.0021
Q6ZSA7,19,0.0021
Q9NZH0,19,0.0021
Q6UXG2,19,0.0021
Q8NEY3,19,0.0021
P82279,19,0.0021
Q6IF63,19,0.0021
Q10587,19,0.0021
P85298,19,0.0021
Q4LDG9,19,0.0021
O60884,19,0.0021
O95727,19,0.0021
Q99442,19,0.0021
Q9NQX0,19,0.0021
Q6S9Z5,19,0.0021
P34998,19,0.0021
Q86WI0,19,0.0021
O15481,19,0.0021
Q6UWL6,19,0.0021
P62760,19,0.0021
Q9H0Q0,19,0.0021
Q9BX69,19,0.0021
Q9BX59,19,0.0021
Q4V321,19,0.0021
Q5GH73,19,0.0021
Q9Y608,19,0.0021
Q13796,19,0.0021
P60372,19,0.0021
Q2MJR0,19,0.0021
Q8N5C6,19,0.0021
Q96R09,19,0.0021
Q12768,19,0.0021
P25940,19,0.0021
Q07065,19,0.0021
Q4V9L6,19,0.0021
Q96SI9,19,0.0021
Q96S38,19,0.0021
Q5VX71,19,0.0021
Q86V97,19,0.0021
Q13263,19,0.0021
O14802,19,0.0021
A6NDA9,19,0.0021
Q6ZVD7,19,0.0021
Q96T54,19,0.0021
P62318,19,0.0021
P21926,19,0.0021
Q8TAP6,19,0.0021
Q5KU26,19,0.0021
A0A1B0GUA5,19,0.0021
P0C7Q6,19,0.0021
Q9UJ96,19,0.0021
Q8NGS1,19,0.0021
Q6ZV73,19,0.0021
Q8N5B7,19,0.0021
Q9UQB3,19,0.0021
Q8NGJ5,19,0.0021
Q5GH76,19,0.0021
Q96KB5,19,0.0021
Q9Y691,19,0.0021
Q9UQV4,19,0.0021
Q9HCE9,19,0.0021
Q8TF05,19,0.0021
P63313,19,0.0021
O60347,19,0.0021
Q6ZSM3,19,0.0021
Q9BU40,19,0.0021
Q14525,19,0.0021
Q14532,19,0.0021
P08621,19,0.0021
Q9NTX9,19,0.0021
Q9HCN6,19,0.0021
Q9Y6K5,19,0.0021
Q6ZMD2,19,0.0021
P25105,19,0.0021
Q674R7,19,0.0021
Q6STE5,19,0.0021
Q5T3U5,19,0.0021
Q9NV56,19,0.0021
O43490,19,0.0021
Q9UH73,19,0.0021
Q8TED9,19,0.0021
O15066,19,0.0021
P55884,19,0.0021
Q9UPC5,19,0.0021
B7ZAQ6,19,0.0021
Q96SF7,19,0.0021
Q6PGQ1,19,0.0021
Q8NFH5,19,0.0021
Q6NSJ5,19,0.0021
Q96Q06,19,0.0021
Q8NGA0,19,0.0021
Q9HA82,19,0.0021
P49137,19,0.0021
Q8IZR5,19,0.0021
O60519,19,0.0021
A2RU67,19,0.0021
Q71RC2,19,0.0021
Q9Y5I0,19,0.0021
Q13562,19,0.0021
Q8TF01,19,0.0021
Q9BPX7,19,0.0021
Q8N3L3,19,0.0021
P04259,19,0.0021
Q8TDV0,19,0.0021
O43491,19,0.0021
Q969N4,19,0.0021
Q9NZR4,19,0.0021
P05305,19,0.0021
Q6J9G0,19,0.0021
A6NIM6,19,0.0021
Q6S545,19,0.0021
Q9UBK2,19,0.0021
P20340,19,0.0021
Q13258,19,0.0021
P0C6T2,19,0.0021
O60739,19,0.0021
Q96PX8,19,0.0021
Q5HYJ3,19,0.0021
P13866,19,0.0021
Q5TAQ9,19,0.0021
Q5SW79,19,0.0021
Q5TF39,19,0.0021
P63165,19,0.0021
Q8N5U6,19,0.0021
P51948,19,0.0021
Q9BQM9,19,0.0021
Q8NH79,19,0.0021
Q9H3H5,19,0.0021
Q9GZM6,19,0.0021
Q9H0W5,19,0.0021
Q9BQI7,19,0.0021
Q96HH6,19,0.0021
A6NIJ9,19,0.0021
O60669,19,0.0021
A6NMS3,19,0.0021
Q5BIV9,19,0.0021
Q9UD57,19,0.0021
Q9C0I9,19,0.0021
Q9BRK4,19,0.0021
Q8TER5,19,0.0021
O00270,19,0.0021
O94989,19,0.0021
P33947,19,0.0021
Q9Y5L3,19,0.0021
Q86YR6,19,0.0021
Q8NGK9,19,0.0021
Q8TD17,19,0.0021
Q7RTX9,19,0.0021
Q93008,19,0.0021
Q3V6T2,19,0.0021
P11441,19,0.0021
Q86YN1,19,0.0021
Q2KHT3,19,0.0021
Q9NUP7,19,0.0021
Q01973,18,0.002
Q9NPR9,18,0.002
Q5T0U0,18,0.002
Q3SXP7,18,0.002
Q8IZD9,18,0.002
P31645,18,0.002
Q15527,18,0.002
Q16665,18,0.002
Q9NZQ7,18,0.002
P48029,18,0.002
O43736,18,0.002
Q96DN5,18,0.002
Q6IPX3,18,0.002
Q9C0B9,18,0.002
O43189,18,0.002
A6NCI4,18,0.002
Q86SM5,18,0.002
Q8TCT9,18,0.002
Q9GZQ4,18,0.002
Q9BZZ2,18,0.002
Q9UL49,18,0.002
Q9NRU3,18,0.002
Q9H4A3,18,0.002
O15353,18,0.002
Q86Y01,18,0.002
Q9NP78,18,0.002
Q16236,18,0.002
Q53GL7,18,0.002
P41567,18,0.002
P35453,18,0.002
P10599,18,0.002
Q8NGF7,18,0.002
Q5TAP6,18,0.002
Q6ZT98,18,0.002
Q86VH4,18,0.002
A0A0B4J2A2,18,0.002
Q69YU3,18,0.002
Q9Y5H0,18,0.002
P48380,18,0.002
Q06187,18,0.002
Q96NB3,18,0.002
P62079,18,0.002
Q7L099,18,0.002
Q6H3X3,18,0.002
Q99496,18,0.002
A6NH52,18,0.002
P05019,18,0.002
Q9UK28,18,0.002
Q9Y5P4,18,0.002
Q96S66,18,0.002
Q9NRC6,18,0.002
Q8TBK6,18,0.002
Q76EJ3,18,0.002
O75914,18,0.002
Q01658,18,0.002
O43583,18,0.002
Q14624,18,0.002
Q9Y534,18,0.002
Q9Y5K3,18,0.002
Q8NA70,18,0.002
Q9H6U8,18,0.002
Q8WY22,18,0.002
Q5VVW2,18,0.002
Q9H2D1,18,0.002
P46695,18,0.002
Q8IVF7,18,0.002
Q6ICL7,18,0.002
Q86VQ1,18,0.002
Q9UBL6,18,0.002
Q8N554,18,0.002
Q9H425,18,0.002
P35212,18,0.002
Q9UKJ1,18,0.002
P39880,18,0.002
Q9Y2L8,18,0.002
Q8NBL3,18,0.002
P01350,18,0.002
A8MVW0,18,0.002
Q9H706,18,0.002
Q5T7M9,18,0.002
P23759,18,0.002
Q16512,18,0.002
Q8N126,18,0.002
P05093,18,0.002
Q9NVH2,18,0.002
Q8WY54,18,0.002
Q9Y3L5,18,0.002
Q9Y5P3,18,0.002
Q8NGZ9,18,0.002
P18433,18,0.002
Q14493,18,0.002
Q9BXT8,18,0.002
O43193,18,0.002
Q2VPJ9,18,0.002
Q9UKA1,18,0.002
Q9ULE4,18,0.002
Q4G0J3,18,0.002
Q92674,18,0.002
P03901,18,0.002
O00115,18,0.002
Q6JVE5,18,0.002
Q8IWB6,18,0.002
O94898,18,0.002
Q05209,18,0.002
Q8TEL6,18,0.002
Q8N162,18,0.002
A6NL26,18,0.002
O43194,18,0.002
P32780,18,0.002
Q494U1,18,0.002
Q8WTP9,18,0.002
Q4V326,18,0.002
P61204,18,0.002
Q9C000,18,0.002
Q9UHB6,18,0.002
Q7Z4S6,18,0.002
Q17R60,18,0.002
P35579,18,0.002
Q6VMQ6,18,0.002
Q8NGN5,18,0.002
Q8N344,18,0.002
Q9BXT2,18,0.002
Q96FZ2,18,0.002
Q6NXP0,18,0.002
Q9Y5Y4,18,0.002
P49116,18,0.002
Q99788,18,0.002
Q8NBR0,18,0.002
Q9P1Z2,18,0.002
Q99466,18,0.002
Q5SQI0,18,0.002
Q9P2G4,18,0.002
A8K5M9,18,0.002
Q9UNS1,18,0.002
Q96MG8,18,0.002
Q96QT6,18,0.002
Q9NTG1,18,0.002
Q9H857,18,0.002
P62380,18,0.002
A0JD32,18,0.002
O60706,18,0.002
O60508,18,0.002
P14136,18,0.002
Q8NGI7,18,0.002
Q8TEP8,18,0.002
Q66K66,18,0.002
P19784,18,0.002
Q6ZU67,18,0.002
P04003,18,0.002
Q70E73,18,0.002
Q9C0F0,18,0.002
Q14320,18,0.002
Q96ET8,18,0.002
O60296,18,0.002
Q9GZM8,18,0.002
Q8IWZ5,18,0.002
Q8NAP3,18,0.002
Q86XK2,18,0.002
P32241,18,0.002
A0A0B4J277,18,0.002
Q9Y592,18,0.002
Q13515,18,0.002
O00592,18,0.002
Q16630,18,0.002
Q9NZP2,18,0.002
Q8NGX0,18,0.002
Q9NZJ5,18,0.002
Q01167,18,0.002
Q14192,18,0.002
Q15345,18,0.002
Q9UGL1,18,0.002
Q9Y5G2,18,0.002
Q9NRJ7,18,0.002
Q92733,18,0.002
Q9H161,18,0.002
P62942,18,0.002
P00540,18,0.002
Q9Y279,18,0.002
Q8N4F0,18,0.002
P43657,18,0.002
A6NIN4,18,0.002
Q7L4P6,18,0.002
P62306,18,0.002
Q6PEY1,18,0.002
Q8WY07,18,0.002
P06681,18,0.002
P32242,18,0.002
Q8WV83,18,0.002
Q9BZD6,18,0.002
O00165,18,0.002
Q9H293,18,0.002
Q6ZMY3,18,0.002
P56545,18,0.002
P54826,18,0.002
Q7L576,18,0.002
Q8N485,18,0.002
Q8WWQ0,18,0.002
Q9Y6A1,18,0.002
Q5VWQ8,18,0.002
Q8NEN9,18,0.002
O95140,18,0.002
P0CG20,18,0.002
P05455,18,0.002
P14151,18,0.002
Q9H208,17,0.0019
Q92793,17,0.0019
B4DS77,17,0.0019
Q9ULC4,17,0.0019
Q8NGS2,17,0.0019
P14651,17,0.0019
Q9Y4X5,17,0.0019
F5GYI3,17,0.0019
Q96FI4,17,0.0019
Q8IX12,17,0.0019
A6NFQ7,17,0.0019
Q9HD43,17,0.0019
Q16625,17,0.0019
P30989,17,0.0019
Q99986,17,0.0019
Q96KG7,17,0.0019
Q7Z4I7,17,0.0019
Q8NFR7,17,0.0019
O60663,17,0.0019
P42224,17,0.0019
Q16671,17,0.0019
P35900,17,0.0019
O14813,17,0.0019
P20366,17,0.0019
Q86UW9,17,0.0019
Q8NH01,17,0.0019
Q2NL82,17,0.0019
Q8NGE3,17,0.0019
A8MVX0,17,0.0019
Q8N9W4,17,0.0019
Q9BYE0,17,0.0019
Q9NSB2,17,0.0019
E9PAV3,17,0.0019
Q8NB78,17,0.0019
Q9BZR9,17,0.0019
Q02577,17,0.0019
Q76N32,17,0.0019
O95232,17,0.0019
Q8N7B9,17,0.0019
O15063,17,0.0019
O60244,17,0.0019
Q96LZ2,17,0.0019
Q96S97,17,0.0019
Q6PDB4,17,0.0019
Q92819,17,0.0019
Q15629,17,0.0019
Q7L273,17,0.0019
P48539,17,0.0019
Q96KN7,17,0.0019
Q9Y5G8,17,0.0019
Q5T1H1,17,0.0019
Q9GZR1,17,0.0019
Q8IYH5,17,0.0019
Q9HC78,17,0.0019
Q96N46,17,0.0019
Q15022,17,0.0019
O15031,17,0.0019
Q9UNW9,17,0.0019
Q96J42,17,0.0019
Q9NVU7,17,0.0019
Q00613,17,0.0019
Q14847,17,0.0019
Q5H913,17,0.0019
O75976,17,0.0019
Q8IUI8,17,0.0019
Q14839,17,0.0019
O94919,17,0.0019
Q15648,17,0.0019
Q07817,17,0.0019
Q9BWF3,17,0.0019
Q96T92,17,0.0019
Q7RTS3,17,0.0019
Q9NVV4,17,0.0019
O60548,17,0.0019
P46937,17,0.0019
Q8NHY3,17,0.0019
P82094,17,0.0019
Q9NZP5,17,0.0019
Q9Y252,17,0.0019
Q5XG87,17,0.0019
Q8NGF0,17,0.0019
Q9BTU6,17,0.0019
Q86UZ6,17,0.0019
Q9P2E7,17,0.0019
Q7Z4N2,17,0.0019
Q8TE49,17,0.0019
P0DPD6,17,0.0019
Q8N680,17,0.0019
O43749,17,0.0019
B5MCY1,17,0.0019
Q9BY10,17,0.0019
Q9UL62,17,0.0019
Q9NUQ9,17,0.0019
Q8IYN2,17,0.0019
Q6ZNB7,17,0.0019
C9JUS6,17,0.0019
Q99966,17,0.0019
Q9UJ55,17,0.0019
Q99679,17,0.0019
Q9NY64,17,0.0019
Q5VZI3,17,0.0019
Q12904,17,0.0019
Q9BXY4,17,0.0019
Q9Y6L6,17,0.0019
P60201,17,0.0019
Q5MNV8,17,0.0019
Q8N0Y5,17,0.0019
Q8N806,17,0.0019
Q96AC1,17,0.0019
O00425,17,0.0019
Q14392,17,0.0019
Q13422,17,0.0019
Q6PI97,17,0.0019
Q15726,17,0.0019
Q5T5X7,17,0.0019
Q9Y5E9,17,0.0019
P12272,17,0.0019
Q8NH03,17,0.0019
P13647,17,0.0019
Q9UN70,17,0.0019
Q96SB3,17,0.0019
Q6ZMC9,17,0.0019
Q96BI3,17,0.0019
Q96C57,17,0.0019
Q969K3,17,0.0019
Q9Y6E2,17,0.0019
Q8N6P7,17,0.0019
Q99835,17,0.0019
Q8TB73,17,0.0019
Q9H0C2,17,0.0019
Q92847,17,0.0019
A6NIJ5,17,0.0019
O95665,17,0.0019
Q9H6D8,17,0.0019
Q16288,17,0.0019
A6NCI8,17,0.0019
Q99856,17,0.0019
Q9BYX2,17,0.0019
P01730,17,0.0019
Q9H094,17,0.0019
O95980,17,0.0019
Q9NWB1,17,0.0019
P35499,17,0.0019
O75459,17,0.0019
Q5JST6,17,0.0019
Q2VWA4,17,0.0019
Q8TEB9,17,0.0019
A6NGK3,17,0.0019
Q08945,17,0.0019
Q3ZCV2,17,0.0019
Q92796,17,0.0019
O60403,17,0.0019
Q9Y421,17,0.0019
Q9Y6D6,17,0.0019
O96028,17,0.0019
Q7L4I2,17,0.0019
Q8WUD6,17,0.0019
P00751,17,0.0019
P18615,17,0.0019
O43283,17,0.0019
Q9UGF5,17,0.0019
A4D263,17,0.0019
Q9UPW8,17,0.0019
O75460,17,0.0019
Q9BVQ7,17,0.0019
Q9NPA0,17,0.0019
Q3C1V1,17,0.0019
Q16676,17,0.0019
Q8N3K9,17,0.0019
P61296,17,0.0019
Q8TC92,17,0.0019
Q9Y2Z0,17,0.0019
Q9Y244,17,0.0019
Q6BAA4,17,0.0019
Q9GZZ7,17,0.0019
Q5JVG8,17,0.0019
Q9Y4F3,17,0.0019
Q9UQE7,17,0.0019
O00445,17,0.0019
Q9Y6X1,17,0.0019
Q09666,17,0.0019
Q9H6E5,17,0.0019
Q8NB91,17,0.0019
Q8IVV7,17,0.0019
Q9H4L4,17,0.0019
O75616,17,0.0019
Q96PC2,17,0.0019
Q9H2C2,17,0.0019
Q8N9I9,17,0.0019
Q33E94,17,0.0019
P08962,17,0.0019
Q9HCI6,17,0.0019
Q9UKY7,17,0.0019
Q8N9L1,17,0.0019
Q5TKA1,17,0.0019
Q6ULP2,17,0.0019
A6NNY8,17,0.0019
Q96PV4,17,0.0019
Q13185,17,0.0019
Q8TAP4,17,0.0019
Q9Y2D2,17,0.0019
Q8ND25,17,0.0019
P62330,17,0.0019
Q6ZNE5,17,0.0019
Q9NPG4,17,0.0019
P04150,17,0.0019
Q9UJW0,17,0.0019
Q6PGQ7,17,0.0019
Q8IZP6,17,0.0019
Q9UPT5,17,0.0019
P19484,17,0.0019
Q8WWL2,17,0.0019
O00154,17,0.0019
Q9BW60,17,0.0019
Q5BJE1,17,0.0019
Q9UF47,17,0.0019
Q5TF58,17,0.0019
Q8WU43,17,0.0019
O00267,17,0.0019
Q6ZVK1,17,0.0019
Q9ULD9,17,0.0019
Q8NGR8,17,0.0019
Q9UHC1,17,0.0019
Q9HB14,17,0.0019
Q9P219,17,0.0019
P47872,17,0.0019
Q9Y5G6,17,0.0019
Q01094,17,0.0019
Q14444,17,0.0019
Q9H000,17,0.0019
Q969T4,17,0.0019
Q93073,17,0.0019
O76039,17,0.0019
Q9C0A6,17,0.0019
O14604,17,0.0019
Q8TD90,17,0.0019
Q96JQ2,16,0.0017
A6NF34,16,0.0017
Q96L96,16,0.0017
Q7Z5M5,16,0.0017
O60336,16,0.0017
Q6MZQ0,16,0.0017
Q86VG3,16,0.0017
Q16566,16,0.0017
Q3LHN1,16,0.0017
Q8NGT0,16,0.0017
O15530,16,0.0017
Q10586,16,0.0017
P21291,16,0.0017
Q8IZU2,16,0.0017
Q6V1P9,16,0.0017
Q4ZG55,16,0.0017
O75845,16,0.0017
P48546,16,0.0017
P58012,16,0.0017
Q99946,16,0.0017
Q9UNL2,16,0.0017
P53671,16,0.0017
P59534,16,0.0017
Q02779,16,0.0017
Q9P107,16,0.0017
Q5W0V3,16,0.0017
Q9BVN2,16,0.0017
Q8N0S2,16,0.0017
Q96G61,16,0.0017
Q96RT6,16,0.0017
O95076,16,0.0017
Q8N5S1,16,0.0017
P78357,16,0.0017
P35575,16,0.0017
Q9UPR0,16,0.0017
Q9C0D9,16,0.0017
Q9BYF1,16,0.0017
Q9NUX5,16,0.0017
Q92585,16,0.0017
P51587,16,0.0017
Q8NGQ5,16,0.0017
O75177,16,0.0017
P20382,16,0.0017
Q9HBV2,16,0.0017
Q9UKY1,16,0.0017
P83876,16,0.0017
Q8NGL2,16,0.0017
Q6WQI6,16,0.0017
Q6ZUB0,16,0.0017
Q9NQX5,16,0.0017
O15146,16,0.0017
O95347,16,0.0017
Q9P127,16,0.0017
P51168,16,0.0017
Q8NGZ5,16,0.0017
Q15256,16,0.0017
A1L170,16,0.0017
P52298,16,0.0017
Q9UL40,16,0.0017
Q96EA4,16,0.0017
P0DOY5,16,0.0017
Q8N961,16,0.0017
Q9BYZ6,16,0.0017
Q99801,16,0.0017
Q5T0F9,16,0.0017
P06756,16,0.0017
Q8NGA1,16,0.0017
Q32M88,16,0.0017
Q8WUT4,16,0.0017
Q7Z419,16,0.0017
Q9BTC0,16,0.0017
Q8N2G6,16,0.0017
P36507,16,0.0017
Q96BF3,16,0.0017
Q03933,16,0.0017
Q96JM4,16,0.0017
Q9Y5W8,16,0.0017
Q8NHM5,16,0.0017
Q8IUG5,16,0.0017
Q6UXB0,16,0.0017
Q6P1L6,16,0.0017
P00748,16,0.0017
Q5T6S3,16,0.0017
O95977,16,0.0017
Q96LW1,16,0.0017
P46940,16,0.0017
Q9NV29,16,0.0017
Q96F81,16,0.0017
Q6UWP8,16,0.0017
Q13616,16,0.0017
A5D8V7,16,0.0017
P98171,16,0.0017
Q8NH53,16,0.0017
P16109,16,0.0017
A0A494C103,16,0.0017
E7ERA6,16,0.0017
Q5TC79,16,0.0017
Q9H210,16,0.0017
Q9BSN7,16,0.0017
O95104,16,0.0017
O14967,16,0.0017
Q96D03,16,0.0017
Q8NCX0,16,0.0017
P63104,16,0.0017
P85037,16,0.0017
P13637,16,0.0017
Q8N5T2,16,0.0017
Q8NGC3,16,0.0017
Q9H0K1,16,0.0017
P51813,16,0.0017
Q86VE0,16,0.0017
P26012,16,0.0017
P20226,16,0.0017
P48065,16,0.0017
Q8TD10,16,0.0017
A6NHG9,16,0.0017
Q9NSB4,16,0.0017
Q9Y5G7,16,0.0017
Q07011,16,0.0017
Q92956,16,0.0017
Q99518,16,0.0017
Q9BRS8,16,0.0017
Q9H8P0,16,0.0017
Q8IXP5,16,0.0017
P41587,16,0.0017
P54296,16,0.0017
P78316,16,0.0017
P48066,16,0.0017
O95897,16,0.0017
Q96RM1,16,0.0017
P49642,16,0.0017
Q16584,16,0.0017
P23528,16,0.0017
O15020,16,0.0017
Q6XE24,16,0.0017
P49760,16,0.0017
Q8N5A5,16,0.0017
P55259,16,0.0017
Q8NF64,16,0.0017
Q8TDC3,16,0.0017
P24468,16,0.0017
P26992,16,0.0017
Q8IY82,16,0.0017
O94842,16,0.0017
Q9H1C7,16,0.0017
Q8ND04,16,0.0017
Q96B02,16,0.0017
D6RA61,16,0.0017
P06729,16,0.0017
Q9H8W5,16,0.0017
Q7Z4H7,16,0.0017
O94856,16,0.0017
Q9NPJ4,16,0.0017
P05556,16,0.0017
Q969K7,16,0.0017
Q8NEV4,16,0.0017
P45985,16,0.0017
Q9UN71,16,0.0017
B8ZZ34,16,0.0017
Q9BY78,16,0.0017
Q53SF7,16,0.0017
Q8N8Y5,16,0.0017
O95136,16,0.0017
Q5JXX7,16,0.0017
Q68CZ1,16,0.0017
P78415,16,0.0017
P11717,16,0.0017
O00548,16,0.0017
P63010,16,0.0017
Q8NCQ5,16,0.0017
A6NNS2,16,0.0017
Q9UBB9,16,0.0017
Q8TB03,16,0.0017
Q9BVP2,16,0.0017
Q9Y2H9,16,0.0017
Q96EP9,16,0.0017
Q7Z3D6,16,0.0017
P13646,16,0.0017
P48668,16,0.0017
Q9Y5E2,16,0.0017
Q96IU2,16,0.0017
Q8NHC7,16,0.0017
A0A0B4J263,16,0.0017
Q9C0I1,16,0.0017
Q86UL3,16,0.0017
P21452,16,0.0017
Q8TAV0,16,0.0017
P50391,16,0.0017
Q86WK6,16,0.0017
Q96A59,16,0.0017
P0DSN7,16,0.0017
O14678,16,0.0017
Q8TDW7,16,0.0017
Q9P013,16,0.0017
A8K830,16,0.0017
Q13875,16,0.0017
Q96LC7,16,0.0017
Q15051,16,0.0017
Q96DU9,16,0.0017
Q2NKX8,16,0.0017
Q86V24,16,0.0017
Q6ZMV8,16,0.0017
Q8IXQ3,16,0.0017
Q8N6M6,16,0.0017
Q9NPI1,16,0.0017
Q2V2M9,16,0.0017
Q6PH81,16,0.0017
O43395,16,0.0017
Q99459,16,0.0017
A6NCV1,16,0.0017
Q8TBX8,16,0.0017
Q13438,16,0.0017
Q8N884,16,0.0017
Q99715,16,0.0017
Q6DT37,16,0.0017
O00506,16,0.0017
Q03014,16,0.0017
Q05940,16,0.0017
Q08357,16,0.0017
Q9H5Z6,16,0.0017
Q9P1W9,16,0.0017
Q92917,16,0.0017
P23769,16,0.0017
F5H4B4,16,0.0017
Q96EP0,16,0.0017
Q6F5E8,16,0.0017
Q8N4L1,16,0.0017
I1YAP6,16,0.0017
Q86YL7,16,0.0017
Q9H078,16,0.0017
Q14003,16,0.0017
Q9BQG1,16,0.0017
Q3B820,16,0.0017
Q6IFH4,16,0.0017
Q8TER0,16,0.0017
Q5UIP0,16,0.0017
P09017,16,0.0017
Q8TBR7,16,0.0017
Q13009,15,0.0016
Q4VC05,15,0.0016
O15371,15,0.0016
Q9P2R6,15,0.0016
Q8NDV2,15,0.0016
Q9UPU7,15,0.0016
Q9HCE5,15,0.0016
P46821,15,0.0016
Q99541,15,0.0016
P57739,15,0.0016
P41143,15,0.0016
P08697,15,0.0016
Q14974,15,0.0016
Q8N5C8,15,0.0016
Q8NGF6,15,0.0016
Q2TB10,15,0.0016
O43829,15,0.0016
A0A0K2S4Q6,15,0.0016
Q15287,15,0.0016
Q9P2F5,15,0.0016
Q6DN12,15,0.0016
Q8NGB9,15,0.0016
Q9Y2W2,15,0.0016
P11142,15,0.0016
Q7Z6J4,15,0.0016
Q9NQS5,15,0.0016
Q9UKL4,15,0.0016
A6NLJ0,15,0.0016
P17181,15,0.0016
Q9BZZ5,15,0.0016
Q5JU67,15,0.0016
Q8NGK6,15,0.0016
Q6UVK1,15,0.0016
O95342,15,0.0016
Q9BXM9,15,0.0016
Q6ZRK6,15,0.0016
Q71UI9,15,0.0016
O60291,15,0.0016
Q8N5J4,15,0.0016
Q13323,15,0.0016
O94955,15,0.0016
Q9Y473,15,0.0016
Q6N075,15,0.0016
O76000,15,0.0016
Q5T4I8,15,0.0016
P30874,15,0.0016
Q9Y4F5,15,0.0016
Q96JL9,15,0.0016
A0A1B0GTS1,15,0.0016
Q7Z7J7,15,0.0016
O15123,15,0.0016
Q53RY4,15,0.0016
Q70CQ2,15,0.0016
Q3LI60,15,0.0016
Q92988,15,0.0016
Q8N349,15,0.0016
P68104,15,0.0016
Q02878,15,0.0016
P0C7T5,15,0.0016
Q92556,15,0.0016
Q9BXU1,15,0.0016
Q14141,15,0.0016
Q8N0W7,15,0.0016
Q96M94,15,0.0016
Q12774,15,0.0016
P21397,15,0.0016
Q92985,15,0.0016
Q2M2H8,15,0.0016
A4D0T7,15,0.0016
P49336,15,0.0016
Q9Y4E5,15,0.0016
Q96K76,15,0.0016
Q9NY59,15,0.0016
P49281,15,0.0016
Q16537,15,0.0016
Q9NUM3,15,0.0016
Q8N813,15,0.0016
Q9Y2H2,15,0.0016
Q9ULQ0,15,0.0016
B2RN74,15,0.0016
O60885,15,0.0016
Q6NV74,15,0.0016
Q8NGB2,15,0.0016
Q8IVL1,15,0.0016
Q6GV28,15,0.0016
Q5T1N1,15,0.0016
Q7KZF4,15,0.0016
Q9Y5F3,15,0.0016
Q92769,15,0.0016
P59540,15,0.0016
A6NHX0,15,0.0016
Q9Y5Y0,15,0.0016
Q9NSE4,15,0.0016
Q96GM5,15,0.0016
Q04743,15,0.0016
Q9ULG1,15,0.0016
Q14896,15,0.0016
P49901,15,0.0016
Q99755,15,0.0016
Q2M3R5,15,0.0016
O43603,15,0.0016
Q96R47,15,0.0016
P58170,15,0.0016
E5RIL1,15,0.0016
Q70SY1,15,0.0016
O75525,15,0.0016
Q13207,15,0.0016
Q86X60,15,0.0016
A0A075B759,15,0.0016
Q8IXJ9,15,0.0016
Q99661,15,0.0016
P0CV98,15,0.0016
Q9NZ94,15,0.0016
P51151,15,0.0016
Q15173,15,0.0016
Q8NGQ2,15,0.0016
Q8IZF0,15,0.0016
Q8NA77,15,0.0016
P24530,15,0.0016
P11166,15,0.0016
Q9Y4J8,15,0.0016
Q53GT1,15,0.0016
Q8NFC6,15,0.0016
Q9HC58,15,0.0016
Q9BT67,15,0.0016
P61026,15,0.0016
O43593,15,0.0016
Q96PB8,15,0.0016
Q01814,15,0.0016
P13521,15,0.0016
Q9Y4W2,15,0.0016
P26038,15,0.0016
P11362,15,0.0016
P60006,15,0.0016
Q9H461,15,0.0016
Q8IYL2,15,0.0016
O75603,15,0.0016
P0C7U0,15,0.0016
Q8WZ84,15,0.0016
Q04637,15,0.0016
Q86U44,15,0.0016
Q8WU79,15,0.0016
Q13085,15,0.0016
Q16181,15,0.0016
Q13324,15,0.0016
Q6A163,15,0.0016
Q9BZ67,15,0.0016
Q6A162,15,0.0016
Q14692,15,0.0016
Q9Y5U5,15,0.0016
P55851,15,0.0016
Q92784,15,0.0016
Q9Y5F9,15,0.0016
Q2VIQ3,15,0.0016
P29374,15,0.0016
Q96GY0,15,0.0016
A8MYZ6,15,0.0016
Q9H2B2,15,0.0016
P0CW00,15,0.0016
O75351,15,0.0016
P35613,15,0.0016
Q5HYW3,15,0.0016
O14627,15,0.0016
Q9NVT9,15,0.0016
P06850,15,0.0016
Q04727,15,0.0016
P56696,15,0.0016
Q9P2H0,15,0.0016
Q96PC5,15,0.0016
Q5JPE7,15,0.0016
Q96QU4,15,0.0016
Q9UIG8,15,0.0016
O95180,15,0.0016
Q7Z3Y9,15,0.0016
Q6UXK2,15,0.0016
Q7Z353,15,0.0016
Q16720,15,0.0016
Q8NGS8,15,0.0016
Q6PJT7,15,0.0016
Q9Y5E7,15,0.0016
Q7L8A9,15,0.0016
P04626,15,0.0016
Q5SR56,15,0.0016
Q9H4I2,15,0.0016
Q8NGS9,15,0.0016
Q9NPD5,15,0.0016
O14757,15,0.0016
P78364,15,0.0016
Q9UBF6,15,0.0016
A6NGJ6,15,0.0016
Q8NEV8,15,0.0016
Q9NWH7,15,0.0016
Q8NGS4,15,0.0016
O96005,15,0.0016
O43365,15,0.0016
Q8NBQ7,15,0.0016
Q9BVK2,15,0.0016
Q9NYV9,15,0.0016
Q86W33,15,0.0016
Q96MD7,15,0.0016
P17302,15,0.0016
Q6ZP82,15,0.0016
Q6ZRR5,15,0.0016
Q8N556,15,0.0016
Q9HCC9,15,0.0016
Q6ZT89,15,0.0016
Q9Y3R5,15,0.0016
Q96T59,15,0.0016
Q9Y4L5,15,0.0016
P36382,15,0.0016
O75448,15,0.0016
Q7Z2Y5,15,0.0016
O94827,15,0.0016
Q9Y561,15,0.0016
P14209,15,0.0016
Q9NYZ3,15,0.0016
O95221,15,0.0016
Q9H2V7,15,0.0016
Q13530,15,0.0016
P58511,15,0.0016
P49810,15,0.0016
O43526,15,0.0016
P84077,15,0.0016
P48547,15,0.0016
Q9Y345,15,0.0016
P23582,15,0.0016
Q13103,15,0.0016
P52951,15,0.0016
Q8N6G6,15,0.0016
Q8IW52,15,0.0016
Q9H6K1,15,0.0016
Q7LC44,14,0.0015
Q8NGR6,14,0.0015
Q6AHZ1,14,0.0015
Q9Y6Y0,14,0.0015
Q8WVC0,14,0.0015
Q8TF46,14,0.0015
P51531,14,0.0015
Q8IYT3,14,0.0015
O43861,14,0.0015
P21731,14,0.0015
Q9H156,14,0.0015
Q86VL8,14,0.0015
Q9BY67,14,0.0015
P0DJG4,14,0.0015
Q8TAK6,14,0.0015
A6NKF7,14,0.0015
Q5H9I0,14,0.0015
Q8WUT9,14,0.0015
Q12789,14,0.0015
Q969R5,14,0.0015
P0DUB6,14,0.0015
Q969H4,14,0.0015
Q7Z4K8,14,0.0015
Q9NYZ1,14,0.0015
P0C851,14,0.0015
P0DKX0,14,0.0015
Q92522,14,0.0015
O00624,14,0.0015
Q69YQ0,14,0.0015
P43364,14,0.0015
Q9NX52,14,0.0015
Q7Z3Y8,14,0.0015
O43889,14,0.0015
A6NFQ2,14,0.0015
Q96N66,14,0.0015
Q9C037,14,0.0015
Q8IZD2,14,0.0015
P58173,14,0.0015
Q9Y2T6,14,0.0015
Q6ZU65,14,0.0015
Q9Y519,14,0.0015
O14602,14,0.0015
P16234,14,0.0015
Q9BXI2,14,0.0015
Q8IWK6,14,0.0015
Q9BQP9,14,0.0015
Q16827,14,0.0015
Q96AG4,14,0.0015
Q8TAA9,14,0.0015
Q14626,14,0.0015
Q14653,14,0.0015
Q86XI8,14,0.0015
O15021,14,0.0015
Q6ZP01,14,0.0015
Q9BSJ8,14,0.0015
P05787,14,0.0015
Q7Z3U7,14,0.0015
O14980,14,0.0015
Q15418,14,0.0015
Q6NT89,14,0.0015
Q6NSI8,14,0.0015
Q9UQ80,14,0.0015
P14222,14,0.0015
Q9H2S9,14,0.0015
O95081,14,0.0015
P09234,14,0.0015
Q96P44,14,0.0015
Q86UN3,14,0.0015
A0A1B0GTI8,14,0.0015
Q13021,14,0.0015
Q96RF0,14,0.0015
Q6UUV7,14,0.0015
P63279,14,0.0015
Q8TCU6,14,0.0015
Q9BQA5,14,0.0015
Q7Z3Z0,14,0.0015
Q9UQ16,14,0.0015
Q9BXC1,14,0.0015
A6NGR9,14,0.0015
L0R819,14,0.0015
Q8TCN5,14,0.0015
Q9NP84,14,0.0015
O14990,14,0.0015
Q02750,14,0.0015
P35346,14,0.0015
P22897,14,0.0015
Q96DH6,14,0.0015
Q9BXS0,14,0.0015
Q5QP82,14,0.0015
Q8NHW3,14,0.0015
Q8IZ40,14,0.0015
A4D2G3,14,0.0015
Q96RD6,14,0.0015
Q9UKW6,14,0.0015
O43524,14,0.0015
Q86XM0,14,0.0015
Q9HCI7,14,0.0015
Q8TBE7,14,0.0015
O75475,14,0.0015
Q8IYG6,14,0.0015
Q8NGJ8,14,0.0015
Q9H7Z6,14,0.0015
Q9NT22,14,0.0015
Q96NE9,14,0.0015
Q13177,14,0.0015
Q9H7T0,14,0.0015
Q9H207,14,0.0015
Q9Y6P5,14,0.0015
Q14242,14,0.0015
Q9HA65,14,0.0015
A6NND4,14,0.0015
P62888,14,0.0015
Q16739,14,0.0015
P17509,14,0.0015
P14653,14,0.0015
Q09MP3,14,0.0015
Q68D10,14,0.0015
P18509,14,0.0015
P63173,14,0.0015
O43347,14,0.0015
P79522,14,0.0015
O75152,14,0.0015
Q8WVJ9,14,0.0015
Q9H228,14,0.0015
P35658,14,0.0015
Q8WYL5,14,0.0015
O15209,14,0.0015
Q9NTX7,14,0.0015
Q9BSA4,14,0.0015
Q5VSR9,14,0.0015
P0DKB5,14,0.0015
Q8IWX5,14,0.0015
Q19T08,14,0.0015
P29558,14,0.0015
P47813,14,0.0015
Q9P2Y5,14,0.0015
Q14517,14,0.0015
Q9NWS1,14,0.0015
Q8IWD5,14,0.0015
Q8NBU5,14,0.0015
Q01085,14,0.0015
Q7L1Q6,14,0.0015
Q99677,14,0.0015
Q2M3G4,14,0.0015
Q86YD7,14,0.0015
O14901,14,0.0015
Q12979,14,0.0015
Q0ZLH3,14,0.0015
Q9BRK0,14,0.0015
Q8WV37,14,0.0015
Q12836,14,0.0015
Q8N1E6,14,0.0015
Q01668,14,0.0015
Q8IWU2,14,0.0015
P57773,14,0.0015
Q9H093,14,0.0015
Q5VUJ6,14,0.0015
Q9NYP7,14,0.0015
P02538,14,0.0015
P41732,14,0.0015
Q14549,14,0.0015
O43303,14,0.0015
Q9GZV3,14,0.0015
Q9H2W2,14,0.0015
P68363,14,0.0015
Q5JUK3,14,0.0015
P68036,14,0.0015
Q9H1I8,14,0.0015
Q8WYA1,14,0.0015
Q9HAF1,14,0.0015
P0CV99,14,0.0015
Q99558,14,0.0015
Q01826,14,0.0015
Q14055,14,0.0015
Q15326,14,0.0015
P25098,14,0.0015
P00451,14,0.0015
O15015,14,0.0015
P59044,14,0.0015
Q8NHW4,14,0.0015
Q96P16,14,0.0015
P61968,14,0.0015
A6NDE8,14,0.0015
Q32MQ0,14,0.0015
Q6P4R8,14,0.0015
P22670,14,0.0015
O95800,14,0.0015
Q8N8R3,14,0.0015
Q9UPN9,14,0.0015
Q8N7U6,14,0.0015
O43823,14,0.0015
Q96K19,14,0.0015
Q6ZVC0,14,0.0015
Q8NGQ6,14,0.0015
Q9Y5G4,14,0.0015
Q9C005,14,0.0015
P28482,14,0.0015
P19256,14,0.0015
Q14241,14,0.0015
Q9C0I3,14,0.0015
P61925,14,0.0015
Q9NQR9,14,0.0015
P61421,14,0.0015
Q8NGI8,14,0.0015
P31942,14,0.0015
P14316,14,0.0015
Q92764,14,0.0015
Q86XN8,14,0.0015
P55287,14,0.0015
P20701,14,0.0015
Q6UY18,14,0.0015
Q96S53,14,0.0015
Q9C091,14,0.0015
A0A0B4J280,14,0.0015
O60241,14,0.0015
Q6UXZ4,14,0.0015
Q969G3,14,0.0015
Q86WP2,14,0.0015
P60953,14,0.0015
Q96KW9,14,0.0015
Q8TDY2,14,0.0015
Q15750,14,0.0015
Q86Y13,14,0.0015
Q9BYV9,14,0.0015
O75121,14,0.0015
C9J1S8,14,0.0015
Q8N309,14,0.0015
Q8IZJ1,14,0.0015
Q8N9N2,14,0.0015
Q0WX57,14,0.0015
P78367,14,0.0015
Q5T7R7,14,0.0015
A1L4K1,14,0.0015
Q8TF30,14,0.0015
Q14623,14,0.0015
P07988,14,0.0015
O94844,14,0.0015
Q6PGN9,14,0.0015
Q96NL0,14,0.0015
Q9BTT0,14,0.0015
P51805,14,0.0015
Q8WYR1,14,0.0015
Q9NYW7,13,0.0014
Q86UP9,13,0.0014
Q8TD94,13,0.0014
Q9NX09,13,0.0014
O43597,13,0.0014
P49682,13,0.0014
Q06546,13,0.0014
Q14814,13,0.0014
P26651,13,0.0014
A5PKW4,13,0.0014
B2RXH4,13,0.0014
Q7Z5V6,13,0.0014
Q9BZF2,13,0.0014
Q92621,13,0.0014
Q9P246,13,0.0014
O43934,13,0.0014
Q9UMX0,13,0.0014
P0DKV0,13,0.0014
O43294,13,0.0014
P05198,13,0.0014
Q9H3R2,13,0.0014
P51504,13,0.0014
P53985,13,0.0014
Q9BPZ2,13,0.0014
Q17RD7,13,0.0014
Q58A45,13,0.0014
Q9NXC5,13,0.0014
P24043,13,0.0014
Q9NYF3,13,0.0014
Q7Z5H5,13,0.0014
Q86Y22,13,0.0014
P06401,13,0.0014
Q14993,13,0.0014
Q13433,13,0.0014
P50222,13,0.0014
Q8WWX8,13,0.0014
P0DMN0,13,0.0014
Q8IWQ3,13,0.0014
O75940,13,0.0014
Q8NFZ8,13,0.0014
Q8TBB6,13,0.0014
Q16513,13,0.0014
Q96R54,13,0.0014
A6ND48,13,0.0014
Q8NG98,13,0.0014
Q96I24,13,0.0014
Q5TFG8,13,0.0014
Q96RC9,13,0.0014
Q9NZP0,13,0.0014
Q9ULK5,13,0.0014
P01100,13,0.0014
Q8IW70,13,0.0014
Q9UER7,13,0.0014
P20916,13,0.0014
Q96QS3,13,0.0014
Q96T23,13,0.0014
Q96NT5,13,0.0014
Q5JSL3,13,0.0014
Q13950,13,0.0014
P41162,13,0.0014
Q6IN85,13,0.0014
O43670,13,0.0014
Q9Y5Q8,13,0.0014
Q12906,13,0.0014
P25440,13,0.0014
Q92918,13,0.0014
Q8WUA4,13,0.0014
Q02224,13,0.0014
Q6N021,13,0.0014
O15355,13,0.0014
Q8N127,13,0.0014
Q86XI2,13,0.0014
P0CB47,13,0.0014
Q14590,13,0.0014
P35348,13,0.0014
Q4LE39,13,0.0014
Q86VP6,13,0.0014
Q14184,13,0.0014
Q01201,13,0.0014
Q8NH56,13,0.0014
Q6ZSS7,13,0.0014
Q9H339,13,0.0014
Q13322,13,0.0014
Q13705,13,0.0014
Q9NS87,13,0.0014
Q8WXD2,13,0.0014
O75937,13,0.0014
Q8N612,13,0.0014
P78414,13,0.0014
O00533,13,0.0014
P28039,13,0.0014
Q8N3A8,13,0.0014
P16581,13,0.0014
Q14494,13,0.0014
Q8IX30,13,0.0014
Q96MM7,13,0.0014
Q5W0B7,13,0.0014
Q8NG99,13,0.0014
Q8NFP4,13,0.0014
Q9UHF4,13,0.0014
Q8NDX2,13,0.0014
P16471,13,0.0014
Q9Y698,13,0.0014
P32927,13,0.0014
P57082,13,0.0014
Q6UXF1,13,0.0014
O95006,13,0.0014
Q13607,13,0.0014
Q96R48,13,0.0014
Q02978,13,0.0014
Q8TEY5,13,0.0014
P21579,13,0.0014
Q86T13,13,0.0014
O15085,13,0.0014
Q5JSP0,13,0.0014
Q8NGU9,13,0.0014
Q9UHI7,13,0.0014
Q99954,13,0.0014
Q9UN66,13,0.0014
Q9Y6K0,13,0.0014
Q15417,13,0.0014
Q9UJU5,13,0.0014
Q9BZF3,13,0.0014
Q9UGU0,13,0.0014
Q9UPA5,13,0.0014
Q92922,13,0.0014
P49840,13,0.0014
Q14738,13,0.0014
Q5W0A0,13,0.0014
O14917,13,0.0014
Q9P2E9,13,0.0014
Q9UPX0,13,0.0014
P59542,13,0.0014
Q9Y2I7,13,0.0014
O75071,13,0.0014
Q8IWB9,13,0.0014
O60404,13,0.0014
Q9H694,13,0.0014
A6NJJ6,13,0.0014
Q86WI3,13,0.0014
P15529,13,0.0014
Q4G0Z9,13,0.0014
P17542,13,0.0014
O60462,13,0.0014
Q13449,13,0.0014
Q7Z7A4,13,0.0014
Q92619,13,0.0014
Q9NRH2,13,0.0014
P10827,13,0.0014
O94776,13,0.0014
Q9Y294,13,0.0014
Q6NUN7,13,0.0014
Q9Y618,13,0.0014
Q99990,13,0.0014
A0A7P0TBJ1,13,0.0014
Q5JTH9,13,0.0014
Q9NY43,13,0.0014
Q53GD3,13,0.0014
Q7Z4V0,13,0.0014
Q12796,13,0.0014
Q6Y1H2,13,0.0014
Q7Z7E8,13,0.0014
P35998,13,0.0014
Q6ZNG2,13,0.0014
Q86UX7,13,0.0014
Q8NGP2,13,0.0014
Q8WWF3,13,0.0014
O60636,13,0.0014
O15344,13,0.0014
P53701,13,0.0014
Q9UGF7,13,0.0014
Q5UE93,13,0.0014
P63167,13,0.0014
P20794,13,0.0014
Q8IUR6,13,0.0014
Q9NTN3,13,0.0014
Q9NV58,13,0.0014
O00501,13,0.0014
P13224,13,0.0014
Q6ZSJ8,13,0.0014
Q13571,13,0.0014
Q96PE1,13,0.0014
P04000,13,0.0014
Q8IUX8,13,0.0014
Q9ULW0,13,0.0014
P20264,13,0.0014
Q8NGM8,13,0.0014
Q4VNC0,13,0.0014
Q9HCM9,13,0.0014
Q8NA57,13,0.0014
Q6DN72,13,0.0014
Q6PKG0,13,0.0014
O00555,13,0.0014
Q15306,13,0.0014
Q12947,13,0.0014
Q6P9F0,13,0.0014
Q02556,13,0.0014
P31271,13,0.0014
Q8WWM1,13,0.0014
Q7RTU7,13,0.0014
Q6ZW31,13,0.0014
Q86VS8,13,0.0014
O95992,13,0.0014
Q9BVI0,13,0.0014
P05160,13,0.0014
Q8TBE0,13,0.0014
Q49MI3,13,0.0014
Q96SD1,13,0.0014
Q2M2I5,13,0.0014
Q99456,13,0.0014
P51610,13,0.0014
A0A075B6S9,13,0.0014
Q9Y6C5,13,0.0014
Q9NUL3,13,0.0014
Q96PK6,13,0.0014
Q9UBN6,13,0.0014
P55317,13,0.0014
Q00978,13,0.0014
Q9UGH3,13,0.0014
Q68D42,13,0.0014
Q5JVS0,13,0.0014
Q14542,13,0.0014
Q5T4S7,13,0.0014
Q96DT7,13,0.0014
Q7Z628,13,0.0014
Q9NX47,13,0.0014
P0C7X2,13,0.0014
Q9NRI5,13,0.0014
Q8NBP0,13,0.0014
Q96QE2,13,0.0014
Q99594,13,0.0014
Q14721,13,0.0014
A8MT70,13,0.0014
Q13608,13,0.0014
O15259,13,0.0014
Q9Y2C5,13,0.0014
Q8NG97,13,0.0014
Q9Y243,13,0.0014
Q8IVH2,13,0.0014
A8MVS5,13,0.0014
Q6UUV9,13,0.0014
Q15365,13,0.0014
Q13516,13,0.0014
Q86X10,13,0.0014
P05771,13,0.0014
Q96N58,13,0.0014
Q9UJQ4,13,0.0014
P13928,13,0.0014
O43711,13,0.0014
Q00013,13,0.0014
Q86X95,13,0.0014
Q6PL18,13,0.0014
Q96ST3,13,0.0014
Q68DH5,13,0.0014
Q9Y5S2,13,0.0014
Q6X784,13,0.0014
Q9BXF3,13,0.0014
Q2NL67,13,0.0014
Q8TF71,13,0.0014
O43609,13,0.0014
Q9ULX6,13,0.0014
Q96N64,13,0.0014
Q5VWK0,13,0.0014
P17481,13,0.0014
P42229,13,0.0014
Q86VR2,13,0.0014
P55285,12,0.0013
Q96IQ9,12,0.0013
A6NI56,12,0.0013
A6NNA5,12,0.0013
O75161,12,0.0013
Q8NHY2,12,0.0013
Q9NPF0,12,0.0013
Q9P0N8,12,0.0013
O00767,12,0.0013
Q2M243,12,0.0013
Q9NTW7,12,0.0013
Q9H160,12,0.0013
P53999,12,0.0013
Q8IUE0,12,0.0013
O75170,12,0.0013
O95248,12,0.0013
Q9BWW4,12,0.0013
Q08629,12,0.0013
Q15643,12,0.0013
P43686,12,0.0013
Q86VX9,12,0.0013
O43364,12,0.0013
O94921,12,0.0013
Q9UQR0,12,0.0013
Q9BXL7,12,0.0013
Q86UP2,12,0.0013
Q99102,12,0.0013
P39059,12,0.0013
Q9UJC3,12,0.0013
Q9Y5E1,12,0.0013
O00339,12,0.0013
Q5IJ48,12,0.0013
Q96TA1,12,0.0013
Q9Y5Z9,12,0.0013
Q14534,12,0.0013
Q9HD45,12,0.0013
Q9Y5P1,12,0.0013
P30968,12,0.0013
Q71RH2,12,0.0013
O14613,12,0.0013
Q7Z7N9,12,0.0013
Q9C0K1,12,0.0013
A8MW92,12,0.0013
A6NM62,12,0.0013
Q16534,12,0.0013
Q08117,12,0.0013
Q9BWH6,12,0.0013
P35556,12,0.0013
Q6IQ32,12,0.0013
O75995,12,0.0013
Q96D09,12,0.0013
Q5JSH3,12,0.0013
Q9BQT8,12,0.0013
Q13351,12,0.0013
P58335,12,0.0013
Q96QK8,12,0.0013
P33151,12,0.0013
Q8NFZ0,12,0.0013
C9JTQ0,12,0.0013
Q9H015,12,0.0013
Q9Y6N6,12,0.0013
O95185,12,0.0013
Q6NUI2,12,0.0013
Q96AQ2,12,0.0013
A6NMA1,12,0.0013
Q9H3R0,12,0.0013
Q96K80,12,0.0013
Q8N165,12,0.0013
P55010,12,0.0013
Q8N0W5,12,0.0013
Q9H3Z4,12,0.0013
Q5T0Z8,12,0.0013
P0C7N4,12,0.0013
P42696,12,0.0013
Q96QH8,12,0.0013
Q9H7T9,12,0.0013
Q8TCW9,12,0.0013
P40425,12,0.0013
Q5JQS5,12,0.0013
Q13153,12,0.0013
Q15139,12,0.0013
Q9NRR5,12,0.0013
Q15468,12,0.0013
Q13303,12,0.0013
Q6ZRF8,12,0.0013
Q16787,12,0.0013
Q8NGS7,12,0.0013
Q14683,12,0.0013
Q96EC8,12,0.0013
P31994,12,0.0013
Q5U3C3,12,0.0013
P43146,12,0.0013
Q969E4,12,0.0013
Q8NER5,12,0.0013
Q96KN3,12,0.0013
Q7Z5R6,12,0.0013
Q8N9M5,12,0.0013
O43447,12,0.0013
Q7Z6I5,12,0.0013
P78385,12,0.0013
O43493,12,0.0013
Q14781,12,0.0013
O94910,12,0.0013
P35626,12,0.0013
P56817,12,0.0013
Q8TD84,12,0.0013
Q86YV5,12,0.0013
Q9H6H4,12,0.0013
Q9Y619,12,0.0013
Q9Y5F6,12,0.0013
Q6NVV3,12,0.0013
Q24JP5,12,0.0013
Q9Y5I4,12,0.0013
Q8WUI4,12,0.0013
Q9NTX5,12,0.0013
P55291,12,0.0013
Q9UBN1,12,0.0013
O14626,12,0.0013
Q9H3U5,12,0.0013
O75157,12,0.0013
P55198,12,0.0013
P18827,12,0.0013
O15156,12,0.0013
P62314,12,0.0013
E9PKD4,12,0.0013
P04553,12,0.0013
Q15035,12,0.0013
P08235,12,0.0013
Q8WX93,12,0.0013
Q76B58,12,0.0013
O60637,12,0.0013
Q5SQQ9,12,0.0013
Q04726,12,0.0013
Q96SB8,12,0.0013
Q53FP2,12,0.0013
O60293,12,0.0013
Q8N271,12,0.0013
Q92545,12,0.0013
Q53T59,12,0.0013
Q9Y2G0,12,0.0013
Q8NHQ1,12,0.0013
Q14201,12,0.0013
P10643,12,0.0013
Q5VZ19,12,0.0013
Q96KC8,12,0.0013
P17030,12,0.0013
P55075,12,0.0013
Q9NNX1,12,0.0013
Q5JRK9,12,0.0013
Q8TC07,12,0.0013
Q9UHF0,12,0.0013
Q96RJ0,12,0.0013
Q9NRA8,12,0.0013
A6NJZ3,12,0.0013
P78337,12,0.0013
P08779,12,0.0013
Q04695,12,0.0013
Q96NR3,12,0.0013
O95243,12,0.0013
O15533,12,0.0013
Q96PV0,12,0.0013
Q96A33,12,0.0013
Q7L945,12,0.0013
Q13227,12,0.0013
O75821,12,0.0013
Q9H4E7,12,0.0013
P23511,12,0.0013
Q6ZUT9,12,0.0013
Q8N715,12,0.0013
Q7Z6E9,12,0.0013
Q96A47,12,0.0013
P47974,12,0.0013
Q9NXB0,12,0.0013
Q8IXH8,12,0.0013
P19525,12,0.0013
Q4FZB7,12,0.0013
Q96PG2,12,0.0013
Q9HCN2,12,0.0013
Q5VTT5,12,0.0013
Q9BSD3,12,0.0013
Q13568,12,0.0013
Q6P387,12,0.0013
Q14318,12,0.0013
Q9NR16,12,0.0013
P11169,12,0.0013
Q9NRM7,12,0.0013
Q96RI9,12,0.0013
Q92562,12,0.0013
Q6ZMZ0,12,0.0013
H3BQW9,12,0.0013
Q3KR16,12,0.0013
Q9BTK6,12,0.0013
Q5T5J6,12,0.0013
Q7Z6I6,12,0.0013
O95343,12,0.0013
Q8WU68,12,0.0013
O95159,12,0.0013
P08123,12,0.0013
Q8TDD2,12,0.0013
Q9Y383,12,0.0013
Q8NHA4,12,0.0013
Q9Y257,12,0.0013
O14519,12,0.0013
Q9NS93,12,0.0013
O76099,12,0.0013
O60826,12,0.0013
Q9H582,12,0.0013
Q8WW12,12,0.0013
Q9Y6H5,12,0.0013
O76080,12,0.0013
P28906,12,0.0013
P0C1S8,12,0.0013
Q6NUJ1,12,0.0013
P07305,12,0.0013
O95567,12,0.0013
A0A1B0GWH4,12,0.0013
P25100,12,0.0013
Q8NFJ6,12,0.0013
Q9BVL2,12,0.0013
P36888,12,0.0013
Q9UBB5,12,0.0013
Q8NGY1,12,0.0013
Q15761,12,0.0013
Q8WWK9,12,0.0013
Q96JP9,12,0.0013
Q92563,12,0.0013
Q6ZMQ8,12,0.0013
Q8N386,12,0.0013
P52569,12,0.0013
Q04741,12,0.0013
Q9UKV5,12,0.0013
Q9HBW0,12,0.0013
Q9UL68,12,0.0013
Q8IY57,12,0.0013
Q9NYW0,12,0.0013
Q13442,12,0.0013
Q9UBU7,12,0.0013
Q9H987,12,0.0013
Q8NFJ8,12,0.0013
P23025,11,0.0012
Q658Y4,11,0.0012
O00193,11,0.0012
O15240,11,0.0012
Q9HBJ0,11,0.0012
Q8NG92,11,0.0012
Q6ZT12,11,0.0012
Q8TCZ2,11,0.0012
Q86VF7,11,0.0012
O14733,11,0.0012
Q8NCV1,11,0.0012
Q86W50,11,0.0012
P47887,11,0.0012
P0DTE8,11,0.0012
P17041,11,0.0012
P51172,11,0.0012
Q96M60,11,0.0012
O14770,11,0.0012
Q8NGE9,11,0.0012
A6NMT0,11,0.0012
Q9C0D2,11,0.0012
Q9Y2I1,11,0.0012
A0A1B0GUU1,11,0.0012
Q96AA3,11,0.0012
Q14934,11,0.0012
Q3SY56,11,0.0012
P0CAP1,11,0.0012
O60242,11,0.0012
P0DL12,11,0.0012
P46736,11,0.0012
Q86YP4,11,0.0012
Q5TBA9,11,0.0012
P55082,11,0.0012
Q9NV70,11,0.0012
Q9UHD9,11,0.0012
O75027,11,0.0012
O95399,11,0.0012
Q3C1V8,11,0.0012
Q8N398,11,0.0012
Q3KNW1,11,0.0012
Q8NGG6,11,0.0012
P62851,11,0.0012
Q56A73,11,0.0012
Q9NYW6,11,0.0012
Q9NZ63,11,0.0012
Q9P0K8,11,0.0012
P62191,11,0.0012
O75534,11,0.0012
Q8IYD9,11,0.0012
Q6ZN11,11,0.0012
P84090,11,0.0012
Q8N8Z6,11,0.0012
P31641,11,0.0012
Q96MT1,11,0.0012
Q9Y5F8,11,0.0012
Q7L311,11,0.0012
P41219,11,0.0012
Q8N9Z0,11,0.0012
P20839,11,0.0012
P51692,11,0.0012
Q9NVJ2,11,0.0012
P0DQW0,11,0.0012
Q9BXK5,11,0.0012
O43781,11,0.0012
O60279,11,0.0012
O15126,11,0.0012
P59537,11,0.0012
A6NC05,11,0.0012
Q7Z6W7,11,0.0012
D6R9N7,11,0.0012
O60841,11,0.0012
P61086,11,0.0012
Q8N5S9,11,0.0012
P34741,11,0.0012
Q6P0N0,11,0.0012
O60299,11,0.0012
Q9BUV0,11,0.0012
P12814,11,0.0012
Q9NQN1,11,0.0012
O75676,11,0.0012
Q96LK8,11,0.0012
Q52LR7,11,0.0012
Q4G0U5,11,0.0012
Q9HBW9,11,0.0012
Q17RW2,11,0.0012
Q9UPZ9,11,0.0012
Q7Z2K8,11,0.0012
O15552,11,0.0012
Q9BTC8,11,0.0012
Q12840,11,0.0012
Q86VW0,11,0.0012
P17980,11,0.0012
Q9C0C7,11,0.0012
Q92832,11,0.0012
Q9BYT9,11,0.0012
O60765,11,0.0012
Q8IXU6,11,0.0012
Q9H165,11,0.0012
Q00536,11,0.0012
Q5VSL9,11,0.0012
Q5JWR5,11,0.0012
P23141,11,0.0012
Q9H3Q1,11,0.0012
A0JP26,11,0.0012
O75410,11,0.0012
O60284,11,0.0012
Q86VZ4,11,0.0012
O95171,11,0.0012
Q674X7,11,0.0012
Q6PIU1,11,0.0012
O15297,11,0.0012
Q86XK7,11,0.0012
P78552,11,0.0012
Q9NX76,11,0.0012
Q9H098,11,0.0012
Q8IY42,11,0.0012
P11049,11,0.0012
Q9NSD7,11,0.0012
O14986,11,0.0012
A6NNE9,11,0.0012
Q13634,11,0.0012
P13671,11,0.0012
Q2M385,11,0.0012
Q7Z3Y7,11,0.0012
P12107,11,0.0012
Q86XU0,11,0.0012
Q8TDY8,11,0.0012
Q96J84,11,0.0012
Q8IZU9,11,0.0012
Q5TF21,11,0.0012
Q7LFL8,11,0.0012
P63208,11,0.0012
Q8N8Q9,11,0.0012
O75638,11,0.0012
Q6IFN5,11,0.0012
O43462,11,0.0012
Q9BXA9,11,0.0012
Q8N693,11,0.0012
P07225,11,0.0012
Q9ULX9,11,0.0012
Q92785,11,0.0012
Q8N4X5,11,0.0012
Q9Y483,11,0.0012
P68400,11,0.0012
Q9Y2H1,11,0.0012
Q8NGC7,11,0.0012
P0CW27,11,0.0012
Q6DWJ6,11,0.0012
Q7Z417,11,0.0012
Q13308,11,0.0012
Q15208,11,0.0012
P29966,11,0.0012
Q5VWI1,11,0.0012
Q9BW19,11,0.0012
Q96EP1,11,0.0012
Q52WX2,11,0.0012
O15042,11,0.0012
Q9H6U6,11,0.0012
Q6ZN17,11,0.0012
A0A1B0GTR0,11,0.0012
A1A4G5,11,0.0012
Q96K78,11,0.0012
Q8NBI5,11,0.0012
Q8N6T3,11,0.0012
O75330,11,0.0012
Q8IX03,11,0.0012
Q9NRM0,11,0.0012
Q96I13,11,0.0012
P43121,11,0.0012
Q96HG1,11,0.0012
Q9HBU1,11,0.0012
Q8NGT1,11,0.0012
Q76L83,11,0.0012
P30530,11,0.0012
Q8NGM9,11,0.0012
P31785,11,0.0012
Q9P2E8,11,0.0012
Q9BQ61,11,0.0012
Q6NUK4,11,0.0012
Q7Z444,11,0.0012
P22223,11,0.0012
P0DP42,11,0.0012
Q12778,11,0.0012
Q5W0Q7,11,0.0012
Q9NS68,11,0.0012
Q8NGY5,11,0.0012
O75355,11,0.0012
O75956,11,0.0012
Q63HQ2,11,0.0012
Q8NBN3,11,0.0012
Q92786,11,0.0012
P59543,11,0.0012
P49790,11,0.0012
Q2NKQ1,11,0.0012
P61586,11,0.0012
P23975,11,0.0012
O75182,11,0.0012
Q99958,11,0.0012
Q6VAB6,11,0.0012
P51512,11,0.0012
Q96BN6,11,0.0012
Q6UWF3,11,0.0012
Q9UHG2,11,0.0012
Q70EK9,11,0.0012
Q96PJ5,11,0.0012
Q9C086,11,0.0012
Q8WTT2,11,0.0012
P0DMM9,11,0.0012
P17535,11,0.0012
O75037,11,0.0012
Q9UN79,11,0.0012
Q92546,11,0.0012
Q16635,11,0.0012
Q9Y5U4,11,0.0012
Q5SXM2,11,0.0012
Q9H2J7,11,0.0012
Q15742,11,0.0012
P04432,11,0.0012
Q5JT82,11,0.0012
Q8N4C6,11,0.0012
O60479,11,0.0012
P28347,11,0.0012
Q96P47,11,0.0012
Q8NGZ4,11,0.0012
P45973,11,0.0012
P03905,11,0.0012
P30876,11,0.0012
Q9H9Y6,11,0.0012
A1L1A6,10,0.0011
Q8IY47,10,0.0011
Q96NK8,10,0.0011
Q14186,10,0.0011
P51114,10,0.0011
Q6IPM2,10,0.0011
Q02548,10,0.0011
Q8N7X2,10,0.0011
Q9BZQ2,10,0.0011
Q09013,10,0.0011
Q8IYS2,10,0.0011
Q8TCB6,10,0.0011
Q96Q89,10,0.0011
Q9NXV2,10,0.0011
P02748,10,0.0011
Q96DW6,10,0.0011
Q8WVV4,10,0.0011
Q86VR7,10,0.0011
Q01892,10,0.0011
Q70EL3,10,0.0011
P55197,10,0.0011
P31314,10,0.0011
Q3SYB3,10,0.0011
O43525,10,0.0011
O76015,10,0.0011
Q92782,10,0.0011
Q07092,10,0.0011
Q09028,10,0.0011
P98160,10,0.0011
Q08050,10,0.0011
Q96A46,10,0.0011
Q9UBC2,10,0.0011
Q96LB3,10,0.0011
Q8NGS5,10,0.0011
Q92633,10,0.0011
Q5JYT7,10,0.0011
Q9BZE3,10,0.0011
Q7L4E1,10,0.0011
O76009,10,0.0011
O00321,10,0.0011
Q9GZQ6,10,0.0011
Q9HBZ2,10,0.0011
Q15323,10,0.0011
O75900,10,0.0011
Q8NH90,10,0.0011
Q5SNT2,10,0.0011
Q5VW38,10,0.0011
Q5VW36,10,0.0011
Q5MJ10,10,0.0011
Q5T5Y3,10,0.0011
Q8IU57,10,0.0011
P47890,10,0.0011
Q5VTL8,10,0.0011
Q13761,10,0.0011
Q6UXU4,10,0.0011
Q13023,10,0.0011
Q9BXP8,10,0.0011
Q8NG95,10,0.0011
Q96RA2,10,0.0011
Q9BYG8,10,0.0011
Q9UM11,10,0.0011
Q6ZRI8,10,0.0011
Q07343,10,0.0011
Q8IVU1,10,0.0011
Q86Y07,10,0.0011
P31276,10,0.0011
Q9NYI0,10,0.0011
Q96MK3,10,0.0011
Q8N9E0,10,0.0011
O43657,10,0.0011
Q9NVL8,10,0.0011
Q15596,10,0.0011
Q8WUQ7,10,0.0011
Q3C1V0,10,0.0011
P35712,10,0.0011
D3DTV9,10,0.0011
P13747,10,0.0011
Q96QC0,10,0.0011
Q07687,10,0.0011
P09525,10,0.0011
Q9HBM0,10,0.0011
Q06547,10,0.0011
O00716,10,0.0011
Q6IF42,10,0.0011
P57058,10,0.0011
Q9Y639,10,0.0011
Q8TCG1,10,0.0011
Q96P67,10,0.0011
P57682,10,0.0011
Q13183,10,0.0011
Q9H7N4,10,0.0011
P27815,10,0.0011
P19235,10,0.0011
P0DV77,10,0.0011
Q9H6X2,10,0.0011
Q03828,10,0.0011
Q14766,10,0.0011
Q6UX68,10,0.0011
P50219,10,0.0011
P09661,10,0.0011
Q08AE8,10,0.0011
P04217,10,0.0011
Q9NWF4,10,0.0011
Q9UND3,10,0.0011
Q8N5P1,10,0.0011
P62333,10,0.0011
Q6ZN08,10,0.0011
Q6W3E5,10,0.0011
Q14761,10,0.0011
Q9NVQ4,10,0.0011
O14672,10,0.0011
Q02156,10,0.0011
P41595,10,0.0011
Q9H0F5,10,0.0011
Q8WWM7,10,0.0011
Q99581,10,0.0011
P02533,10,0.0011
Q9Y2K7,10,0.0011
Q0D2J5,10,0.0011
Q6PEX7,10,0.0011
Q15369,10,0.0011
Q9NPY3,10,0.0011
Q9H9K5,10,0.0011
Q08722,10,0.0011
P55347,10,0.0011
P30953,10,0.0011
Q86SH2,10,0.0011
A6NMS7,10,0.0011
Q96LP6,10,0.0011
Q8IW41,10,0.0011
P36383,10,0.0011
Q5T197,10,0.0011
P18846,10,0.0011
O43707,10,0.0011
Q96LX7,10,0.0011
Q8HWS3,10,0.0011
P04278,10,0.0011
O95071,10,0.0011
Q69YN4,10,0.0011
Q8NGU2,10,0.0011
Q9NYZ2,10,0.0011
P11597,10,0.0011
A0JNW5,10,0.0011
A3KN83,10,0.0011
O60285,10,0.0011
Q9NYF0,10,0.0011
Q96G79,10,0.0011
Q8IYB5,10,0.0011
Q8IXS0,10,0.0011
Q9H116,10,0.0011
P57059,10,0.0011
Q9UBE8,10,0.0011
Q96FV9,10,0.0011
P28827,10,0.0011
Q5KSL6,10,0.0011
O14804,10,0.0011
Q5TC84,10,0.0011
O15403,10,0.0011
A6NJT0,10,0.0011
Q8N468,10,0.0011
O15503,10,0.0011
Q29980,10,0.0011
Q4VNC1,10,0.0011
Q8N111,10,0.0011
A6NHT5,10,0.0011
Q5TB80,10,0.0011
Q8IVJ1,10,0.0011
Q9H251,10,0.0011
Q9NX95,10,0.0011
Q9BPW4,10,0.0011
Q96QE3,10,0.0011
Q96EI5,10,0.0011
P98095,10,0.0011
Q14533,10,0.0011
Q14774,10,0.0011
Q15835,10,0.0011
Q9H426,10,0.0011
O43427,10,0.0011
P48039,10,0.0011
Q7Z333,10,0.0011
Q9P0U4,10,0.0011
P31152,10,0.0011
O94941,10,0.0011
Q5PRF9,10,0.0011
Q9HBW1,10,0.0011
Q6P9G9,10,0.0011
Q6UX34,10,0.0011
Q96R27,10,0.0011
Q9BSJ6,10,0.0011
Q9Y4D7,10,0.0011
Q9NP50,10,0.0011
Q7Z6L1,10,0.0011
Q9BY31,10,0.0011
Q9UMS6,10,0.0011
Q8WUU8,10,0.0011
P61371,10,0.0011
Q9NRR4,10,0.0011
O15117,10,0.0011
Q8IVW4,10,0.0011
Q8IZX4,10,0.0011
Q8TED4,10,0.0011
Q8N6S4,10,0.0011
Q8TDU6,10,0.0011
Q9BY66,10,0.0011
P0CW01,10,0.0011
Q9UFE4,10,0.0011
Q9BWW8,10,0.0011
B2RXF0,10,0.0011
Q6ZSY5,10,0.0011
Q5SVQ8,10,0.0011
Q14872,10,0.0011
Q9UBY5,10,0.0011
Q9P2F6,10,0.0011
A8MUP6,10,0.0011
Q9UI36,10,0.0011
P47804,10,0.0011
Q7Z443,10,0.0011
Q6J4K2,10,0.0011
Q8WY41,10,0.0011
O75364,10,0.0011
Q7Z403,10,0.0011
Q6Q0C1,10,0.0011
Q9NQC7,10,0.0011
Q9H7L9,10,0.0011
O15198,10,0.0011
O75064,10,0.0011
Q5VWK5,10,0.0011
Q99665,10,0.0011
Q9BQT9,10,0.0011
A6NJ64,10,0.0011
Q9UJV3,10,0.0011
Q5H9R4,10,0.0011
Q4V328,10,0.0011
Q9NWD8,10,0.0011
Q99624,10,0.0011
Q9NS23,10,0.0011
Q8NDT2,10,0.0011
Q9NPB6,10,0.0011
Q6UWI2,10,0.0011
Q14118,10,0.0011
Q9UFB7,10,0.0011
Q3MHD2,10,0.0011
P08727,10,0.0011
Q9UKD1,10,0.0011
Q9H7Y0,10,0.0011
Q15349,9,0.001
Q9BQF6,9,0.001
Q9HCU4,9,0.001
P0DTE7,9,0.001
Q8NFB2,9,0.001
P06396,9,0.001
P0C1H6,9,0.001
A0FGR9,9,0.001
P78524,9,0.001
P63027,9,0.001
Q70UQ0,9,0.001
Q96AV8,9,0.001
Q5VYM1,9,0.001
Q13330,9,0.001
Q8TDF6,9,0.001
Q01081,9,0.001
Q01538,9,0.001
P31391,9,0.001
O43555,9,0.001
P82979,9,0.001
Q8NGE5,9,0.001
A6NDL8,9,0.001
Q9HBE1,9,0.001
Q9BZ11,9,0.001
Q7Z340,9,0.001
P24001,9,0.001
A6NI86,9,0.001
O15529,9,0.001
A8MXY4,9,0.001
O75437,9,0.001
Q96JB3,9,0.001
P29371,9,0.001
Q96GA3,9,0.001
Q9ULB5,9,0.001
Q96C45,9,0.001
Q6NUP7,9,0.001
Q9UKL0,9,0.001
O00409,9,0.001
Q15784,9,0.001
Q9H814,9,0.001
P46721,9,0.001
Q9NRX5,9,0.001
Q04206,9,0.001
Q8N4F4,9,0.001
A6H8M9,9,0.001
P52756,9,0.001
Q8WZ71,9,0.001
Q9UGP4,9,0.001
Q92551,9,0.001
Q8WXX7,9,0.001
Q6IF99,9,0.001
Q9C0D6,9,0.001
Q6P1A2,9,0.001
Q6ZSZ6,9,0.001
Q8N2U9,9,0.001
P41586,9,0.001
Q15049,9,0.001
F5H4A9,9,0.001
Q86VH2,9,0.001
Q9BZI1,9,0.001
P11168,9,0.001
O60902,9,0.001
Q765I0,9,0.001
Q86TL2,9,0.001
Q86TY3,9,0.001
Q63HM2,9,0.001
Q93052,9,0.001
Q14149,9,0.001
P51812,9,0.001
Q8NAC3,9,0.001
Q9HCM3,9,0.001
Q03701,9,0.001
Q2TAK8,9,0.001
Q8TF44,9,0.001
Q5H9L2,9,0.001
Q8N7X1,9,0.001
A0A087WXS9,9,0.001
Q86TS9,9,0.001
Q9NWB6,9,0.001
Q9NS62,9,0.001
B9EJG8,9,0.001
Q96AE4,9,0.001
Q96RR4,9,0.001
Q86UG4,9,0.001
P34981,9,0.001
Q14773,9,0.001
Q9UIS9,9,0.001
O15234,9,0.001
P12314,9,0.001
Q6PI77,9,0.001
Q9ULL4,9,0.001
Q9BYN7,9,0.001
Q969M2,9,0.001
Q5R3F8,9,0.001
O95931,9,0.001
P42695,9,0.001
Q8NFJ5,9,0.001
P62826,9,0.001
Q96HI0,9,0.001
Q9UKA9,9,0.001
E0CX11,9,0.001
Q9NYV7,9,0.001
Q8NGN1,9,0.001
P30825,9,0.001
Q86XN7,9,0.001
Q99504,9,0.001
Q05519,9,0.001
A6PVS8,9,0.001
Q96SC8,9,0.001
O75949,9,0.001
Q86YV0,9,0.001
Q6PJ61,9,0.001
Q8NH54,9,0.001
H3BS89,9,0.001
Q9NYW4,9,0.001
P28288,9,0.001
P08247,9,0.001
Q5VZM2,9,0.001
Q5VV67,9,0.001
Q16352,9,0.001
Q6NUS6,9,0.001
P09493,9,0.001
Q05996,9,0.001
Q6PXP3,9,0.001
Q9GZK6,9,0.001
Q13127,9,0.001
Q12951,9,0.001
Q86V42,9,0.001
Q9ULD5,9,0.001
Q96T37,9,0.001
Q96MV1,9,0.001
P61978,9,0.001
P15336,9,0.001
Q13233,9,0.001
P12235,9,0.001
Q9NVA4,9,0.001
Q6PKC3,9,0.001
O60412,9,0.001
Q8WYB5,9,0.001
P52597,9,0.001
P83881,9,0.001
Q9NS26,9,0.001
Q969G2,9,0.001
Q13487,9,0.001
Q9C0A0,9,0.001
Q9Y5Y3,9,0.001
P28221,9,0.001
O94952,9,0.001
Q14574,9,0.001
O15347,9,0.001
Q13585,9,0.001
Q8NE00,9,0.001
Q9Y228,9,0.001
P27540,9,0.001
P0CG08,9,0.001
O43809,9,0.001
P05023,9,0.001
Q8N123,9,0.001
Q5VT52,9,0.001
Q6ZV29,9,0.001
F2Z333,9,0.001
P17024,9,0.001
Q8WUB2,9,0.001
P17676,9,0.001
O14681,9,0.001
Q93034,9,0.001
Q86YI8,9,0.001
Q5JQF8,9,0.001
O43610,9,0.001
Q8IWG1,9,0.001
O15523,9,0.001
Q9BVG8,9,0.001
Q8N441,9,0.001
P59541,9,0.001
Q15760,9,0.001
Q16581,9,0.001
P29375,9,0.001
Q8WWW8,9,0.001
A6NGZ8,9,0.001
Q96SL1,9,0.001
P46379,9,0.001
Q86TE4,9,0.001
O43791,9,0.001
P18089,9,0.001
P63098,9,0.001
O60359,9,0.001
E9PJ23,9,0.001
Q96JK2,9,0.001
Q8N6W0,9,0.001
A6NJ08,9,0.001
Q8IYL3,9,0.001
Q8TB69,9,0.001
Q9UBR4,9,0.001
Q9H8U3,9,0.001
Q8TC41,9,0.001
Q14164,9,0.001
Q96HA8,9,0.001
Q96N11,9,0.001
Q9Y6R4,9,0.001
Q9ULD4,9,0.001
O14828,9,0.001
O60883,9,0.001
Q8NGX2,9,0.001
P51449,9,0.001
Q5JRA6,9,0.001
O95847,9,0.001
Q8N859,9,0.001
Q6W5P4,9,0.001
Q01726,9,0.001
Q9Y463,9,0.001
Q8N9S9,9,0.001
Q9BZJ6,9,0.001
O43734,9,0.001
P78382,9,0.001
O60330,9,0.001
Q9H6B1,9,0.001
Q9Y2G1,9,0.001
Q8NGL1,9,0.001
O15014,9,0.001
Q99075,9,0.001
P49750,9,0.001
Q14C86,9,0.001
C9JQI7,9,0.001
Q8IUC1,9,0.001
Q9GZY0,9,0.001
A4D0V7,9,0.001
O95258,9,0.001
P49768,9,0.001
P86452,9,0.001
Q96DN6,9,0.001
Q6ZMH5,9,0.001
P63241,9,0.001
Q86YD5,9,0.001
Q8IY85,9,0.001
Q9UL17,9,0.001
P08887,9,0.001
P55081,9,0.001
P84101,9,0.001
Q5HY92,9,0.001
Q99680,9,0.001
Q9UGI8,9,0.001
I3L273,9,0.001
P78413,9,0.001
P12236,9,0.001
Q8NH64,9,0.001
P22732,9,0.001
Q6ICI0,9,0.001
Q8N5F7,9,0.001
P25874,9,0.001
O95155,8,0.0009
O15127,8,0.0009
Q99666,8,0.0009
Q01851,8,0.0009
Q5VTR2,8,0.0009
A2RU30,8,0.0009
P62945,8,0.0009
Q8NHC5,8,0.0009
Q659A1,8,0.0009
Q9UL41,8,0.0009
Q96FC7,8,0.0009
A0AVK6,8,0.0009
Q2M1P5,8,0.0009
P08708,8,0.0009
Q8NHP7,8,0.0009
P23610,8,0.0009
Q9HCE6,8,0.0009
A6NHQ4,8,0.0009
Q86T03,8,0.0009
Q58EX7,8,0.0009
P0C7T3,8,0.0009
Q9Y5P0,8,0.0009
Q8NFZ6,8,0.0009
O60356,8,0.0009
Q5XKR4,8,0.0009
Q96GV9,8,0.0009
Q15043,8,0.0009
Q5VZK9,8,0.0009
O15409,8,0.0009
Q15654,8,0.0009
Q8WUE5,8,0.0009
P0C7M4,8,0.0009
Q96PE3,8,0.0009
P39687,8,0.0009
P59544,8,0.0009
Q969S0,8,0.0009
P58546,8,0.0009
Q9UHE8,8,0.0009
Q9ULJ8,8,0.0009
Q8N3G9,8,0.0009
P20042,8,0.0009
O95096,8,0.0009
O14513,8,0.0009
Q5CZC0,8,0.0009
Q8NC44,8,0.0009
Q53QW1,8,0.0009
P25103,8,0.0009
P16383,8,0.0009
Q8N163,8,0.0009
P52948,8,0.0009
Q9Y2I2,8,0.0009
Q01959,8,0.0009
Q6KC79,8,0.0009
Q9NUR3,8,0.0009
Q9Y6Q9,8,0.0009
Q9Y5Q3,8,0.0009
Q9HAU5,8,0.0009
Q00975,8,0.0009
Q9NTI5,8,0.0009
Q9UKA4,8,0.0009
Q8N614,8,0.0009
P98179,8,0.0009
Q68CR7,8,0.0009
Q96MU7,8,0.0009
A6NNN8,8,0.0009
Q9NRY2,8,0.0009
Q06787,8,0.0009
P34810,8,0.0009
Q92667,8,0.0009
Q9NP59,8,0.0009
Q13873,8,0.0009
Q8N187,8,0.0009
Q63HQ0,8,0.0009
A6NLC5,8,0.0009
P48651,8,0.0009
Q9UHX1,8,0.0009
Q15149,8,0.0009
O60506,8,0.0009
Q9BWU1,8,0.0009
Q8N2W9,8,0.0009
Q9BYI3,8,0.0009
Q14956,8,0.0009
Q8IYN6,8,0.0009
Q9Y5W7,8,0.0009
Q13310,8,0.0009
Q8IU68,8,0.0009
Q9Y4X4,8,0.0009
Q9NSY1,8,0.0009
Q8TF72,8,0.0009
Q9H4S2,8,0.0009
Q5T8P6,8,0.0009
Q8N196,8,0.0009
Q9C0H2,8,0.0009
O43182,8,0.0009
P26583,8,0.0009
Q96KP6,8,0.0009
P57678,8,0.0009
Q96JW4,8,0.0009
Q9H2W1,8,0.0009
Q92615,8,0.0009
O15360,8,0.0009
Q9Y2J0,8,0.0009
Q6ZRT6,8,0.0009
Q0VD83,8,0.0009
Q9NYQ7,8,0.0009
O43237,8,0.0009
Q96H55,8,0.0009
Q96KG9,8,0.0009
Q92614,8,0.0009
P20645,8,0.0009
Q96NZ1,8,0.0009
Q9H2K8,8,0.0009
Q9Y6X8,8,0.0009
Q8N4P6,8,0.0009
O95013,8,0.0009
Q7Z3K6,8,0.0009
P20700,8,0.0009
A6NGB7,8,0.0009
Q5MJ08,8,0.0009
Q92561,8,0.0009
O95365,8,0.0009
P07951,8,0.0009
Q01860,8,0.0009
Q7LBC6,8,0.0009
Q9Y5F0,8,0.0009
Q32M45,8,0.0009
A6NM28,8,0.0009
Q8IXT5,8,0.0009
Q96JF6,8,0.0009
Q76FK4,8,0.0009
P54762,8,0.0009
Q8WVM7,8,0.0009
Q8NA69,8,0.0009
Q96CN4,8,0.0009
P51991,8,0.0009
O43719,8,0.0009
Q7Z3C6,8,0.0009
Q96RD1,8,0.0009
Q96PY6,8,0.0009
Q3LI73,8,0.0009
Q9Y5W9,8,0.0009
Q9NPI8,8,0.0009
Q5VZR2,8,0.0009
Q9C0H5,8,0.0009
Q8NGQ4,8,0.0009
Q86W47,8,0.0009
Q32ZL2,8,0.0009
O75164,8,0.0009
Q9H8W4,8,0.0009
Q9Y4I5,8,0.0009
Q8NFT6,8,0.0009
Q15637,8,0.0009
Q9UQ49,8,0.0009
Q96KR1,8,0.0009
O75396,8,0.0009
Q86XT9,8,0.0009
P61106,8,0.0009
P21453,8,0.0009
Q4G0P3,8,0.0009
Q14157,8,0.0009
Q5BKZ1,8,0.0009
Q5XKL5,8,0.0009
Q16515,8,0.0009
P59538,8,0.0009
Q08554,8,0.0009
P41229,8,0.0009
P14672,8,0.0009
O95996,8,0.0009
P30414,8,0.0009
Q9H159,8,0.0009
Q9H4Z3,8,0.0009
Q8TB68,8,0.0009
Q15025,8,0.0009
Q08174,8,0.0009
Q9BXY0,8,0.0009
P35372,8,0.0009
Q8N148,8,0.0009
O14896,8,0.0009
O00238,8,0.0009
O14979,8,0.0009
P08637,8,0.0009
Q5BJD5,8,0.0009
A6NCW0,8,0.0009
Q6NUJ5,8,0.0009
P45378,8,0.0009
Q9NX31,8,0.0009
P18583,8,0.0009
P83916,8,0.0009
Q3T8J9,8,0.0009
Q92974,8,0.0009
Q9C0D4,8,0.0009
Q8N972,8,0.0009
O14842,8,0.0009
O43143,8,0.0009
Q8NGE0,8,0.0009
P0DMB2,8,0.0009
Q01082,8,0.0009
Q96NY7,8,0.0009
P57054,8,0.0009
Q9H254,8,0.0009
Q66K89,8,0.0009
O95447,8,0.0009
Q8N865,8,0.0009
Q92949,8,0.0009
Q86WX3,8,0.0009
Q96NH3,8,0.0009
Q15262,8,0.0009
Q9ULL5,8,0.0009
Q9NQV6,8,0.0009
P45984,8,0.0009
Q16520,8,0.0009
Q03518,8,0.0009
Q8IYD1,8,0.0009
Q9HBD1,8,0.0009
Q8TDI8,8,0.0009
Q969I6,8,0.0009
Q7Z5N4,8,0.0009
Q6ZWE6,8,0.0009
P20265,8,0.0009
Q8IYR0,8,0.0009
Q16643,8,0.0009
P49841,8,0.0009
A6NGY1,8,0.0009
Q68DQ2,8,0.0009
Q5JPB2,8,0.0009
Q9HBF4,8,0.0009
Q5T8D3,8,0.0009
Q9BQE9,8,0.0009
Q17RC7,8,0.0009
Q9HC10,8,0.0009
D6REC4,8,0.0009
Q8NFZ5,8,0.0009
P20849,8,0.0009
Q8WWB7,8,0.0009
Q96N06,7,0.0008
P32004,7,0.0008
P02749,7,0.0008
Q8N9H8,7,0.0008
Q5TEJ8,7,0.0008
Q15075,7,0.0008
Q9HB63,7,0.0008
Q9BUL5,7,0.0008
Q9Y2T7,7,0.0008
Q96GX1,7,0.0008
O43390,7,0.0008
P13598,7,0.0008
O15541,7,0.0008
P13473,7,0.0008
A6NCK2,7,0.0008
Q86VR8,7,0.0008
Q6UWL2,7,0.0008
Q9H2F5,7,0.0008
Q6JVE9,7,0.0008
P17020,7,0.0008
O75044,7,0.0008
Q99583,7,0.0008
P37288,7,0.0008
O43790,7,0.0008
Q9C0K7,7,0.0008
P36021,7,0.0008
Q5QGS0,7,0.0008
Q86V48,7,0.0008
Q5SSJ5,7,0.0008
P48742,7,0.0008
P69849,7,0.0008
O75150,7,0.0008
P45983,7,0.0008
B2RC85,7,0.0008
Q8NGI3,7,0.0008
Q13064,7,0.0008
Q8NAT2,7,0.0008
Q8TBJ4,7,0.0008
P31273,7,0.0008
Q5T1Q4,7,0.0008
Q7Z4V5,7,0.0008
Q8NGZ2,7,0.0008
Q8NGZ0,7,0.0008
P21802,7,0.0008
A6NEV1,7,0.0008
A0A1B0GTC6,7,0.0008
Q9UPN6,7,0.0008
Q9NT99,7,0.0008
A4FU28,7,0.0008
P12757,7,0.0008
Q96JJ6,7,0.0008
Q8NGK5,7,0.0008
Q8NGF3,7,0.0008
Q16656,7,0.0008
Q8NGT5,7,0.0008
P59551,7,0.0008
A1A5B4,7,0.0008
A4D1B5,7,0.0008
Q9BTE3,7,0.0008
Q7Z6A9,7,0.0008
Q9Y6N7,7,0.0008
Q8IZM8,7,0.0008
Q8TDI7,7,0.0008
Q06495,7,0.0008
Q4G112,7,0.0008
Q8N2I9,7,0.0008
P49918,7,0.0008
Q8N9U0,7,0.0008
Q14767,7,0.0008
Q03052,7,0.0008
Q9H7C4,7,0.0008
P31249,7,0.0008
Q9NYL2,7,0.0008
Q8TDL5,7,0.0008
Q96J02,7,0.0008
P17098,7,0.0008
O75367,7,0.0008
Q96M43,7,0.0008
O00139,7,0.0008
Q03989,7,0.0008
Q8WXI9,7,0.0008
A4D2P6,7,0.0008
Q8IWA4,7,0.0008
Q15714,7,0.0008
Q9Y2L9,7,0.0008
Q9HC56,7,0.0008
P78426,7,0.0008
Q9H5J4,7,0.0008
Q9BRP0,7,0.0008
Q9UIG5,7,0.0008
Q9GZK3,7,0.0008
Q6UY11,7,0.0008
O14649,7,0.0008
P49756,7,0.0008
C9JVW0,7,0.0008
O75751,7,0.0008
Q8WTR8,7,0.0008
O95936,7,0.0008
Q9H5V8,7,0.0008
P55268,7,0.0008
Q6ZUX3,7,0.0008
Q9UM73,7,0.0008
Q0D2K0,7,0.0008
Q96KR4,7,0.0008
O43246,7,0.0008
Q5VT97,7,0.0008
Q9H322,7,0.0008
Q9Y238,7,0.0008
Q15696,7,0.0008
Q6P087,7,0.0008
Q96B23,7,0.0008
Q5U5Q3,7,0.0008
Q7Z2X4,7,0.0008
Q8N9Q2,7,0.0008
Q8N697,7,0.0008
P0CL82,7,0.0008
Q9NX05,7,0.0008
Q9NPI7,7,0.0008
O14495,7,0.0008
Q5VU97,7,0.0008
A0A0U1RQF7,7,0.0008
A5PLK6,7,0.0008
Q96EP5,7,0.0008
Q9HAH1,7,0.0008
P36915,7,0.0008
Q96K37,7,0.0008
Q92794,7,0.0008
Q9Y5P2,7,0.0008
Q17R55,7,0.0008
Q9BVJ6,7,0.0008
Q5MJ09,7,0.0008
Q8NGJ9,7,0.0008
Q8IZF6,7,0.0008
Q00587,7,0.0008
Q14203,7,0.0008
P55286,7,0.0008
P12318,7,0.0008
Q15021,7,0.0008
O75056,7,0.0008
Q8N998,7,0.0008
Q8N414,7,0.0008
Q8N7P1,7,0.0008
A6NEF3,7,0.0008
Q6ZMI0,7,0.0008
Q8IVW6,7,0.0008
Q9HAB3,7,0.0008
Q13118,7,0.0008
Q9P2N5,7,0.0008
Q9NYV8,7,0.0008
P48048,7,0.0008
Q07666,7,0.0008
Q96MS0,7,0.0008
Q9H9S0,7,0.0008
Q63ZE4,7,0.0008
Q8TE12,7,0.0008
Q9Y4D2,7,0.0008
Q8WWN9,7,0.0008
Q8IXL6,7,0.0008
Q9HCM1,7,0.0008
Q8IUX7,7,0.0008
Q5T5S1,7,0.0008
Q5MJ07,7,0.0008
P61956,7,0.0008
Q9HBR0,7,0.0008
Q15619,7,0.0008
Q92959,7,0.0008
Q8IX19,7,0.0008
Q7Z3G6,7,0.0008
Q12815,7,0.0008
P24390,7,0.0008
P53539,7,0.0008
Q86V59,7,0.0008
O43290,7,0.0008
O00559,7,0.0008
P57764,7,0.0008
O00178,7,0.0008
A6NFC5,7,0.0008
P41440,7,0.0008
P67936,7,0.0008
Q9BXI6,7,0.0008
Q96H78,7,0.0008
Q86V25,7,0.0008
C9JE40,7,0.0008
P52594,7,0.0008
Q14050,7,0.0008
P62328,7,0.0008
Q6IC98,7,0.0008
Q8N6C5,7,0.0008
Q5JRV8,7,0.0008
Q6PEV8,7,0.0008
Q9H7P9,7,0.0008
Q92823,7,0.0008
Q24JQ0,7,0.0008
Q99743,7,0.0008
Q8WZA9,7,0.0008
Q05481,7,0.0008
Q92664,7,0.0008
Q5JR59,7,0.0008
A2A2V5,7,0.0008
Q9UBW7,7,0.0008
O43660,7,0.0008
Q15797,7,0.0008
Q12934,7,0.0008
Q9BZJ0,7,0.0008
Q6PUV4,7,0.0008
Q96RL1,7,0.0008
Q8NGV0,7,0.0008
Q8NG31,7,0.0008
Q5FWE3,7,0.0008
A4D1E1,7,0.0008
Q99996,7,0.0008
Q5GH70,7,0.0008
Q9UI40,7,0.0008
Q5H9R7,7,0.0008
Q6NUJ2,7,0.0008
Q8NH80,7,0.0008
P0C091,7,0.0008
P15884,7,0.0008
Q9BXK1,7,0.0008
Q969F8,7,0.0008
O60331,7,0.0008
Q9Y2G9,7,0.0008
Q5HYM0,7,0.0008
Q96HB5,7,0.0008
Q96GT9,7,0.0008
Q9HC52,7,0.0008
O75474,7,0.0008
A5D8W1,7,0.0008
Q14593,7,0.0008
Q8NFU5,7,0.0008
Q15311,7,0.0008
P33032,7,0.0008
Q96CW9,7,0.0008
Q7Z5S9,6,0.0007
Q86UV5,6,0.0007
A6NFU8,6,0.0007
Q9UL54,6,0.0007
Q9NVM6,6,0.0007
P32247,6,0.0007
Q9C0K0,6,0.0007
O60315,6,0.0007
Q6ZP80,6,0.0007
P03915,6,0.0007
Q3LHN0,6,0.0007
Q92729,6,0.0007
Q9NVR0,6,0.0007
Q14209,6,0.0007
O60437,6,0.0007
Q6NX45,6,0.0007
Q9NR61,6,0.0007
Q99081,6,0.0007
Q86VH5,6,0.0007
Q9NQ69,6,0.0007
Q9UEG4,6,0.0007
Q9BYP9,6,0.0007
O76013,6,0.0007
Q9Y388,6,0.0007
P98168,6,0.0007
Q9P1Z0,6,0.0007
O15245,6,0.0007
Q9P2Y4,6,0.0007
Q96IF1,6,0.0007
Q9H400,6,0.0007
C9JI98,6,0.0007
Q9NQR7,6,0.0007
Q6UWH4,6,0.0007
Q13643,6,0.0007
Q9UJ78,6,0.0007
Q6ZRI6,6,0.0007
Q9UBU8,6,0.0007
Q15788,6,0.0007
P19838,6,0.0007
P53007,6,0.0007
P42331,6,0.0007
Q9Y3E1,6,0.0007
Q9H1K4,6,0.0007
Q96P69,6,0.0007
Q92628,6,0.0007
Q6H8Q1,6,0.0007
O14581,6,0.0007
Q03923,6,0.0007
P06127,6,0.0007
Q9UBM1,6,0.0007
O95639,6,0.0007
Q9BYP7,6,0.0007
Q9NVN8,6,0.0007
Q16602,6,0.0007
Q8NDZ6,6,0.0007
P28335,6,0.0007
Q9UP83,6,0.0007
Q9NW13,6,0.0007
Q53EL9,6,0.0007
P17275,6,0.0007
Q6YI46,6,0.0007
Q9Y5G0,6,0.0007
Q14195,6,0.0007
O60486,6,0.0007
Q6P9B9,6,0.0007
Q6IEZ7,6,0.0007
O95600,6,0.0007
A0A087WWA1,6,0.0007
Q96GZ6,6,0.0007
Q9NS84,6,0.0007
Q6UX52,6,0.0007
Q92618,6,0.0007
P51810,6,0.0007
Q5JRC9,6,0.0007
O94804,6,0.0007
Q8N6Y0,6,0.0007
Q8IUW3,6,0.0007
Q53F19,6,0.0007
O15119,6,0.0007
O15525,6,0.0007
Q8WUX1,6,0.0007
Q9UNF1,6,0.0007
Q5T749,6,0.0007
Q9Y3Y2,6,0.0007
O75190,6,0.0007
Q8WVP7,6,0.0007
P50613,6,0.0007
O95294,6,0.0007
Q13242,6,0.0007
P42226,6,0.0007
Q8N660,6,0.0007
Q15431,6,0.0007
Q75QN2,6,0.0007
Q5TIE3,6,0.0007
O76100,6,0.0007
Q8IYI8,6,0.0007
Q9UM63,6,0.0007
P23588,6,0.0007
A6NP11,6,0.0007
Q96LR9,6,0.0007
Q9NYB5,6,0.0007
P19022,6,0.0007
Q02413,6,0.0007
Q8N103,6,0.0007
Q96PU8,6,0.0007
Q8TD20,6,0.0007
O15061,6,0.0007
Q14134,6,0.0007
Q92686,6,0.0007
Q6P1R3,6,0.0007
Q9H5J8,6,0.0007
Q6UX98,6,0.0007
Q6ZWT7,6,0.0007
Q8N8L2,6,0.0007
Q5HY64,6,0.0007
Q6P2D0,6,0.0007
Q14244,6,0.0007
A1L443,6,0.0007
O76062,6,0.0007
Q8NGT2,6,0.0007
Q15843,6,0.0007
O95416,6,0.0007
Q15928,6,0.0007
Q9Y5B6,6,0.0007
Q5DID0,6,0.0007
P57057,6,0.0007
Q9HCK1,6,0.0007
P35916,6,0.0007
Q6IQ21,6,0.0007
P11229,6,0.0007
Q8NE35,6,0.0007
Q8TAU0,6,0.0007
Q8TB22,6,0.0007
Q9Y5V0,6,0.0007
P98182,6,0.0007
P49286,6,0.0007
Q4AC94,6,0.0007
A6NM76,6,0.0007
Q9Y5V3,6,0.0007
P10071,6,0.0007
Q96JC4,6,0.0007
A8MUV8,6,0.0007
Q15937,6,0.0007
Q16538,6,0.0007
Q9NYW3,6,0.0007
C9JRZ8,6,0.0007
P78411,6,0.0007
Q6ZS17,6,0.0007
Q96T25,6,0.0007
P08709,6,0.0007
O43149,6,0.0007
P51116,6,0.0007
O75200,6,0.0007
Q16659,6,0.0007
Q8N7J2,6,0.0007
P17948,6,0.0007
Q8N3U4,6,0.0007
Q8NAX2,6,0.0007
P52630,6,0.0007
O75541,6,0.0007
P33176,6,0.0007
Q96M83,6,0.0007
Q96BF6,6,0.0007
Q5H9E4,6,0.0007
O95838,6,0.0007
A6NGN4,6,0.0007
Q0P670,6,0.0007
P55160,6,0.0007
A6NGC4,6,0.0007
Q14206,6,0.0007
Q7Z2E3,6,0.0007
Q6P5W5,6,0.0007
Q15366,6,0.0007
P09651,6,0.0007
Q8N446,6,0.0007
P55899,6,0.0007
Q8N883,6,0.0007
Q9BWX1,6,0.0007
Q9ULU8,6,0.0007
P49788,6,0.0007
O95503,6,0.0007
O75167,6,0.0007
Q8NFQ6,6,0.0007
Q5VIY5,6,0.0007
P59535,6,0.0007
Q14153,6,0.0007
Q86SQ4,6,0.0007
A6NHP3,6,0.0007
P50336,6,0.0007
B0FP48,6,0.0007
Q9UHC7,6,0.0007
O15370,6,0.0007
Q96NM4,6,0.0007
Q05BQ5,6,0.0007
Q99062,6,0.0007
Q86WZ0,6,0.0007
Q8NCU4,6,0.0007
Q9UIU6,6,0.0007
P41968,6,0.0007
Q5HYK9,6,0.0007
Q96PE6,6,0.0007
Q86T96,6,0.0007
A6NGA9,6,0.0007
Q96EG3,6,0.0007
P62837,6,0.0007
Q8TAC1,6,0.0007
Q86V85,6,0.0007
P98196,6,0.0007
Q9UJU2,6,0.0007
A6NJB7,6,0.0007
Q8NDZ0,6,0.0007
Q9UPZ6,6,0.0007
P55808,6,0.0007
Q8IZU1,6,0.0007
A6NP61,6,0.0007
Q00537,6,0.0007
P27824,6,0.0007
P35716,6,0.0007
Q6BDS2,6,0.0007
O00257,6,0.0007
Q9UHM6,6,0.0007
Q92797,6,0.0007
Q96DN2,6,0.0007
P40763,6,0.0007
P06753,6,0.0007
P27037,6,0.0007
Q8NFT8,6,0.0007
Q9GZN6,6,0.0007
Q13363,6,0.0007
P0DM63,6,0.0007
Q5T7P3,6,0.0007
Q9NPG3,6,0.0007
Q8IXX5,6,0.0007
Q9UBD0,6,0.0007
Q5TC82,6,0.0007
Q96JE7,6,0.0007
Q8WW27,6,0.0007
Q96CX3,6,0.0007
Q7RTV0,6,0.0007
Q86UW7,6,0.0007
P33240,6,0.0007
O60469,5,0.0005
Q96PQ7,5,0.0005
P42702,5,0.0005
P0DMU7,5,0.0005
Q6ZU35,5,0.0005
P34995,5,0.0005
Q9H6I2,5,0.0005
P55327,5,0.0005
Q9BY89,5,0.0005
P56975,5,0.0005
Q9Y6X2,5,0.0005
O43151,5,0.0005
Q8N1G0,5,0.0005
P52954,5,0.0005
Q15361,5,0.0005
Q9Y5Z0,5,0.0005
Q9P1Y5,5,0.0005
Q12816,5,0.0005
Q7Z3K3,5,0.0005
P61236,5,0.0005
Q9Y2T5,5,0.0005
P15514,5,0.0005
Q8WVZ1,5,0.0005
Q8NH76,5,0.0005
Q5JY77,5,0.0005
Q8NG08,5,0.0005
A6NHR9,5,0.0005
P11161,5,0.0005
Q8IYW5,5,0.0005
Q02643,5,0.0005
A0A1B0GTY4,5,0.0005
O15258,5,0.0005
Q05066,5,0.0005
O14545,5,0.0005
Q14151,5,0.0005
P15976,5,0.0005
P08603,5,0.0005
Q9UHH9,5,0.0005
P62495,5,0.0005
A6NL08,5,0.0005
Q96MH7,5,0.0005
Q96T53,5,0.0005
Q8N108,5,0.0005
Q5JRM2,5,0.0005
O14628,5,0.0005
Q9GZU3,5,0.0005
P17026,5,0.0005
Q8WXS5,5,0.0005
P30304,5,0.0005
Q9BSK2,5,0.0005
Q7Z7K2,5,0.0005
A8MUZ8,5,0.0005
Q13474,5,0.0005
P55795,5,0.0005
Q96EK4,5,0.0005
O60381,5,0.0005
Q6NXP2,5,0.0005
P07101,5,0.0005
A5YM69,5,0.0005
O14668,5,0.0005
Q8IVW1,5,0.0005
P26367,5,0.0005
Q96N16,5,0.0005
Q8TB92,5,0.0005
Q96G97,5,0.0005
A0A0J9YY54,5,0.0005
Q5T4F4,5,0.0005
Q8N393,5,0.0005
O60290,5,0.0005
P81534,5,0.0005
P13591,5,0.0005
A6NEM1,5,0.0005
Q15622,5,0.0005
Q14644,5,0.0005
Q96DT0,5,0.0005
Q9P2U7,5,0.0005
Q4VX76,5,0.0005
A6NE01,5,0.0005
Q99959,5,0.0005
Q9P1P5,5,0.0005
Q8NDX6,5,0.0005
Q14008,5,0.0005
Q9Y6N8,5,0.0005
Q9ULC8,5,0.0005
Q8N635,5,0.0005
P57073,5,0.0005
Q9Y232,5,0.0005
Q9NWH9,5,0.0005
Q9H313,5,0.0005
Q0VGE8,5,0.0005
Q01844,5,0.0005
Q5GH77,5,0.0005
Q86VD1,5,0.0005
Q13469,5,0.0005
Q14188,5,0.0005
Q8N3X1,5,0.0005
D6RBM5,5,0.0005
Q96E09,5,0.0005
P07910,5,0.0005
P60153,5,0.0005
Q9UPR5,5,0.0005
P55773,5,0.0005
Q9Y227,5,0.0005
O75110,5,0.0005
Q5T9C9,5,0.0005
Q8N4C9,5,0.0005
Q9UID6,5,0.0005
O14893,5,0.0005
P41214,5,0.0005
P30203,5,0.0005
P30872,5,0.0005
P25929,5,0.0005
Q96RE9,5,0.0005
Q8IXT2,5,0.0005
O43345,5,0.0005
Q8ND24,5,0.0005
Q9BX97,5,0.0005
P01303,5,0.0005
Q8WVE6,5,0.0005
P13645,5,0.0005
Q6QNK2,5,0.0005
Q70J99,5,0.0005
O60337,5,0.0005
P12036,5,0.0005
Q5SVS4,5,0.0005
A0PJE2,5,0.0005
O60779,5,0.0005
Q9UKT4,5,0.0005
Q5M8T2,5,0.0005
P20783,5,0.0005
Q86T75,5,0.0005
Q13459,5,0.0005
Q9NQ40,5,0.0005
Q9Y5R5,5,0.0005
Q9BS34,5,0.0005
P55283,5,0.0005
P17032,5,0.0005
Q9P266,5,0.0005
Q16385,5,0.0005
Q96SR6,5,0.0005
Q9NWN3,5,0.0005
Q96N67,5,0.0005
Q5T3F8,5,0.0005
Q63HK5,5,0.0005
Q8TAX7,5,0.0005
O75346,5,0.0005
P25942,5,0.0005
P56177,5,0.0005
Q96MR9,5,0.0005
A6NL88,5,0.0005
Q9Y3N9,5,0.0005
P48681,5,0.0005
Q96ES6,5,0.0005
P26358,5,0.0005
Q7Z7A1,5,0.0005
Q9H1Y3,5,0.0005
Q6UX82,5,0.0005
A2VDJ0,5,0.0005
Q6ZVX9,5,0.0005
A0AV02,5,0.0005
Q9Y657,5,0.0005
Q00G26,5,0.0005
Q8N6M3,5,0.0005
Q8N4M1,5,0.0005
P07358,5,0.0005
Q9NS56,5,0.0005
P30305,5,0.0005
H3BSY2,5,0.0005
Q9Y219,5,0.0005
Q702N8,5,0.0005
Q9UK33,5,0.0005
Q9BYT1,5,0.0005
Q9NXF7,5,0.0005
Q9UQM7,5,0.0005
Q8NBW4,5,0.0005
Q9P2U8,5,0.0005
Q5T8A7,5,0.0005
Q7Z5K2,5,0.0005
Q9GZP7,5,0.0005
Q9NPC2,5,0.0005
Q9H422,5,0.0005
P0DX00,5,0.0005
A7MBM2,5,0.0005
Q8ND61,5,0.0005
Q92481,5,0.0005
A6NCS6,5,0.0005
Q9UMX9,5,0.0005
Q6ZNH5,5,0.0005
P20273,5,0.0005
P17039,5,0.0005
Q9BRR8,5,0.0005
Q8NDI1,5,0.0005
Q9Y5R2,5,0.0005
Q9NZ53,5,0.0005
P17035,5,0.0005
Q8N8J6,5,0.0005
P09619,5,0.0005
P61278,5,0.0005
P43220,5,0.0005
Q13464,5,0.0005
Q9Y4B6,5,0.0005
Q9Y2G3,5,0.0005
P55289,5,0.0005
Q96HQ0,5,0.0005
Q9BZJ7,5,0.0005
Q92908,5,0.0005
Q9ULF5,5,0.0005
Q86VW1,5,0.0005
A8MTZ7,5,0.0005
P35711,5,0.0005
Q96I25,5,0.0005
Q9NP55,5,0.0005
Q7Z736,5,0.0005
Q9Y6K9,5,0.0005
Q6VY07,5,0.0005
Q8IZ08,5,0.0005
P32245,5,0.0005
P28222,5,0.0005
Q8NGZ6,5,0.0005
Q6P1L5,5,0.0005
Q9Y6M7,5,0.0005
P61964,5,0.0005
Q8NCB2,5,0.0005
A1KXE4,5,0.0005
Q6P499,5,0.0005
Q7Z7K6,5,0.0005
P46020,5,0.0005
O60711,5,0.0005
P48729,5,0.0005
Q7Z402,5,0.0005
Q8NET4,5,0.0005
Q9NS15,5,0.0005
Q4ZIN3,5,0.0005
Q7L1I2,5,0.0005
Q9NYG8,5,0.0005
Q8IZ96,5,0.0005
Q96MC6,5,0.0005
Q9UPW0,5,0.0005
P10398,5,0.0005
Q8NGH8,5,0.0005
Q8IUM7,5,0.0005
P35527,5,0.0005
Q5H9F3,5,0.0005
P59536,5,0.0005
Q12986,5,0.0005
Q96GL9,5,0.0005
Q5VZ46,5,0.0005
O75147,5,0.0005
Q96C28,5,0.0005
P19532,5,0.0005
Q8NI32,5,0.0005
Q96LD1,5,0.0005
Q9H427,5,0.0005
Q3SY17,5,0.0005
Q86UR5,5,0.0005
P15391,5,0.0005
Q9NXF1,5,0.0005
P0DJD7,5,0.0005
Q96BA8,5,0.0005
A6NE52,5,0.0005
O60431,4,0.0004
Q9BY15,4,0.0004
P05783,4,0.0004
Q9H0C3,4,0.0004
Q96MT3,4,0.0004
Q8TCC7,4,0.0004
Q3LI58,4,0.0004
Q2M2I8,4,0.0004
Q8N357,4,0.0004
O14718,4,0.0004
Q9BZW5,4,0.0004
P40424,4,0.0004
Q13886,4,0.0004
Q12851,4,0.0004
P0DJ93,4,0.0004
P08670,4,0.0004
Q13123,4,0.0004
Q8TF76,4,0.0004
P48960,4,0.0004
Q5SY80,4,0.0004
Q9H4D0,4,0.0004
Q6ZRP0,4,0.0004
Q5VTY9,4,0.0004
P78347,4,0.0004
P15408,4,0.0004
Q53SZ7,4,0.0004
P32926,4,0.0004
Q6NTF9,4,0.0004
P35637,4,0.0004
Q6UXD7,4,0.0004
Q9Y2Q1,4,0.0004
P17038,4,0.0004
O95644,4,0.0004
Q6L9T8,4,0.0004
Q7Z2G1,4,0.0004
Q8NFU7,4,0.0004
Q711Q0,4,0.0004
Q93074,4,0.0004
Q86VM9,4,0.0004
Q8IWB4,4,0.0004
Q8NDA8,4,0.0004
Q9NSA0,4,0.0004
Q8IYJ3,4,0.0004
O15111,4,0.0004
Q92837,4,0.0004
Q6PF04,4,0.0004
Q6NSX1,4,0.0004
A0A1W2PPF3,4,0.0004
Q4G0T1,4,0.0004
Q9H2G2,4,0.0004
Q8NGT9,4,0.0004
P38159,4,0.0004
P30291,4,0.0004
P50539,4,0.0004
P22694,4,0.0004
Q9ULT6,4,0.0004
P21917,4,0.0004
Q9BXQ6,4,0.0004
Q96Q04,4,0.0004
Q15424,4,0.0004
P0DMW3,4,0.0004
O95359,4,0.0004
Q7Z7L9,4,0.0004
O00634,4,0.0004
Q2M2E3,4,0.0004
P40222,4,0.0004
Q8IY22,4,0.0004
Q6ZU69,4,0.0004
Q9BZC7,4,0.0004
C9J069,4,0.0004
Q7RTV3,4,0.0004
Q9Y6X0,4,0.0004
Q6UX01,4,0.0004
O94850,4,0.0004
P35968,4,0.0004
Q08499,4,0.0004
Q9Y2C2,4,0.0004
Q8TB52,4,0.0004
Q9H1R2,4,0.0004
Q8TAW3,4,0.0004
Q9H6L5,4,0.0004
Q06418,4,0.0004
Q92541,4,0.0004
D6RBQ6,4,0.0004
A0A1W2PQ73,4,0.0004
Q15270,4,0.0004
P52732,4,0.0004
Q96QF7,4,0.0004
Q13421,4,0.0004
Q96IC2,4,0.0004
O95251,4,0.0004
Q2TBC4,4,0.0004
P0C671,4,0.0004
Q14686,4,0.0004
Q6P2H3,4,0.0004
O43663,4,0.0004
Q02086,4,0.0004
Q9UKJ3,4,0.0004
O15151,4,0.0004
Q9H8G1,4,0.0004
P08908,4,0.0004
O15090,4,0.0004
Q96LX8,4,0.0004
Q3LI63,4,0.0004
P53794,4,0.0004
B4DX44,4,0.0004
Q9NQZ7,4,0.0004
Q9H2X6,4,0.0004
O95628,4,0.0004
P56179,4,0.0004
Q5JTJ3,4,0.0004
Q9GZM5,4,0.0004
P0C881,4,0.0004
Q9Y267,4,0.0004
P31943,4,0.0004
P08912,4,0.0004
Q5VV52,4,0.0004
Q9UGQ3,4,0.0004
Q6AZW8,4,0.0004
Q8N9V7,4,0.0004
Q5T036,4,0.0004
O00180,4,0.0004
Q03519,4,0.0004
P29692,4,0.0004
P10075,4,0.0004
Q8IZU8,4,0.0004
P57103,4,0.0004
O75145,4,0.0004
O95625,4,0.0004
Q9H2S5,4,0.0004
Q9Y6G9,4,0.0004
P0DPF3,4,0.0004
Q9UC06,4,0.0004
Q9BPY8,4,0.0004
Q5SRH9,4,0.0004
Q6ZR62,4,0.0004
Q9Y5N1,4,0.0004
P59827,4,0.0004
Q96ST2,4,0.0004
C9JFL3,4,0.0004
Q14202,4,0.0004
Q9HAV5,4,0.0004
O15394,4,0.0004
Q9UH90,4,0.0004
Q9GZX5,4,0.0004
Q9P1W3,4,0.0004
Q8NCA9,4,0.0004
A2AJT9,4,0.0004
Q96ND8,4,0.0004
Q8NC51,4,0.0004
Q8N4W9,4,0.0004
Q9Y2I6,4,0.0004
Q15942,4,0.0004
Q96BV0,4,0.0004
Q9NUT2,4,0.0004
O95528,4,0.0004
Q7L2R6,4,0.0004
Q86U42,4,0.0004
Q495Y8,4,0.0004
O00422,4,0.0004
Q99650,4,0.0004
Q5TGP6,4,0.0004
Q9BQJ4,4,0.0004
P11387,4,0.0004
P25791,4,0.0004
Q3LI70,4,0.0004
P62877,4,0.0004
Q8IUC2,4,0.0004
Q5SSG8,4,0.0004
O60443,4,0.0004
Q9BXJ4,4,0.0004
A0A1B0GVH7,4,0.0004
Q15415,4,0.0004
P04001,4,0.0004
P51617,4,0.0004
Q86YJ5,4,0.0004
Q8WV15,4,0.0004
P41970,4,0.0004
Q8NEQ6,4,0.0004
Q96G74,4,0.0004
O75334,4,0.0004
Q9C0B6,4,0.0004
O14920,4,0.0004
Q9H7E2,4,0.0004
Q9UKI8,4,0.0004
Q5T4D3,4,0.0004
Q8WUM9,4,0.0004
O60725,4,0.0004
A1L020,4,0.0004
Q9NSD4,4,0.0004
O14511,4,0.0004
P98175,4,0.0004
Q8NHX4,4,0.0004
O75928,4,0.0004
P46019,4,0.0004
A1L429,4,0.0004
O60828,4,0.0004
P08174,4,0.0004
Q9H7X3,4,0.0004
Q7Z4F1,4,0.0004
P41161,4,0.0004
Q8IYB9,4,0.0004
Q13620,4,0.0004
B4DXR9,4,0.0004
P18825,4,0.0004
P23515,4,0.0004
Q9C0B0,4,0.0004
Q9NYW1,4,0.0004
Q15427,4,0.0004
Q8N8K9,4,0.0004
P50458,4,0.0004
O14578,4,0.0004
Q8N3J9,4,0.0004
Q9UGN5,4,0.0004
Q8NH40,4,0.0004
Q9BXL5,4,0.0004
P30622,4,0.0004
A0A1B0GV03,4,0.0004
Q9NZD1,4,0.0004
Q9H714,4,0.0004
Q15915,4,0.0004
O75494,4,0.0004
Q86TB9,4,0.0004
Q9BY77,4,0.0004
O95696,4,0.0004
Q03431,4,0.0004
A0A494BZU4,4,0.0004
Q01130,4,0.0004
Q14558,4,0.0004
Q92817,4,0.0004
Q13938,4,0.0004
Q86TH1,4,0.0004
Q6KCM7,4,0.0004
Q6ZSJ9,4,0.0004
Q96LA6,4,0.0004
Q2T9K0,4,0.0004
Q9GZK4,4,0.0004
P25325,4,0.0004
P52564,4,0.0004
P43251,4,0.0004
Q2VPA4,4,0.0004
Q12830,4,0.0004
Q5XXA6,4,0.0004
Q13651,4,0.0004
Q8N6Y1,4,0.0004
P49640,4,0.0004
P48431,4,0.0004
D6RGX4,4,0.0004
Q13435,4,0.0004
Q9UH92,4,0.0004
Q70IA6,4,0.0004
Q58EX2,4,0.0004
Q05086,4,0.0004
A2RTY3,4,0.0004
Q13164,4,0.0004
Q8NDQ6,3,0.0003
Q86XF7,3,0.0003
Q8WUU4,3,0.0003
Q13976,3,0.0003
Q16204,3,0.0003
Q14865,3,0.0003
Q9Y6F6,3,0.0003
Q6P1N0,3,0.0003
Q8IYN0,3,0.0003
Q8TD23,3,0.0003
Q16650,3,0.0003
Q8WU58,3,0.0003
P54750,3,0.0003
Q06730,3,0.0003
Q8NCK3,3,0.0003
Q5VW22,3,0.0003
P08913,3,0.0003
A0MZ66,3,0.0003
Q8NI27,3,0.0003
P0DN77,3,0.0003
Q92543,3,0.0003
P37088,3,0.0003
Q86VB7,3,0.0003
Q8TAL5,3,0.0003
Q9ULQ1,3,0.0003
P51608,3,0.0003
Q8TC17,3,0.0003
Q99935,3,0.0003
O95409,3,0.0003
Q9NVC3,3,0.0003
Q9P055,3,0.0003
Q496J9,3,0.0003
Q8NHX9,3,0.0003
P17947,3,0.0003
Q96A29,3,0.0003
Q8IWX8,3,0.0003
Q3LHN2,3,0.0003
Q7L0X2,3,0.0003
P78332,3,0.0003
P17677,3,0.0003
Q9H2H9,3,0.0003
A6NMB9,3,0.0003
Q9C0I4,3,0.0003
C9JLR9,3,0.0003
Q96S37,3,0.0003
Q9H1U9,3,0.0003
Q8IVM8,3,0.0003
Q8NC26,3,0.0003
Q9C040,3,0.0003
A6NDK9,3,0.0003
Q6ZU80,3,0.0003
Q8TF50,3,0.0003
Q9BYE9,3,0.0003
P10914,3,0.0003
O95235,3,0.0003
Q96AA8,3,0.0003
P07550,3,0.0003
O95201,3,0.0003
P0C0S5,3,0.0003
P11831,3,0.0003
Q9UK97,3,0.0003
Q96JC1,3,0.0003
O94892,3,0.0003
Q96DR5,3,0.0003
Q8TB72,3,0.0003
Q6ZRH7,3,0.0003
Q8NE63,3,0.0003
O60281,3,0.0003
A7XYQ1,3,0.0003
Q96Q35,3,0.0003
P10242,3,0.0003
O15244,3,0.0003
O15417,3,0.0003
O43172,3,0.0003
P84103,3,0.0003
O95863,3,0.0003
Q9BWV1,3,0.0003
Q9NV64,3,0.0003
Q9HCZ1,3,0.0003
P36402,3,0.0003
Q96Q91,3,0.0003
Q8N8E2,3,0.0003
Q6UWP7,3,0.0003
Q15973,3,0.0003
Q86TI2,3,0.0003
Q9BZW7,3,0.0003
Q08ER8,3,0.0003
Q8IVP9,3,0.0003
Q7Z398,3,0.0003
Q96LM9,3,0.0003
Q13247,3,0.0003
Q6ZTQ3,3,0.0003
Q17RF5,3,0.0003
Q8NDX1,3,0.0003
Q8TD16,3,0.0003
Q9Y2H8,3,0.0003
Q9NRE2,3,0.0003
A6NCC3,3,0.0003
Q5TCY1,3,0.0003
P0DMU8,3,0.0003
Q5VYS8,3,0.0003
Q8NE09,3,0.0003
O94772,3,0.0003
Q07955,3,0.0003
Q5T1R4,3,0.0003
A6NM11,3,0.0003
Q96NJ6,3,0.0003
Q96EK2,3,0.0003
Q3LI62,3,0.0003
Q6ZNI0,3,0.0003
P10244,3,0.0003
Q16206,3,0.0003
Q9NUK0,3,0.0003
P54257,3,0.0003
Q9NYV4,3,0.0003
Q9UI08,3,0.0003
Q86X51,3,0.0003
O95918,3,0.0003
Q7RTR8,3,0.0003
Q8NEM1,3,0.0003
Q01196,3,0.0003
O95436,3,0.0003
Q3ZCT1,3,0.0003
Q9NX61,3,0.0003
O75373,3,0.0003
Q8IWV1,3,0.0003
Q8NB59,3,0.0003
Q9ULV3,3,0.0003
Q8IZE3,3,0.0003
A6NCN8,3,0.0003
O75969,3,0.0003
Q9NSC2,3,0.0003
Q8N412,3,0.0003
P0DUD3,3,0.0003
P50549,3,0.0003
O95772,3,0.0003
Q8NGC5,3,0.0003
Q8ND23,3,0.0003
Q15041,3,0.0003
P81408,3,0.0003
A6NFX1,3,0.0003
P08F94,3,0.0003
Q9NR56,3,0.0003
Q7Z7F0,3,0.0003
Q8N7E2,3,0.0003
O15165,3,0.0003
P98174,3,0.0003
O60840,3,0.0003
Q14671,3,0.0003
Q14031,3,0.0003
P48436,3,0.0003
Q14980,3,0.0003
A8MXQ7,3,0.0003
Q8NCN4,3,0.0003
Q96JE9,3,0.0003
Q6Q759,3,0.0003
Q9HBT6,3,0.0003
P29400,3,0.0003
Q693B1,3,0.0003
O60248,3,0.0003
Q9BYJ1,3,0.0003
Q2WGJ9,3,0.0003
Q6XUX3,3,0.0003
Q6ZMY9,3,0.0003
Q8IVQ6,3,0.0003
Q8TDW5,3,0.0003
P04075,3,0.0003
Q8TB05,3,0.0003
Q01954,3,0.0003
Q9Y2Y9,3,0.0003
O94986,3,0.0003
Q9UK32,3,0.0003
O75309,3,0.0003
P19419,3,0.0003
Q8ND82,3,0.0003
Q8IWC1,3,0.0003
Q99576,3,0.0003
P05141,3,0.0003
Q5JQC4,3,0.0003
Q9Y3S2,3,0.0003
Q99217,3,0.0003
Q02297,3,0.0003
Q9H7S9,3,0.0003
Q8NCC5,3,0.0003
Q5TD97,3,0.0003
O15354,3,0.0003
P62256,3,0.0003
Q9UHJ9,3,0.0003
Q96GC9,3,0.0003
Q6P1M9,3,0.0003
Q8WXK4,3,0.0003
Q14103,3,0.0003
P61077,3,0.0003
A6NHN6,3,0.0003
Q7Z6M3,3,0.0003
Q969W3,3,0.0003
Q15233,3,0.0003
A6NNM3,3,0.0003
P07333,3,0.0003
Q8N9B5,3,0.0003
Q6ZNA1,3,0.0003
Q14004,3,0.0003
Q9BS86,3,0.0003
O75116,3,0.0003
O14576,3,0.0003
Q96P63,3,0.0003
P27918,3,0.0003
Q8TCT6,3,0.0003
Q9NQR1,3,0.0003
Q9NWQ8,3,0.0003
P20020,3,0.0003
Q13151,3,0.0003
P50747,3,0.0003
H3BUK9,3,0.0003
Q8IXK0,3,0.0003
Q6IQ55,3,0.0003
Q8NGS0,3,0.0003
Q08378,3,0.0003
O75387,3,0.0003
P43116,3,0.0003
P0C221,3,0.0003
P28223,3,0.0003
Q96JM3,3,0.0003
Q96MU8,3,0.0003
Q5THK1,3,0.0003
Q17RY0,3,0.0003
Q96PV7,3,0.0003
Q86TW2,3,0.0003
Q1XH10,3,0.0003
Q9P2B2,3,0.0003
P08151,3,0.0003
Q8IXL7,3,0.0003
Q9Y5W3,3,0.0003
P35368,3,0.0003
P51858,3,0.0003
Q96P31,3,0.0003
P23352,3,0.0003
Q9BWW9,3,0.0003
Q9BYE3,3,0.0003
O95196,3,0.0003
Q7Z418,3,0.0003
Q969W9,3,0.0003
Q06945,3,0.0003
Q9NS67,3,0.0003
Q96LA5,3,0.0003
Q96PX1,2,0.0002
Q6ZMZ3,2,0.0002
Q8IXH7,2,0.0002
Q99218,2,0.0002
Q9BZA7,2,0.0002
Q9UN76,2,0.0002
P43362,2,0.0002
Q9C0B5,2,0.0002
Q9BUA3,2,0.0002
Q9NQW7,2,0.0002
O00327,2,0.0002
Q8IWS0,2,0.0002
P0CG37,2,0.0002
Q96CS4,2,0.0002
P62995,2,0.0002
Q8TBJ5,2,0.0002
P55201,2,0.0002
Q6ZNL6,2,0.0002
O15084,2,0.0002
P61328,2,0.0002
Q8TBZ8,2,0.0002
P43119,2,0.0002
Q9H0D2,2,0.0002
Q9UJT2,2,0.0002
Q8IYS4,2,0.0002
Q96KM6,2,0.0002
Q9HB15,2,0.0002
Q2M3C6,2,0.0002
Q5VVP1,2,0.0002
Q6T423,2,0.0002
P15822,2,0.0002
Q9NQ86,2,0.0002
Q13304,2,0.0002
O60282,2,0.0002
P53779,2,0.0002
Q96CB8,2,0.0002
P17036,2,0.0002
B2CW77,2,0.0002
P49454,2,0.0002
Q8IYJ0,2,0.0002
P54259,2,0.0002
P54253,2,0.0002
P0DMS8,2,0.0002
P0DMS9,2,0.0002
Q7L0J3,2,0.0002
Q96LL3,2,0.0002
Q5TGY3,2,0.0002
Q6P1W5,2,0.0002
Q9NNZ6,2,0.0002
P30518,2,0.0002
Q7L4S7,2,0.0002
P34910,2,0.0002
Q8NDV7,2,0.0002
Q9P2F9,2,0.0002
Q8NFA2,2,0.0002
Q96L94,2,0.0002
Q6V1X1,2,0.0002
Q8WXW3,2,0.0002
Q96P66,2,0.0002
P35408,2,0.0002
Q6IV72,2,0.0002
Q9Y305,2,0.0002
Q92613,2,0.0002
Q12766,2,0.0002
Q6W2J9,2,0.0002
P51786,2,0.0002
O43900,2,0.0002
Q6P2I7,2,0.0002
Q96P26,2,0.0002
Q9NUN5,2,0.0002
P23246,2,0.0002
Q9H2C1,2,0.0002
Q8IY34,2,0.0002
O95758,2,0.0002
A6NNL0,2,0.0002
Q8N3Z6,2,0.0002
A8MZA4,2,0.0002
P0CJ92,2,0.0002
Q13243,2,0.0002
Q9H2P0,2,0.0002
Q9BZ23,2,0.0002
Q8N488,2,0.0002
P56693,2,0.0002
Q9H6K5,2,0.0002
Q5TCM9,2,0.0002
Q9NPG8,2,0.0002
P36508,2,0.0002
Q86VY9,2,0.0002
Q9C030,2,0.0002
Q96EV2,2,0.0002
P07942,2,0.0002
P60893,2,0.0002
Q9BWN1,2,0.0002
O00400,2,0.0002
B7Z1M9,2,0.0002
O14633,2,0.0002
Q5TA79,2,0.0002
B3SHH9,2,0.0002
Q3KP66,2,0.0002
Q6ZQR2,2,0.0002
A0A075B700,2,0.0002
P43699,2,0.0002
P0C7X1,2,0.0002
Q03164,2,0.0002
Q7L7X3,2,0.0002
P18627,2,0.0002
P0DUD4,2,0.0002
A0A075B6S0,2,0.0002
A0A075B6L2,2,0.0002
Q15007,2,0.0002
A7MD48,2,0.0002
P21918,2,0.0002
Q86Z02,2,0.0002
Q8N350,2,0.0002
P47897,2,0.0002
P41091,2,0.0002
A6NM10,2,0.0002
Q75N03,2,0.0002
P17480,2,0.0002
Q12864,2,0.0002
C9JL84,2,0.0002
Q5H8C1,2,0.0002
P35580,2,0.0002
O95631,2,0.0002
P30559,2,0.0002
P26368,2,0.0002
Q8TAU3,2,0.0002
P35713,2,0.0002
Q13573,2,0.0002
Q8TBA6,2,0.0002
A8K0R7,2,0.0002
Q6ZSS3,2,0.0002
Q92766,2,0.0002
A0A0J9YX94,2,0.0002
P0C0L4,2,0.0002
P19320,2,0.0002
Q9UHF7,2,0.0002
Q7Z7G8,2,0.0002
P67809,2,0.0002
Q8N0U2,2,0.0002
Q9BZM2,2,0.0002
Q96LQ0,2,0.0002
Q15723,2,0.0002
Q96MM3,2,0.0002
Q3ZCQ2,2,0.0002
O94886,2,0.0002
Q9GZP8,2,0.0002
Q8WWG9,2,0.0002
Q92629,2,0.0002
Q96F07,2,0.0002
Q86YN6,2,0.0002
O75467,2,0.0002
Q8TDR2,2,0.0002
Q01105,2,0.0002
O95279,2,0.0002
Q6ZW05,2,0.0002
A4D2H0,2,0.0002
Q9GZN0,2,0.0002
Q5VTL7,2,0.0002
Q9H1V8,2,0.0002
Q12968,2,0.0002
Q9NVW2,2,0.0002
Q96SK3,2,0.0002
A0PJY2,2,0.0002
O95239,2,0.0002
Q6ZRQ5,2,0.0002
Q86T29,2,0.0002
Q29RF7,2,0.0002
Q6ZN55,2,0.0002
Q96M93,2,0.0002
P0DUH7,2,0.0002
Q96RD9,2,0.0002
P80723,2,0.0002
Q99717,2,0.0002
Q96JN0,2,0.0002
Q7Z406,2,0.0002
I3L1E1,2,0.0002
Q9BSK1,2,0.0002
Q8N782,2,0.0002
C9JSJ3,2,0.0002
A0A1B0GVG4,2,0.0002
Q8TAF7,2,0.0002
Q8N184,2,0.0002
Q96SL8,2,0.0002
Q8NAM6,2,0.0002
Q9BYT3,2,0.0002
Q9UGM3,2,0.0002
Q8IU80,2,0.0002
Q9P2N6,2,0.0002
Q9H3C7,2,0.0002
A0A087X1G2,2,0.0002
Q8IYB3,2,0.0002
Q9Y2A7,2,0.0002
P20073,2,0.0002
Q5VTD9,2,0.0002
Q504Y0,2,0.0002
Q8N4V2,2,0.0002
Q96L91,2,0.0002
P32519,2,0.0002
Q12912,2,0.0002
Q96QD8,2,0.0002
Q92630,2,0.0002
Q86UT5,2,0.0002
Q99638,2,0.0002
Q6NX49,2,0.0002
Q8IVC4,2,0.0002
Q96A57,2,0.0002
Q6ZTR5,2,0.0002
Q9Y653,2,0.0002
P0C7T8,2,0.0002
Q9NQX6,2,0.0002
Q3MJ13,2,0.0002
O75925,2,0.0002
P0CB33,2,0.0002
Q8IYX0,2,0.0002
Q96KC9,2,0.0002
Q9NPA1,2,0.0002
Q86VQ0,2,0.0002
P0CG40,2,0.0002
Q9NUL5,2,0.0002
Q8IZM9,2,0.0002
Q9UC07,2,0.0002
O94818,2,0.0002
Q9HCE3,2,0.0002
Q92754,2,0.0002
O43164,2,0.0002
Q9H2X9,2,0.0002
Q96C55,2,0.0002
Q14498,2,0.0002
D6RF30,2,0.0002
O75533,2,0.0002
Q4J6C6,2,0.0002
Q9P2K3,2,0.0002
O00470,2,0.0002
P19338,2,0.0002
Q9Y2W1,2,0.0002
Q8WVF1,2,0.0002
P30085,2,0.0002
Q17RM4,2,0.0002
Q9Y5R6,2,0.0002
P35030,2,0.0002
Q15884,2,0.0002
Q9P243,2,0.0002
P10243,2,0.0002
Q96JH7,2,0.0002
Q86UP3,2,0.0002
A0A0A0MTA7,2,0.0002
A0A0B4J200,2,0.0002
Q8N9C0,2,0.0002
Q8NH81,1,0.0001
Q3LI66,1,0.0001
Q13491,1,0.0001
Q3LI59,1,0.0001
Q02040,1,0.0001
P29274,1,0.0001
P0CJ78,1,0.0001
P41235,1,0.0001
Q9BQY9,1,0.0001
Q9H4Z2,1,0.0001
Q9UJ99,1,0.0001
O75362,1,0.0001
Q8IYF3,1,0.0001
Q8N3J3,1,0.0001
Q8NHY0,1,0.0001
P78383,1,0.0001
Q53H64,1,0.0001
Q86WR6,1,0.0001
P25391,1,0.0001
Q9H3N8,1,0.0001
Q68EA5,1,0.0001
Q15935,1,0.0001
A6NDZ8,1,0.0001
Q96NG5,1,0.0001
P16415,1,0.0001
C9JN71,1,0.0001
P61129,1,0.0001
P25101,1,0.0001
Q9UBX7,1,0.0001
Q14194,1,0.0001
P05362,1,0.0001
Q9UMF0,1,0.0001
Q86VF2,1,0.0001
P27987,1,0.0001
E9PIF3,1,0.0001
Q9UJ42,1,0.0001
P16150,1,0.0001
Q6P3W6,1,0.0001
P38405,1,0.0001
A0A286YEX9,1,0.0001
Q9ULE0,1,0.0001
Q14524,1,0.0001
P23443,1,0.0001
Q86UE8,1,0.0001
Q14162,1,0.0001
Q6Q8B3,1,0.0001
Q9UIH9,1,0.0001
P62633,1,0.0001
Q96RV3,1,0.0001
Q86VK4,1,0.0001
Q8N966,1,0.0001
Q8N9Y4,1,0.0001
Q96BY7,1,0.0001
Q53TS8,1,0.0001
P08047,1,0.0001
Q8NGA8,1,0.0001
O15055,1,0.0001
Q6ZNG0,1,0.0001
Q9UFP1,1,0.0001
Q86UQ0,1,0.0001
P30939,1,0.0001
O43497,1,0.0001
Q86UE4,1,0.0001
Q86VI4,1,0.0001
Q8N2R0,1,0.0001
Q8N573,1,0.0001
Q6ZN30,1,0.0001
Q99729,1,0.0001
A1A5C7,1,0.0001
O75953,1,0.0001
Q8IY63,1,0.0001
Q02505,1,0.0001
O43374,1,0.0001
P78362,1,0.0001
Q6ZTQ4,1,0.0001
E9PI22,1,0.0001
P07197,1,0.0001
Q9BZE0,1,0.0001
E9PJI5,1,0.0001
Q96MX3,1,0.0001
Q9H5H4,1,0.0001
P48552,1,0.0001
Q8WYQ5,1,0.0001
Q96KN8,1,0.0001
Q9P2S2,1,0.0001
Q5TA82,1,0.0001
Q5VU65,1,0.0001
Q9BZQ8,1,0.0001
Q5HYN5,1,0.0001
O60721,1,0.0001
Q92610,1,0.0001
Q96CC6,1,0.0001
Q96RY5,1,0.0001
P10911,1,0.0001
P41225,1,0.0001
P0CW24,1,0.0001
Q8NFW5,1,0.0001
O75061,1,0.0001
Q96PB7,1,0.0001
Q5VWQ0,1,0.0001
O00512,1,0.0001
Q86VP3,1,0.0001
P0DMR2,1,0.0001
Q53R12,1,0.0001
Q9NZI2,1,0.0001
O43623,1,0.0001
Q9Y6F7,1,0.0001
Q9UKU0,1,0.0001
P43694,1,0.0001
Q9Y261,1,0.0001
Q13427,1,0.0001
Q9NY74,1,0.0001
P0CJ79,1,0.0001
A8MUX0,1,0.0001
Q8IX94,1,0.0001
Q9UHC6,1,0.0001
P78381,1,0.0001
Q00872,1,0.0001
Q96T68,1,0.0001
O43474,1,0.0001
Q53RT3,1,0.0001
P37275,1,0.0001
F8WBI6,1,0.0001
O75840,1,0.0001
P16220,1,0.0001
Q9NZM1,1,0.0001
Q969W1,1,0.0001
Q14CX5,1,0.0001
Q86SQ6,1,0.0001
P14921,1,0.0001
Q6ZN79,1,0.0001
Q86W92,1,0.0001
Q96RI1,1,0.0001
Q9Y2U2,1,0.0001
P0DPI4,1,0.0001
Q8TC21,1,0.0001
A8MXJ8,1,0.0001
P40426,1,0.0001
Q9H8H2,1,0.0001
Q8NDW4,1,0.0001
Q5T0T0,1,0.0001
Q07352,1,0.0001
P0C0L5,1,0.0001
P51825,1,0.0001
Q17R98,1,0.0001
Q86VE9,1,0.0001
P23508,1,0.0001
E7EW31,1,0.0001
A0A1B0GW64,1,0.0001
O15079,1,0.0001
Q9BV73,1,0.0001
Q9H3H3,1,0.0001
Q13523,1,0.0001
Q92833,1,0.0001
Q8N684,1,0.0001
Q4U2R8,1,0.0001
Q5TYW1,1,0.0001
O75376,1,0.0001
P98177,1,0.0001
Q685J3,1,0.0001
Q6NSI4,1,0.0001
O60477,1,0.0001
Q3SY52,1,0.0001
Q13106,1,0.0001
Q9H707,1,0.0001
Q9UPP1,1,0.0001
Q3SYF9,1,0.0001
A6NJZ7,1,0.0001
Q96PS1,1,0.0001
Q9NR48,1,0.0001
P17023,1,0.0001
Q15276,1,0.0001
O15534,1,0.0001
Q99607,1,0.0001
A0A1B0GVX0,1,0.0001
Q3LI54,1,0.0001
O60287,1,0.0001
Q9NYP3,1,0.0001
P0C5Z0,1,0.0001
P0C7Q2,1,0.0001
Q6ZN06,1,0.0001
Q86UP0,1,0.0001
Q14126,1,0.0001
Q7Z570,1,0.0001
Q9P0X4,1,0.0001
Q9HCI5,1,0.0001
Q6PP77,1,0.0001
Q5H9L4,1,0.0001
Q5H9M0,1,0.0001
Q6UXA7,1,0.0001
Q9Y6E0,1,0.0001
O00570,1,0.0001
Q92804,1,0.0001
P35680,1,0.0001
Q13936,1,0.0001
P0DPR3,1,0.0001
A0A075B6Y9,1,0.0001
Q9NW64,1,0.0001
Q8NDC0,1,0.0001
O00476,1,0.0001
Q6U7Q0,1,0.0001
Q99676,1,0.0001
O75445,1,0.0001
O94880,1,0.0001
Q8IXM6,1,0.0001
P12270,1,0.0001
Q08AD1,1,0.0001
Q5VT25,1,0.0001
Q5SXM1,1,0.0001
Q9NZ56,1,0.0001
Q9ULI0,1,0.0001
P14416,1,0.0001
Q9NS66,1,0.0001
Q8N3T6,1,0.0001
P29376,1,0.0001
Q8IWY9,1,0.0001
Q5UAW9,1,0.0001
Q9P2K9,1,0.0001
Q08170,1,0.0001
Q6VUC0,1,0.0001
A4FU49,1,0.0001
Q9Y2J4,1,0.0001
Q96CQ1,1,0.0001
Q70Z44,1,0.0001
A8MUK1,1,0.0001
A4UGR9,1,0.0001
Q15796,1,0.0001
Q6ZN18,1,0.0001
Q8NA58,1,0.0001
P22626,1,0.0001
Q96HA1,1,0.0001
Q9UDT6,1,0.0001
Q6PCB5,1,0.0001
Q5FWF6,1,0.0001
P01614,1,0.0001
A0AVI2,1,0.0001
Q8NBZ7,1,0.0001
Q5T601,1,0.0001
Q7Z6R9,1,0.0001
P21554,1,0.0001
Q9NYF8,1,0.0001
Q9UBI9,1,0.0001
Q02952,1,0.0001
Q92753,1,0.0001
Q9H8X2,1,0.0001
Q6E0U4,1,0.0001
Q9H936,1,0.0001
Q96JA4,1,0.0001
Q8WVR3,1,0.0001
Q6NVU6,1,0.0001
Q13887,1,0.0001
P21246,1,0.0001
P0CI00,1,0.0001
Q8WW36,1,0.0001
Q9BWT1,1,0.0001
O95218,1,0.0001
Q9P2J8,1,0.0001
P03891,1,0.0001
P21127,1,0.0001
Q9UQ88,1,0.0001
P17017,1,0.0001
Q8NDB6,1,0.0001
Q8N7M2,1,0.0001
Q9UK13,1,0.0001
Q14588,1,0.0001
Q6UY09,1,0.0001
Q9UPT8,1,0.0001
Q3MIS6,1,0.0001
Q86XN6,1,0.0001
