Gene_symbol,Count,Proportion(%)
GLDC,910,0.0991
DNAH11,650,0.0708
DHTKD1,640,0.0697
ACADVL,612,0.0666
XDH,579,0.063
SDHB,576,0.0627
FH,560,0.061
ACOX3,559,0.0609
DNAH17,559,0.0609
OGDHL,546,0.0595
IGKV4-1,540,0.0588
ERCC2,534,0.0581
DNAH1,521,0.0567
IGHV2-70,520,0.0566
IGLV3-1,498,0.0542
DNAH5,487,0.053
SDHA,472,0.0514
DNAH9,469,0.0511
RAD51C,449,0.0489
CAD,436,0.0475
DNAH2,435,0.0474
ATM,432,0.047
PCCB,432,0.047
ACAD9,430,0.0468
FASN,421,0.0458
ACOX2,421,0.0458
DNAH7,420,0.0457
RAD51D,418,0.0455
GCDH,413,0.045
MSH2,402,0.0438
TUBA3E,395,0.043
MCCC2,395,0.043
ACACB,393,0.0428
IGKV1-5,393,0.0428
DDC,392,0.0427
AOX1,386,0.042
CPS1,384,0.0418
DPYD,374,0.0407
TUBB8B,370,0.0403
ALDH16A1,357,0.0389
TUBB1,355,0.0387
TUBA8,354,0.0385
GPT,354,0.0385
TKTL2,351,0.0382
ABAT,350,0.0381
PFKP,348,0.0379
PLOD1,343,0.0373
ACADM,343,0.0373
PHYKPL,343,0.0373
TUBAL3,342,0.0372
NECAB2,342,0.0372
HAL,339,0.0369
AGXT,339,0.0369
ASL,337,0.0367
PC,333,0.0363
IGKV3-20,333,0.0363
MMUT,332,0.0361
BRIP1,331,0.036
GPI,329,0.0358
NDUFS1,329,0.0358
IGHV1-2,326,0.0355
MDH2,325,0.0354
ACADS,323,0.0352
BCKDHA,322,0.0351
HGD,322,0.0351
MOCS1,322,0.0351
LRP2,321,0.035
NDUFV1,321,0.035
IGLV2-14,320,0.0348
MSH6,319,0.0347
AGXT2,316,0.0344
PFKL,312,0.034
PFAS,309,0.0336
ACOX1,309,0.0336
GADL1,308,0.0335
NADSYN1,304,0.0331
IGHV1-69,303,0.033
EML6,303,0.033
ADSL,300,0.0327
DHDDS,297,0.0323
MRE11,297,0.0323
IGKV3-11,297,0.0323
PLOD3,295,0.0321
BCKDHB,293,0.0319
GALT,292,0.0318
H6PD,291,0.0317
MTMR9,288,0.0314
ALDH4A1,288,0.0314
TEKT4,284,0.0309
IGHV3-33,284,0.0309
EHHADH,282,0.0307
CDKN1B,281,0.0306
ALDH7A1,281,0.0306
ACAD10,280,0.0305
CRAT,279,0.0304
CSAD,275,0.0299
PRSS1,275,0.0299
PDHA2,274,0.0298
ALDH18A1,274,0.0298
SEPSECS,274,0.0298
RYR1,273,0.0297
MOCOS,272,0.0296
WNT10A,272,0.0296
ACAD8,271,0.0295
IGHV3-7,271,0.0295
IGHV1-18,271,0.0295
DNAH6,270,0.0294
IDH1,270,0.0294
ASPG,270,0.0294
POLR1C,269,0.0293
PMPCA,269,0.0293
IGHV3-23,269,0.0293
IFNA16,268,0.0292
ASRGL1,266,0.029
ALDH1B1,263,0.0286
TKFC,263,0.0286
CIAO3,263,0.0286
ME1,262,0.0285
OPLAH,262,0.0285
SARS2,261,0.0284
HACL1,261,0.0284
LRP1B,261,0.0284
SPTLC2,261,0.0284
TKTL1,260,0.0283
UBA7,258,0.0281
SARDH,258,0.0281
ACCS,258,0.0281
CTU2,258,0.0281
MLH1,256,0.0279
AMACR,256,0.0279
IGLV3-21,256,0.0279
CCT2,255,0.0278
IFNA14,255,0.0278
DECR2,252,0.0274
PITRM1,252,0.0274
IFNA17,251,0.0273
HSD17B4,251,0.0273
APOA4,250,0.0272
CASP1,250,0.0272
CASP9,249,0.0271
SIRT3,249,0.0271
PHGDH,249,0.0271
PGD,249,0.0271
SDHD,248,0.027
TXNRD2,248,0.027
TUBA3D,247,0.0269
MEAK7,247,0.0269
SDHC,247,0.0269
IFNA10,247,0.0269
MTR,246,0.0268
ILVBL,246,0.0268
IGLV3-25,246,0.0268
CSHL1,246,0.0268
KYNU,245,0.0267
TRPM4,245,0.0267
BCAT2,245,0.0267
IFT140,245,0.0267
IFNA21,244,0.0266
GCAT,244,0.0266
GGTLC2,244,0.0266
CDKN2A,243,0.0265
CTSB,243,0.0265
IFNA7,242,0.0264
VHL,242,0.0264
SDHAF2,242,0.0264
RNASEH2A,242,0.0264
MMACHC,242,0.0264
SGPL1,241,0.0262
IGHV3-21,241,0.0262
PFKM,241,0.0262
OAT,240,0.0261
AMT,240,0.0261
NDUFS2,240,0.0261
SEC24A,239,0.026
DHRS2,239,0.026
PHYH,239,0.026
ACAT1,239,0.026
DHPS,239,0.026
IGHV4-39,239,0.026
ALDH5A1,239,0.026
CIMIP2A,238,0.0259
TNNI3,238,0.0259
GMPPB,238,0.0259
CPT2,237,0.0258
IFT172,237,0.0258
AGA,237,0.0258
IGLV1-44,237,0.0258
TKT,236,0.0257
GH1,235,0.0256
PKLR,234,0.0255
IGHV2-5,234,0.0255
RAPSN,234,0.0255
FGL1,233,0.0254
LRP5,233,0.0254
PGM1,232,0.0253
TUBB8,232,0.0253
PEPD,231,0.0252
ADSS1,231,0.0252
UPB1,231,0.0252
IFT80,230,0.025
HADHB,230,0.025
PMPCB,230,0.025
ALPL,229,0.0249
CPTP,229,0.0249
TUBA3C,229,0.0249
XRCC2,228,0.0248
SCLY,228,0.0248
MRPS2,228,0.0248
GPD1L,228,0.0248
UROC1,228,0.0248
CYC1,227,0.0247
HAO1,227,0.0247
NME4,227,0.0247
LDHAL6B,227,0.0247
SHMT1,226,0.0246
OXCT2,226,0.0246
ASS1,226,0.0246
ACAA2,226,0.0246
CASP2,226,0.0246
OGDH,225,0.0245
CCT6B,225,0.0245
ACOXL,224,0.0244
NPEPL1,224,0.0244
DPYSL4,224,0.0244
SLC12A3,224,0.0244
ATIC,223,0.0243
ADH1B,223,0.0243
GAMT,222,0.0242
FLAD1,222,0.0242
BARD1,221,0.0241
IMP4,221,0.0241
UQCRC1,221,0.0241
ALDH1L1,221,0.0241
RNASEH2C,221,0.0241
SUCLG2,221,0.0241
ADA2,221,0.0241
MOCS3,221,0.0241
UGGT2,220,0.024
RIOX2,220,0.024
CASP10,220,0.024
CIMIP2C,220,0.024
D2HGDH,220,0.024
HADHA,219,0.0238
ALDH3B2,219,0.0238
IGHV4-34,219,0.0238
SPTLC1,219,0.0238
ALDH3A1,219,0.0238
CASP4,219,0.0238
RYR2,218,0.0237
TPSAB1,218,0.0237
GGTLC1,218,0.0237
RCL1,218,0.0237
WNT3A,218,0.0237
IGLV1-40,218,0.0237
SHMT2,217,0.0236
CASP5,217,0.0236
IFNA4,217,0.0236
GINS2,216,0.0235
ACADSB,215,0.0234
PYCR3,214,0.0233
PYGM,214,0.0233
TUBG2,213,0.0232
RGPD4,213,0.0232
RANBP2,212,0.0231
IGLV2-23,212,0.0231
WNT7A,211,0.023
ARG1,211,0.023
RTEL1,211,0.023
ALPP,210,0.0229
SPTLC3,210,0.0229
PSAT1,210,0.0229
GINS1,210,0.0229
DCPS,210,0.0229
ECI1,210,0.0229
HDC,210,0.0229
SIRT5,210,0.0229
SKIC3,209,0.0228
AHCY,209,0.0228
CTRC,209,0.0228
IGLV3-19,208,0.0226
TTC21B,208,0.0226
CNTF,208,0.0226
ALDH3B1,207,0.0225
RGPD3,207,0.0225
IGLV1-47,207,0.0225
PCSK9,207,0.0225
GOT1L1,207,0.0225
BAP1,206,0.0224
GFPT2,206,0.0224
PMM2,206,0.0224
PSTPIP1,206,0.0224
WDR19,206,0.0224
CASP14,206,0.0224
PGM5,205,0.0223
ME3,205,0.0223
ALAS1,205,0.0223
IGLV4-60,205,0.0223
QTRT1,204,0.0222
BRCA1,204,0.0222
FTMT,203,0.0221
NBN,203,0.0221
MYL2,203,0.0221
WWOX,203,0.0221
MOB3A,203,0.0221
GPD1,203,0.0221
PDXDC1,202,0.022
NDUFA13,202,0.022
ISYNA1,202,0.022
BCAT1,202,0.022
IFNA5,202,0.022
LGSN,201,0.0219
AKR7A2,201,0.0219
CTH,200,0.0218
WNT5B,200,0.0218
ACADL,200,0.0218
AMPD1,200,0.0218
MTMR7,200,0.0218
HAO2,199,0.0217
ACCSL,199,0.0217
DNPEP,199,0.0217
PLA2G6,199,0.0217
DPEP1,199,0.0217
MPDZ,199,0.0217
TUBB6,199,0.0217
PTER,199,0.0217
ALDH6A1,198,0.0216
PPP3CC,198,0.0216
GH2,197,0.0215
DYNC2H1,197,0.0215
ENO3,197,0.0215
ASCC3,197,0.0215
ALDH1L2,197,0.0215
TANGO2,197,0.0215
IGKV3-15,197,0.0215
GMPR,196,0.0213
FARSA,196,0.0213
CNDP1,196,0.0213
MRI1,196,0.0213
PGM2,196,0.0213
TRMT9B,196,0.0213
CCT3,196,0.0213
ADHFE1,196,0.0213
CAPN3,195,0.0212
FGF22,195,0.0212
CNDP2,195,0.0212
PYCR1,195,0.0212
CSH1,194,0.0211
PRPS1L1,194,0.0211
DUS3L,194,0.0211
TALDO1,194,0.0211
GAD2,194,0.0211
IFNL3,194,0.0211
IGKV1-9,194,0.0211
HOGA1,193,0.021
WNT4,193,0.021
TUBD1,193,0.021
COQ7,193,0.021
HAAO,193,0.021
TRAP1,193,0.021
RIBC2,193,0.021
CCT5,192,0.0209
SGSH,192,0.0209
TDO2,192,0.0209
HLA-DRB1,191,0.0208
ABI3,191,0.0208
LSS,191,0.0208
LFNG,190,0.0207
GATB,190,0.0207
MAT1A,190,0.0207
APOE,190,0.0207
FHIT,190,0.0207
RECQL,190,0.0207
IGLV1-51,190,0.0207
PIR,190,0.0207
GOT2,190,0.0207
ACMSD,190,0.0207
IL17F,189,0.0206
H3C1,189,0.0206
PARS2,189,0.0206
TTC38,189,0.0206
MYL3,189,0.0206
ALDH8A1,189,0.0206
SIRT6,189,0.0206
MRPS22,188,0.0205
PDE6B,188,0.0205
TYMP,188,0.0205
UBA6,188,0.0205
ETFB,188,0.0205
OPA3,188,0.0205
HMGCS2,188,0.0205
NDUFA10,188,0.0205
TSFM,188,0.0205
ALPG,188,0.0205
NWD1,188,0.0205
NFS1,188,0.0205
ACAD11,187,0.0204
IDH3B,187,0.0204
CSH2,187,0.0204
HLA-DRB5,187,0.0204
PLGRKT,187,0.0204
ATL3,187,0.0204
C1QTNF8,187,0.0204
PRKAR1A,186,0.0203
ACAA1,186,0.0203
CTNNA1,186,0.0203
NDUFS8,186,0.0203
RDH8,186,0.0203
FDFT1,186,0.0203
RPL10L,185,0.0201
MSH3,185,0.0201
NNT,185,0.0201
FAM86B1,185,0.0201
H4C2,185,0.0201
NARF,185,0.0201
HSD17B14,185,0.0201
IGHV5-51,185,0.0201
GALNT12,184,0.02
WNT2B,184,0.02
SAMHD1,184,0.02
PANK4,184,0.02
ELP3,184,0.02
POLD1,184,0.02
ALDH2,184,0.02
AXIN2,184,0.02
CASP8,184,0.02
CERCAM,184,0.02
SEC24B,183,0.0199
GMPPA,183,0.0199
TPK1,183,0.0199
BIN3,183,0.0199
GLUD1,183,0.0199
UAP1L1,183,0.0199
CABP4,183,0.0199
LAP3,183,0.0199
FTL,183,0.0199
NUDT14,183,0.0199
NARS2,182,0.0198
SUGCT,182,0.0198
TRMU,182,0.0198
LHB,182,0.0198
ASMTL,182,0.0198
TUBA1C,182,0.0198
CAPN2,182,0.0198
GFOD2,181,0.0197
WNT7B,181,0.0197
SIRT4,181,0.0197
SUCLA2,181,0.0197
NIT1,181,0.0197
CRYL1,180,0.0196
CLTCL1,180,0.0196
ACY3,180,0.0196
ETFDH,180,0.0196
GCNT3,180,0.0196
WNT9B,180,0.0196
IGLV4-69,180,0.0196
EXOSC4,180,0.0196
AKR7A3,180,0.0196
DPH1,179,0.0195
FGF20,179,0.0195
NDUFAF7,179,0.0195
HSD17B1,179,0.0195
FARS2,179,0.0195
ME2,178,0.0194
PDIA2,177,0.0193
COLGALT1,177,0.0193
DPYS,177,0.0193
SURF1,177,0.0193
DPP7,177,0.0193
WRNIP1,177,0.0193
IGKV1-8,176,0.0192
GOSR2,176,0.0192
AIP,176,0.0192
CASR,176,0.0192
IGHV1-3,176,0.0192
INTS11,175,0.0191
IGKV1-17,175,0.0191
KCNE1,175,0.0191
HMBS,175,0.0191
KCNAB3,175,0.0191
CASP6,175,0.0191
CASP7,175,0.0191
PECR,174,0.0189
WNT9A,174,0.0189
FAM167A,174,0.0189
DPH2,174,0.0189
ACLY,174,0.0189
MEFV,174,0.0189
NDUFB10,174,0.0189
P4HA3,174,0.0189
CTSA,174,0.0189
LONP1,174,0.0189
TRUB2,174,0.0189
EEF2KMT,174,0.0189
CBS,174,0.0189
ASPDH,173,0.0188
MTAP,173,0.0188
STX11,173,0.0188
TYW1B,173,0.0188
CAT,173,0.0188
TTC7A,173,0.0188
COG8,173,0.0188
CRYGA,173,0.0188
XPNPEP3,172,0.0187
ECH1,172,0.0187
IFT122,172,0.0187
ECHDC2,172,0.0187
CAPN12,172,0.0187
GBGT1,172,0.0187
CIB3,172,0.0187
MRPS18A,171,0.0186
METTL22,171,0.0186
EIF2B4,171,0.0186
SEC23B,171,0.0186
SUCLG1,171,0.0186
AGMAT,171,0.0186
RYR3,171,0.0186
IL17C,170,0.0185
PRMT7,170,0.0185
IGLV2-11,170,0.0185
IGLV5-45,170,0.0185
SLC4A1,170,0.0185
WNT10B,170,0.0185
EXOSC7,170,0.0185
DHRS4L2,170,0.0185
NQO1,169,0.0184
MTHFD1,169,0.0184
IGLV2-8,169,0.0184
ACY1,169,0.0184
HIBADH,169,0.0184
WNT5A,169,0.0184
EPHX1,169,0.0184
DHRS4,169,0.0184
AASS,169,0.0184
CYP2A6,169,0.0184
CAPN9,169,0.0184
CA5A,168,0.0183
APOA1,168,0.0183
NANS,168,0.0183
IFNA8,168,0.0183
IGKV5-2,168,0.0183
MRPS5,168,0.0183
ENOSF1,168,0.0183
AKR1C3,167,0.0182
LMAN2,167,0.0182
IL36RN,167,0.0182
PYCR2,167,0.0182
AANAT,167,0.0182
IGHV3-30,167,0.0182
UGGT1,166,0.0181
GSTA2,166,0.0181
IGHV3-11,166,0.0181
BAIAP2L2,166,0.0181
OMP,166,0.0181
TUBE1,166,0.0181
WNT1,166,0.0181
GSS,166,0.0181
CST1,166,0.0181
ETNPPL,166,0.0181
BLM,165,0.018
HARS1,165,0.018
TIMM29,165,0.018
SMPD1,165,0.018
ERCC4,165,0.018
DPEP2,165,0.018
COX4I1,165,0.018
FBXW5,165,0.018
ASNS,164,0.0179
HKDC1,164,0.0179
CCT7,164,0.0179
VPS16,164,0.0179
CLEC3A,164,0.0179
IGLV7-46,164,0.0179
OGFOD2,164,0.0179
VPS33A,164,0.0179
MOB3C,164,0.0179
MOGAT2,164,0.0179
NDUFB8,164,0.0179
WNT11,164,0.0179
ROPN1B,163,0.0177
PDHA1,163,0.0177
MTMR2,163,0.0177
PSG1,163,0.0177
DNALI1,163,0.0177
ATL2,163,0.0177
HLA-A,163,0.0177
IL11,163,0.0177
SLC12A1,163,0.0177
TEP1,163,0.0177
MRPL20,163,0.0177
RP1L1,162,0.0176
IGHV4-31,162,0.0176
NAALADL1,162,0.0176
KCNH2,162,0.0176
CHMP6,162,0.0176
IFT52,162,0.0176
PEX5,162,0.0176
IFNE,162,0.0176
ABCA4,162,0.0176
TREX1,162,0.0176
PRPH2,162,0.0176
NGDN,162,0.0176
CHP2,162,0.0176
NUP85,161,0.0175
EXOSC9,161,0.0175
PWP2,161,0.0175
ADI1,161,0.0175
NDUFV2,161,0.0175
NDUFAF1,161,0.0175
ELP1,161,0.0175
TCP1,161,0.0175
DHDH,161,0.0175
SIRT2,161,0.0175
PAFAH2,161,0.0175
ST8SIA5,161,0.0175
CWF19L1,161,0.0175
TRPM8,161,0.0175
ALDOB,161,0.0175
GALNT10,160,0.0174
KBTBD13,160,0.0174
KCNV2,160,0.0174
HARS2,160,0.0174
MUC5B,160,0.0174
MMAB,160,0.0174
GSTA1,160,0.0174
GSTM5,160,0.0174
UNC119,160,0.0174
ELANE,160,0.0174
HTRA3,160,0.0174
LRP1,159,0.0173
DHX35,159,0.0173
GBA1,159,0.0173
CPT1C,159,0.0173
DYNC1H1,159,0.0173
DDX47,159,0.0173
AK8,159,0.0173
GCK,159,0.0173
OTC,159,0.0173
CKM,159,0.0173
IDH2,159,0.0173
NDUFS3,158,0.0172
FAHD1,158,0.0172
ADH1C,158,0.0172
IFNA2,158,0.0172
ERICH1,158,0.0172
DERA,158,0.0172
RRM2B,158,0.0172
CAPN1,158,0.0172
CCDC115,158,0.0172
NAT8,158,0.0172
TTC29,158,0.0172
SMYD1,158,0.0172
RDH5,158,0.0172
RIOX1,157,0.0171
ALDH3A2,157,0.0171
AFM,157,0.0171
EIF2B2,157,0.0171
TMEM199,157,0.0171
SNRNP200,157,0.0171
MRPL38,157,0.0171
ABCA3,157,0.0171
TEKT3,157,0.0171
DECR1,157,0.0171
COX4I2,157,0.0171
IGLV3-10,157,0.0171
FLCN,157,0.0171
HPGD,157,0.0171
WNT16,157,0.0171
VPS45,157,0.0171
C1QTNF4,157,0.0171
FAM86B2,157,0.0171
CHMP4C,157,0.0171
ATP6V1E2,157,0.0171
TTC28,157,0.0171
DTWD2,156,0.017
AP1M2,156,0.017
FTCD,156,0.017
GMPR2,156,0.017
MTHFR,156,0.017
FICD,156,0.017
GART,156,0.017
PMS2,156,0.017
MICU3,156,0.017
IGHV1-24,156,0.017
TAT,156,0.017
LGALS4,156,0.017
HEBP1,156,0.017
CHMP1A,156,0.017
QRSL1,156,0.017
LIAS,156,0.017
GATD1,156,0.017
MUC6,156,0.017
NUDT7,155,0.0169
IGHV3-15,155,0.0169
CFAP52,155,0.0169
IZUMO4,155,0.0169
CHPF2,155,0.0169
ASPA,155,0.0169
PDE6A,155,0.0169
CCT8L2,155,0.0169
CASQ2,155,0.0169
PRODH,155,0.0169
RPE65,155,0.0169
KYAT1,155,0.0169
TUBB4A,155,0.0169
AZIN2,155,0.0169
TSC2,155,0.0169
SHC2,155,0.0169
IGKV1-12,154,0.0168
ASB10,154,0.0168
NDUFAF5,154,0.0168
IGHV6-1,154,0.0168
UTP6,154,0.0168
TNNT2,154,0.0168
PRAMEF4,154,0.0168
ATR,154,0.0168
PM20D2,154,0.0168
GAD1,154,0.0168
PNP,154,0.0168
NDUFA9,154,0.0168
MCCC1,154,0.0168
MRPL16,154,0.0168
EIF3F,154,0.0168
GAPDHS,153,0.0167
TARS1,153,0.0167
JMJD7,153,0.0167
IL34,153,0.0167
NDUFB9,153,0.0167
GINS3,153,0.0167
OXSM,153,0.0167
UPP1,153,0.0167
IFNA6,153,0.0167
AUH,153,0.0167
TEX47,153,0.0167
LIPA,153,0.0167
GPX4,152,0.0166
TRMT61A,152,0.0166
H3-4,152,0.0166
GPN2,152,0.0166
TPSB2,152,0.0166
TMED6,152,0.0166
SCRN2,152,0.0166
UQCC1,152,0.0166
DARS1,152,0.0166
GSTA5,152,0.0166
B4GALT7,152,0.0166
CRY2,152,0.0166
AARS1,152,0.0166
CYP2A7,152,0.0166
SKIC2,152,0.0166
ARSB,152,0.0166
ACAT2,151,0.0164
IFNL2,151,0.0164
ISG15,151,0.0164
ATP5PB,151,0.0164
CFAP161,151,0.0164
DNAI2,151,0.0164
S100A7A,151,0.0164
IGHV3-48,151,0.0164
P4HA2,151,0.0164
CAPN5,151,0.0164
MRPL23,151,0.0164
HAGH,151,0.0164
ATP5F1D,151,0.0164
GOT1,151,0.0164
CELA3B,150,0.0163
TRPM2,150,0.0163
STXBP2,150,0.0163
GLYCTK,150,0.0163
CDC14A,150,0.0163
BBS2,150,0.0163
GFER,150,0.0163
CMA1,150,0.0163
CHAT,150,0.0163
UEVLD,150,0.0163
SORD,150,0.0163
CELA3A,150,0.0163
CHEK2,150,0.0163
CKMT2,150,0.0163
NAGK,150,0.0163
NUBP2,149,0.0162
NAXE,149,0.0162
GPAA1,149,0.0162
C1QTNF12,149,0.0162
MICU2,149,0.0162
CYP2A13,149,0.0162
CABP2,149,0.0162
SCO2,149,0.0162
ATP6V1B1,149,0.0162
AARS2,149,0.0162
CA13,149,0.0162
PHYHD1,149,0.0162
GINS4,148,0.0161
MRPS15,148,0.0161
OTUB2,148,0.0161
LIF,148,0.0161
DBH,148,0.0161
COPE,148,0.0161
HRAS,148,0.0161
KCNU1,148,0.0161
FSCN2,148,0.0161
ACOT2,148,0.0161
DDX49,148,0.0161
KLK12,148,0.0161
B9D2,148,0.0161
LGALS8,147,0.016
NUDT5,147,0.016
ACP7,147,0.016
ROPN1L,147,0.016
FNTB,147,0.016
CIB4,147,0.016
AMDHD2,147,0.016
ADH1A,147,0.016
EML5,147,0.016
FBP2,147,0.016
SGCG,147,0.016
ITPA,147,0.016
SETMAR,147,0.016
NMNAT3,147,0.016
ALDH1A3,147,0.016
CHRNA2,147,0.016
SIRT7,147,0.016
PGM3,147,0.016
ALDH1A2,147,0.016
CCT6A,147,0.016
LCMT2,147,0.016
DHODH,147,0.016
NIPSNAP3A,147,0.016
IGKV1-16,146,0.0159
RNASE3,146,0.0159
RDH13,146,0.0159
CBLN3,146,0.0159
PNPO,146,0.0159
ATL1,146,0.0159
HADH,146,0.0159
CABP5,146,0.0159
SCRN1,146,0.0159
PSMG2,146,0.0159
BDH1,146,0.0159
STAMBP,146,0.0159
TMEM126A,146,0.0159
HK2,146,0.0159
HSD17B8,146,0.0159
GALNT8,146,0.0159
PALB2,146,0.0159
EOGT,146,0.0159
CCT8,145,0.0158
UBA3,145,0.0158
IFNW1,145,0.0158
BHMT,145,0.0158
DPH6,145,0.0158
MNS1,145,0.0158
UROD,145,0.0158
RAB37,145,0.0158
ACOT8,145,0.0158
LZTR1,145,0.0158
PCCA,145,0.0158
CHMP2B,145,0.0158
IDUA,145,0.0158
TSEN34,145,0.0158
FEZ2,145,0.0158
NAA16,145,0.0158
TAS1R3,145,0.0158
IDE,145,0.0158
C19orf12,145,0.0158
SELENBP1,145,0.0158
IFNB1,145,0.0158
MAN2C1,144,0.0157
AGPAT2,144,0.0157
ACO2,144,0.0157
VPS33B,144,0.0157
CST2,144,0.0157
NTHL1,144,0.0157
RPL3L,144,0.0157
TUBB3,144,0.0157
CRTAP,144,0.0157
AKR1C4,144,0.0157
POLG2,144,0.0157
SSX1,143,0.0156
TMEM70,143,0.0156
ABHD1,143,0.0156
NME3,143,0.0156
LDHC,143,0.0156
RAD54L,143,0.0156
USP17L7,143,0.0156
PPCDC,143,0.0156
WNT2,143,0.0156
XYLT1,143,0.0156
ECHS1,143,0.0156
CHMP4A,143,0.0156
KARS1,143,0.0156
IL20,143,0.0156
GBE1,143,0.0156
AQP9,143,0.0156
KCTD14,142,0.0155
TRPM5,142,0.0155
CHRNA4,142,0.0155
CAPSL,142,0.0155
HPGDS,142,0.0155
TBL3,142,0.0155
DCXR,142,0.0155
SPMIP3,142,0.0155
JRK,142,0.0155
GUCY2D,142,0.0155
DDX25,142,0.0155
LRRK2,142,0.0155
CFAP95,142,0.0155
NDUFA8,142,0.0155
MSTO1,142,0.0155
KLHL17,142,0.0155
ASB5,142,0.0155
ISG20,141,0.0154
CPA1,141,0.0154
RBP3,141,0.0154
GNAT1,141,0.0154
BBS1,141,0.0154
ALAD,141,0.0154
IFIT2,141,0.0154
HDHD5,141,0.0154
XAB2,141,0.0154
SDHAF3,141,0.0154
IFT70B,141,0.0154
RAB26,141,0.0154
IFT70A,141,0.0154
BLOC1S4,141,0.0154
HMGCL,141,0.0154
ISOC2,140,0.0152
CFAP61,140,0.0152
IGLV6-57,140,0.0152
GPX2,140,0.0152
LANCL1,140,0.0152
CRYBB3,140,0.0152
MTG2,140,0.0152
DHX33,140,0.0152
FAH,140,0.0152
MTHFD1L,140,0.0152
ODC1,140,0.0152
MRPL4,140,0.0152
BLK,140,0.0152
LGALS14,139,0.0151
LDHAL6A,139,0.0151
SLC10A2,139,0.0151
CHRNA10,139,0.0151
GTPBP8,139,0.0151
GDPGP1,139,0.0151
ANKRD44,139,0.0151
HIBCH,139,0.0151
AKR1B10,139,0.0151
H2AC15,139,0.0151
MRPS16,139,0.0151
SPDYE3,139,0.0151
UTP4,139,0.0151
UPP2,139,0.0151
IREB2,139,0.0151
SULT1A2,139,0.0151
RNASE4,139,0.0151
IL17D,139,0.0151
MOGAT3,139,0.0151
FBXO36,139,0.0151
GALE,139,0.0151
NIPSNAP3B,139,0.0151
PIK3R3,139,0.0151
CIB2,139,0.0151
IFNL1,139,0.0151
OAZ1,139,0.0151
ALDH1A1,139,0.0151
DCTPP1,139,0.0151
ROPN1,138,0.015
QTRT2,138,0.015
TFPI2,138,0.015
TNFAIP8L2,138,0.015
MTHFD2L,138,0.015
BCO1,138,0.015
MRPS34,138,0.015
IL1F10,138,0.015
HSD17B2,138,0.015
NUDT1,138,0.015
PGAM2,138,0.015
QDPR,138,0.015
GYS1,138,0.015
CHMP1B,138,0.015
CFD,138,0.015
NAT1,138,0.015
IGHV3-13,138,0.015
EML2,138,0.015
HPDL,137,0.0149
BAAT,137,0.0149
JMJD8,137,0.0149
CDC14C,137,0.0149
TLDC2,137,0.0149
STOML3,137,0.0149
RTCA,137,0.0149
NQO2,137,0.0149
EID3,137,0.0149
CRPPA,137,0.0149
ADIPOQ,137,0.0149
PFKFB4,137,0.0149
TSR3,137,0.0149
OGFOD3,137,0.0149
EIF2B3,137,0.0149
PPAN,137,0.0149
EXT2,137,0.0149
IGLV3-9,137,0.0149
DPT,137,0.0149
PNKP,137,0.0149
CIMAP1C,137,0.0149
PSME1,137,0.0149
ART1,137,0.0149
GUCA1A,137,0.0149
ASAH1,137,0.0149
PDHB,136,0.0148
C8orf74,136,0.0148
GFM1,136,0.0148
NOC4L,136,0.0148
ECHDC3,136,0.0148
ARSI,136,0.0148
GUCA1B,136,0.0148
ADCY10,136,0.0148
MMAA,136,0.0148
BBS4,136,0.0148
PYGB,136,0.0148
CHMP2A,136,0.0148
PSG6,136,0.0148
COLGALT2,136,0.0148
FUT3,136,0.0148
RPF1,136,0.0148
TTC27,136,0.0148
CTSC,136,0.0148
CCDC157,135,0.0147
CSKMT,135,0.0147
AK3,135,0.0147
WDR6,135,0.0147
SPMIP9,135,0.0147
MCUB,135,0.0147
TRPA1,135,0.0147
RPUSD4,135,0.0147
SULT1A1,135,0.0147
PRSS21,135,0.0147
PLCG2,135,0.0147
EGLN2,135,0.0147
GFUS,135,0.0147
GCNT1,135,0.0147
KCNT2,135,0.0147
VPS28,135,0.0147
CORO1B,135,0.0147
PRKAR1B,135,0.0147
SEC23A,135,0.0147
NDUFA11,135,0.0147
MYL4,135,0.0147
WNT6,134,0.0146
HAUS2,134,0.0146
AMDHD1,134,0.0146
STAMBPL1,134,0.0146
LRP4,134,0.0146
TASP1,134,0.0146
GNB1L,134,0.0146
LRP2BP,134,0.0146
NXNL1,134,0.0146
IYD,134,0.0146
CFAP107,134,0.0146
RAD51,134,0.0146
PTRH1,134,0.0146
CYP27A1,134,0.0146
ASMT,134,0.0146
MALSU1,134,0.0146
DHRS9,134,0.0146
IL1RN,134,0.0146
AKR1C1,134,0.0146
POTEF,134,0.0146
SCIN,134,0.0146
HPR,133,0.0145
NDUFB4,133,0.0145
SGCB,133,0.0145
ALPI,133,0.0145
SPHK1,133,0.0145
TRMT1,133,0.0145
EIF3H,133,0.0145
MTHFSD,133,0.0145
PCK2,133,0.0145
ASB4,133,0.0145
AIRIM,133,0.0145
CLYBL,133,0.0145
MIF,133,0.0145
PRAMEF11,133,0.0145
PDSS2,133,0.0145
CIMIP1,133,0.0145
GLO1,133,0.0145
TMED3,133,0.0145
PUSL1,133,0.0145
NUBP1,133,0.0145
CRYGS,133,0.0145
CPQ,133,0.0145
MRPL57,133,0.0145
COASY,133,0.0145
UQCRC2,133,0.0145
CCNB2,132,0.0144
TTC19,132,0.0144
PHETA1,132,0.0144
SEC24D,132,0.0144
KYAT3,132,0.0144
IGHV1-46,132,0.0144
QPRT,132,0.0144
GFOD1,132,0.0144
UCKL1,132,0.0144
CIMAP1A,132,0.0144
SERPINB3,132,0.0144
DARS2,132,0.0144
GET4,132,0.0144
POTEE,132,0.0144
PDPR,132,0.0144
NDUFAF3,132,0.0144
CST4,132,0.0144
GPX1,132,0.0144
MRPL40,132,0.0144
RFC4,132,0.0144
FIBCD1,132,0.0144
H2AC7,132,0.0144
NTF4,132,0.0144
PDHX,132,0.0144
C1QC,132,0.0144
CYP4V2,132,0.0144
PKM,131,0.0143
CRYGC,131,0.0143
TYSND1,131,0.0143
CYP2D6,131,0.0143
AIPL1,131,0.0143
GLTPD2,131,0.0143
PRDM7,131,0.0143
CAPN13,131,0.0143
AP1G2,131,0.0143
EMC2,131,0.0143
DBR1,131,0.0143
GUCY2C,131,0.0143
PRL,131,0.0143
EMC9,131,0.0143
NAGLU,131,0.0143
IGKV1-6,131,0.0143
HSDL1,131,0.0143
GLTP,131,0.0143
TUBA4A,131,0.0143
LDLRAP1,131,0.0143
CROT,131,0.0143
FECH,130,0.0142
GSTP1,130,0.0142
CPVL,130,0.0142
PADI1,130,0.0142
GLUD2,130,0.0142
ACP3,130,0.0142
MMEL1,130,0.0142
ANGPTL7,130,0.0142
FN3KRP,130,0.0142
ELP4,130,0.0142
TTR,130,0.0142
MIPEP,130,0.0142
IFNA1,130,0.0142
ECSIT,130,0.0142
ANKK1,130,0.0142
MRM1,130,0.0142
LGALS16,130,0.0142
SCP2,130,0.0142
FUT7,130,0.0142
RPL7L1,130,0.0142
TUBG1,129,0.014
KLC3,129,0.014
CGB7,129,0.014
GALNS,129,0.014
IGHV4-59,129,0.014
GPT2,129,0.014
COMMD4,129,0.014
ART5,129,0.014
NUP50,129,0.014
TIMM22,129,0.014
OGFOD1,129,0.014
GGT1,129,0.014
DOHH,129,0.014
XRCC3,129,0.014
MRM3,129,0.014
CHRNE,129,0.014
CRYGB,129,0.014
IGKV1-27,129,0.014
PDCD6,129,0.014
ATP6V1D,129,0.014
GCA,129,0.014
MYOZ2,129,0.014
PMF1,129,0.014
SRI,129,0.014
GLIPR1L2,129,0.014
NME6,129,0.014
CLCF1,129,0.014
TNXB,129,0.014
CRYM,128,0.0139
DDX56,128,0.0139
C1QL4,128,0.0139
CGB2,128,0.0139
APRT,128,0.0139
BHMT2,128,0.0139
ACTL10,128,0.0139
L3HYPDH,128,0.0139
KL,128,0.0139
CHMP3,128,0.0139
LGALS9B,128,0.0139
H2AC1,128,0.0139
GPX3,128,0.0139
LGALS9,128,0.0139
AMPD3,128,0.0139
UTP25,128,0.0139
NUDT12,128,0.0139
TIMMDC1,128,0.0139
DRC3,128,0.0139
GSTA3,128,0.0139
LMAN2L,128,0.0139
P2RX4,128,0.0139
LYZL2,128,0.0139
AKR1C2,128,0.0139
UBA5,128,0.0139
DCTN3,128,0.0139
DPEP3,128,0.0139
APPL2,128,0.0139
CRYBB1,127,0.0138
MKKS,127,0.0138
TRMO,127,0.0138
NDOR1,127,0.0138
HLA-B,127,0.0138
MCUR1,127,0.0138
CFAP45,127,0.0138
EPB41L4A,127,0.0138
BROX,127,0.0138
PRMT6,127,0.0138
COL4A1,127,0.0138
IL17A,127,0.0138
ELP2,127,0.0138
DPYSL5,127,0.0138
N6AMT1,127,0.0138
IMP3,127,0.0138
CASP3,127,0.0138
MTG1,127,0.0138
ABHD16B,127,0.0138
MED22,127,0.0138
KCTD7,127,0.0138
TTC22,127,0.0138
ANGPTL4,127,0.0138
ACO1,127,0.0138
QPCT,127,0.0138
NDUFAF4,127,0.0138
RGS11,127,0.0138
NAALAD2,127,0.0138
PLA2G1B,127,0.0138
SIAH3,127,0.0138
ETFA,127,0.0138
TATDN1,126,0.0137
DCTD,126,0.0137
PPP2R3B,126,0.0137
DYNLRB2,126,0.0137
FKRP,126,0.0137
NAT2,126,0.0137
IGFALS,126,0.0137
LDHB,126,0.0137
IZUMO2,126,0.0137
USP17L2,126,0.0137
AP4B1,126,0.0137
TRAPPC4,126,0.0137
C1QTNF6,126,0.0137
DDX18,126,0.0137
CACNB2,126,0.0137
ABHD12,126,0.0137
EXTL1,126,0.0137
NDUFB6,126,0.0137
CA2,126,0.0137
NAGS,126,0.0137
TP53,126,0.0137
AP4M1,126,0.0137
RAB27A,126,0.0137
MCFD2,126,0.0137
SEPHS2,126,0.0137
LGALS9C,126,0.0137
H2AC4,126,0.0137
RP2,126,0.0137
GATM,126,0.0137
SDR9C7,126,0.0137
GRIFIN,126,0.0137
ERCC3,126,0.0137
RNASEH2B,126,0.0137
BORCS5,125,0.0136
MTARC1,125,0.0136
TEKT2,125,0.0136
CCDC90B,125,0.0136
IGKV1D-8,125,0.0136
FCSK,125,0.0136
MRPS23,125,0.0136
IFT46,125,0.0136
BLMH,125,0.0136
RAD51B,125,0.0136
FAM180A,125,0.0136
TCL1A,125,0.0136
S100A16,125,0.0136
RPL28,125,0.0136
TUBGCP2,125,0.0136
GNA14,125,0.0136
HTRA4,125,0.0136
GYS2,125,0.0136
RPUSD1,125,0.0136
SLC26A4,125,0.0136
FCER2,125,0.0136
CLP1,125,0.0136
USB1,124,0.0135
SPOUT1,124,0.0135
IFT56,124,0.0135
NDUFA12,124,0.0135
XRCC6,124,0.0135
PGGT1B,124,0.0135
TRMT112,124,0.0135
RNASE6,124,0.0135
PNKD,124,0.0135
FCHO1,124,0.0135
RAD52,124,0.0135
NOXRED1,124,0.0135
NMRAL1,124,0.0135
AZIN1,124,0.0135
CALHM2,124,0.0135
MFAP5,124,0.0135
NT5C1A,124,0.0135
CIB1,124,0.0135
GMPS,124,0.0135
CORO6,124,0.0135
ELP6,124,0.0135
CFAP90,124,0.0135
LGALS13,124,0.0135
DAP3,124,0.0135
ANGPTL8,124,0.0135
WDR3,124,0.0135
CRISP1,124,0.0135
MICU1,124,0.0135
ORC4,124,0.0135
NIF3L1,124,0.0135
CDC45,124,0.0135
CCT4,124,0.0135
PIGN,124,0.0135
ENO1,123,0.0134
CALML6,123,0.0134
EFHD1,123,0.0134
CFLAR,123,0.0134
LYRM1,123,0.0134
CSMD1,123,0.0134
PPP3CA,123,0.0134
ATG4B,123,0.0134
KPNA7,123,0.0134
ANGPTL6,123,0.0134
RECQL5,123,0.0134
SETD7,123,0.0134
R3HDML,123,0.0134
MED25,123,0.0134
TRAPPC2L,123,0.0134
LEFTY2,123,0.0134
NME7,123,0.0134
CRYBA2,123,0.0134
RFNG,123,0.0134
IDI2,123,0.0134
EHMT1,123,0.0134
TTC9C,123,0.0134
SAMD9,123,0.0134
ANPEP,123,0.0134
ACP5,123,0.0134
C1QTNF9,122,0.0133
SNX32,122,0.0133
ARMC7,122,0.0133
IL26,122,0.0133
DHX58,122,0.0133
OSM,122,0.0133
ADAP1,122,0.0133
VARS1,122,0.0133
HDAC10,122,0.0133
ERGIC1,122,0.0133
NADK,122,0.0133
A4GALT,122,0.0133
FGF5,122,0.0133
COQ9,122,0.0133
LTO1,122,0.0133
NARS1,122,0.0133
MRPS7,122,0.0133
TMEM186,122,0.0133
CPT1A,122,0.0133
POLE2,122,0.0133
BDH2,122,0.0133
BMP8B,122,0.0133
FGF21,122,0.0133
AP5S1,122,0.0133
HYLS1,122,0.0133
ERO1B,122,0.0133
SCO1,122,0.0133
DHRS11,122,0.0133
IL6,122,0.0133
CPA6,122,0.0133
FN3K,121,0.0132
RRAS,121,0.0132
PPP1R15A,121,0.0132
PGLS,121,0.0132
KCNE2,121,0.0132
DNASE1,121,0.0132
GTF2H3,121,0.0132
TNNI2,121,0.0132
KRTAP4-7,121,0.0132
PIGL,121,0.0132
ATG4D,121,0.0132
CTSD,121,0.0132
MRPL11,121,0.0132
PGPEP1,121,0.0132
DVL1,121,0.0132
LCMT1,121,0.0132
DLD,121,0.0132
AMH,121,0.0132
ACOT12,121,0.0132
SDSL,121,0.0132
ALAS2,121,0.0132
PSG7,121,0.0132
SLC12A7,121,0.0132
COL8A1,121,0.0132
PLOD2,121,0.0132
SH2D4A,121,0.0132
GNAT2,121,0.0132
IMPA2,121,0.0132
UGT1A8,121,0.0132
LARGE2,121,0.0132
MDH1B,121,0.0132
MRPL47,121,0.0132
VAT1L,121,0.0132
PEBP4,121,0.0132
GSTK1,120,0.0131
TCL1B,120,0.0131
H4C8,120,0.0131
CA4,120,0.0131
SMYD3,120,0.0131
IL17B,120,0.0131
NXNL2,120,0.0131
IGLV3-16,120,0.0131
PRTN3,120,0.0131
ETFBKMT,120,0.0131
TPP1,120,0.0131
USH1G,120,0.0131
CRP,120,0.0131
CFAP53,120,0.0131
ADA,120,0.0131
GLT6D1,120,0.0131
CHCHD5,120,0.0131
ABCG8,120,0.0131
ARHGAP10,120,0.0131
GALK1,120,0.0131
PSMB4,120,0.0131
ATP5MF,120,0.0131
CPLANE2,120,0.0131
AKR1A1,120,0.0131
ACTR1B,120,0.0131
PCK1,120,0.0131
FOLH1,120,0.0131
SELENOO,119,0.013
AURKAIP1,119,0.013
NDUFS4,119,0.013
PTS,119,0.013
NDUFB7,119,0.013
DAND5,119,0.013
WDR90,119,0.013
NAA80,119,0.013
FRRS1L,119,0.013
PISD,119,0.013
CTNNA3,119,0.013
IFI44,119,0.013
ABHD11,119,0.013
IGLV7-43,119,0.013
C1QTNF2,119,0.013
IFIT1B,119,0.013
H4C4,119,0.013
IFIT1,119,0.013
PSG4,119,0.013
CISH,119,0.013
MRPL28,119,0.013
RMND1,119,0.013
POLD2,119,0.013
THUMPD3,119,0.013
KLB,119,0.013
TBCD,119,0.013
SESN2,119,0.013
TBL2,119,0.013
MOB3B,119,0.013
HMOX1,119,0.013
PDYN,119,0.013
ARPIN,119,0.013
MBTPS1,119,0.013
POLQ,119,0.013
TEKT1,119,0.013
GRHPR,119,0.013
GCH1,119,0.013
OXCT1,119,0.013
TEKT5,119,0.013
NMNAT1,119,0.013
CHI3L1,118,0.0128
AP3S2,118,0.0128
H3C6,118,0.0128
ERCC6,118,0.0128
SERPINH1,118,0.0128
G6PD,118,0.0128
PAM16,118,0.0128
P4HA1,118,0.0128
C2orf80,118,0.0128
SLC14A1,118,0.0128
TCAP,118,0.0128
PDK4,118,0.0128
GSTM4,118,0.0128
PGM2L1,118,0.0128
CFAP299,118,0.0128
BRIX1,118,0.0128
IGLV4-3,118,0.0128
MRM2,118,0.0128
RFPL3,118,0.0128
PPEF2,118,0.0128
FCN3,118,0.0128
METTL2B,118,0.0128
C7orf50,118,0.0128
NTAN1,118,0.0128
ST6GALNAC5,118,0.0128
SDS,118,0.0128
NHP2,118,0.0128
PUS3,118,0.0128
POMT2,118,0.0128
KCNAB1,118,0.0128
RCN3,118,0.0128
GGH,118,0.0128
P2RX1,118,0.0128
CRISP2,118,0.0128
EPO,117,0.0127
MRPS6,117,0.0127
IGHV4-61,117,0.0127
PLA2G2E,117,0.0127
ASB16,117,0.0127
DNAJA3,117,0.0127
CRYGD,117,0.0127
BBS7,117,0.0127
SPMAP1,117,0.0127
MINDY4,117,0.0127
SPARC,117,0.0127
GNPTG,117,0.0127
ATG7,117,0.0127
PEX11G,117,0.0127
TIMM44,117,0.0127
IL24,117,0.0127
FCN2,117,0.0127
ARHGDIB,117,0.0127
WRAP53,117,0.0127
NXPE1,117,0.0127
CEP20,117,0.0127
SH2D5,117,0.0127
SPMIP1,117,0.0127
ENDOV,117,0.0127
NAT16,117,0.0127
IDH3A,117,0.0127
TIGD7,117,0.0127
TK2,117,0.0127
SPART,117,0.0127
EIF6,117,0.0127
PPP3R2,117,0.0127
APOA5,117,0.0127
FARSB,117,0.0127
PTP4A3,117,0.0127
WASF2,117,0.0127
COPG1,117,0.0127
PSMB11,117,0.0127
FGF3,117,0.0127
COL10A1,117,0.0127
SUPT3H,116,0.0126
CENPU,116,0.0126
C5orf22,116,0.0126
AKR1D1,116,0.0126
DCUN1D2,116,0.0126
NAA11,116,0.0126
GEMIN6,116,0.0126
TRIM5,116,0.0126
GPN3,116,0.0126
RDH16,116,0.0126
TINAGL1,116,0.0126
CALB2,116,0.0126
ICA1L,116,0.0126
CHRNA1,116,0.0126
H4C6,116,0.0126
STX18,116,0.0126
LDHA,116,0.0126
SLC12A4,116,0.0126
POMGNT1,116,0.0126
SMAD6,116,0.0126
EPN3,116,0.0126
ISOC1,116,0.0126
BCAS2,116,0.0126
FUT8,116,0.0126
IL1RL1,116,0.0126
GALNT14,116,0.0126
NECAB3,116,0.0126
MAD1L1,116,0.0126
IMPDH2,116,0.0126
SCRN3,116,0.0126
ALG1L2,116,0.0126
WDR1,116,0.0126
AKR1E2,116,0.0126
PSG8,116,0.0126
CAPNS2,116,0.0126
MRPL44,116,0.0126
WASF3,116,0.0126
MRTO4,116,0.0126
RNASE1,116,0.0126
GNMT,115,0.0125
DPH5,115,0.0125
DBT,115,0.0125
TNFSF9,115,0.0125
YJEFN3,115,0.0125
CYP2B6,115,0.0125
KLK13,115,0.0125
KLK3,115,0.0125
MRPL17,115,0.0125
SEL1L2,115,0.0125
FANCM,115,0.0125
LCAT,115,0.0125
RFC5,115,0.0125
ATP6V1F,115,0.0125
ABCA7,115,0.0125
PSME2,115,0.0125
PSMD7,115,0.0125
APBA3,115,0.0125
MYL5,115,0.0125
DQX1,115,0.0125
RAB40B,115,0.0125
BCKDK,115,0.0125
MSRA,115,0.0125
TSPYL6,115,0.0125
RRS1,115,0.0125
CGB8,115,0.0125
KLHDC4,115,0.0125
MCPH1,115,0.0125
ABRAXAS1,115,0.0125
DZIP1L,115,0.0125
ARG2,115,0.0125
POLR2E,115,0.0125
BCS1L,114,0.0124
KANK1,114,0.0124
CUTC,114,0.0124
EFCAB11,114,0.0124
M1AP,114,0.0124
COA3,114,0.0124
LEFTY1,114,0.0124
GDF15,114,0.0124
DHRS1,114,0.0124
RAB38,114,0.0124
CAPN11,114,0.0124
COTL1,114,0.0124
ACTBL2,114,0.0124
REC114,114,0.0124
SH3YL1,114,0.0124
TRIM48,114,0.0124
USE1,114,0.0124
GBP7,114,0.0124
ALDOC,114,0.0124
RFC3,114,0.0124
PLEKHJ1,114,0.0124
RSPH14,114,0.0124
IL10,114,0.0124
HLA-C,114,0.0124
IGKV2-24,114,0.0124
TFRC,114,0.0124
S100A7,114,0.0124
XYLT2,114,0.0124
PSMD9,114,0.0124
PSMD2,114,0.0124
TIRAP,114,0.0124
PDE6C,114,0.0124
MCEE,114,0.0124
GIPC3,114,0.0124
LRP6,113,0.0123
PSTPIP2,113,0.0123
IL17RA,113,0.0123
SAE1,113,0.0123
HK3,113,0.0123
PSG5,113,0.0123
GPX6,113,0.0123
TIMM50,113,0.0123
SUOX,113,0.0123
HTRA1,113,0.0123
IL36A,113,0.0123
CDYL2,113,0.0123
KLHL40,113,0.0123
HPSE,113,0.0123
DNAJB13,113,0.0123
PDGFD,113,0.0123
THRSP,113,0.0123
EXOSC5,113,0.0123
DUSP18,113,0.0123
TGDS,113,0.0123
ALKBH7,113,0.0123
ST6GALNAC2,113,0.0123
FKBP10,113,0.0123
CYB5R3,113,0.0123
YARS2,113,0.0123
SPACA9,113,0.0123
ST3GAL3,113,0.0123
SLFNL1,113,0.0123
PDZD7,113,0.0123
CPSF1,113,0.0123
AIFM3,113,0.0123
PIWIL2,113,0.0123
CYP2C9,113,0.0123
C6orf120,113,0.0123
OSGEP,113,0.0123
FKBP6,113,0.0123
DEFB1,113,0.0123
CPNE1,113,0.0123
DHRS7B,113,0.0123
APEH,113,0.0123
TP53I3,113,0.0123
GARIN6,113,0.0123
CA3,113,0.0123
FAM118A,113,0.0123
TMA16,113,0.0123
RPF2,113,0.0123
DHRS7,113,0.0123
GARIN5A,113,0.0123
CTSL,112,0.0122
ACTRT2,112,0.0122
VMO1,112,0.0122
TNNC1,112,0.0122
HEBP2,112,0.0122
PTGR3,112,0.0122
CYP4F12,112,0.0122
ATP5F1C,112,0.0122
TGFB3,112,0.0122
DICER1,112,0.0122
PEX10,112,0.0122
ASB2,112,0.0122
EXOSC6,112,0.0122
ZMYND12,112,0.0122
WDR73,112,0.0122
EXT1,112,0.0122
LMF1,112,0.0122
PCOLCE2,112,0.0122
IGHV3-74,112,0.0122
IGKV2-30,112,0.0122
TNFSF12,112,0.0122
SMYD4,112,0.0122
HSPA6,112,0.0122
GUSB,112,0.0122
NINJ2,112,0.0122
TINAG,112,0.0122
TRAF3IP1,112,0.0122
GSTA4,112,0.0122
NDRG1,112,0.0122
RAB25,112,0.0122
MCM7,112,0.0122
LDLR,112,0.0122
CUTA,112,0.0122
IZUMO3,112,0.0122
CRYBA4,112,0.0122
GBP6,112,0.0122
NRDC,112,0.0122
BBOX1,112,0.0122
YRDC,112,0.0122
KLK15,112,0.0122
PRMT3,111,0.0121
NDUFAF6,111,0.0121
UAP1,111,0.0121
ASB13,111,0.0121
IFI30,111,0.0121
NUBPL,111,0.0121
DUSP23,111,0.0121
ST6GALNAC4,111,0.0121
CNRIP1,111,0.0121
CEP43,111,0.0121
SUFU,111,0.0121
EXOSC2,111,0.0121
METTL27,111,0.0121
FIBIN,111,0.0121
CA6,111,0.0121
NDUFS6,111,0.0121
GNPAT,111,0.0121
PRDX3,111,0.0121
NDUFS5,111,0.0121
MYL10,111,0.0121
DLAT,111,0.0121
TPSG1,111,0.0121
TMED1,111,0.0121
LCT,111,0.0121
ECEL1,111,0.0121
NDUFS7,111,0.0121
EEF1AKMT4,111,0.0121
BUB1B,111,0.0121
FAM162B,111,0.0121
MRPL1,111,0.0121
DMGDH,111,0.0121
CDKN1A,111,0.0121
WNT3,111,0.0121
TYW1,111,0.0121
METTL2A,111,0.0121
ARMT1,111,0.0121
ALB,110,0.012
CDC16,110,0.012
MICALL2,110,0.012
NIPSNAP2,110,0.012
MAP1LC3B2,110,0.012
STYXL1,110,0.012
TUBB2A,110,0.012
TARS2,110,0.012
TPPP2,110,0.012
MRPS31,110,0.012
PRMT5,110,0.012
DSCC1,110,0.012
AMD1,110,0.012
GDA,110,0.012
IFNK,110,0.012
AGL,110,0.012
AGBL4,110,0.012
CER1,110,0.012
ANGPT4,110,0.012
BLVRB,110,0.012
PMM1,110,0.012
NPL,110,0.012
MRPS14,110,0.012
GREM1,110,0.012
MME,110,0.012
ARHGDIG,110,0.012
ANG,110,0.012
TTC7B,110,0.012
WHRN,110,0.012
DDX51,110,0.012
SAG,110,0.012
BMP8A,110,0.012
CBR4,110,0.012
IER3IP1,110,0.012
RFC2,110,0.012
MRFAP1L1,110,0.012
COMMD1,110,0.012
PSG2,110,0.012
PLA2G7,110,0.012
CPT1B,110,0.012
TENT5B,109,0.0119
LGALS2,109,0.0119
IL19,109,0.0119
PM20D1,109,0.0119
AAR2,109,0.0119
CTSV,109,0.0119
GTF3C3,109,0.0119
CRISPLD2,109,0.0119
TMEM43,109,0.0119
IRAK1BP1,109,0.0119
SPICE1,109,0.0119
ADH5,109,0.0119
BLID,109,0.0119
NSUN2,109,0.0119
SERPINA12,109,0.0119
C19orf25,109,0.0119
GLIPR1,109,0.0119
CMBL,109,0.0119
POMGNT2,109,0.0119
GBP4,109,0.0119
PEX11B,109,0.0119
HDAC11,109,0.0119
HSPA1L,109,0.0119
GBP1,109,0.0119
AZU1,109,0.0119
POLL,109,0.0119
IL22,109,0.0119
POFUT1,109,0.0119
MRPS18B,109,0.0119
TRIM68,109,0.0119
POLR3H,109,0.0119
ICA1,109,0.0119
ETHE1,109,0.0119
CHCHD6,109,0.0119
FLOT2,109,0.0119
NNMT,109,0.0119
TNNT1,109,0.0119
IFT27,109,0.0119
GTPBP3,109,0.0119
CLPP,109,0.0119
NIT2,109,0.0119
PTK6,109,0.0119
ABCA5,109,0.0119
MOGAT1,109,0.0119
ERMP1,108,0.0118
TDP1,108,0.0118
HSPD1,108,0.0118
RAB19,108,0.0118
WDR4,108,0.0118
ATE1,108,0.0118
OCM,108,0.0118
PSMG1,108,0.0118
TESC,108,0.0118
TMEM95,108,0.0118
KHK,108,0.0118
KCNJ5,108,0.0118
OLFML2A,108,0.0118
MRPL15,108,0.0118
AACS,108,0.0118
TIGD2,108,0.0118
CFAP46,108,0.0118
DIABLO,108,0.0118
SCAI,108,0.0118
PEX16,108,0.0118
CAPN8,108,0.0118
POFUT2,108,0.0118
GNE,108,0.0118
EXOSC8,108,0.0118
ATP1B2,108,0.0118
RP1,108,0.0118
MYOZ1,108,0.0118
KIFBP,108,0.0118
NDUFA4L2,108,0.0118
CYP4F11,108,0.0118
ZSCAN1,108,0.0118
CCDC134,108,0.0118
TLN2,108,0.0118
TPSD1,107,0.0117
GCNT4,107,0.0117
PTEN,107,0.0117
FGF6,107,0.0117
ECI2,107,0.0117
CNIH3,107,0.0117
NPM2,107,0.0117
CASQ1,107,0.0117
MRPL18,107,0.0117
TMED4,107,0.0117
DDX59,107,0.0117
TMEM141,107,0.0117
OTOL1,107,0.0117
NLN,107,0.0117
RNASE13,107,0.0117
TONSL,107,0.0117
AFP,107,0.0117
GCNT2,107,0.0117
GNPDA2,107,0.0117
SHD,107,0.0117
DUS2,107,0.0117
PLSCR5,107,0.0117
COLEC11,107,0.0117
PSG3,107,0.0117
TRMT61B,107,0.0117
CHTF8,107,0.0117
PSMC3IP,107,0.0117
EDEM1,107,0.0117
PSMD13,107,0.0117
FAAH2,107,0.0117
FUOM,107,0.0117
ITGB1BP1,107,0.0117
MRPL53,107,0.0117
SLC10A1,107,0.0117
LYZL6,107,0.0117
CBR1,107,0.0117
LACTB2,107,0.0117
QPCTL,107,0.0117
UGDH,107,0.0117
ADH4,107,0.0117
LGALS3,107,0.0117
WDR54,107,0.0117
BPGM,107,0.0117
DTWD1,107,0.0117
COX15,106,0.0115
CNGA3,106,0.0115
METAP1D,106,0.0115
GFM2,106,0.0115
OSGEPL1,106,0.0115
PLA2G5,106,0.0115
MYG1,106,0.0115
RPL13A,106,0.0115
DEFA4,106,0.0115
UGT1A10,106,0.0115
CRNN,106,0.0115
EIF2B1,106,0.0115
ABHD17A,106,0.0115
LIPT2,106,0.0115
TAGLN,106,0.0115
NDUFB5,106,0.0115
KLHL41,106,0.0115
SIGMAR1,106,0.0115
TIGD3,106,0.0115
PFN3,106,0.0115
MLYCD,106,0.0115
SLC1A1,106,0.0115
TSEN2,106,0.0115
PPCS,106,0.0115
PNLIP,106,0.0115
SYCN,106,0.0115
NAPRT,106,0.0115
EMG1,106,0.0115
INSL6,106,0.0115
CFAP144,106,0.0115
XRCC5,106,0.0115
MRPS26,106,0.0115
CFAP119,106,0.0115
FBXO16,106,0.0115
SRFBP1,106,0.0115
DHX37,106,0.0115
METTL1,106,0.0115
PIERCE1,106,0.0115
P4HTM,106,0.0115
CLN5,106,0.0115
RFPL1,106,0.0115
SPR,106,0.0115
LYZL1,106,0.0115
RPA3,106,0.0115
TRMT10C,105,0.0114
PTCD2,105,0.0114
MELTF,105,0.0114
A3GALT2,105,0.0114
EFHD2,105,0.0114
DDI1,105,0.0114
GNPDA1,105,0.0114
CA7,105,0.0114
MED8,105,0.0114
PGF,105,0.0114
PSMD1,105,0.0114
HAPLN1,105,0.0114
RAB4B,105,0.0114
RMND5B,105,0.0114
HEXD,105,0.0114
MZF1,105,0.0114
TFR2,105,0.0114
TWNK,105,0.0114
LMAN1,105,0.0114
IL4,105,0.0114
A4GNT,105,0.0114
UCHL1,105,0.0114
MPHOSPH6,105,0.0114
SPG21,105,0.0114
TIMM17A,105,0.0114
POGLUT2,105,0.0114
ACOT4,105,0.0114
SEC14L3,105,0.0114
CTRL,105,0.0114
MVD,105,0.0114
MRPL13,105,0.0114
RAB28,105,0.0114
WNT8B,105,0.0114
PSMD3,105,0.0114
SAT2,105,0.0114
NAE1,105,0.0114
RDH12,105,0.0114
GLYAT,105,0.0114
CAV3,105,0.0114
DHX32,105,0.0114
MDP1,105,0.0114
SIM2,104,0.0113
RSPH9,104,0.0113
RNASE2,104,0.0113
PLAU,104,0.0113
GALNT18,104,0.0113
DUSP29,104,0.0113
COG2,104,0.0113
NPR2,104,0.0113
ANGPTL3,104,0.0113
ARSJ,104,0.0113
B3GLCT,104,0.0113
METTL23,104,0.0113
B3GNT4,104,0.0113
THG1L,104,0.0113
RIT1,104,0.0113
PDSS1,104,0.0113
CRYBB2,104,0.0113
TSPYL4,104,0.0113
XRCC1,104,0.0113
HEXA,104,0.0113
POMC,104,0.0113
MRRF,104,0.0113
FGL2,104,0.0113
EPRS1,104,0.0113
SOD1,104,0.0113
FGF11,104,0.0113
CLC,104,0.0113
BUD23,104,0.0113
CAPZA3,104,0.0113
KCNE3,104,0.0113
AOC2,104,0.0113
DMC1,104,0.0113
CIMIP2B,104,0.0113
ORAI3,104,0.0113
H3C8,104,0.0113
ENPP6,104,0.0113
PDCD10,104,0.0113
TBC1D24,104,0.0113
BLOC1S1,104,0.0113
NT5E,104,0.0113
PPP5C,104,0.0113
FBP1,104,0.0113
GPHB5,104,0.0113
ACSM2A,104,0.0113
ACOD1,104,0.0113
TGFB2,104,0.0113
GLS2,104,0.0113
ACTRT3,103,0.0112
INMT,103,0.0112
IGLV8-61,103,0.0112
FKTN,103,0.0112
MRFAP1,103,0.0112
RGPD8,103,0.0112
IL27,103,0.0112
TCP11L1,103,0.0112
RPTOR,103,0.0112
SCGN,103,0.0112
MORN3,103,0.0112
H2AC16,103,0.0112
DUS4L,103,0.0112
PRKAB1,103,0.0112
CSGALNACT1,103,0.0112
LGI3,103,0.0112
EFCAB9,103,0.0112
SAMD9L,103,0.0112
UGT1A4,103,0.0112
CHMP5,103,0.0112
HINT1,103,0.0112
HAUS1,103,0.0112
ATPAF2,103,0.0112
ARMC6,103,0.0112
FUT10,103,0.0112
DCAF13,103,0.0112
DCDC2,103,0.0112
MON1B,103,0.0112
GUCA1C,103,0.0112
PI15,103,0.0112
TTC33,103,0.0112
MTRF1,103,0.0112
C1GALT1,103,0.0112
MRPL42,103,0.0112
PNPLA5,103,0.0112
NDUFA6,103,0.0112
PEF1,103,0.0112
PRSS50,103,0.0112
TMEM126B,103,0.0112
RABGGTA,103,0.0112
BCO2,103,0.0112
SESN3,103,0.0112
TULP1,103,0.0112
TUBA4B,103,0.0112
MAP3K6,103,0.0112
GATC,103,0.0112
H2AC12,103,0.0112
NPHP3,103,0.0112
AQP5,103,0.0112
FCN1,103,0.0112
GATD3,103,0.0112
CYP2E1,103,0.0112
TLR1,103,0.0112
TPD52L3,102,0.0111
LARGE1,102,0.0111
CCNB1,102,0.0111
ERAP1,102,0.0111
TRPM7,102,0.0111
GNB3,102,0.0111
PNPT1,102,0.0111
NSG1,102,0.0111
SH3TC1,102,0.0111
FAM200C,102,0.0111
GPX5,102,0.0111
MREG,102,0.0111
VNN1,102,0.0111
HK1,102,0.0111
ELAC2,102,0.0111
NRN1L,102,0.0111
ZNF500,102,0.0111
H2BC7,102,0.0111
MAN2B1,102,0.0111
ACP2,102,0.0111
HSD17B13,102,0.0111
SNCG,102,0.0111
UBA1,102,0.0111
CYP4F3,102,0.0111
CLHC1,102,0.0111
EXTL3,102,0.0111
NOLC1,102,0.0111
NAALADL2,102,0.0111
WRAP73,102,0.0111
PRSS27,102,0.0111
UBD,102,0.0111
VCPKMT,102,0.0111
KCNJ2,102,0.0111
CHRND,102,0.0111
MTFP1,102,0.0111
BAIAP2L1,102,0.0111
C14orf28,101,0.011
AADAT,101,0.011
EMC8,101,0.011
B4GALT2,101,0.011
IL13,101,0.011
WDR55,101,0.011
FBXO22,101,0.011
PAPOLB,101,0.011
TRPM6,101,0.011
RNASE10,101,0.011
SRP68,101,0.011
PNMT,101,0.011
TYW5,101,0.011
GC,101,0.011
NDRG4,101,0.011
SLC12A2,101,0.011
EDA,101,0.011
DGUOK,101,0.011
BEST2,101,0.011
CSTB,101,0.011
CCNO,101,0.011
MBLAC2,101,0.011
PRADC1,101,0.011
SH3GLB2,101,0.011
PSMB3,101,0.011
TOR2A,101,0.011
H2BC9,101,0.011
GDF9,101,0.011
FLII,101,0.011
GLYATL3,101,0.011
EML1,101,0.011
NEURL2,101,0.011
ERMAP,101,0.011
MRPL37,101,0.011
DSN1,101,0.011
MRPL22,101,0.011
TRAPPC6B,101,0.011
CYP2C8,101,0.011
CELA2A,101,0.011
FAM131C,101,0.011
MOB1B,101,0.011
GARS1,101,0.011
SFXN2,101,0.011
TIGD6,101,0.011
PGLYRP1,101,0.011
GBP2,101,0.011
TRAPPC11,101,0.011
C19orf44,101,0.011
GSTO1,101,0.011
APEX1,101,0.011
MRPL51,101,0.011
BBS10,101,0.011
BTNL3,100,0.0109
ORAI1,100,0.0109
HDHD3,100,0.0109
TRAF1,100,0.0109
IGHV3-49,100,0.0109
ST8SIA1,100,0.0109
ITLN2,100,0.0109
POLR3F,100,0.0109
MRPL27,100,0.0109
LIPF,100,0.0109
SPACA3,100,0.0109
MLKL,100,0.0109
CTU1,100,0.0109
PUS1,100,0.0109
ZNF446,100,0.0109
GLYATL1,100,0.0109
TK1,100,0.0109
S100A3,100,0.0109
PLA2G2D,100,0.0109
GNA12,100,0.0109
NECAP2,100,0.0109
CMTR2,100,0.0109
NUS1,100,0.0109
CD2BP2,100,0.0109
CTRB2,100,0.0109
MRPL49,100,0.0109
SLC26A2,100,0.0109
UGT1A5,100,0.0109
DHX57,100,0.0109
S100Z,100,0.0109
TRAPPC12,100,0.0109
CINP,100,0.0109
SLC26A5,100,0.0109
ACOT11,100,0.0109
ADAM30,100,0.0109
MYDGF,100,0.0109
PRSS58,100,0.0109
NT5DC3,100,0.0109
CAPG,100,0.0109
CRYBA1,100,0.0109
IMPA1,100,0.0109
H3C13,100,0.0109
BECN1,100,0.0109
TACO1,100,0.0109
ARL14EPL,100,0.0109
GDAP1,100,0.0109
CNGA4,100,0.0109
IMPACT,100,0.0109
NXPE2,100,0.0109
RANBP3L,100,0.0109
ARL11,100,0.0109
ENO2,100,0.0109
ARL2,99,0.0108
S100A1,99,0.0108
TCTE1,99,0.0108
USP4,99,0.0108
COMMD10,99,0.0108
GALC,99,0.0108
MFAP4,99,0.0108
MRPL54,99,0.0108
MCU,99,0.0108
GADD45GIP1,99,0.0108
GLIPR1L1,99,0.0108
PSMD6,99,0.0108
ABCA1,99,0.0108
GYG1,99,0.0108
PLA2G2C,99,0.0108
SUPV3L1,99,0.0108
SLC30A6,99,0.0108
SEC14L6,99,0.0108
KRTAP1-5,99,0.0108
GNG13,99,0.0108
DUSP28,99,0.0108
GALNT4,99,0.0108
CFAP210,99,0.0108
H4C16,99,0.0108
OCEL1,99,0.0108
GRPEL1,99,0.0108
CYTL1,99,0.0108
TFB1M,99,0.0108
GXYLT2,99,0.0108
CPPED1,99,0.0108
ADCY7,99,0.0108
RGS13,99,0.0108
MANEA,99,0.0108
IGHV2-26,99,0.0108
S100P,99,0.0108
FAM220A,99,0.0108
SPMIP2,99,0.0108
PRKDC,99,0.0108
HIGD1B,99,0.0108
DIMT1,99,0.0108
IGBP1C,99,0.0108
GML,99,0.0108
RNASE12,99,0.0108
PEX2,99,0.0108
LIPT1,99,0.0108
NAT9,99,0.0108
PRRC1,99,0.0108
CALML3,99,0.0108
CIDEC,98,0.0107
UMPS,98,0.0107
PSMD12,98,0.0107
MECR,98,0.0107
ENPP2,98,0.0107
ANGPTL5,98,0.0107
DDX19B,98,0.0107
DCDC2B,98,0.0107
IGKV3D-11,98,0.0107
PI16,98,0.0107
WSCD2,98,0.0107
TLR3,98,0.0107
ATG101,98,0.0107
HYI,98,0.0107
NT5C2,98,0.0107
MRPL55,98,0.0107
RGS19,98,0.0107
CHPF,98,0.0107
MGST1,98,0.0107
ANKRD36,98,0.0107
NDUFC2,98,0.0107
CWH43,98,0.0107
TMPRSS12,98,0.0107
PSMB8,98,0.0107
ARFIP1,98,0.0107
ATG4C,98,0.0107
VASP,98,0.0107
YEATS2,98,0.0107
TMEM223,98,0.0107
HINT2,98,0.0107
PLEKHA8,98,0.0107
MTMR8,98,0.0107
FAAH,98,0.0107
KANK2,98,0.0107
METTL21A,98,0.0107
SETD3,98,0.0107
LANCL2,98,0.0107
NOX5,98,0.0107
STX2,98,0.0107
ENPEP,98,0.0107
AIF1L,98,0.0107
LPIN2,98,0.0107
DTNBP1,98,0.0107
TMEM98,98,0.0107
CAVIN4,98,0.0107
COMTD1,98,0.0107
NTMT2,97,0.0106
VPS52,97,0.0106
ECRG4,97,0.0106
MAP1LC3B,97,0.0106
CPNE3,97,0.0106
NSMCE4A,97,0.0106
CYBC1,97,0.0106
COPS6,97,0.0106
KCNJ10,97,0.0106
SRA1,97,0.0106
CIMAP3,97,0.0106
COMT,97,0.0106
METTL26,97,0.0106
MTHFD2,97,0.0106
BOK,97,0.0106
MRPS24,97,0.0106
LIPK,97,0.0106
RRP15,97,0.0106
NUDT13,97,0.0106
CASTOR1,97,0.0106
SLA2,97,0.0106
H3-7,97,0.0106
CYP2C18,97,0.0106
RTN4IP1,97,0.0106
TNNI1,97,0.0106
COQ3,97,0.0106
CXCL3,97,0.0106
STPG4,97,0.0106
SPSB4,97,0.0106
ARL2BP,97,0.0106
XXYLT1,97,0.0106
MRPL21,97,0.0106
LENG1,97,0.0106
POLA2,97,0.0106
WFDC3,97,0.0106
MED7,97,0.0106
GRWD1,97,0.0106
INHBC,97,0.0106
GSTO2,97,0.0106
ASB11,97,0.0106
PTX4,97,0.0106
OSGIN1,97,0.0106
CENPH,97,0.0106
ACTA1,97,0.0106
PFKFB1,97,0.0106
PBLD,97,0.0106
GDF2,97,0.0106
TP53RK,97,0.0106
CTSZ,97,0.0106
HSD17B6,97,0.0106
LY86,97,0.0106
CFAP300,97,0.0106
IZUMO1R,97,0.0106
UQCC3,97,0.0106
IL31,97,0.0106
CPA5,97,0.0106
ARSG,97,0.0106
RASL10B,97,0.0106
HBB,97,0.0106
NAPA,97,0.0106
AMBP,97,0.0106
TRMT10B,97,0.0106
CCIN,97,0.0106
TRIM21,97,0.0106
LPCAT1,96,0.0105
ALKBH3,96,0.0105
ATP6V1B2,96,0.0105
B3GNTL1,96,0.0105
C1QTNF7,96,0.0105
RPL18A,96,0.0105
JCHAIN,96,0.0105
NPAT,96,0.0105
MED11,96,0.0105
GUCY2F,96,0.0105
MED29,96,0.0105
MRPL41,96,0.0105
C2orf76,96,0.0105
ENO4,96,0.0105
UBTD1,96,0.0105
ABRA,96,0.0105
PICK1,96,0.0105
FSTL1,96,0.0105
BCHE,96,0.0105
POLR3K,96,0.0105
AEN,96,0.0105
POLR2C,96,0.0105
HINT3,96,0.0105
COX20,96,0.0105
CDK4,96,0.0105
CDC14B,96,0.0105
JUP,96,0.0105
KRTAP4-9,96,0.0105
PYGL,96,0.0105
IFI44L,96,0.0105
C1QTNF5,96,0.0105
UGT1A6,96,0.0105
SMCO3,96,0.0105
RIDA,96,0.0105
CDKN2AIPNL,96,0.0105
APCS,96,0.0105
VPS9D1,96,0.0105
GPX7,96,0.0105
SDCBP2,96,0.0105
NME2,96,0.0105
NPR1,96,0.0105
TNFSF14,96,0.0105
EIF4E1B,96,0.0105
MICOS13,96,0.0105
FUT11,96,0.0105
DDAH1,96,0.0105
GMFG,96,0.0105
TANC1,96,0.0105
KDSR,96,0.0105
PGLYRP3,96,0.0105
ATP5PD,95,0.0103
UGT2B10,95,0.0103
FKBP14,95,0.0103
DEFB131A,95,0.0103
KLHL25,95,0.0103
CYP4F2,95,0.0103
C4orf36,95,0.0103
WARS2,95,0.0103
C22orf39,95,0.0103
IDH3G,95,0.0103
H2BC1,95,0.0103
SDF2,95,0.0103
FCF1,95,0.0103
AOC1,95,0.0103
ACTL9,95,0.0103
PCSK4,95,0.0103
IGLV9-49,95,0.0103
MPZ,95,0.0103
IBA57,95,0.0103
TRABD2A,95,0.0103
UBE2L6,95,0.0103
PRSS38,95,0.0103
UQCR10,95,0.0103
OIP5,95,0.0103
SPG7,95,0.0103
RRP36,95,0.0103
RPL15,95,0.0103
CBR3,95,0.0103
SBSPON,95,0.0103
GTF2A1L,95,0.0103
TPRKB,95,0.0103
PINLYP,95,0.0103
C22orf23,95,0.0103
ABCA12,95,0.0103
UBASH3A,95,0.0103
HORMAD2,95,0.0103
CLIC3,95,0.0103
NME5,95,0.0103
NPHS2,95,0.0103
TMEM205,95,0.0103
BORCS6,94,0.0102
B9D1,94,0.0102
MDH1,94,0.0102
HSD3B1,94,0.0102
FGF4,94,0.0102
DEFA5,94,0.0102
MRPL10,94,0.0102
IL3,94,0.0102
FEM1A,94,0.0102
DIO1,94,0.0102
HERC2,94,0.0102
C1orf50,94,0.0102
H2AC17,94,0.0102
KCNJ12,94,0.0102
NUDT19,94,0.0102
INPPL1,94,0.0102
MOXD1,94,0.0102
PDGFA,94,0.0102
PLG,94,0.0102
LYPLAL1,94,0.0102
RSL24D1,94,0.0102
ADAMTS18,94,0.0102
NSL1,94,0.0102
CTF1,94,0.0102
MTARC2,94,0.0102
BLOC1S6,94,0.0102
DDX28,94,0.0102
ANAPC5,94,0.0102
CCS,94,0.0102
CCL4,94,0.0102
EGLN3,94,0.0102
KLK2,94,0.0102
R3HDM4,94,0.0102
MED21,94,0.0102
SPSB2,94,0.0102
LY96,94,0.0102
SLC9A4,94,0.0102
COMMD9,94,0.0102
LYG1,94,0.0102
LITAF,94,0.0102
P3H2,94,0.0102
RPL22L1,94,0.0102
RASSF2,94,0.0102
RHOF,94,0.0102
SPMIP6,94,0.0102
C1QTNF1,94,0.0102
DPP10,94,0.0102
NPM3,94,0.0102
PALD1,94,0.0102
COMMD5,94,0.0102
CPA3,94,0.0102
WASHC3,94,0.0102
NUDT15,94,0.0102
MRPS21,94,0.0102
CLCNKB,94,0.0102
COQ5,94,0.0102
RSAD1,94,0.0102
NME1,94,0.0102
EDDM3B,94,0.0102
FTHL17,94,0.0102
ACTA2,94,0.0102
BOLA1,94,0.0102
TREX2,94,0.0102
BST1,94,0.0102
AS3MT,94,0.0102
WDR91,94,0.0102
IFIH1,94,0.0102
CA8,93,0.0101
OTULINL,93,0.0101
CYB5RL,93,0.0101
GZMB,93,0.0101
REC8,93,0.0101
MGMT,93,0.0101
MIS12,93,0.0101
TIGD4,93,0.0101
CYB5R2,93,0.0101
ENPP3,93,0.0101
TMEM260,93,0.0101
FIS1,93,0.0101
ANKEF1,93,0.0101
REG1B,93,0.0101
IGKV1-33,93,0.0101
DNLZ,93,0.0101
LRRC18,93,0.0101
PTPN11,93,0.0101
TAF8,93,0.0101
H4C7,93,0.0101
CELA2B,93,0.0101
GNAT3,93,0.0101
ANKRD1,93,0.0101
TTLL12,93,0.0101
NAPG,93,0.0101
NTMT1,93,0.0101
PTGR1,93,0.0101
COX6A1,93,0.0101
CHIA,93,0.0101
HDDC2,93,0.0101
CDO1,93,0.0101
DNMBP,93,0.0101
PROK1,93,0.0101
PRSS33,93,0.0101
POPDC3,93,0.0101
ATP5MGL,93,0.0101
PXMP4,93,0.0101
POR,93,0.0101
TTC24,93,0.0101
C1D,93,0.0101
TEX264,93,0.0101
TICAM2,93,0.0101
MYO5B,93,0.0101
HPCAL4,93,0.0101
FBXW8,93,0.0101
CYP2C19,93,0.0101
IL37,93,0.0101
NDUFA3,93,0.0101
P2RX5,93,0.0101
CHURC1,93,0.0101
P2RX3,93,0.0101
RAB3IL1,93,0.0101
GPHA2,93,0.0101
MYL6B,93,0.0101
USP6,93,0.0101
CEP19,93,0.0101
CA1,93,0.0101
PNPLA2,93,0.0101
CPA2,93,0.0101
ASF1B,93,0.0101
TMIE,93,0.0101
MOCS2,93,0.0101
IGHV3-53,93,0.0101
SIAE,93,0.0101
CNGA1,93,0.0101
C1QA,93,0.0101
COX5A,93,0.0101
SFTPA2,93,0.0101
SPAG6,93,0.0101
CFAP97D1,92,0.01
ST8SIA6,92,0.01
PADI2,92,0.01
GNS,92,0.01
SUPT7L,92,0.01
KLK1,92,0.01
ASB8,92,0.01
GDF3,92,0.01
COX6B2,92,0.01
MTM1,92,0.01
PSG11,92,0.01
KLK9,92,0.01
STX3,92,0.01
BEST1,92,0.01
DDRGK1,92,0.01
FTH1,92,0.01
ANGPTL1,92,0.01
PSMG3,92,0.01
AHSP,92,0.01
HMOX2,92,0.01
CST5,92,0.01
MUC5AC,92,0.01
PIP,92,0.01
GNA15,92,0.01
POLR3G,92,0.01
ASB17,92,0.01
DIAPH1,92,0.01
CRYGN,92,0.01
TMED5,92,0.01
PURG,92,0.01
SACS,92,0.01
UGT1A3,92,0.01
RBBP8,92,0.01
COPS7A,92,0.01
RPSA2,92,0.01
MASP2,92,0.01
CHRNB2,92,0.01
GSTM3,92,0.01
P2RX6,92,0.01
SLC9C2,92,0.01
LSM10,92,0.01
NAA20,92,0.01
B4GALT4,92,0.01
SLC4A5,92,0.01
WRN,92,0.01
SCGB2B2,92,0.01
SMARCB1,92,0.01
RTCB,92,0.01
TMEM53,92,0.01
PRDX1,92,0.01
DAPK1,92,0.01
TBCC,92,0.01
CCDC97,92,0.01
KDM8,92,0.01
ORC1,92,0.01
MTSS2,92,0.01
MED18,92,0.01
PKD2,92,0.01
BUB3,92,0.01
PGAM1,92,0.01
PHPT1,92,0.01
KCNJ11,92,0.01
SLC12A9,92,0.01
CSF2,92,0.01
UGT1A7,91,0.0099
DDX39A,91,0.0099
COX19,91,0.0099
HPSE2,91,0.0099
MANBA,91,0.0099
MMP2,91,0.0099
POTEI,91,0.0099
TIFAB,91,0.0099
CAPN7,91,0.0099
SPDYE5,91,0.0099
NT5M,91,0.0099
TTC4,91,0.0099
DIRAS3,91,0.0099
KCNIP3,91,0.0099
AKR1B1,91,0.0099
STX10,91,0.0099
CAPNS1,91,0.0099
TMEM242,91,0.0099
TTPA,91,0.0099
CLXN,91,0.0099
H3-5,91,0.0099
GALNTL5,91,0.0099
RGS5,91,0.0099
PLD2,91,0.0099
MYL9,91,0.0099
TTLL9,91,0.0099
PIWIL4,91,0.0099
JOSD2,91,0.0099
PNPLA8,91,0.0099
PDXK,91,0.0099
TPRG1,91,0.0099
SPC24,91,0.0099
GSTM2,91,0.0099
IL12A,91,0.0099
TUBB2B,91,0.0099
AP1S3,91,0.0099
COG6,91,0.0099
GJB2,91,0.0099
POLR3GL,91,0.0099
SPMIP5,91,0.0099
LPL,91,0.0099
NHLRC3,91,0.0099
SMYD2,91,0.0099
PIGB,91,0.0099
THEM4,91,0.0099
FUT6,91,0.0099
OLFML3,91,0.0099
LRRC51,91,0.0099
SCAND3,91,0.0099
RND2,91,0.0099
IFT20,91,0.0099
CPB1,91,0.0099
ATP5MG,91,0.0099
LCTL,91,0.0099
PSPN,91,0.0099
GSTT2B,91,0.0099
MRPS11,90,0.0098
LGI2,90,0.0098
PRXL2C,90,0.0098
GHITM,90,0.0098
FMC1,90,0.0098
PTPN13,90,0.0098
TOR1B,90,0.0098
FAM234A,90,0.0098
DUT,90,0.0098
APMAP,90,0.0098
RPIA,90,0.0098
RCVRN,90,0.0098
CAV1,90,0.0098
GALNTL6,90,0.0098
OTOR,90,0.0098
IGSF10,90,0.0098
CHIT1,90,0.0098
GDF1,90,0.0098
LGI4,90,0.0098
SDHAF1,90,0.0098
GRAP2,90,0.0098
AMY2B,90,0.0098
HENMT1,90,0.0098
VEGFB,90,0.0098
DHX29,90,0.0098
NXPE4,90,0.0098
CENPQ,90,0.0098
ASB1,90,0.0098
MAB21L4,90,0.0098
GGA1,90,0.0098
TNFSF15,90,0.0098
MNDA,90,0.0098
STX5,90,0.0098
C1S,90,0.0098
CCDC153,90,0.0098
FAM200A,90,0.0098
AP4S1,90,0.0098
IGKV2D-29,90,0.0098
MRPS9,90,0.0098
MFNG,90,0.0098
PSMB10,90,0.0098
ELAC1,90,0.0098
RANBP17,90,0.0098
CA10,90,0.0098
UQCRB,90,0.0098
IL17RB,90,0.0098
TSHB,90,0.0098
IL36G,90,0.0098
CCDC42,90,0.0098
GDF10,90,0.0098
SLC26A9,90,0.0098
C2orf50,90,0.0098
GRIN2A,90,0.0098
EXOG,90,0.0098
AIMP2,90,0.0098
GSR,90,0.0098
MYO7A,90,0.0098
TNS4,90,0.0098
HYAL2,90,0.0098
PGAM5,90,0.0098
CENPK,90,0.0098
DUSP2,90,0.0098
DTYMK,90,0.0098
AAGAB,90,0.0098
CFAP418,90,0.0098
UFC1,90,0.0098
DAOA,90,0.0098
MRPS35,90,0.0098
DDX41,90,0.0098
GLA,90,0.0098
S100A5,90,0.0098
PFDN5,89,0.0097
PTPRS,89,0.0097
TMX2,89,0.0097
RUVBL2,89,0.0097
PSG9,89,0.0097
TNNI3K,89,0.0097
PFKFB3,89,0.0097
ARMC3,89,0.0097
CDPF1,89,0.0097
ID3,89,0.0097
CA5B,89,0.0097
OCIAD2,89,0.0097
PEX11A,89,0.0097
KCNJ14,89,0.0097
EMC1,89,0.0097
CDA,89,0.0097
KIF1B,89,0.0097
LGALSL,89,0.0097
DCTN6,89,0.0097
BCAR3,89,0.0097
SH3BP2,89,0.0097
RAB32,89,0.0097
KICS2,89,0.0097
CHRNA9,89,0.0097
PTGES2,89,0.0097
RANGRF,89,0.0097
GZMM,89,0.0097
FRZB,89,0.0097
INVS,89,0.0097
STUB1,89,0.0097
TMEM243,89,0.0097
HYAL3,89,0.0097
CWC25,89,0.0097
DNAJB1,89,0.0097
IL5,89,0.0097
MKRN2OS,89,0.0097
ACD,89,0.0097
WFDC8,89,0.0097
WSB1,89,0.0097
ESPN,89,0.0097
CDCA4,89,0.0097
OVCA2,89,0.0097
DDX43,89,0.0097
MRPL14,89,0.0097
TAGLN2,89,0.0097
FAHD2A,89,0.0097
S100A12,89,0.0097
SLC9C1,89,0.0097
PPDPF,89,0.0097
PRMT9,89,0.0097
CHID1,89,0.0097
TPPP,89,0.0097
GM2A,89,0.0097
PDGFB,89,0.0097
LGALS1,89,0.0097
IGLL5,89,0.0097
RBKS,89,0.0097
MND1,89,0.0097
HS3ST6,89,0.0097
NSMCE1,89,0.0097
APPL1,89,0.0097
DNASE1L3,89,0.0097
THOC7,89,0.0097
PRSS55,89,0.0097
DDX60,88,0.0096
POLE,88,0.0096
AK7,88,0.0096
SERPINA4,88,0.0096
GALNT2,88,0.0096
H2AC25,88,0.0096
RPUSD2,88,0.0096
TAF1A,88,0.0096
ABCA6,88,0.0096
SH3GL1,88,0.0096
TRIP10,88,0.0096
HYOU1,88,0.0096
REP15,88,0.0096
IGFL1,88,0.0096
MARS1,88,0.0096
UNG,88,0.0096
CORO2A,88,0.0096
PRELP,88,0.0096
SLC4A3,88,0.0096
MTFMT,88,0.0096
FAM3D,88,0.0096
C3orf38,88,0.0096
OPTC,88,0.0096
LAMTOR4,88,0.0096
BBS9,88,0.0096
UGT2A2,88,0.0096
PACSIN2,88,0.0096
OLFML2B,88,0.0096
PLD1,88,0.0096
C1QBP,88,0.0096
SH2D1B,88,0.0096
GPIHBP1,88,0.0096
EXOC3L1,88,0.0096
SETD9,88,0.0096
LOXL2,88,0.0096
MUSTN1,88,0.0096
DUSP22,88,0.0096
CLCN1,88,0.0096
GLT8D2,88,0.0096
TCP11L2,88,0.0096
MVK,88,0.0096
SEC24C,88,0.0096
SEPTIN12,88,0.0096
MIOX,88,0.0096
CLUAP1,88,0.0096
ADH6,88,0.0096
TLR4,88,0.0096
EIF2B5,88,0.0096
IL33,88,0.0096
DDHD2,88,0.0096
THTPA,88,0.0096
SPAG8,88,0.0096
LHPP,88,0.0096
HS6ST1,88,0.0096
HYKK,88,0.0096
FBL,88,0.0096
CALHM1,88,0.0096
NUP62,88,0.0096
IL36B,88,0.0096
FBXO6,88,0.0096
GAL3ST2,88,0.0096
ASB15,88,0.0096
DHRS3,88,0.0096
RNF133,88,0.0096
CRYZ,88,0.0096
H4C13,88,0.0096
FAHD2B,88,0.0096
MAP1LC3C,88,0.0096
RASSF7,88,0.0096
DUSP26,88,0.0096
SOCS4,88,0.0096
MRPS10,88,0.0096
SNF8,88,0.0096
F10,88,0.0096
COMMD3,88,0.0096
RDH11,87,0.0095
KCTD21,87,0.0095
NSUN5,87,0.0095
CDIN1,87,0.0095
DHX34,87,0.0095
EDDM3A,87,0.0095
GRPEL2,87,0.0095
RIBC1,87,0.0095
GRM4,87,0.0095
SYF2,87,0.0095
CWF19L2,87,0.0095
TAMM41,87,0.0095
LGMN,87,0.0095
MYL11,87,0.0095
TOM1,87,0.0095
COPA,87,0.0095
RPP30,87,0.0095
NECAP1,87,0.0095
NUDT6,87,0.0095
ATP4B,87,0.0095
METTL13,87,0.0095
NOB1,87,0.0095
RHOD,87,0.0095
HRNR,87,0.0095
CZIB,87,0.0095
RFPL4A,87,0.0095
MRPS27,87,0.0095
GRTP1,87,0.0095
ARFIP2,87,0.0095
FKBP7,87,0.0095
IMMP2L,87,0.0095
C1GALT1C1L,87,0.0095
SRPRB,87,0.0095
PPAT,87,0.0095
APOBEC3F,87,0.0095
MT1M,87,0.0095
PTPRD,87,0.0095
KLK7,87,0.0095
MACROD1,87,0.0095
CALML5,87,0.0095
CKB,87,0.0095
NCOA7,87,0.0095
MTMR6,87,0.0095
GALNT11,87,0.0095
GIPC2,87,0.0095
MPPE1,87,0.0095
ZSWIM7,87,0.0095
TRAPPC6A,87,0.0095
EPPK1,87,0.0095
UGT1A9,87,0.0095
EXOSC1,87,0.0095
H2BC14,87,0.0095
NPRL2,87,0.0095
XRN1,87,0.0095
BLOC1S5,87,0.0095
SEPHS1,87,0.0095
KERA,87,0.0095
CHRNA6,87,0.0095
NRBF2,87,0.0095
TARS3,87,0.0095
PDK1,87,0.0095
CCL3,86,0.0094
AFG1L,86,0.0094
NKIRAS2,86,0.0094
KRTAP4-11,86,0.0094
ACSF3,86,0.0094
METTL25B,86,0.0094
KLK8,86,0.0094
FAM162A,86,0.0094
GRAMD1C,86,0.0094
ACP1,86,0.0094
SRRD,86,0.0094
APBA1,86,0.0094
ADAP2,86,0.0094
VPS51,86,0.0094
HUS1B,86,0.0094
SCRIB,86,0.0094
KXD1,86,0.0094
MCAT,86,0.0094
CMAS,86,0.0094
CHRNB3,86,0.0094
MT1H,86,0.0094
ALG1,86,0.0094
ATP6V1C2,86,0.0094
DNAJC10,86,0.0094
CGB3,86,0.0094
TMEM216,86,0.0094
DLST,86,0.0094
NAP1L4,86,0.0094
HEPHL1,86,0.0094
GGA3,86,0.0094
ERCC1,86,0.0094
PROC,86,0.0094
IDNK,86,0.0094
SRL,86,0.0094
BORCS8,86,0.0094
CPZ,86,0.0094
ABHD14A,86,0.0094
LRG1,86,0.0094
ADCY4,86,0.0094
GALNT13,86,0.0094
TOE1,86,0.0094
PARN,86,0.0094
CIDEB,86,0.0094
CRY1,86,0.0094
MIB2,86,0.0094
AVEN,86,0.0094
NUDT16,86,0.0094
ACAP1,86,0.0094
STOML2,86,0.0094
B3GALNT2,86,0.0094
SPG11,86,0.0094
DNAAF4,86,0.0094
FUCA1,86,0.0094
NEMF,86,0.0094
PPP2R3A,86,0.0094
ASPH,86,0.0094
BNIP3,86,0.0094
H2BC6,86,0.0094
RRM1,86,0.0094
CHKB,86,0.0094
NDUFA5,85,0.0093
TULP3,85,0.0093
TLR2,85,0.0093
ORC3,85,0.0093
SMIM3,85,0.0093
ADK,85,0.0093
SARS1,85,0.0093
HTR3A,85,0.0093
DGAT2,85,0.0093
SELENOW,85,0.0093
HMCN1,85,0.0093
VWA1,85,0.0093
SERPINC1,85,0.0093
ADAT1,85,0.0093
B3GNT3,85,0.0093
SHC4,85,0.0093
GALNT17,85,0.0093
MRS2,85,0.0093
ST3GAL2,85,0.0093
ETV7,85,0.0093
IGFLR1,85,0.0093
SULT1B1,85,0.0093
IFITM3,85,0.0093
COQ4,85,0.0093
TXNRD3,85,0.0093
RPL11,85,0.0093
OCM2,85,0.0093
RPL35,85,0.0093
CIMAP1D,85,0.0093
COA7,85,0.0093
ZNF213,85,0.0093
HAPLN3,85,0.0093
S100A6,85,0.0093
RABL3,85,0.0093
SERPINB1,85,0.0093
BPHL,85,0.0093
IFT22,85,0.0093
TMEM14B,85,0.0093
MORN5,85,0.0093
CTRB1,85,0.0093
HYAL4,85,0.0093
IGLL1,85,0.0093
PEX26,85,0.0093
GZMA,85,0.0093
TXNRD1,85,0.0093
SCPEP1,85,0.0093
BIRC7,85,0.0093
NUDT8,85,0.0093
BLVRA,85,0.0093
XPNPEP2,85,0.0093
WFDC5,85,0.0093
ELP5,85,0.0093
KRTAP10-10,85,0.0093
AIF1,85,0.0093
DPM1,85,0.0093
RNASE8,85,0.0093
TAS1R2,85,0.0093
CTSK,85,0.0093
SPA17,85,0.0093
KNOP1,85,0.0093
LYG2,84,0.0091
RNASE7,84,0.0091
ABITRAM,84,0.0091
ISY1,84,0.0091
WFIKKN1,84,0.0091
ARL14,84,0.0091
ANKRD52,84,0.0091
SPC25,84,0.0091
MRPL46,84,0.0091
CLEC2L,84,0.0091
MTERF3,84,0.0091
CISD3,84,0.0091
PRKACG,84,0.0091
KCNA5,84,0.0091
SDR16C5,84,0.0091
INHBE,84,0.0091
CHCHD3,84,0.0091
TRAPPC1,84,0.0091
PARP3,84,0.0091
SLC3A1,84,0.0091
MYL7,84,0.0091
RO60,84,0.0091
THOP1,84,0.0091
UGT1A1,84,0.0091
OLFML1,84,0.0091
UGT2A3,84,0.0091
VPS18,84,0.0091
SNAPIN,84,0.0091
LYNX1,84,0.0091
MSH4,84,0.0091
KLC4,84,0.0091
POLR1E,84,0.0091
FGF23,84,0.0091
LYPD2,84,0.0091
TAFA4,84,0.0091
GGCT,84,0.0091
EIF3K,84,0.0091
ERI1,84,0.0091
CHAC1,84,0.0091
FRK,84,0.0091
PPM1K,84,0.0091
SMCO1,84,0.0091
COL6A2,84,0.0091
LRCOL1,84,0.0091
OXLD1,84,0.0091
SF3B3,84,0.0091
CERK,84,0.0091
CXCL8,84,0.0091
PTRH2,84,0.0091
PSORS1C2,84,0.0091
AMZ2,84,0.0091
ABCA8,84,0.0091
MYL6,84,0.0091
CRISPLD1,84,0.0091
ALKBH2,84,0.0091
GBP3,84,0.0091
AASDHPPT,84,0.0091
RHO,84,0.0091
TMEM135,84,0.0091
MESP1,84,0.0091
ENPP7,84,0.0091
ARPC3,84,0.0091
RPL3,84,0.0091
TIGD5,84,0.0091
COL6A3,84,0.0091
YTHDC2,84,0.0091
FGB,84,0.0091
IDO1,84,0.0091
TUBA1A,83,0.009
DUSP12,83,0.009
SBDS,83,0.009
DDX55,83,0.009
RHPN2,83,0.009
CIMIP4,83,0.009
FLT3LG,83,0.009
CGB5,83,0.009
SDF2L1,83,0.009
PAM,83,0.009
RPL18,83,0.009
RANBP6,83,0.009
CCDC85A,83,0.009
WFS1,83,0.009
TUFM,83,0.009
IL15,83,0.009
CDK5RAP1,83,0.009
SNTG2,83,0.009
TRIM50,83,0.009
BAG5,83,0.009
HEXIM2,83,0.009
VHLL,83,0.009
RPS19,83,0.009
CTHRC1,83,0.009
NPTX2,83,0.009
CLPSL1,83,0.009
SLC26A6,83,0.009
TPTE,83,0.009
CFAP68,83,0.009
DCP2,83,0.009
OLAH,83,0.009
PHOSPHO1,83,0.009
DMAC2,83,0.009
GNGT1,83,0.009
LYZL4,83,0.009
ANKS3,83,0.009
FAM89A,83,0.009
RIOK2,83,0.009
RHPN1,83,0.009
ST6GALNAC3,83,0.009
ORC5,83,0.009
TMEM80,83,0.009
NAPSA,83,0.009
SLC9A3,83,0.009
TRIM10,83,0.009
CLCN6,83,0.009
MEIG1,83,0.009
GDF5,83,0.009
NOL9,83,0.009
PARK7,83,0.009
CENPS,83,0.009
PSPH,83,0.009
C20orf96,83,0.009
FKBP9,83,0.009
TMEM69,83,0.009
BRMS1,83,0.009
SLC26A1,83,0.009
HLA-DOA,83,0.009
CARS2,83,0.009
CSMD3,83,0.009
RASD2,83,0.009
CALU,83,0.009
TTC5,83,0.009
CYP4A22,83,0.009
S100A14,83,0.009
C16orf96,83,0.009
MSRB1,83,0.009
CLDN9,83,0.009
TIMM21,83,0.009
PRMT2,83,0.009
TST,83,0.009
ENKUR,83,0.009
UQCC2,83,0.009
SPSB1,83,0.009
TNFSF18,83,0.009
AFMID,83,0.009
ATPSCKMT,83,0.009
MRPL9,83,0.009
KRTAP1-4,83,0.009
SEC23IP,83,0.009
PATE2,82,0.0089
PRDX2,82,0.0089
VPS37C,82,0.0089
RFPL2,82,0.0089
BCDIN3D,82,0.0089
HARBI1,82,0.0089
ACER1,82,0.0089
PAPSS1,82,0.0089
VSTM2B,82,0.0089
FCHO2,82,0.0089
DCUN1D4,82,0.0089
RAB3D,82,0.0089
GNA11,82,0.0089
ERO1A,82,0.0089
SOCS5,82,0.0089
GDF6,82,0.0089
GALK2,82,0.0089
GBP5,82,0.0089
LTF,82,0.0089
UQCRFS1,82,0.0089
GGA2,82,0.0089
HERC1,82,0.0089
REG3G,82,0.0089
GLIPR2,82,0.0089
JRKL,82,0.0089
BVES,82,0.0089
USP36,82,0.0089
TTC23,82,0.0089
TRIM62,82,0.0089
PRDX6,82,0.0089
AP5Z1,82,0.0089
HES4,82,0.0089
CEL,82,0.0089
ZNG1A,82,0.0089
AK2,82,0.0089
EHD4,82,0.0089
DDX10,82,0.0089
PGK2,82,0.0089
APC,82,0.0089
CLDN17,82,0.0089
ADPRH,82,0.0089
GLT8D1,82,0.0089
MED27,82,0.0089
HLA-DPB1,82,0.0089
NRTN,82,0.0089
COPS7B,82,0.0089
DDAH2,82,0.0089
FLOT1,82,0.0089
MYL1,82,0.0089
NUP93,82,0.0089
ATPAF1,82,0.0089
TAF4B,82,0.0089
SELENOM,82,0.0089
METTL15,82,0.0089
CTSW,82,0.0089
HCK,82,0.0089
POLR1D,82,0.0089
MRPL3,82,0.0089
TWF2,82,0.0089
CMSS1,82,0.0089
LAMTOR3,82,0.0089
CST9,82,0.0089
TIGD1,82,0.0089
PTRHD1,82,0.0089
PRR15L,82,0.0089
COMMD2,82,0.0089
MTRF1L,82,0.0089
DXO,82,0.0089
ZAN,82,0.0089
DDX52,82,0.0089
SLIT1,82,0.0089
CFAP20,82,0.0089
KRTAP1-1,82,0.0089
UTP11,82,0.0089
HIGD2B,82,0.0089
PGAP3,82,0.0089
RASSF4,82,0.0089
TCHP,82,0.0089
TSPO,82,0.0089
PDE11A,82,0.0089
ACAP3,82,0.0089
EAF2,82,0.0089
CAB39L,82,0.0089
NDUFAF2,82,0.0089
TOM1L2,82,0.0089
CRCP,81,0.0088
GLMN,81,0.0088
GABRP,81,0.0088
SPANXD,81,0.0088
GIPC1,81,0.0088
FLNC,81,0.0088
RPL26L1,81,0.0088
KBTBD8,81,0.0088
TAF5L,81,0.0088
FOXRED1,81,0.0088
SYN2,81,0.0088
WDHD1,81,0.0088
EML4,81,0.0088
DAO,81,0.0088
AP4E1,81,0.0088
MYO5C,81,0.0088
ACTL7B,81,0.0088
RABGEF1,81,0.0088
H2BC10,81,0.0088
SLC25A13,81,0.0088
TWSG1,81,0.0088
TMEM40,81,0.0088
DRG2,81,0.0088
AOC3,81,0.0088
BMP5,81,0.0088
HPF1,81,0.0088
RPL7A,81,0.0088
DUSP3,81,0.0088
MRPL2,81,0.0088
KTI12,81,0.0088
HCN3,81,0.0088
IGKV1D-43,81,0.0088
GPHN,81,0.0088
NHERF1,81,0.0088
RPLP0,81,0.0088
GCN1,81,0.0088
PLA2G15,81,0.0088
TCIRG1,81,0.0088
TULP2,81,0.0088
ANGPTL2,81,0.0088
STX16,81,0.0088
ARL6IP4,81,0.0088
SFXN3,81,0.0088
STN1,81,0.0088
CEP15,81,0.0088
MYD88,81,0.0088
A2ML1,81,0.0088
SFXN1,81,0.0088
RPSA,81,0.0088
IGKV1D-17,81,0.0088
GMDS,81,0.0088
FSTL3,81,0.0088
CRADD,81,0.0088
RPL27A,81,0.0088
NOSTRIN,81,0.0088
IDO2,81,0.0088
PHETA2,81,0.0088
ZNRF4,81,0.0088
ST3GAL1,81,0.0088
TMEM17,81,0.0088
KPNA2,81,0.0088
FNTA,81,0.0088
RETNLB,81,0.0088
PLAAT3,81,0.0088
PCGF2,81,0.0088
SMIM8,81,0.0088
PRELID3A,81,0.0088
IGHV3-20,80,0.0087
FMOD,80,0.0087
SNTA1,80,0.0087
MYLK2,80,0.0087
GTF3C6,80,0.0087
SLC26A3,80,0.0087
GAL3ST3,80,0.0087
CARHSP1,80,0.0087
CLEC4M,80,0.0087
SSC5D,80,0.0087
H3C4,80,0.0087
VNN2,80,0.0087
RMDN2,80,0.0087
FUT2,80,0.0087
FAM107A,80,0.0087
GSTM1,80,0.0087
SNTN,80,0.0087
MINDY3,80,0.0087
SPINK1,80,0.0087
THNSL2,80,0.0087
TSNAX,80,0.0087
CCN4,80,0.0087
B4GALT1,80,0.0087
SPINT2,80,0.0087
CETN3,80,0.0087
MED30,80,0.0087
KLHL26,80,0.0087
TAFA3,80,0.0087
ROM1,80,0.0087
PSMB1,80,0.0087
CFAP141,80,0.0087
NINJ1,80,0.0087
FASLG,80,0.0087
WFDC2,80,0.0087
POTEJ,80,0.0087
TTC23L,80,0.0087
RMDN1,80,0.0087
ACSF2,80,0.0087
PRAMEF2,80,0.0087
KRTAP4-8,80,0.0087
TRARG1,80,0.0087
AVPI1,80,0.0087
MTIF2,80,0.0087
INTS14,80,0.0087
XCL2,80,0.0087
MPI,80,0.0087
GTF2H5,80,0.0087
SERPINB8,80,0.0087
PRDM5,80,0.0087
NGF,80,0.0087
EDEM2,80,0.0087
TUB,80,0.0087
NUP43,80,0.0087
CCDC28B,80,0.0087
CHAC2,80,0.0087
SEC31B,80,0.0087
VPS35L,80,0.0087
SNX29,80,0.0087
MTRR,80,0.0087
MSR1,80,0.0087
DGKG,80,0.0087
LYRM2,80,0.0087
CDK3,80,0.0087
BTN2A1,80,0.0087
PHAF1,80,0.0087
COX6C,80,0.0087
KCNJ16,80,0.0087
POLR3D,80,0.0087
ANK1,80,0.0087
KRTAP1-3,80,0.0087
SIL1,80,0.0087
VTI1B,80,0.0087
CTSH,80,0.0087
NRAS,80,0.0087
SPMIP10,80,0.0087
UGT2B11,80,0.0087
CCNP,80,0.0087
TMPRSS15,80,0.0087
STX19,80,0.0087
NMT2,80,0.0087
SMPDL3B,80,0.0087
KLK6,80,0.0087
PGP,80,0.0087
COQ8A,80,0.0087
COMMD7,80,0.0087
SERPINB10,80,0.0087
GLUL,80,0.0087
HSD3B7,80,0.0087
SFR1,80,0.0087
CD207,79,0.0086
ACTC1,79,0.0086
SH3GLB1,79,0.0086
SPRED1,79,0.0086
CMC2,79,0.0086
MICAL1,79,0.0086
PREB,79,0.0086
C15orf61,79,0.0086
ITFG2,79,0.0086
KIAA0753,79,0.0086
IFIT5,79,0.0086
PLAT,79,0.0086
PCED1B,79,0.0086
RHEBL1,79,0.0086
H2BC13,79,0.0086
H3C11,79,0.0086
PNLIPRP1,79,0.0086
MSTN,79,0.0086
PRAMEF10,79,0.0086
ACTL8,79,0.0086
PTPN18,79,0.0086
TMEM14C,79,0.0086
ATP6V0B,79,0.0086
DEFB116,79,0.0086
INPP5K,79,0.0086
PCID2,79,0.0086
CORO1A,79,0.0086
TENT5C,79,0.0086
IFITM5,79,0.0086
CELA1,79,0.0086
DPP4,79,0.0086
SSNA1,79,0.0086
TNFSF11,79,0.0086
ART4,79,0.0086
PLCZ1,79,0.0086
NECAB1,79,0.0086
UCMA,79,0.0086
TSSK3,79,0.0086
MATK,79,0.0086
BNIP1,79,0.0086
RMI2,79,0.0086
FSHB,79,0.0086
APIP,79,0.0086
HSD17B3,79,0.0086
FGF1,79,0.0086
LEP,79,0.0086
GARIN4,79,0.0086
MYO1E,79,0.0086
REG4,79,0.0086
SH2D3A,79,0.0086
LRRC28,79,0.0086
PRORP,79,0.0086
TBXAS1,79,0.0086
GLB1L2,79,0.0086
CTSG,79,0.0086
IPO4,79,0.0086
MANEAL,79,0.0086
SNIP1,79,0.0086
HEYL,79,0.0086
INTS9,79,0.0086
CXCL5,79,0.0086
ZNF593,79,0.0086
FUT4,79,0.0086
FOXD4,79,0.0086
REG3A,79,0.0086
BMP3,79,0.0086
SERPINA1,79,0.0086
C8orf76,79,0.0086
MSANTD4,79,0.0086
ACTMAP,79,0.0086
CEACAM6,79,0.0086
SERPINA6,79,0.0086
MX1,79,0.0086
MRPL39,79,0.0086
POLB,79,0.0086
COPS8,79,0.0086
UNC119B,79,0.0086
KCNJ13,79,0.0086
DIO3,79,0.0086
PELO,79,0.0086
ANKDD1A,79,0.0086
MSMP,79,0.0086
OCIAD1,79,0.0086
MIA,79,0.0086
SSU72L6,79,0.0086
ATXN10,79,0.0086
TNFAIP6,79,0.0086
CEACAM4,78,0.0085
SULT1C2,78,0.0085
CYP3A4,78,0.0085
TNFAIP8,78,0.0085
ACBD4,78,0.0085
SHC3,78,0.0085
AP1M1,78,0.0085
LSM1,78,0.0085
COL4A2,78,0.0085
ZPR1,78,0.0085
C2CD5,78,0.0085
NOG,78,0.0085
PTPN7,78,0.0085
RBPJL,78,0.0085
PPBP,78,0.0085
ALKBH8,78,0.0085
MAD2L1,78,0.0085
YARS1,78,0.0085
LIPC,78,0.0085
RPE,78,0.0085
GCSH,78,0.0085
POC5,78,0.0085
NT5C,78,0.0085
DZIP1,78,0.0085
RELT,78,0.0085
ABCA10,78,0.0085
CHST14,78,0.0085
GALNT16,78,0.0085
LSM11,78,0.0085
FAM25A,78,0.0085
SPDYE4,78,0.0085
NHEJ1,78,0.0085
ANKRD6,78,0.0085
RAB15,78,0.0085
AURKB,78,0.0085
PFN4,78,0.0085
S100A2,78,0.0085
HPS4,78,0.0085
TSPYL5,78,0.0085
GUCD1,78,0.0085
GAL3ST1,78,0.0085
TAF6,78,0.0085
CREG1,78,0.0085
DUSP19,78,0.0085
AADACL2,78,0.0085
PRAMEF27,78,0.0085
PGC,78,0.0085
PHLDB3,78,0.0085
DNAJC28,78,0.0085
DCP1B,78,0.0085
COPZ2,78,0.0085
SERPINB6,78,0.0085
IFITM2,78,0.0085
TNFAIP8L1,78,0.0085
APOBEC3C,78,0.0085
NCSTN,78,0.0085
UQCC4,78,0.0085
ASGR1,78,0.0085
PRKAB2,78,0.0085
ANKRD55,78,0.0085
LILRA1,78,0.0085
POLE3,78,0.0085
RNF135,78,0.0085
LRRC47,78,0.0085
CRIP1,78,0.0085
SFRP4,78,0.0085
EVA1A,78,0.0085
B3GAT2,78,0.0085
F13A1,78,0.0085
SLPI,78,0.0085
ANKRD29,78,0.0085
DPP6,78,0.0085
AGPS,78,0.0085
DNAI1,78,0.0085
TRAPPC9,78,0.0085
TOMM34,78,0.0085
AGR3,78,0.0085
CLCN7,78,0.0085
SH3GL3,78,0.0085
SPTA1,78,0.0085
ASIC3,78,0.0085
RETN,78,0.0085
FBXO44,78,0.0085
TAS1R1,78,0.0085
SEC14L4,78,0.0085
KLHDC1,78,0.0085
IMMT,78,0.0085
CRBN,78,0.0085
IGLV3-12,78,0.0085
FBXO39,78,0.0085
CEACAM7,77,0.0084
TNN,77,0.0084
CARD16,77,0.0084
HBQ1,77,0.0084
HIGD2A,77,0.0084
RCBTB2,77,0.0084
PGAP1,77,0.0084
EBNA1BP2,77,0.0084
SLC27A4,77,0.0084
NHLRC2,77,0.0084
PLAAT4,77,0.0084
EHD2,77,0.0084
RGS16,77,0.0084
BTN2A2,77,0.0084
DUSP5,77,0.0084
H2BC11,77,0.0084
NOP16,77,0.0084
TLR9,77,0.0084
SNAPC5,77,0.0084
SMPD2,77,0.0084
BTN3A3,77,0.0084
RAB20,77,0.0084
LRRC30,77,0.0084
DTD1,77,0.0084
S100A11,77,0.0084
CXCL1,77,0.0084
SOCS2,77,0.0084
CACNB3,77,0.0084
GTF2F2,77,0.0084
ANKLE1,77,0.0084
GLRX5,77,0.0084
HHIPL1,77,0.0084
HHIPL2,77,0.0084
DPY19L4,77,0.0084
DNAAF10,77,0.0084
CST3,77,0.0084
UCHL3,77,0.0084
MORN4,77,0.0084
PLA2G4B,77,0.0084
IGKV1D-16,77,0.0084
ARPC1B,77,0.0084
LAMTOR5,77,0.0084
NR2E3,77,0.0084
EMILIN2,77,0.0084
RPEL1,77,0.0084
TSTD1,77,0.0084
RASSF3,77,0.0084
PYDC1,77,0.0084
UNC45A,77,0.0084
MMP27,77,0.0084
NCK2,77,0.0084
RPN2,77,0.0084
TJP3,77,0.0084
HSDL2,77,0.0084
EXO1,77,0.0084
CDC123,77,0.0084
CNGB1,77,0.0084
GRM8,77,0.0084
ZFYVE21,77,0.0084
EPS8L2,77,0.0084
ISCA2,77,0.0084
COG7,77,0.0084
KLHL18,77,0.0084
TICAM1,77,0.0084
SERPINB7,77,0.0084
DNAJC27,77,0.0084
MAN2A2,77,0.0084
ITPR3,77,0.0084
MED20,77,0.0084
EHD3,77,0.0084
GORAB,77,0.0084
GTPBP6,77,0.0084
PTPRF,77,0.0084
TFPT,77,0.0084
MMADHC,77,0.0084
CTSO,77,0.0084
HDHD2,77,0.0084
FEM1C,77,0.0084
LCN6,77,0.0084
SAMD3,77,0.0084
ASCL4,77,0.0084
RSU1,77,0.0084
TMT1A,77,0.0084
HSPBAP1,77,0.0084
GZMH,77,0.0084
POP4,77,0.0084
NDUFA7,77,0.0084
PDE3A,76,0.0083
VWA8,76,0.0083
IL9,76,0.0083
GCHFR,76,0.0083
GJB4,76,0.0083
SPRING1,76,0.0083
ESPNL,76,0.0083
CST7,76,0.0083
FBXO4,76,0.0083
LYPD4,76,0.0083
CENPN,76,0.0083
KNCN,76,0.0083
PAICS,76,0.0083
TRGV3,76,0.0083
TNS1,76,0.0083
EEF2,76,0.0083
BORCS7,76,0.0083
PREP,76,0.0083
MMS19,76,0.0083
SRR,76,0.0083
SERPINB13,76,0.0083
SERPINB4,76,0.0083
GRM6,76,0.0083
CTTNBP2,76,0.0083
RNF224,76,0.0083
SETD6,76,0.0083
LRRC20,76,0.0083
DNPH1,76,0.0083
SUMF1,76,0.0083
MBIP,76,0.0083
BANK1,76,0.0083
ARHGDIA,76,0.0083
TPPP3,76,0.0083
TTC32,76,0.0083
NDRG3,76,0.0083
RSAD2,76,0.0083
RTRAF,76,0.0083
ECT2L,76,0.0083
ABHD3,76,0.0083
LRPPRC,76,0.0083
PEG3,76,0.0083
MGP,76,0.0083
TRIB3,76,0.0083
TRMT6,76,0.0083
ERBIN,76,0.0083
LVRN,76,0.0083
DPM3,76,0.0083
H4C3,76,0.0083
COLEC10,76,0.0083
VAT1,76,0.0083
RNMT,76,0.0083
MTX3,76,0.0083
CANT1,76,0.0083
CCDC137,76,0.0083
KPTN,76,0.0083
MMRN1,76,0.0083
WBP2,76,0.0083
HIGD1A,76,0.0083
TGFBRAP1,76,0.0083
LDHD,76,0.0083
METTL6,76,0.0083
PTCD3,76,0.0083
H2AC11,76,0.0083
ODR4,76,0.0083
DCAF4,76,0.0083
ANKAR,76,0.0083
TREM1,76,0.0083
ATAD3C,76,0.0083
CTSE,76,0.0083
CHCHD7,76,0.0083
ELL3,76,0.0083
GALNT6,76,0.0083
WASHC2A,76,0.0083
RPLP2,76,0.0083
PIGK,76,0.0083
AGRN,76,0.0083
GAS7,76,0.0083
STX8,76,0.0083
CYB5R1,76,0.0083
EXOC6,76,0.0083
HSD17B11,76,0.0083
MRPL32,76,0.0083
SLC9B2,76,0.0083
MGST3,76,0.0083
FAP,76,0.0083
USP2,75,0.0082
CENPT,75,0.0082
PIWIL1,75,0.0082
KCNH5,75,0.0082
UBE2D4,75,0.0082
HDAC6,75,0.0082
GLOD5,75,0.0082
ALG14,75,0.0082
NME8,75,0.0082
CHRNA5,75,0.0082
NDST2,75,0.0082
HP,75,0.0082
PYCARD,75,0.0082
RGS12,75,0.0082
NAA40,75,0.0082
COX7B2,75,0.0082
ADAM28,75,0.0082
LRRC10,75,0.0082
FAM180B,75,0.0082
RRM2,75,0.0082
SRPRA,75,0.0082
SLC14A2,75,0.0082
TPMT,75,0.0082
CUZD1,75,0.0082
NUDT17,75,0.0082
FKBP4,75,0.0082
PRKRIP1,75,0.0082
HSCB,75,0.0082
CIDEA,75,0.0082
SFN,75,0.0082
CYP4F22,75,0.0082
LY6K,75,0.0082
URAD,75,0.0082
CLEC1B,75,0.0082
ACSM2B,75,0.0082
B3GAT3,75,0.0082
TAF6L,75,0.0082
GJB3,75,0.0082
CD36,75,0.0082
MGST2,75,0.0082
PNPLA3,75,0.0082
CASKIN2,75,0.0082
CYB561A3,75,0.0082
FAM111A,75,0.0082
RTP2,75,0.0082
TERF1,75,0.0082
SIDT1,75,0.0082
PSMD11,75,0.0082
TMEM231,75,0.0082
APOD,75,0.0082
SNTB1,75,0.0082
WDR45B,75,0.0082
HSD11B1,75,0.0082
FAM240A,75,0.0082
PIGA,75,0.0082
TCP11,75,0.0082
GPRC6A,75,0.0082
HYAL1,75,0.0082
RHOT2,75,0.0082
FYCO1,75,0.0082
MRPL43,75,0.0082
AK1,75,0.0082
GABRR2,75,0.0082
MBL2,75,0.0082
TTC12,75,0.0082
PRSS37,75,0.0082
GYPB,75,0.0082
LTC4S,75,0.0082
FLG,75,0.0082
DEGS2,75,0.0082
WARS1,75,0.0082
NSMCE2,75,0.0082
BPNT1,75,0.0082
RAMP1,75,0.0082
FGFR1OP2,75,0.0082
MT1G,75,0.0082
APBB3,75,0.0082
POLR3E,75,0.0082
TEX101,75,0.0082
ADAMTS12,75,0.0082
ALG10B,75,0.0082
S100A9,75,0.0082
C8orf82,75,0.0082
CEP57,75,0.0082
C22orf15,75,0.0082
ARFRP1,74,0.0081
SRMS,74,0.0081
OASL,74,0.0081
GLT1D1,74,0.0081
ASTE1,74,0.0081
RINT1,74,0.0081
WDR89,74,0.0081
AP3B1,74,0.0081
NAT8L,74,0.0081
GRAMD1A,74,0.0081
RADIL,74,0.0081
IRAK2,74,0.0081
TMEM276,74,0.0081
FAM200B,74,0.0081
UGT2B28,74,0.0081
TRIM63,74,0.0081
MMP13,74,0.0081
TMEM256,74,0.0081
TMEM120B,74,0.0081
NPRL3,74,0.0081
REN,74,0.0081
GEMIN5,74,0.0081
KRTAP4-6,74,0.0081
ABI1,74,0.0081
SARM1,74,0.0081
FAM167B,74,0.0081
ADAT2,74,0.0081
HAGHL,74,0.0081
TMEM210,74,0.0081
CYP4F8,74,0.0081
MX2,74,0.0081
TLN1,74,0.0081
GLDN,74,0.0081
CCL27,74,0.0081
KRBOX1,74,0.0081
TRIM7,74,0.0081
PRRT2,74,0.0081
KLHDC8B,74,0.0081
CTNNAL1,74,0.0081
RNF148,74,0.0081
EMC10,74,0.0081
CCNDBP1,74,0.0081
WSCD1,74,0.0081
GABRA1,74,0.0081
NHERF2,74,0.0081
NAPEPLD,74,0.0081
BIRC2,74,0.0081
DDX20,74,0.0081
NDUFA4,74,0.0081
HPS1,74,0.0081
TXNL4B,74,0.0081
TSPYL1,74,0.0081
PTPN2,74,0.0081
CAP2,74,0.0081
COPB1,74,0.0081
LIG1,74,0.0081
OR4C11,74,0.0081
ENDOG,74,0.0081
ZNF394,74,0.0081
C1orf216,74,0.0081
NKAPL,74,0.0081
ATP6V1E1,74,0.0081
TMCO3,74,0.0081
DENND11,74,0.0081
C12orf57,74,0.0081
ASNSD1,74,0.0081
C6orf118,74,0.0081
GALNT1,74,0.0081
ATP5IF1,74,0.0081
TNFSF13,74,0.0081
GPN1,74,0.0081
SLC7A6OS,74,0.0081
TNFSF10,74,0.0081
ERP27,74,0.0081
PPP2R1B,74,0.0081
HSPB1,74,0.0081
TMTC1,74,0.0081
THAP3,74,0.0081
RIPPLY3,74,0.0081
ANKRD60,74,0.0081
LYPD6,74,0.0081
SERPINB2,74,0.0081
DEFB136,74,0.0081
COPB2,74,0.0081
ABCF3,74,0.0081
AQP6,74,0.0081
IL23A,74,0.0081
WDR45,74,0.0081
AGTRAP,74,0.0081
WDR83,74,0.0081
RGS18,74,0.0081
COQ10A,74,0.0081
RERG,74,0.0081
TEX13A,74,0.0081
SH2D7,74,0.0081
KRTAP10-12,74,0.0081
PON2,74,0.0081
MED28,74,0.0081
PROK2,74,0.0081
ACTR3C,74,0.0081
TMTC2,74,0.0081
LY6G6D,73,0.0079
PACC1,73,0.0079
MAD2L2,73,0.0079
MFAP2,73,0.0079
MRPS25,73,0.0079
MRPL48,73,0.0079
F11,73,0.0079
ASB14,73,0.0079
GALNT3,73,0.0079
NICN1,73,0.0079
TSTD2,73,0.0079
EXOSC10,73,0.0079
CCDC3,73,0.0079
HSD17B12,73,0.0079
TBCB,73,0.0079
NFE2L3,73,0.0079
BBS5,73,0.0079
C3orf52,73,0.0079
PLAAT1,73,0.0079
PKDCC,73,0.0079
HEATR1,73,0.0079
MZB1,73,0.0079
DENND6B,73,0.0079
UTP3,73,0.0079
ADAMTS17,73,0.0079
NAA38,73,0.0079
CEBPE,73,0.0079
MAEA,73,0.0079
THAP5,73,0.0079
NPC1,73,0.0079
LYRM4,73,0.0079
ERFE,73,0.0079
BTN3A1,73,0.0079
TPTE2,73,0.0079
PLSCR4,73,0.0079
PDILT,73,0.0079
ESPL1,73,0.0079
NUDCD3,73,0.0079
RCBTB1,73,0.0079
NELFA,73,0.0079
ACOT13,73,0.0079
REM1,73,0.0079
OAZ3,73,0.0079
CCL22,73,0.0079
H3C3,73,0.0079
HSD11B1L,73,0.0079
HIGD1C,73,0.0079
ALLC,73,0.0079
DOK2,73,0.0079
TIMD4,73,0.0079
SCGB1D2,73,0.0079
SLC30A3,73,0.0079
WASHC4,73,0.0079
MAN2A1,73,0.0079
GRIN2D,73,0.0079
DEPTOR,73,0.0079
CSTA,73,0.0079
IFIT3,73,0.0079
EIF5AL1,73,0.0079
SFTPD,73,0.0079
QSOX2,73,0.0079
CPXM2,73,0.0079
SLC1A7,73,0.0079
AP1B1,73,0.0079
CCDC127,73,0.0079
ADAMTS16,73,0.0079
CKAP2L,73,0.0079
ST6GALNAC6,73,0.0079
COX7A2L,73,0.0079
TOM1L1,73,0.0079
SELENOH,73,0.0079
CARD18,73,0.0079
MYO1C,73,0.0079
KCNJ15,73,0.0079
HGFAC,73,0.0079
PIEZO1,73,0.0079
GLRX3,73,0.0079
ANXA3,73,0.0079
HPCA,73,0.0079
OIT3,73,0.0079
ABCA9,73,0.0079
PPIAL4G,73,0.0079
POC1B,73,0.0079
MRGPRF,73,0.0079
POLR2L,73,0.0079
POP5,72,0.0078
RB1,72,0.0078
ST8SIA2,72,0.0078
REX1BD,72,0.0078
TRAF5,72,0.0078
PDE1B,72,0.0078
GAPDH,72,0.0078
ZSCAN16,72,0.0078
GAL3ST4,72,0.0078
PIGC,72,0.0078
MIX23,72,0.0078
USH1C,72,0.0078
PEX3,72,0.0078
PSMD8,72,0.0078
NGB,72,0.0078
RDM1,72,0.0078
MAP3K15,72,0.0078
PUS7,72,0.0078
ABHD10,72,0.0078
EDARADD,72,0.0078
TBCA,72,0.0078
FURIN,72,0.0078
PRSS35,72,0.0078
MICOS10,72,0.0078
DNAJC16,72,0.0078
FUCA2,72,0.0078
ATP5ME,72,0.0078
PENK,72,0.0078
DUOX1,72,0.0078
BIN1,72,0.0078
TOR1A,72,0.0078
AADAC,72,0.0078
ADPGK,72,0.0078
FAM219B,72,0.0078
PAEP,72,0.0078
SULT1C4,72,0.0078
PTPN21,72,0.0078
CORO2B,72,0.0078
BABAM1,72,0.0078
SMIM7,72,0.0078
SLC9A8,72,0.0078
XCL1,72,0.0078
MT-CO2,72,0.0078
NUP107,72,0.0078
SOST,72,0.0078
BIN2,72,0.0078
ZSCAN22,72,0.0078
MT1HL1,72,0.0078
EGFL7,72,0.0078
ADCY8,72,0.0078
TTC36,72,0.0078
BTBD6,72,0.0078
CNGB3,72,0.0078
CNMD,72,0.0078
MRPS30,72,0.0078
TMEM170A,72,0.0078
EPHA8,72,0.0078
NIPSNAP1,72,0.0078
KLHL36,72,0.0078
TBL1Y,72,0.0078
GABRA6,72,0.0078
DENND10,72,0.0078
RGS21,72,0.0078
SSC4D,72,0.0078
MMP10,72,0.0078
EEF1E1,72,0.0078
SULT2B1,72,0.0078
PDE5A,72,0.0078
RAB40AL,72,0.0078
GTF2F1,72,0.0078
DEFB104A,72,0.0078
PLPBP,72,0.0078
SLA,72,0.0078
TRPC6,72,0.0078
LURAP1L,72,0.0078
PLA2G2A,72,0.0078
VIL1,72,0.0078
DEPDC5,72,0.0078
GREM2,72,0.0078
C19orf53,72,0.0078
LMAN1L,72,0.0078
DENND6A,72,0.0078
TEKTIP1,72,0.0078
METTL5,72,0.0078
KIR3DL1,72,0.0078
SLC30A7,72,0.0078
ABTB1,72,0.0078
CAPN10,72,0.0078
NMRK2,72,0.0078
TUSC3,72,0.0078
CHRNB1,72,0.0078
ODAD2,72,0.0078
B3GALT6,72,0.0078
COX5B,71,0.0077
EFL1,71,0.0077
OR4C15,71,0.0077
NUDT16L1,71,0.0077
RAB6C,71,0.0077
VAPB,71,0.0077
KRTAP3-1,71,0.0077
RAB17,71,0.0077
CACFD1,71,0.0077
STMN3,71,0.0077
TRPC7,71,0.0077
PHLDA3,71,0.0077
KLHL3,71,0.0077
DCT,71,0.0077
ASPHD2,71,0.0077
NCALD,71,0.0077
CABP7,71,0.0077
FDX1,71,0.0077
PTPRZ1,71,0.0077
PRAMEF1,71,0.0077
GALNT5,71,0.0077
MFGE8,71,0.0077
GRSF1,71,0.0077
PMVK,71,0.0077
TRPC3,71,0.0077
AICDA,71,0.0077
GABRR1,71,0.0077
UBE2C,71,0.0077
CAVIN2,71,0.0077
NAIF1,71,0.0077
AKT1,71,0.0077
TFF1,71,0.0077
HSPA4L,71,0.0077
HEATR5B,71,0.0077
LNX1,71,0.0077
TRIM69,71,0.0077
RHOJ,71,0.0077
NID2,71,0.0077
ARMC9,71,0.0077
EVA1C,71,0.0077
COL8A2,71,0.0077
CORO1C,71,0.0077
ZAP70,71,0.0077
RRAD,71,0.0077
GLB1,71,0.0077
POLM,71,0.0077
DPM2,71,0.0077
HS2ST1,71,0.0077
RAMP3,71,0.0077
RGS9BP,71,0.0077
PYDC2,71,0.0077
NOL10,71,0.0077
EXOC5,71,0.0077
P3H1,71,0.0077
RNF212,71,0.0077
AAMDC,71,0.0077
CYTH4,71,0.0077
GEM,71,0.0077
LRWD1,71,0.0077
CCL26,71,0.0077
MITD1,71,0.0077
ADAL,71,0.0077
FOXR1,71,0.0077
DESI1,71,0.0077
B3GNT9,71,0.0077
TNPO3,71,0.0077
STXBP6,71,0.0077
DDB1,71,0.0077
PITHD1,71,0.0077
GRIN2C,71,0.0077
FRMPD1,71,0.0077
DENND2D,71,0.0077
SLX9,71,0.0077
UCK1,71,0.0077
MTHFS,71,0.0077
MED4,71,0.0077
DYNLT4,71,0.0077
GLYATL2,71,0.0077
LILRA2,71,0.0077
IGFL4,71,0.0077
TLE6,71,0.0077
LCP2,71,0.0077
C14orf119,71,0.0077
RCN1,71,0.0077
H4C9,71,0.0077
WASF1,71,0.0077
AURKC,71,0.0077
CLNK,71,0.0077
DCAKD,71,0.0077
NUP37,71,0.0077
GNAO1,71,0.0077
RRP9,71,0.0077
BUB1,71,0.0077
DUSP14,71,0.0077
B3GNT6,71,0.0077
FKBP5,71,0.0077
MALT1,71,0.0077
ST13,71,0.0077
EIF3M,71,0.0077
CEACAM8,71,0.0077
ZNHIT1,71,0.0077
NDRG2,71,0.0077
PROZ,71,0.0077
LYPLA2,70,0.0076
IDS,70,0.0076
C1orf210,70,0.0076
C17orf58,70,0.0076
CCL14,70,0.0076
PSMF1,70,0.0076
GRM2,70,0.0076
EPHA1,70,0.0076
RFPL4AL1,70,0.0076
ARL5C,70,0.0076
PLCD3,70,0.0076
ISG20L2,70,0.0076
KRBOX5,70,0.0076
PRPSAP2,70,0.0076
PTPN9,70,0.0076
CHRNB4,70,0.0076
CPAMD8,70,0.0076
FADD,70,0.0076
C1orf53,70,0.0076
CXCL6,70,0.0076
MT4,70,0.0076
LONP2,70,0.0076
OAZ2,70,0.0076
RPS2,70,0.0076
DEFB134,70,0.0076
MGAT1,70,0.0076
SCCPDH,70,0.0076
NDUFB2,70,0.0076
METTL21C,70,0.0076
ACSM5,70,0.0076
APOC3,70,0.0076
PARP1,70,0.0076
LRAT,70,0.0076
TFF2,70,0.0076
KRTAP12-3,70,0.0076
KCNH1,70,0.0076
ATP6V1C1,70,0.0076
FBXW12,70,0.0076
YDJC,70,0.0076
SNAP29,70,0.0076
NDE1,70,0.0076
IGKV3-7,70,0.0076
SFXN5,70,0.0076
CCM2,70,0.0076
SAA4,70,0.0076
GULP1,70,0.0076
PTGR2,70,0.0076
MARK4,70,0.0076
C8G,70,0.0076
SERPINA10,70,0.0076
RNF167,70,0.0076
IL7,70,0.0076
KRTAP3-2,70,0.0076
NODAL,70,0.0076
CCL8,70,0.0076
TMPRSS4,70,0.0076
SOCS1,70,0.0076
EEF1G,70,0.0076
RFK,70,0.0076
SERTAD3,70,0.0076
SLC26A11,70,0.0076
TAFA5,70,0.0076
RABGGTB,70,0.0076
CNIH4,70,0.0076
KCNG4,70,0.0076
CHST15,70,0.0076
CLEC3B,70,0.0076
METTL24,70,0.0076
SPAG1,70,0.0076
TUBGCP6,70,0.0076
ST3GAL4,70,0.0076
SPHK2,70,0.0076
TSLP,70,0.0076
CMC1,70,0.0076
NDUFA2,70,0.0076
PRCP,70,0.0076
FAM98C,70,0.0076
USP39,70,0.0076
PDCD7,70,0.0076
RAB33B,70,0.0076
UGT2B15,70,0.0076
PINX1,70,0.0076
DMAC1,70,0.0076
FAM240C,70,0.0076
CREG2,70,0.0076
GUCA2B,70,0.0076
USP17L1,70,0.0076
IGHV4-28,70,0.0076
ATOH7,70,0.0076
KLK5,70,0.0076
HSPA14,70,0.0076
ATP7B,70,0.0076
PURA,70,0.0076
SLC9A9,70,0.0076
TMEM129,70,0.0076
PTPN3,70,0.0076
ELMOD1,70,0.0076
PTOV1,70,0.0076
HIP1R,70,0.0076
RCCD1,70,0.0076
LGALS7B,70,0.0076
RFXANK,70,0.0076
TRMT11,70,0.0076
WWP2,70,0.0076
TXNDC5,70,0.0076
RWDD2B,70,0.0076
GRIK3,70,0.0076
VWF,70,0.0076
SERGEF,69,0.0075
DNAAF11,69,0.0075
PRG3,69,0.0075
SAA1,69,0.0075
NXN,69,0.0075
SIKE1,69,0.0075
S100A13,69,0.0075
EME2,69,0.0075
PFDN1,69,0.0075
GAN,69,0.0075
SHB,69,0.0075
NMNAT2,69,0.0075
SEMA3E,69,0.0075
RAB23,69,0.0075
PTPRG,69,0.0075
DHX16,69,0.0075
CYB5D1,69,0.0075
CFAP410,69,0.0075
LIPN,69,0.0075
EEF1AKMT3,69,0.0075
OTOGL,69,0.0075
SFTPA1,69,0.0075
SMIM29,69,0.0075
TNFRSF13B,69,0.0075
SNCA,69,0.0075
FTSJ3,69,0.0075
VCL,69,0.0075
PPP3CB,69,0.0075
FBXL8,69,0.0075
TEX51,69,0.0075
EOLA2,69,0.0075
ACTL7A,69,0.0075
MTOR,69,0.0075
PHB2,69,0.0075
GPRIN2,69,0.0075
KLKB1,69,0.0075
TMBIM4,69,0.0075
GRIN3B,69,0.0075
NATD1,69,0.0075
CPNE2,69,0.0075
PRKAR2A,69,0.0075
NR2C2AP,69,0.0075
RNASE11,69,0.0075
GLYR1,69,0.0075
EPPIN,69,0.0075
CHODL,69,0.0075
IGHV1-58,69,0.0075
CCNL2,69,0.0075
DUS1L,69,0.0075
UBASH3B,69,0.0075
TMEM247,69,0.0075
CCZ1,69,0.0075
ANXA10,69,0.0075
CLCNKA,69,0.0075
TMEM192,69,0.0075
TMCC3,69,0.0075
GLB1L,69,0.0075
GNAI3,69,0.0075
SH3TC2,69,0.0075
PIK3R2,69,0.0075
P2RY2,69,0.0075
ACER2,69,0.0075
CP,69,0.0075
PANK3,69,0.0075
CNPY4,69,0.0075
CCN2,69,0.0075
RHOH,69,0.0075
ACP4,69,0.0075
CHST13,69,0.0075
TCN2,69,0.0075
AHCTF1,69,0.0075
MAN2B2,69,0.0075
SERPINE1,69,0.0075
RD3,69,0.0075
COX16,69,0.0075
IGFL2,69,0.0075
NSUN4,69,0.0075
CENPP,69,0.0075
PTPMT1,69,0.0075
GABRR3,69,0.0075
NUCB1,69,0.0075
ABRAXAS2,69,0.0075
CPOX,69,0.0075
ESD,69,0.0075
SCARB2,69,0.0075
HELQ,69,0.0075
TBC1D20,69,0.0075
SERPINA3,69,0.0075
IGFBPL1,69,0.0075
CEACAM5,69,0.0075
ITK,69,0.0075
COMMD6,69,0.0075
GUF1,69,0.0075
CENPX,68,0.0074
ETFRF1,68,0.0074
RASEF,68,0.0074
PSMB9,68,0.0074
PRCD,68,0.0074
NCF2,68,0.0074
GGACT,68,0.0074
SCN4B,68,0.0074
TRAPPC3L,68,0.0074
CALHM5,68,0.0074
SIGIRR,68,0.0074
NEK8,68,0.0074
CCDC167,68,0.0074
DOK7,68,0.0074
CCL21,68,0.0074
PCYT2,68,0.0074
GNPNAT1,68,0.0074
SRGAP3,68,0.0074
MDFIC,68,0.0074
UTP15,68,0.0074
BTBD1,68,0.0074
ETNK2,68,0.0074
GALR1,68,0.0074
CEACAM19,68,0.0074
C6orf89,68,0.0074
FGR,68,0.0074
AKIP1,68,0.0074
ANK2,68,0.0074
CAMKMT,68,0.0074
STRN,68,0.0074
UBE2S,68,0.0074
AWAT1,68,0.0074
NEK4,68,0.0074
SEC31A,68,0.0074
H2BC26,68,0.0074
SEL1L,68,0.0074
RPL32,68,0.0074
APOC4,68,0.0074
LRRC61,68,0.0074
SPPL2B,68,0.0074
BOD1L2,68,0.0074
TRIM60,68,0.0074
CCN3,68,0.0074
CFAP36,68,0.0074
CNPPD1,68,0.0074
ABCG2,68,0.0074
RCC1,68,0.0074
MCRIP1,68,0.0074
TBC1D21,68,0.0074
ZNHIT2,68,0.0074
AQP7,68,0.0074
SNAPC3,68,0.0074
PPP2R2B,68,0.0074
ACTRT1,68,0.0074
UBE2Q2,68,0.0074
TSEN54,68,0.0074
DCN,68,0.0074
HORMAD1,68,0.0074
C21orf58,68,0.0074
P3H4,68,0.0074
MSS51,68,0.0074
WDR75,68,0.0074
ZBED5,68,0.0074
B4GALT6,68,0.0074
PPIC,68,0.0074
PRND,68,0.0074
MGAT4B,68,0.0074
CAVIN3,68,0.0074
DYNLT2,68,0.0074
UTP23,68,0.0074
UCN2,68,0.0074
KRTAP3-3,68,0.0074
BTNL9,68,0.0074
PLA1A,68,0.0074
RWDD4,68,0.0074
ESCO2,68,0.0074
LYZ,68,0.0074
ZNF174,68,0.0074
URI1,68,0.0074
SLC7A9,68,0.0074
CD70,68,0.0074
TGM3,68,0.0074
CALB1,68,0.0074
USP10,68,0.0074
IAH1,68,0.0074
SERPINF1,68,0.0074
ASB18,68,0.0074
PDRG1,68,0.0074
CLRN2,68,0.0074
NSMCE3,68,0.0074
NAAA,68,0.0074
TLR6,68,0.0074
PLA2G4F,68,0.0074
BTG2,68,0.0074
LEPROT,68,0.0074
MPV17,68,0.0074
PGAP4,68,0.0074
GRXCR1,68,0.0074
GABRG1,68,0.0074
GTF2H4,68,0.0074
INHA,68,0.0074
YBEY,68,0.0074
DGKE,68,0.0074
FBXL7,68,0.0074
RPL5,68,0.0074
TAMALIN,68,0.0074
CA12,68,0.0074
FAAP24,68,0.0074
MINPP1,68,0.0074
ITLN1,68,0.0074
ZNF232,68,0.0074
TEX13B,68,0.0074
DUSP21,68,0.0074
CSTF1,68,0.0074
CTPS1,68,0.0074
TNS2,68,0.0074
KRTAP12-1,68,0.0074
GPSM2,68,0.0074
NAA25,68,0.0074
MED10,68,0.0074
OTUB1,67,0.0073
DNAJC4,67,0.0073
RAB39A,67,0.0073
SPRR1B,67,0.0073
TMPRSS5,67,0.0073
PSCA,67,0.0073
TYMS,67,0.0073
DNAL4,67,0.0073
AP3M2,67,0.0073
MYH11,67,0.0073
BMERB1,67,0.0073
B3GNT7,67,0.0073
MXD3,67,0.0073
MTRES1,67,0.0073
SAMD12,67,0.0073
KPNA5,67,0.0073
TNS3,67,0.0073
ANGPT1,67,0.0073
USP18,67,0.0073
C1RL,67,0.0073
GNAZ,67,0.0073
PLA2G12A,67,0.0073
MSANTD1,67,0.0073
B4GALNT1,67,0.0073
CIBAR1,67,0.0073
COPZ1,67,0.0073
GID8,67,0.0073
ACR,67,0.0073
TDP2,67,0.0073
C2orf73,67,0.0073
NXPE3,67,0.0073
MGAT2,67,0.0073
BEST4,67,0.0073
PDE8A,67,0.0073
URM1,67,0.0073
C5orf58,67,0.0073
IL1RAP,67,0.0073
STARD10,67,0.0073
EPDR1,67,0.0073
CLPSL2,67,0.0073
ARL6IP5,67,0.0073
APOBEC2,67,0.0073
ANKRD16,67,0.0073
FGF19,67,0.0073
TRAPPC2B,67,0.0073
AP3M1,67,0.0073
ZNHIT3,67,0.0073
CEP41,67,0.0073
RCAN3,67,0.0073
PPP2R3C,67,0.0073
MYOZ3,67,0.0073
ADAMTS7,67,0.0073
PGLYRP4,67,0.0073
S100A8,67,0.0073
FANK1,67,0.0073
NUDT3,67,0.0073
DPY19L2,67,0.0073
CPLX4,67,0.0073
FRG1,67,0.0073
MRGPRX3,67,0.0073
TRPV3,67,0.0073
RAB6D,67,0.0073
MT-CO1,67,0.0073
CDRT4,67,0.0073
LOXL1,67,0.0073
LAMTOR2,67,0.0073
CCDC12,67,0.0073
DCDC2C,67,0.0073
FGF9,67,0.0073
TMEM249,67,0.0073
ERLIN1,67,0.0073
FASTKD2,67,0.0073
CHN1,67,0.0073
HSH2D,67,0.0073
TMEM143,67,0.0073
MMRN2,67,0.0073
LIPJ,67,0.0073
CNFN,67,0.0073
TMED7,67,0.0073
HOXB13,67,0.0073
CYP2U1,67,0.0073
ZBTB8OS,67,0.0073
SOS1,67,0.0073
RPL17,67,0.0073
S100B,67,0.0073
ASPHD1,67,0.0073
RGS9,67,0.0073
LENG8,67,0.0073
LIPI,67,0.0073
TUBGCP3,67,0.0073
DEFB132,67,0.0073
GPC6,67,0.0073
HFM1,67,0.0073
CACNB4,67,0.0073
DPH7,67,0.0073
ADISSP,67,0.0073
NUP42,67,0.0073
CSNK1A1L,67,0.0073
LPIN3,67,0.0073
GRIN3A,67,0.0073
S100A4,67,0.0073
PIGG,67,0.0073
RASD1,67,0.0073
VTA1,67,0.0073
IL1RL2,67,0.0073
KCNMB1,67,0.0073
PPP1R3D,67,0.0073
SMYD5,67,0.0073
MMP8,67,0.0073
ST3GAL5,67,0.0073
EHD1,67,0.0073
ANKS1A,67,0.0073
TIMM10B,66,0.0072
FAM174B,66,0.0072
CYP4A11,66,0.0072
RBCK1,66,0.0072
CCDC69,66,0.0072
SEC13,66,0.0072
TATDN2,66,0.0072
AQP3,66,0.0072
COMMD8,66,0.0072
INPP1,66,0.0072
RFTN2,66,0.0072
THEM5,66,0.0072
NRBP2,66,0.0072
MIF4GD,66,0.0072
RS1,66,0.0072
PPP1R2B,66,0.0072
FKBP1C,66,0.0072
ENKD1,66,0.0072
PATE1,66,0.0072
MICALL1,66,0.0072
CCDC172,66,0.0072
YOD1,66,0.0072
GMNC,66,0.0072
SLC30A8,66,0.0072
STK19,66,0.0072
WDR41,66,0.0072
CPLX3,66,0.0072
TEFM,66,0.0072
SERPINA5,66,0.0072
GIMAP5,66,0.0072
HBM,66,0.0072
IQCH,66,0.0072
RAB13,66,0.0072
MPHOSPH10,66,0.0072
DGAT2L6,66,0.0072
PLAA,66,0.0072
DNAJC12,66,0.0072
MVB12A,66,0.0072
SH3RF2,66,0.0072
SH3GL2,66,0.0072
DDO,66,0.0072
SULT2A1,66,0.0072
FAM151A,66,0.0072
C19orf81,66,0.0072
KLK10,66,0.0072
GEMIN7,66,0.0072
ATP23,66,0.0072
PIGS,66,0.0072
AHCYL2,66,0.0072
FRS3,66,0.0072
DHRS13,66,0.0072
SSR2,66,0.0072
RGS14,66,0.0072
TDG,66,0.0072
ATF7IP2,66,0.0072
HOXD12,66,0.0072
PTTG2,66,0.0072
PLN,66,0.0072
APOBEC3B,66,0.0072
SOCS3,66,0.0072
SAMM50,66,0.0072
NUF2,66,0.0072
H2AC6,66,0.0072
NEU4,66,0.0072
LMOD3,66,0.0072
ATXN7L3B,66,0.0072
SPINT4,66,0.0072
RARS2,66,0.0072
GALP,66,0.0072
METTL17,66,0.0072
SLC4A11,66,0.0072
ADCY3,66,0.0072
PTPRN2,66,0.0072
VPS35,66,0.0072
BCL2L14,66,0.0072
ZNF783,66,0.0072
PDK2,66,0.0072
RPL21,66,0.0072
SOSTDC1,66,0.0072
CYP11B1,66,0.0072
UQCR11,66,0.0072
C1QL1,66,0.0072
LSG1,66,0.0072
VTI1A,66,0.0072
C1orf52,66,0.0072
THOC6,66,0.0072
TSPAN17,66,0.0072
ASB3,66,0.0072
ANXA5,66,0.0072
VPS53,66,0.0072
COX11,66,0.0072
RANBP10,66,0.0072
BTNL8,66,0.0072
INO80C,66,0.0072
ANKRD27,66,0.0072
TYROBP,66,0.0072
RAB36,66,0.0072
SPATA45,66,0.0072
PKD2L2,66,0.0072
NCCRP1,66,0.0072
H2BC3,66,0.0072
NDUFB3,66,0.0072
FAM114A1,66,0.0072
CCNQ,66,0.0072
CFI,66,0.0072
RPS20,66,0.0072
SKA1,66,0.0072
COX14,66,0.0072
PRSS22,66,0.0072
DHRSX,66,0.0072
ENTR1,65,0.0071
RAB34,65,0.0071
SEMA6A,65,0.0071
PYROXD1,65,0.0071
EML3,65,0.0071
RANBP9,65,0.0071
SYK,65,0.0071
SPATC1L,65,0.0071
SMCR8,65,0.0071
TRIM67,65,0.0071
CRHBP,65,0.0071
LILRB2,65,0.0071
CCL7,65,0.0071
TBCCD1,65,0.0071
PON3,65,0.0071
EPYC,65,0.0071
CCDC63,65,0.0071
SULT6B1,65,0.0071
TIGAR,65,0.0071
CCDC113,65,0.0071
FAM111B,65,0.0071
SLIT2,65,0.0071
LSMEM2,65,0.0071
NBAS,65,0.0071
PEBP1,65,0.0071
RDH14,65,0.0071
SH2B3,65,0.0071
RILPL2,65,0.0071
BTBD2,65,0.0071
NAA60,65,0.0071
LRATD1,65,0.0071
COX6B1,65,0.0071
NPC2,65,0.0071
RARS1,65,0.0071
ERGIC2,65,0.0071
PRSS36,65,0.0071
RABEPK,65,0.0071
EPCAM,65,0.0071
PDCL3,65,0.0071
PDE6D,65,0.0071
DAW1,65,0.0071
AK6,65,0.0071
RPAIN,65,0.0071
TSG101,65,0.0071
SBF2,65,0.0071
NHLRC4,65,0.0071
MED9,65,0.0071
PTPN23,65,0.0071
HERC3,65,0.0071
ZER1,65,0.0071
WDR18,65,0.0071
TECTA,65,0.0071
MYO1F,65,0.0071
APBA2,65,0.0071
GTPBP10,65,0.0071
BAG3,65,0.0071
CABLES2,65,0.0071
ADPRM,65,0.0071
ERLIN2,65,0.0071
RRAGD,65,0.0071
UFSP2,65,0.0071
AQP2,65,0.0071
ACBD7,65,0.0071
ANXA11,65,0.0071
EIF4EBP2,65,0.0071
ALKBH4,65,0.0071
CCDC82,65,0.0071
H3C10,65,0.0071
TARBP1,65,0.0071
UQCRHL,65,0.0071
MTSS1,65,0.0071
RIMKLA,65,0.0071
AK4,65,0.0071
OTOS,65,0.0071
MCCD1,65,0.0071
MPO,65,0.0071
SKA2,65,0.0071
MYLK3,65,0.0071
CORO7,65,0.0071
FGG,65,0.0071
OXT,65,0.0071
HLA-DQA2,65,0.0071
CCN6,65,0.0071
SEMA4F,65,0.0071
WFDC1,65,0.0071
MAGEB2,65,0.0071
DUSP10,65,0.0071
GDI2,65,0.0071
SERPINI1,65,0.0071
VPS36,65,0.0071
STX4,65,0.0071
PDCD11,65,0.0071
TRPV6,65,0.0071
F2,65,0.0071
TWIST1,65,0.0071
RCC1L,65,0.0071
PIGZ,65,0.0071
PPP1R27,65,0.0071
PLXDC1,65,0.0071
TRMT10A,65,0.0071
PTPN6,65,0.0071
EIF4EBP3,65,0.0071
CAVIN1,64,0.007
TERF2,64,0.007
CENPM,64,0.007
H4C12,64,0.007
YKT6,64,0.007
TAX1BP3,64,0.007
IGFBP6,64,0.007
RNF175,64,0.007
HES5,64,0.007
TADA3,64,0.007
UQCRQ,64,0.007
SPO11,64,0.007
AKAP7,64,0.007
CALHM4,64,0.007
CNNM3,64,0.007
CHAD,64,0.007
PPP1R15B,64,0.007
FAM216B,64,0.007
GPC5,64,0.007
TF,64,0.007
TRIM75,64,0.007
CLDN4,64,0.007
PDIA5,64,0.007
RMDN3,64,0.007
TCEANC2,64,0.007
SCN3B,64,0.007
EPHX3,64,0.007
FABP6,64,0.007
HELT,64,0.007
CPA4,64,0.007
HRC,64,0.007
TWF1,64,0.007
PCMTD2,64,0.007
VPS37D,64,0.007
RPP25,64,0.007
EGFL8,64,0.007
TTLL1,64,0.007
GNG8,64,0.007
HTRA2,64,0.007
TNC,64,0.007
ANKRD7,64,0.007
EGLN1,64,0.007
PLA2G4C,64,0.007
CFDP1,64,0.007
GLB1L3,64,0.007
STX17,64,0.007
CTSF,64,0.007
PDF,64,0.007
NAT10,64,0.007
PLSCR3,64,0.007
SUMF2,64,0.007
AQR,64,0.007
SNAPC1,64,0.007
PNPLA4,64,0.007
MICAL3,64,0.007
WBP2NL,64,0.007
MT1F,64,0.007
DCAF4L2,64,0.007
AKTIP,64,0.007
FREY1,64,0.007
CES5A,64,0.007
RNGTT,64,0.007
DYNC2I2,64,0.007
KIF26B,64,0.007
PPM1B,64,0.007
FAM209A,64,0.007
PRKAG3,64,0.007
C4orf33,64,0.007
ASAH2,64,0.007
DGCR6L,64,0.007
TMEM213,64,0.007
INSL4,64,0.007
PET100,64,0.007
CHRNA3,64,0.007
ACTR10,64,0.007
CLDN1,64,0.007
CES2,64,0.007
UGT2A1,64,0.007
SUMO4,64,0.007
NGFR,64,0.007
SFT2D2,64,0.007
TTC9,64,0.007
ZACN,64,0.007
AGAP1,64,0.007
TIMP2,64,0.007
PPT1,64,0.007
RPL10A,64,0.007
DDX19A,64,0.007
GPLD1,64,0.007
SERHL2,64,0.007
FDPS,64,0.007
ARL10,64,0.007
ANKRD50,64,0.007
IL1A,64,0.007
NOPCHAP1,64,0.007
HAPLN2,64,0.007
RTL6,64,0.007
MPPED1,64,0.007
IGHV3-72,64,0.007
AQP10,64,0.007
FOLR1,64,0.007
GLCE,64,0.007
TSEN15,64,0.007
HBA2,64,0.007
CTNNBIP1,64,0.007
THNSL1,64,0.007
KIFAP3,64,0.007
BIRC3,63,0.0069
CCR5,63,0.0069
SLURP1,63,0.0069
TIPIN,63,0.0069
GJB1,63,0.0069
IGKV2-28,63,0.0069
MRPS17,63,0.0069
TAF10,63,0.0069
CYP2J2,63,0.0069
CHN2,63,0.0069
GTDC1,63,0.0069
RAX2,63,0.0069
ABRACL,63,0.0069
FBXO3,63,0.0069
CSRP3,63,0.0069
VDR,63,0.0069
ADCY6,63,0.0069
DEFB126,63,0.0069
HSPBP1,63,0.0069
BUD31,63,0.0069
SLC5A5,63,0.0069
GSKIP,63,0.0069
TEKTL1,63,0.0069
MAPK12,63,0.0069
POLE4,63,0.0069
RLN1,63,0.0069
SELENOK,63,0.0069
IFT43,63,0.0069
CCL13,63,0.0069
SH2B2,63,0.0069
CHI3L2,63,0.0069
PTPRN,63,0.0069
KRTAP4-12,63,0.0069
RPTN,63,0.0069
GRAP,63,0.0069
ADPRS,63,0.0069
MT-CO3,63,0.0069
ACOT1,63,0.0069
FAXC,63,0.0069
CD59,63,0.0069
GTF2E1,63,0.0069
KCNA10,63,0.0069
MIP,63,0.0069
NOTUM,63,0.0069
AXIN1,63,0.0069
CCDC80,63,0.0069
PRKAG2,63,0.0069
ST6GAL2,63,0.0069
KCNRG,63,0.0069
TRIM51G,63,0.0069
NLE1,63,0.0069
CHST8,63,0.0069
HIP1,63,0.0069
DDX24,63,0.0069
CYP7A1,63,0.0069
BRAT1,63,0.0069
SULF2,63,0.0069
MYORG,63,0.0069
AHI1,63,0.0069
SORL1,63,0.0069
RABIF,63,0.0069
COX6A2,63,0.0069
PACSIN3,63,0.0069
SPAM1,63,0.0069
SPPL2C,63,0.0069
TXK,63,0.0069
TXNDC12,63,0.0069
CHRAC1,63,0.0069
B4GALT3,63,0.0069
RASGEF1C,63,0.0069
THUMPD1,63,0.0069
VPREB3,63,0.0069
PRSS8,63,0.0069
PSME4,63,0.0069
APOBEC3H,63,0.0069
OLA1,63,0.0069
PTGES,63,0.0069
PDZK1IP1,63,0.0069
CYP2F1,63,0.0069
NPEPPS,63,0.0069
EFTUD2,63,0.0069
PGAM4,63,0.0069
WDR12,63,0.0069
PKD2L1,63,0.0069
SPATA19,63,0.0069
SATL1,63,0.0069
CLEC2B,63,0.0069
PEX12,63,0.0069
PPP1R14A,63,0.0069
STAM2,63,0.0069
HPN,63,0.0069
APOC2,63,0.0069
ANXA9,63,0.0069
INSRR,63,0.0069
WDR37,63,0.0069
CDADC1,63,0.0069
PRTFDC1,63,0.0069
NUDC,63,0.0069
ARHGAP24,63,0.0069
PIGO,63,0.0069
LDB2,63,0.0069
IL20RB,63,0.0069
SLC9A2,63,0.0069
LY6G6C,63,0.0069
C1orf116,63,0.0069
TMEM9,63,0.0069
OBP2B,63,0.0069
SAYSD1,62,0.0068
SLC4A10,62,0.0068
GTPBP4,62,0.0068
IGLV10-54,62,0.0068
GAL,62,0.0068
TMEM168,62,0.0068
ANKS6,62,0.0068
SHPK,62,0.0068
BTN1A1,62,0.0068
LMF2,62,0.0068
KCTD8,62,0.0068
SSX7,62,0.0068
REG1A,62,0.0068
SCGB1D1,62,0.0068
NXF3,62,0.0068
WDSUB1,62,0.0068
TOR1AIP1,62,0.0068
SLC5A12,62,0.0068
CARD19,62,0.0068
NACA2,62,0.0068
OR4A5,62,0.0068
OR4X2,62,0.0068
PHLDA2,62,0.0068
CRACR2B,62,0.0068
RARRES2,62,0.0068
MISP,62,0.0068
LKAAEAR1,62,0.0068
DNMT3A,62,0.0068
METRN,62,0.0068
PTPRC,62,0.0068
CCZ1B,62,0.0068
KCTD4,62,0.0068
PET117,62,0.0068
NCKIPSD,62,0.0068
SLC12A6,62,0.0068
KRTAP2-2,62,0.0068
BNIP3L,62,0.0068
BMP7,62,0.0068
NKAIN4,62,0.0068
RRAGC,62,0.0068
ANKRD37,62,0.0068
ODAD4,62,0.0068
CCL18,62,0.0068
C14orf180,62,0.0068
RPS24,62,0.0068
DNAJB4,62,0.0068
CDC23,62,0.0068
TDGF1,62,0.0068
HSPA4,62,0.0068
NOP10,62,0.0068
EEF1AKMT2,62,0.0068
ORM2,62,0.0068
LYRM7,62,0.0068
OPN1SW,62,0.0068
ZNF496,62,0.0068
DNTT,62,0.0068
STXBP1,62,0.0068
TSPAN4,62,0.0068
CLTB,62,0.0068
ANAPC7,62,0.0068
VTN,62,0.0068
ATP5F1B,62,0.0068
TMEM50B,62,0.0068
VEGFC,62,0.0068
ADCY9,62,0.0068
CDC73,62,0.0068
DYNLT5,62,0.0068
RAD50,62,0.0068
ADSS2,62,0.0068
GXYLT1,62,0.0068
PUS7L,62,0.0068
GJB5,62,0.0068
ANAPC10,62,0.0068
C12orf54,62,0.0068
SCGB1C1,62,0.0068
MCM3,62,0.0068
NTPCR,62,0.0068
TBC1D16,62,0.0068
H2BC5,62,0.0068
TMEM50A,62,0.0068
TLNRD1,62,0.0068
ARL6,62,0.0068
UTP20,62,0.0068
FAM83A,62,0.0068
ADCY5,62,0.0068
PSMB7,62,0.0068
DTD2,62,0.0068
SCFD1,62,0.0068
PRR18,62,0.0068
ATP2A1,62,0.0068
IRGM,62,0.0068
KIAA0513,62,0.0068
KLC2,62,0.0068
RAB42,62,0.0068
MRPS18C,62,0.0068
RASGEF1B,62,0.0068
MRAP2,62,0.0068
HS3ST1,62,0.0068
CATIP,62,0.0068
BGN,62,0.0068
SEC14L2,62,0.0068
PARP11,62,0.0068
LRRC23,62,0.0068
OSTC,62,0.0068
CEMIP,62,0.0068
AVL9,62,0.0068
VSTM2L,62,0.0068
CCND3,62,0.0068
MZT2A,62,0.0068
SERPINA9,62,0.0068
PLEKHO2,62,0.0068
WLS,62,0.0068
METTL18,62,0.0068
NOL12,62,0.0068
RENBP,62,0.0068
MAX,62,0.0068
IGFL3,62,0.0068
HESX1,62,0.0068
LIPE,62,0.0068
SMIM22,62,0.0068
INTS13,62,0.0068
RNASEL,62,0.0068
C11orf54,62,0.0068
CCND1,62,0.0068
FOLR3,62,0.0068
TUSC2,62,0.0068
HEMK1,62,0.0068
RCSD1,62,0.0068
CSAG1,62,0.0068
SOD3,62,0.0068
FZD4,62,0.0068
ATP1B4,62,0.0068
ZNRD2,62,0.0068
SPRR3,62,0.0068
ANKRD30A,62,0.0068
IGBP1,62,0.0068
CCDC182,62,0.0068
INHBB,62,0.0068
LRRC3,62,0.0068
DHFR2,62,0.0068
MAIP1,62,0.0068
C5orf52,62,0.0068
TSPAN15,62,0.0068
ALS2CL,62,0.0068
MRPL24,62,0.0068
PABPC3,62,0.0068
PRAMEF19,61,0.0066
DHX36,61,0.0066
LIPM,61,0.0066
TRIM35,61,0.0066
PRXL2B,61,0.0066
CLDN6,61,0.0066
TRAPPC3,61,0.0066
EDEM3,61,0.0066
CHRNA7,61,0.0066
NEDD1,61,0.0066
EPHX2,61,0.0066
COL4A4,61,0.0066
B3GALT5,61,0.0066
HSPA9,61,0.0066
ADAM7,61,0.0066
CHST11,61,0.0066
SLC5A8,61,0.0066
AGBL5,61,0.0066
CYP19A1,61,0.0066
PPP1R14D,61,0.0066
SELENOS,61,0.0066
EIF3E,61,0.0066
TDRD6,61,0.0066
RBP5,61,0.0066
ACTG1,61,0.0066
CD7,61,0.0066
FAM25C,61,0.0066
ADO,61,0.0066
MAPK13,61,0.0066
KRTAP4-2,61,0.0066
NR0B2,61,0.0066
DOK1,61,0.0066
EPS8L3,61,0.0066
FLNB,61,0.0066
TCN1,61,0.0066
CDKN2B,61,0.0066
TRPT1,61,0.0066
CXCL10,61,0.0066
TSPAN33,61,0.0066
CXCL2,61,0.0066
THAP6,61,0.0066
MAT2B,61,0.0066
NCF4,61,0.0066
POLR1G,61,0.0066
C1QL2,61,0.0066
MAP3K5,61,0.0066
CLDN19,61,0.0066
HSBP1,61,0.0066
H2AC14,61,0.0066
GGPS1,61,0.0066
PIH1D1,61,0.0066
SUPT4H1,61,0.0066
ST6GALNAC1,61,0.0066
RAB27B,61,0.0066
DEFB135,61,0.0066
CHRNG,61,0.0066
IMMP1L,61,0.0066
TMED8,61,0.0066
TRIM11,61,0.0066
HES6,61,0.0066
GPC1,61,0.0066
PPP2R2D,61,0.0066
NIP7,61,0.0066
KHNYN,61,0.0066
TMEM86B,61,0.0066
DHX38,61,0.0066
DCLK2,61,0.0066
ARMC10,61,0.0066
ATOSB,61,0.0066
ABCC11,61,0.0066
TYW3,61,0.0066
VPS25,61,0.0066
DIP2A,61,0.0066
NANP,61,0.0066
NFU1,61,0.0066
ARHGAP26,61,0.0066
DIO2,61,0.0066
LEPROTL1,61,0.0066
RPLP1,61,0.0066
RGS20,61,0.0066
SCRG1,61,0.0066
NKD2,61,0.0066
CD109,61,0.0066
WFIKKN2,61,0.0066
ATP6V1G1,61,0.0066
CCL11,61,0.0066
EEF1AKMT1,61,0.0066
ANKRD61,61,0.0066
MYO1G,61,0.0066
TMEM154,61,0.0066
PDXP,61,0.0066
CBY3,61,0.0066
PLAC9,61,0.0066
STT3A,61,0.0066
LYPLA1,61,0.0066
ATG3,61,0.0066
CFAP298,61,0.0066
TOPBP1,61,0.0066
SMG9,61,0.0066
CPB2,61,0.0066
NAPB,61,0.0066
C3,61,0.0066
SULT1E1,61,0.0066
TMPRSS11E,61,0.0066
KDM4E,61,0.0066
MT1B,61,0.0066
WDR86,61,0.0066
KCTD18,61,0.0066
FAM81B,61,0.0066
EPAS1,61,0.0066
GPA33,61,0.0066
BOLA3,61,0.0066
CETN1,61,0.0066
PSMB2,61,0.0066
BBS12,61,0.0066
ABHD12B,61,0.0066
TMPPE,61,0.0066
PCSK7,61,0.0066
NAGA,61,0.0066
STX7,61,0.0066
ANXA13,61,0.0066
CD8B,61,0.0066
PTAR1,61,0.0066
LELP1,61,0.0066
LY6G5B,61,0.0066
WDR74,61,0.0066
SHARPIN,61,0.0066
ADAMDEC1,61,0.0066
CCL5,61,0.0066
PRXL2A,61,0.0066
MIEF2,61,0.0066
C17orf67,61,0.0066
TIMM13,61,0.0066
CHST4,61,0.0066
CARD14,61,0.0066
ALG12,61,0.0066
SCN1B,61,0.0066
TRDMT1,61,0.0066
TMED9,61,0.0066
FUT1,61,0.0066
TERF2IP,61,0.0066
UBTD2,61,0.0066
DDX54,61,0.0066
TECTB,61,0.0066
STEAP2,61,0.0066
ZBTB9,61,0.0066
ERGIC3,60,0.0065
GOLGA7B,60,0.0065
TATDN3,60,0.0065
CEBPA,60,0.0065
PDCD5,60,0.0065
GALNT7,60,0.0065
IFITM10,60,0.0065
NADK2,60,0.0065
PRDM9,60,0.0065
LAMA5,60,0.0065
VWA7,60,0.0065
ECM2,60,0.0065
RMND5A,60,0.0065
TEX13C,60,0.0065
FAM172A,60,0.0065
WDFY2,60,0.0065
LRATD2,60,0.0065
TPI1,60,0.0065
ZNF511,60,0.0065
PHLDB1,60,0.0065
APOBEC3G,60,0.0065
TIMM8B,60,0.0065
TEX12,60,0.0065
NPB,60,0.0065
FAM118B,60,0.0065
RIMKLB,60,0.0065
PDIA4,60,0.0065
MRPL35,60,0.0065
IGHMBP2,60,0.0065
C9orf72,60,0.0065
NREP,60,0.0065
SPMIP8,60,0.0065
ZUP1,60,0.0065
GRIK4,60,0.0065
TPD52L1,60,0.0065
CCL17,60,0.0065
NUP133,60,0.0065
CYP3A7,60,0.0065
POLR3C,60,0.0065
TGS1,60,0.0065
SQSTM1,60,0.0065
H1-2,60,0.0065
KIR2DL4,60,0.0065
KIAA1143,60,0.0065
RAB5A,60,0.0065
EAF1,60,0.0065
APAF1,60,0.0065
FXYD4,60,0.0065
OBP2A,60,0.0065
TREML4,60,0.0065
CMTR1,60,0.0065
CRELD2,60,0.0065
LY6E,60,0.0065
PKD1,60,0.0065
DNASE1L2,60,0.0065
SERPIND1,60,0.0065
RAB43,60,0.0065
SMR3B,60,0.0065
CDK5RAP3,60,0.0065
RXRG,60,0.0065
EFCAB7,60,0.0065
ARL5A,60,0.0065
MMP28,60,0.0065
GNG7,60,0.0065
IGSF9,60,0.0065
RIPPLY2,60,0.0065
UNC45B,60,0.0065
DCTN5,60,0.0065
EEF2K,60,0.0065
FTO,60,0.0065
KRTAP10-9,60,0.0065
ADD2,60,0.0065
SPATA6L,60,0.0065
PNLIPRP3,60,0.0065
TMEM18,60,0.0065
SPINK6,60,0.0065
C3orf84,60,0.0065
PDE3B,60,0.0065
CCDC81,60,0.0065
MMP7,60,0.0065
NSUN6,60,0.0065
PPTC7,60,0.0065
IGHJ1,60,0.0065
FASTKD1,60,0.0065
SH2D3C,60,0.0065
C9orf50,60,0.0065
RPS15,60,0.0065
CDK10,60,0.0065
AARSD1,60,0.0065
RAB2B,60,0.0065
ALG3,60,0.0065
SURF6,60,0.0065
PRX,60,0.0065
TNFRSF10B,60,0.0065
FOXE3,60,0.0065
LIG4,60,0.0065
EIF3I,60,0.0065
VPREB1,60,0.0065
ST14,60,0.0065
TLE2,60,0.0065
POLR2J2,60,0.0065
SEPTIN10,60,0.0065
TRAF2,60,0.0065
ABHD13,60,0.0065
SNX5,60,0.0065
ARL15,60,0.0065
NRIP2,60,0.0065
ZBED2,60,0.0065
STAC3,60,0.0065
KCTD12,60,0.0065
NPTXR,60,0.0065
FAM114A2,60,0.0065
DDX4,60,0.0065
TNFSF8,60,0.0065
SFXN4,60,0.0065
FDXACB1,60,0.0065
PUS10,60,0.0065
MTX2,60,0.0065
PDE9A,60,0.0065
RRP1,60,0.0065
KLHDC8A,60,0.0065
KRTAP10-1,60,0.0065
SMUG1,60,0.0065
ACSS1,60,0.0065
RELN,60,0.0065
DCTN2,60,0.0065
PAPLN,60,0.0065
AP3S1,60,0.0065
CYB561,60,0.0065
SIM1,60,0.0065
PSMB6,60,0.0065
TRUB1,60,0.0065
TRIM32,60,0.0065
CCL16,60,0.0065
ROGDI,60,0.0065
TMEM254,60,0.0065
GANC,60,0.0065
ITM2C,60,0.0065
UBA2,60,0.0065
SPMIP11,59,0.0064
GPD2,59,0.0064
ANKFY1,59,0.0064
NT5C3B,59,0.0064
MTX1,59,0.0064
GCG,59,0.0064
EIF2S3B,59,0.0064
MT-ND6,59,0.0064
AP2A2,59,0.0064
TRPV2,59,0.0064
CILP,59,0.0064
BSPRY,59,0.0064
ASZ1,59,0.0064
GFPT1,59,0.0064
CNIH1,59,0.0064
C1orf131,59,0.0064
THUMPD2,59,0.0064
ENTPD6,59,0.0064
TMEM97,59,0.0064
ADAM19,59,0.0064
NF2,59,0.0064
CEACAM21,59,0.0064
PLSCR1,59,0.0064
FOXD4L1,59,0.0064
RPL35A,59,0.0064
PADI3,59,0.0064
PNOC,59,0.0064
NTS,59,0.0064
CCL15,59,0.0064
BET1L,59,0.0064
HLA-DPA1,59,0.0064
WDR11,59,0.0064
NHS,59,0.0064
HIKESHI,59,0.0064
TOMM70,59,0.0064
ERVV-1,59,0.0064
DCK,59,0.0064
IQCF5,59,0.0064
FAM228A,59,0.0064
GUCA2A,59,0.0064
ANKS4B,59,0.0064
STX6,59,0.0064
STRAP,59,0.0064
ATP6V1G3,59,0.0064
DSTN,59,0.0064
CEP164,59,0.0064
TRIML1,59,0.0064
GADD45B,59,0.0064
NDP,59,0.0064
REEP5,59,0.0064
PIGH,59,0.0064
RGS6,59,0.0064
P2RX7,59,0.0064
EIF4E3,59,0.0064
CCDC51,59,0.0064
BGLAP,59,0.0064
CNPY2,59,0.0064
CRYZL1,59,0.0064
RPP21,59,0.0064
RNF112,59,0.0064
ATG12,59,0.0064
BLOC1S3,59,0.0064
NEURL3,59,0.0064
C1orf43,59,0.0064
CSTPP1,59,0.0064
LECT2,59,0.0064
PRAP1,59,0.0064
DEFB114,59,0.0064
XRCC4,59,0.0064
HDAC8,59,0.0064
SCGB2A2,59,0.0064
SMARCAL1,59,0.0064
MGME1,59,0.0064
RBBP9,59,0.0064
CACNB1,59,0.0064
TEN1,59,0.0064
RAB3B,59,0.0064
AQP4,59,0.0064
LIPH,59,0.0064
PWP1,59,0.0064
SS18L2,59,0.0064
PRELID3B,59,0.0064
ATP6V0E1,59,0.0064
SGTA,59,0.0064
AGK,59,0.0064
NSUN3,59,0.0064
FBLN1,59,0.0064
TRPC1,59,0.0064
IL3RA,59,0.0064
FBLL1,59,0.0064
C20orf202,59,0.0064
CGREF1,59,0.0064
POLR2H,59,0.0064
LGI1,59,0.0064
P3H3,59,0.0064
CD247,59,0.0064
SPAG16,59,0.0064
SMDT1,59,0.0064
CLEC4G,59,0.0064
SH3RF1,59,0.0064
INCENP,59,0.0064
MOSPD3,59,0.0064
MESD,59,0.0064
G3BP1,59,0.0064
GK2,59,0.0064
CACNG1,59,0.0064
KBTBD4,59,0.0064
ANKRD11,59,0.0064
TTLL4,59,0.0064
ARPC2,59,0.0064
TMEM45B,59,0.0064
PIGY,59,0.0064
CCNG1,59,0.0064
SMIM12,59,0.0064
ATP8A2,59,0.0064
IFT88,59,0.0064
SPRYD4,59,0.0064
DCD,59,0.0064
MRAP,59,0.0064
TAGLN3,59,0.0064
WIPI1,59,0.0064
IQCF1,59,0.0064
ALS2,59,0.0064
CDKAL1,59,0.0064
LALBA,59,0.0064
CNOT6,59,0.0064
CYP3A43,59,0.0064
EHBP1L1,59,0.0064
GPC3,59,0.0064
SLC9B1,58,0.0063
GSTCD,58,0.0063
C12orf4,58,0.0063
SIRPD,58,0.0063
PRLH,58,0.0063
DAB2,58,0.0063
LRRK1,58,0.0063
TRIML2,58,0.0063
RAB40A,58,0.0063
CCNH,58,0.0063
RAB4A,58,0.0063
AHSA1,58,0.0063
CDKN3,58,0.0063
GDNF,58,0.0063
PLCD1,58,0.0063
INTS10,58,0.0063
TTI1,58,0.0063
IFITM1,58,0.0063
STOM,58,0.0063
TECR,58,0.0063
C1orf146,58,0.0063
IGLV2-18,58,0.0063
ASPN,58,0.0063
TCF3,58,0.0063
RNH1,58,0.0063
ABCC1,58,0.0063
ABHD14B,58,0.0063
METTL25,58,0.0063
FRS2,58,0.0063
NEURL4,58,0.0063
LRRC2,58,0.0063
DPY19L3,58,0.0063
KLHL31,58,0.0063
ORM1,58,0.0063
C4orf46,58,0.0063
MOB1A,58,0.0063
EEF1B2,58,0.0063
ORC2,58,0.0063
ST3GAL6,58,0.0063
DUSP4,58,0.0063
CCNE1,58,0.0063
SOS2,58,0.0063
CES4A,58,0.0063
CES3,58,0.0063
POGLUT3,58,0.0063
GKN2,58,0.0063
GMNN,58,0.0063
TMEM30B,58,0.0063
EFS,58,0.0063
NDST4,58,0.0063
SLIT3,58,0.0063
GRID2,58,0.0063
SETD1A,58,0.0063
ZC3H12D,58,0.0063
PEX7,58,0.0063
PLA2G4D,58,0.0063
EAPP,58,0.0063
ARCN1,58,0.0063
ADAM20,58,0.0063
TCF25,58,0.0063
OR4C46,58,0.0063
OR4C16,58,0.0063
HELZ,58,0.0063
GAA,58,0.0063
SEMA3F,58,0.0063
ADAMTS20,58,0.0063
TMEM106C,58,0.0063
FAM177B,58,0.0063
HACE1,58,0.0063
SAPCD1,58,0.0063
RIMOC1,58,0.0063
ASCL3,58,0.0063
IL18R1,58,0.0063
EID2B,58,0.0063
MVB12B,58,0.0063
HSF2BP,58,0.0063
NHSL2,58,0.0063
ATP6V1A,58,0.0063
TMT1B,58,0.0063
CDCA8,58,0.0063
SAMD10,58,0.0063
PRPF39,58,0.0063
COQ8B,58,0.0063
GRIK2,58,0.0063
TOR1AIP2,58,0.0063
RAB5IF,58,0.0063
FXN,58,0.0063
CYP8B1,58,0.0063
SYN3,58,0.0063
MINDY1,58,0.0063
ADAMTS15,58,0.0063
APOL2,58,0.0063
CYP2W1,58,0.0063
PITPNM3,58,0.0063
KRTAP5-8,58,0.0063
DYNLRB1,58,0.0063
MBLAC1,58,0.0063
MAGEA4,58,0.0063
CD40LG,58,0.0063
NWD2,58,0.0063
VPS41,58,0.0063
CARNMT1,58,0.0063
TSSK1B,58,0.0063
TADA1,58,0.0063
S100A10,58,0.0063
NUDT2,58,0.0063
RPS6,58,0.0063
RFPL4B,58,0.0063
RPA2,58,0.0063
LAMTOR1,58,0.0063
RASL11A,58,0.0063
SGCA,58,0.0063
CD2AP,58,0.0063
CRIP2,58,0.0063
MRPS12,58,0.0063
SEMA3D,58,0.0063
PLCL1,58,0.0063
DHCR24,58,0.0063
CNOT8,58,0.0063
FAR2,58,0.0063
RGS17,58,0.0063
MMP9,58,0.0063
TNNC2,58,0.0063
ARRDC1,58,0.0063
DEFB108B,58,0.0063
ACTR3B,58,0.0063
CXCL12,58,0.0063
CAMK2N2,58,0.0063
AIFM2,58,0.0063
NCEH1,58,0.0063
MINDY4B,58,0.0063
DNA2,58,0.0063
LINS1,58,0.0063
COX7A1,58,0.0063
PDIA3,58,0.0063
IGKV2D-26,58,0.0063
TMEM244,58,0.0063
HEY2,58,0.0063
GARIN3,58,0.0063
TPST2,58,0.0063
MCRIP2,58,0.0063
TTC1,58,0.0063
NHLRC1,58,0.0063
STMND1,58,0.0063
PCSK6,58,0.0063
MLST8,58,0.0063
NENF,58,0.0063
COL4A3,57,0.0062
RSL1D1,57,0.0062
SIAH2,57,0.0062
CXCR1,57,0.0062
TSC1,57,0.0062
COL7A1,57,0.0062
FSCN1,57,0.0062
HEXB,57,0.0062
CPNE6,57,0.0062
FLG2,57,0.0062
CBLIF,57,0.0062
TLR10,57,0.0062
MAGEA3,57,0.0062
GET3,57,0.0062
KLRC3,57,0.0062
CEACAM3,57,0.0062
PDLIM3,57,0.0062
HEPACAM,57,0.0062
GFRAL,57,0.0062
TMEM14A,57,0.0062
FSTL4,57,0.0062
ZFAND2A,57,0.0062
TAF5,57,0.0062
RABL2A,57,0.0062
PF4V1,57,0.0062
SSBP1,57,0.0062
PRSS23,57,0.0062
UGT2B7,57,0.0062
MMP1,57,0.0062
GDAP1L1,57,0.0062
NDST3,57,0.0062
CST8,57,0.0062
SLC4A1AP,57,0.0062
HSD11B2,57,0.0062
KLHL38,57,0.0062
AKAP13,57,0.0062
FXYD2,57,0.0062
ADAMTS8,57,0.0062
TP53TG5,57,0.0062
DPH3,57,0.0062
PZP,57,0.0062
SSBP4,57,0.0062
CATSPERZ,57,0.0062
PTX3,57,0.0062
PF4,57,0.0062
ART3,57,0.0062
TRNAU1AP,57,0.0062
SPINK5,57,0.0062
B3GAT1,57,0.0062
USP45,57,0.0062
ANKRD53,57,0.0062
PPIL6,57,0.0062
ARSF,57,0.0062
PSKH2,57,0.0062
RCN2,57,0.0062
CLDN14,57,0.0062
MICAL2,57,0.0062
C2orf68,57,0.0062
TMPRSS2,57,0.0062
APOBEC3D,57,0.0062
TPRG1L,57,0.0062
TNFRSF1B,57,0.0062
C10orf53,57,0.0062
SPARCL1,57,0.0062
PGLYRP2,57,0.0062
PAPOLG,57,0.0062
TOR3A,57,0.0062
USP30,57,0.0062
EDF1,57,0.0062
PRDX5,57,0.0062
ZMPSTE24,57,0.0062
MTREX,57,0.0062
RIT2,57,0.0062
SORBS3,57,0.0062
POLR2J,57,0.0062
RAB29,57,0.0062
MDC1,57,0.0062
YAE1,57,0.0062
SAPCD2,57,0.0062
LOX,57,0.0062
IGKV1D-12,57,0.0062
IGLV3-27,57,0.0062
CENPO,57,0.0062
SIRPB2,57,0.0062
CKMT1B,57,0.0062
CKMT1A,57,0.0062
NFKBIB,57,0.0062
ACSS3,57,0.0062
ATP6V0E2,57,0.0062
RPS27A,57,0.0062
RIGI,57,0.0062
CEACAM16,57,0.0062
AGT,57,0.0062
APOL1,57,0.0062
PVALB,57,0.0062
TIMP3,57,0.0062
WDR5B,57,0.0062
BBIP1,57,0.0062
KIDINS220,57,0.0062
JPH2,57,0.0062
VDAC3,57,0.0062
RGS8,57,0.0062
UACA,57,0.0062
PMP22,57,0.0062
MRPL30,57,0.0062
TMPRSS11A,57,0.0062
ANTKMT,57,0.0062
TBCE,57,0.0062
SAP30BP,57,0.0062
CALCA,57,0.0062
MUS81,57,0.0062
ZSCAN23,57,0.0062
SMS,57,0.0062
CHKA,57,0.0062
SLX1A,57,0.0062
CHMP4B,57,0.0062
RPA4,57,0.0062
TMEM138,57,0.0062
SCGB1A1,57,0.0062
FUZ,57,0.0062
LENEP,57,0.0062
RAC3,57,0.0062
EIF4EBP1,56,0.0061
PPP2CB,56,0.0061
ADAM29,56,0.0061
CTBS,56,0.0061
ACAP2,56,0.0061
INSL3,56,0.0061
ACTR8,56,0.0061
FAM53A,56,0.0061
SLC27A5,56,0.0061
DAD1,56,0.0061
BRF1,56,0.0061
KIF26A,56,0.0061
DEGS1,56,0.0061
SPSB3,56,0.0061
HBZ,56,0.0061
PRR22,56,0.0061
COL28A1,56,0.0061
RSPO4,56,0.0061
FKBPL,56,0.0061
SULT1C3,56,0.0061
TEX9,56,0.0061
SMIM15,56,0.0061
SLC9A1,56,0.0061
PATE4,56,0.0061
PROSER2,56,0.0061
HNRNPCL1,56,0.0061
YES1,56,0.0061
TEX26,56,0.0061
IGLJ1,56,0.0061
LYPD5,56,0.0061
CYB5R4,56,0.0061
CALCB,56,0.0061
VEGFA,56,0.0061
GNB4,56,0.0061
KRTAP2-4,56,0.0061
RPL19,56,0.0061
COIL,56,0.0061
MMD,56,0.0061
SEC22A,56,0.0061
RMC1,56,0.0061
AFG3L2,56,0.0061
FCMR,56,0.0061
IL17RD,56,0.0061
CNOT7,56,0.0061
VPS37A,56,0.0061
NAA35,56,0.0061
HAPSTR1,56,0.0061
DIP2C,56,0.0061
NCBP2AS2,56,0.0061
MDN1,56,0.0061
RILP,56,0.0061
ADAM21,56,0.0061
PIGU,56,0.0061
DEFB115,56,0.0061
CCDC65,56,0.0061
ENDOU,56,0.0061
RBL1,56,0.0061
ISCA1,56,0.0061
MAGEA6,56,0.0061
IL18RAP,56,0.0061
FAM72C,56,0.0061
LIM2,56,0.0061
PSMA3,56,0.0061
GMFB,56,0.0061
CPNE9,56,0.0061
CAMK1,56,0.0061
RABL2B,56,0.0061
ARSH,56,0.0061
CLNS1A,56,0.0061
CDNF,56,0.0061
MITF,56,0.0061
GRIK5,56,0.0061
PAFAH1B3,56,0.0061
TRIM34,56,0.0061
SLC4A4,56,0.0061
FBXO48,56,0.0061
STRN3,56,0.0061
ZNG1F,56,0.0061
ATF5,56,0.0061
DHFR,56,0.0061
SDR42E1,56,0.0061
PLEK2,56,0.0061
GRIA4,56,0.0061
CNOT10,56,0.0061
GPR15LG,56,0.0061
ASTL,56,0.0061
PLEKHB1,56,0.0061
OSBPL10,56,0.0061
NGRN,56,0.0061
GPCPD1,56,0.0061
CNBD1,56,0.0061
LARP1B,56,0.0061
BID,56,0.0061
C16orf78,56,0.0061
C11orf97,56,0.0061
RRAS2,56,0.0061
HPS3,56,0.0061
DNAJC7,56,0.0061
CLCN2,56,0.0061
THPO,56,0.0061
NAP1L1,56,0.0061
GDAP2,56,0.0061
CEP290,56,0.0061
PRSS56,56,0.0061
ZBP1,56,0.0061
PRDM12,56,0.0061
CCBE1,56,0.0061
CCL20,56,0.0061
SYCP2L,56,0.0061
GPX8,56,0.0061
PLK3,56,0.0061
APLP2,56,0.0061
LCN1,56,0.0061
TCF23,56,0.0061
CCNB1IP1,56,0.0061
TAF9B,56,0.0061
H4C5,56,0.0061
H2BC8,56,0.0061
ARRB1,56,0.0061
AIM2,56,0.0061
PCTP,56,0.0061
ERAP2,56,0.0061
PRKAR2B,56,0.0061
P2RX2,56,0.0061
ASIC4,56,0.0061
TMPRSS3,56,0.0061
MTRFR,56,0.0061
ATP5PO,56,0.0061
C21orf62,56,0.0061
CBFA2T3,56,0.0061
PHEX,56,0.0061
CYP26B1,56,0.0061
ERG28,56,0.0061
LIG3,56,0.0061
HIF1AN,56,0.0061
PYROXD2,56,0.0061
TBC1D13,56,0.0061
NEU1,56,0.0061
SHLD3,56,0.0061
ABCE1,56,0.0061
FBXO7,55,0.006
P4HB,55,0.006
FGFBP2,55,0.006
ATP5F1A,55,0.006
PAMR1,55,0.006
ATP6V1G2,55,0.006
CLTC,55,0.006
MAP1LC3A,55,0.006
CTXN3,55,0.006
PXMP2,55,0.006
TMED2,55,0.006
GABARAP,55,0.006
ZCWPW2,55,0.006
CENPL,55,0.006
GZMK,55,0.006
PCOLCE,55,0.006
CPSF2,55,0.006
CYP3A5,55,0.006
TIMP4,55,0.006
GOLT1A,55,0.006
UBE2Z,55,0.006
LOXL4,55,0.006
PXYLP1,55,0.006
NAA15,55,0.006
CTNNA2,55,0.006
PCGF1,55,0.006
TMPRSS11D,55,0.006
CATSPER1,55,0.006
LMO1,55,0.006
HSPA13,55,0.006
PTPRT,55,0.006
CLPS,55,0.006
EFHC1,55,0.006
AMIGO3,55,0.006
WDR31,55,0.006
PRPF6,55,0.006
TPD52L2,55,0.006
SIVA1,55,0.006
OCA2,55,0.006
TRIM65,55,0.006
PPME1,55,0.006
TRMT2A,55,0.006
RNF186,55,0.006
TPGS2,55,0.006
DKK1,55,0.006
USP29,55,0.006
WASHC1,55,0.006
PPP1R12C,55,0.006
EPS8L1,55,0.006
ITGB3BP,55,0.006
H1-3,55,0.006
DGKA,55,0.006
CFTR,55,0.006
MMP11,55,0.006
KREMEN2,55,0.006
CXCL11,55,0.006
PHLPP2,55,0.006
SIGLEC11,55,0.006
PDE8B,55,0.006
ACTL6B,55,0.006
IQCA1,55,0.006
NEU2,55,0.006
RGS1,55,0.006
IGKV2D-30,55,0.006
DAPL1,55,0.006
REM2,55,0.006
SNX30,55,0.006
CHST12,55,0.006
RAB40C,55,0.006
UBE2T,55,0.006
AQP1,55,0.006
BTC,55,0.006
CXCL9,55,0.006
LCN15,55,0.006
POLDIP2,55,0.006
NUP155,55,0.006
HSPH1,55,0.006
FKBP11,55,0.006
EVA1B,55,0.006
ZNF165,55,0.006
MRPL58,55,0.006
SLC1A5,55,0.006
IGFBP7,55,0.006
CPN2,55,0.006
TEX36,55,0.006
WDR38,55,0.006
LRRC69,55,0.006
NOCT,55,0.006
SLC7A11,55,0.006
IZUMO1,55,0.006
ATG10,55,0.006
SERPINA11,55,0.006
HBD,55,0.006
SLC30A10,55,0.006
EMC3,55,0.006
SELENOF,55,0.006
NME9,55,0.006
ATG4A,55,0.006
PML,55,0.006
B4GAT1,55,0.006
SYCE1L,55,0.006
DNAAF1,55,0.006
RAP1GDS1,55,0.006
RPP14,55,0.006
STXBP3,55,0.006
PRKN,55,0.006
FGF17,55,0.006
CLEC4A,55,0.006
CCNE2,55,0.006
CUBN,55,0.006
GJD4,55,0.006
HS3ST3A1,55,0.006
RPP25L,55,0.006
CLEC4D,55,0.006
CYBRD1,54,0.0059
GIP,54,0.0059
SMOX,54,0.0059
MTERF2,54,0.0059
CCDC25,54,0.0059
BTBD19,54,0.0059
DEXI,54,0.0059
NAGPA,54,0.0059
ISCU,54,0.0059
GHDC,54,0.0059
TMEM262,54,0.0059
PPM1J,54,0.0059
OLFM4,54,0.0059
ACSM4,54,0.0059
TEAD4,54,0.0059
RAB41,54,0.0059
KRBOX4,54,0.0059
AKNA,54,0.0059
FABP12,54,0.0059
ZFAND1,54,0.0059
FBXO27,54,0.0059
LYRM9,54,0.0059
PLEKHB2,54,0.0059
TCIM,54,0.0059
PDCD4,54,0.0059
ELMOD2,54,0.0059
ST8SIA4,54,0.0059
SLC1A3,54,0.0059
RBM12,54,0.0059
HPRT1,54,0.0059
VAMP5,54,0.0059
SPDYC,54,0.0059
UBE3D,54,0.0059
THYN1,54,0.0059
MFRP,54,0.0059
MPZL2,54,0.0059
TMEM79,54,0.0059
TFPI,54,0.0059
APOC1,54,0.0059
TTC8,54,0.0059
HMGCR,54,0.0059
DOK4,54,0.0059
BMP6,54,0.0059
SERPINB9,54,0.0059
ACHE,54,0.0059
NEMP1,54,0.0059
SETD4,54,0.0059
RPS26,54,0.0059
TMEM38B,54,0.0059
CRB3,54,0.0059
CA11,54,0.0059
TRNT1,54,0.0059
TSSC4,54,0.0059
TRPV4,54,0.0059
OR4A47,54,0.0059
MPC1,54,0.0059
HS3ST4,54,0.0059
PFDN2,54,0.0059
ZMAT5,54,0.0059
APOBEC3A,54,0.0059
PIPOX,54,0.0059
RAB8A,54,0.0059
A2M,54,0.0059
ARMC5,54,0.0059
CHGA,54,0.0059
PRSS48,54,0.0059
KRTAP10-5,54,0.0059
MYCN,54,0.0059
ERP29,54,0.0059
DALRD3,54,0.0059
SAR1B,54,0.0059
IRF2BP2,54,0.0059
RASGRF2,54,0.0059
SPPL2A,54,0.0059
NUPR2,54,0.0059
TBRG4,54,0.0059
B3GNT8,54,0.0059
CCDC54,54,0.0059
SCAMP4,54,0.0059
BEST3,54,0.0059
LRRC15,54,0.0059
RAB1B,54,0.0059
TRAPPC5,54,0.0059
SHANK2,54,0.0059
MTURN,54,0.0059
GCLM,54,0.0059
MEF2B,54,0.0059
RAB22A,54,0.0059
SART3,54,0.0059
SLC25A23,54,0.0059
IPO9,54,0.0059
BMP2,54,0.0059
THOC5,54,0.0059
DHH,54,0.0059
MZT2B,54,0.0059
TTLL2,54,0.0059
HAT1,54,0.0059
FAM170B,54,0.0059
CBY1,54,0.0059
KCTD15,54,0.0059
HSPB7,54,0.0059
CIAPIN1,54,0.0059
CORIN,54,0.0059
DIP2B,54,0.0059
GDF7,54,0.0059
PSENEN,54,0.0059
TREM2,54,0.0059
PIK3CD,54,0.0059
THAP8,54,0.0059
SLC27A2,54,0.0059
KCNH8,54,0.0059
TRIM58,54,0.0059
LRRC14,54,0.0059
SPATA22,54,0.0059
QNG1,54,0.0059
OR5M9,54,0.0059
PFN1,54,0.0059
CLDN25,54,0.0059
H1-6,54,0.0059
BAIAP2,54,0.0059
MRPL12,54,0.0059
H3C2,54,0.0059
NKAIN2,54,0.0059
TOMM20L,54,0.0059
KANSL1L,54,0.0059
PUM3,54,0.0059
CTPS2,54,0.0059
TMX1,54,0.0059
INPP5E,54,0.0059
MRGPRX4,54,0.0059
TMEM107,54,0.0059
AGRP,54,0.0059
CBFB,54,0.0059
UQCRH,54,0.0059
GOPC,54,0.0059
RPS10,54,0.0059
BAK1,54,0.0059
PFKFB2,54,0.0059
RTBDN,54,0.0059
H2BC18,54,0.0059
ATP10B,54,0.0059
SLC25A12,53,0.0058
FAM174C,53,0.0058
FXYD3,53,0.0058
PTPN1,53,0.0058
EPHA2,53,0.0058
TERB2,53,0.0058
MAGEF1,53,0.0058
GALNT15,53,0.0058
NEK2,53,0.0058
DEFB131B,53,0.0058
ANGEL2,53,0.0058
ARMC12,53,0.0058
PMP2,53,0.0058
CD27,53,0.0058
ADAMTS4,53,0.0058
GAGE12J,53,0.0058
PDK3,53,0.0058
SRP72,53,0.0058
NDUFC1,53,0.0058
SELENOV,53,0.0058
MCOLN3,53,0.0058
WIPI2,53,0.0058
CCL1,53,0.0058
DBI,53,0.0058
BTAF1,53,0.0058
C10orf105,53,0.0058
SCN2B,53,0.0058
SIDT2,53,0.0058
CXCL13,53,0.0058
CNGA2,53,0.0058
CD8A,53,0.0058
TMEM258,53,0.0058
SAAL1,53,0.0058
HS3ST3B1,53,0.0058
CNNM4,53,0.0058
ANKRD39,53,0.0058
CYBA,53,0.0058
GABRG3,53,0.0058
B3GALT2,53,0.0058
KIR2DL3,53,0.0058
CDKN2C,53,0.0058
ANKRD45,53,0.0058
MTFR2,53,0.0058
HDDC3,53,0.0058
FDX2,53,0.0058
TBRG1,53,0.0058
DOCK2,53,0.0058
PTTG1,53,0.0058
VPS37B,53,0.0058
CNP,53,0.0058
CDC27,53,0.0058
KRTAP4-5,53,0.0058
TMUB2,53,0.0058
DEFB110,53,0.0058
RGS10,53,0.0058
EDAR,53,0.0058
SLC30A2,53,0.0058
THAP12,53,0.0058
TRIM56,53,0.0058
WDR62,53,0.0058
RNASEH1,53,0.0058
CLIC4,53,0.0058
PSMB5,53,0.0058
CHADL,53,0.0058
SH3BGRL2,53,0.0058
TMOD4,53,0.0058
PSMD4,53,0.0058
PSMG4,53,0.0058
KLHL14,53,0.0058
ZSCAN30,53,0.0058
TAFA1,53,0.0058
ACOT6,53,0.0058
COQ6,53,0.0058
TRIM17,53,0.0058
ADAMTS9,53,0.0058
GJB7,53,0.0058
TOMM22,53,0.0058
FEZ1,53,0.0058
PLD6,53,0.0058
CLEC5A,53,0.0058
MPC2,53,0.0058
ALG6,53,0.0058
SRP19,53,0.0058
GUCY1A1,53,0.0058
LBP,53,0.0058
TMEM68,53,0.0058
ASIC5,53,0.0058
KCNJ8,53,0.0058
PGRMC2,53,0.0058
PRSS12,53,0.0058
MR1,53,0.0058
ABL2,53,0.0058
ATXN3,53,0.0058
DAPK2,53,0.0058
CIAO2A,53,0.0058
CCDC103,53,0.0058
SP140L,53,0.0058
TAF7,53,0.0058
SEH1L,53,0.0058
SPACDR,53,0.0058
NNAT,53,0.0058
TPT1,53,0.0058
CLEC2D,53,0.0058
MYO1A,53,0.0058
AMN,53,0.0058
MARK3,53,0.0058
CTDSP2,53,0.0058
NCLN,53,0.0058
NSG2,53,0.0058
ACSBG1,53,0.0058
NOD1,53,0.0058
CALHM6,53,0.0058
IL16,53,0.0058
GNG4,53,0.0058
THAP4,53,0.0058
KCND2,53,0.0058
CAV2,53,0.0058
CTR9,53,0.0058
CAPN14,53,0.0058
TCHHL1,53,0.0058
TCHH,53,0.0058
ATP2C2,53,0.0058
ENTHD1,53,0.0058
TENM4,53,0.0058
GGT7,53,0.0058
CCDC85C,53,0.0058
ANKRD22,53,0.0058
COPS5,53,0.0058
ACSM1,53,0.0058
FAU,53,0.0058
RALGDS,53,0.0058
FST,53,0.0058
SRXN1,53,0.0058
RAB24,53,0.0058
PHLPP1,53,0.0058
SLC5A6,53,0.0058
HAPLN4,53,0.0058
EBLN1,53,0.0058
LZIC,53,0.0058
NEUROG3,53,0.0058
LRRC34,53,0.0058
RLN2,52,0.0057
CIAO2B,52,0.0057
TNKS,52,0.0057
IRAK3,52,0.0057
SCARB1,52,0.0057
AGBL2,52,0.0057
PBDC1,52,0.0057
KMT2C,52,0.0057
KRTAP10-2,52,0.0057
MSANTD7,52,0.0057
SHQ1,52,0.0057
SPATS2L,52,0.0057
RTL8B,52,0.0057
AKAP14,52,0.0057
OR4K2,52,0.0057
OVGP1,52,0.0057
TMLHE,52,0.0057
CEP44,52,0.0057
TRIM16,52,0.0057
HSBP1L1,52,0.0057
DNTTIP2,52,0.0057
SDR39U1,52,0.0057
PTPN14,52,0.0057
WDR88,52,0.0057
SERAC1,52,0.0057
TMPRSS13,52,0.0057
PRDM8,52,0.0057
NMB,52,0.0057
HSPA12B,52,0.0057
FAM110A,52,0.0057
NAT14,52,0.0057
LAIR1,52,0.0057
SMARCA4,52,0.0057
UBL4B,52,0.0057
LDB1,52,0.0057
MAPK8IP1,52,0.0057
TMEM127,52,0.0057
OMD,52,0.0057
ZNF396,52,0.0057
SYCE2,52,0.0057
CNN1,52,0.0057
VAMP7,52,0.0057
VKORC1,52,0.0057
ITPR2,52,0.0057
TMEM30A,52,0.0057
SKA3,52,0.0057
C17orf107,52,0.0057
AREL1,52,0.0057
IL18,52,0.0057
BECN2,52,0.0057
TUBB4B,52,0.0057
IGLV5-48,52,0.0057
NR1H2,52,0.0057
PATE3,52,0.0057
PITPNM2,52,0.0057
TMEM134,52,0.0057
PDC,52,0.0057
CMPK2,52,0.0057
BLNK,52,0.0057
ST6GAL1,52,0.0057
KIF9,52,0.0057
CRABP2,52,0.0057
ECE1,52,0.0057
F9,52,0.0057
RGS2,52,0.0057
MYH7,52,0.0057
CPNE5,52,0.0057
PLA2G12B,52,0.0057
TUBGCP4,52,0.0057
FEM1B,52,0.0057
C15orf48,52,0.0057
TTC9B,52,0.0057
PHKG1,52,0.0057
OTUD3,52,0.0057
MT1X,52,0.0057
CALR3,52,0.0057
CLEC17A,52,0.0057
PRSS16,52,0.0057
ARVCF,52,0.0057
DGCR6,52,0.0057
MRPS28,52,0.0057
CTLA4,52,0.0057
TRIM73,52,0.0057
WDR76,52,0.0057
OTUD7B,52,0.0057
DYDC2,52,0.0057
PIERCE2,52,0.0057
ARHGAP15,52,0.0057
GIMAP7,52,0.0057
TBC1D4,52,0.0057
CHST3,52,0.0057
TRIAP1,52,0.0057
DCP1A,52,0.0057
USP17L10,52,0.0057
PSMD5,52,0.0057
GABARAPL2,52,0.0057
RANBP3,52,0.0057
CCNI2,52,0.0057
PI3,52,0.0057
TXNDC9,52,0.0057
KCNIP2,52,0.0057
RGS4,52,0.0057
C16orf74,52,0.0057
VPS26C,52,0.0057
PDGFC,52,0.0057
ABHD4,52,0.0057
NMU,52,0.0057
ARID3C,52,0.0057
CHST6,52,0.0057
PTGS1,52,0.0057
PIGR,52,0.0057
HERPUD2,52,0.0057
NDN,52,0.0057
ARTN,52,0.0057
PCSK2,52,0.0057
MRPL50,52,0.0057
ABT1,52,0.0057
SLC2A4RG,52,0.0057
TTI2,52,0.0057
CLDN20,52,0.0057
MRO,52,0.0057
SCP2D1,52,0.0057
BANF2,52,0.0057
FOXQ1,52,0.0057
FAM204A,52,0.0057
SLC9A5,52,0.0057
RUFY4,52,0.0057
LSM3,52,0.0057
CLEC2A,52,0.0057
MED31,52,0.0057
TENT5A,52,0.0057
CFL2,52,0.0057
KRTAP10-3,52,0.0057
PLEK,52,0.0057
MMP20,52,0.0057
CSE1L,52,0.0057
PNMA2,52,0.0057
FSCN3,52,0.0057
RAD18,52,0.0057
BTBD16,52,0.0057
HABP2,52,0.0057
GNAI1,52,0.0057
OR5M8,52,0.0057
OR4C13,52,0.0057
RPS4Y2,52,0.0057
POLR2I,52,0.0057
ATP4A,52,0.0057
NBL1,52,0.0057
LIAT1,52,0.0057
TAF11,52,0.0057
CSGALNACT2,51,0.0056
SQOR,51,0.0056
C6orf226,51,0.0056
KCNQ1,51,0.0056
MYO15A,51,0.0056
SASH1,51,0.0056
OSBPL11,51,0.0056
ASAP1,51,0.0056
ZNF212,51,0.0056
HS6ST3,51,0.0056
STOML1,51,0.0056
NSMF,51,0.0056
SRGN,51,0.0056
EMC6,51,0.0056
HPCAL1,51,0.0056
FBXO17,51,0.0056
CYP51A1,51,0.0056
CCR3,51,0.0056
UCHL5,51,0.0056
PRELID1,51,0.0056
PLPP2,51,0.0056
WDR35,51,0.0056
SDCBP,51,0.0056
MS4A12,51,0.0056
YPEL4,51,0.0056
ARAP2,51,0.0056
HPX,51,0.0056
SCNM1,51,0.0056
STXBP5,51,0.0056
ARL4D,51,0.0056
RPS16,51,0.0056
LRPAP1,51,0.0056
IL2,51,0.0056
MANF,51,0.0056
SYCP3,51,0.0056
H4C1,51,0.0056
TRIM38,51,0.0056
SLC36A2,51,0.0056
NDST1,51,0.0056
NCK1,51,0.0056
TCAIM,51,0.0056
NUCB2,51,0.0056
TLL2,51,0.0056
MAD2L1BP,51,0.0056
MAT2A,51,0.0056
ANXA1,51,0.0056
MIEF1,51,0.0056
LSMEM1,51,0.0056
TEX261,51,0.0056
TTC31,51,0.0056
SPIN2A,51,0.0056
TIMM17B,51,0.0056
LANCL3,51,0.0056
PLCXD1,51,0.0056
MPPED2,51,0.0056
ATP6V1H,51,0.0056
COPG2,51,0.0056
RPS5,51,0.0056
KMT5C,51,0.0056
SLC7A7,51,0.0056
MRPS33,51,0.0056
PRRX2,51,0.0056
NT5DC1,51,0.0056
C1orf115,51,0.0056
SMIM6,51,0.0056
LSM7,51,0.0056
CLPTM1L,51,0.0056
PTTG1IP,51,0.0056
PCBP3,51,0.0056
ADAM8,51,0.0056
ORMDL2,51,0.0056
CCDC159,51,0.0056
IGKV2D-24,51,0.0056
SEPTIN1,51,0.0056
DHX30,51,0.0056
ACRV1,51,0.0056
OR4N2,51,0.0056
GABRG2,51,0.0056
MESP2,51,0.0056
LTA,51,0.0056
ABCF1,51,0.0056
FKBP2,51,0.0056
RETSAT,51,0.0056
SRD5A2,51,0.0056
RPL36,51,0.0056
CAPZA1,51,0.0056
DGKH,51,0.0056
DCUN1D3,51,0.0056
BMP4,51,0.0056
CLEC11A,51,0.0056
PICALM,51,0.0056
SHPRH,51,0.0056
CDK20,51,0.0056
NAP1L3,51,0.0056
CLEC6A,51,0.0056
LY9,51,0.0056
ALKBH1,51,0.0056
ARMH3,51,0.0056
TMEM273,51,0.0056
ADD3,51,0.0056
MARCO,51,0.0056
TMEM177,51,0.0056
CYP2R1,51,0.0056
XAF1,51,0.0056
KCNA1,51,0.0056
TNFRSF21,51,0.0056
RPA1,51,0.0056
TTC17,51,0.0056
OOEP,51,0.0056
SPINK13,51,0.0056
SPAST,51,0.0056
ENGASE,51,0.0056
TMEM160,51,0.0056
ORAI2,51,0.0056
PRRG2,51,0.0056
SPAG9,51,0.0056
GPANK1,51,0.0056
OSBP2,51,0.0056
MCRS1,51,0.0056
DOCK5,51,0.0056
UGT2B4,51,0.0056
SH3BGRL3,51,0.0056
RWDD3,51,0.0056
MSRB2,51,0.0056
RIIAD1,51,0.0056
LY6D,51,0.0056
NEK11,51,0.0056
TMED10,51,0.0056
PIGM,51,0.0056
KCNMA1,51,0.0056
C11orf98,51,0.0056
KCNH4,51,0.0056
PI4KA,51,0.0056
BCL2A1,51,0.0056
ZKSCAN7,51,0.0056
IGSF21,51,0.0056
HYPK,51,0.0056
CCER2,51,0.0056
MEA1,51,0.0056
ITSN2,51,0.0056
DIAPH3,51,0.0056
GCC2,51,0.0056
FAM24A,51,0.0056
SNTG1,51,0.0056
DKK4,51,0.0056
CEACAM1,51,0.0056
GOLGA4,51,0.0056
EXOC6B,51,0.0056
PACRGL,50,0.0054
CISD1,50,0.0054
NUDCD1,50,0.0054
AR,50,0.0054
CFAP100,50,0.0054
TYR,50,0.0054
SEMA4A,50,0.0054
RIC8A,50,0.0054
FAR1,50,0.0054
FBXW9,50,0.0054
RPS12,50,0.0054
FBLN7,50,0.0054
E2F6,50,0.0054
MAP6D1,50,0.0054
RPL29,50,0.0054
IRAK4,50,0.0054
SOCS6,50,0.0054
FNBP1,50,0.0054
OR5I1,50,0.0054
RBM23,50,0.0054
TBX20,50,0.0054
TTLL6,50,0.0054
CLDN3,50,0.0054
VIPAS39,50,0.0054
RSPH6A,50,0.0054
RGPD2,50,0.0054
PCP2,50,0.0054
SEL1L3,50,0.0054
TMEM11,50,0.0054
MMP17,50,0.0054
METAP1,50,0.0054
RHOQ,50,0.0054
EVPLL,50,0.0054
CD151,50,0.0054
TMEM45A,50,0.0054
LRRC57,50,0.0054
PXT1,50,0.0054
PAAF1,50,0.0054
TEDDM1,50,0.0054
MT-CYB,50,0.0054
FGFBP1,50,0.0054
SBK3,50,0.0054
PAIP2B,50,0.0054
USP16,50,0.0054
GABARAPL1,50,0.0054
NCAPH,50,0.0054
CYP2S1,50,0.0054
PDZRN3,50,0.0054
GNB1,50,0.0054
TRIM51,50,0.0054
SPATA16,50,0.0054
LNPEP,50,0.0054
DOK5,50,0.0054
ESRRA,50,0.0054
SNX15,50,0.0054
DCLRE1A,50,0.0054
PRR29,50,0.0054
ARRB2,50,0.0054
ZC3H12A,50,0.0054
STK11,50,0.0054
CEP95,50,0.0054
GANAB,50,0.0054
FEN1,50,0.0054
ZSCAN9,50,0.0054
CEBPD,50,0.0054
TM9SF1,50,0.0054
SPRR1A,50,0.0054
DDX5,50,0.0054
LOXL3,50,0.0054
CEBPZOS,50,0.0054
ADAM9,50,0.0054
AGER,50,0.0054
UBE2G2,50,0.0054
ALCAM,50,0.0054
TRIO,50,0.0054
AP1S1,50,0.0054
PTPRE,50,0.0054
EMP2,50,0.0054
IRS2,50,0.0054
ATP5MC1,50,0.0054
GNGT2,50,0.0054
AQP8,50,0.0054
SLC4A2,50,0.0054
UROS,50,0.0054
CASKIN1,50,0.0054
TRIM15,50,0.0054
ACE,50,0.0054
CLDN8,50,0.0054
H2AC21,50,0.0054
IPO13,50,0.0054
GPBP1L1,50,0.0054
ID1,50,0.0054
TSPY1,50,0.0054
TBL1XR1,50,0.0054
ECT2,50,0.0054
UGT2B17,50,0.0054
FBXL4,50,0.0054
ITGA2B,50,0.0054
GIT2,50,0.0054
OR52E8,50,0.0054
ATP5F1E,50,0.0054
DNAI4,50,0.0054
LSM8,50,0.0054
PON1,50,0.0054
HLA-DOB,50,0.0054
TOMM7,50,0.0054
H2AC13,50,0.0054
GABRD,50,0.0054
ASB6,50,0.0054
CHD2,50,0.0054
CFAP44,50,0.0054
LY6L,50,0.0054
SSX5,50,0.0054
WFDC10A,50,0.0054
PLAAT2,50,0.0054
FARP1,50,0.0054
IFI27L2,50,0.0054
PAK4,50,0.0054
DDR2,50,0.0054
POP7,50,0.0054
GK,50,0.0054
RPS7,50,0.0054
NAP1L2,50,0.0054
OPHN1,50,0.0054
ADAMTS3,50,0.0054
ELOB,50,0.0054
TRGV4,50,0.0054
RPN1,50,0.0054
SMLR1,50,0.0054
PKHD1L1,50,0.0054
GABRB3,50,0.0054
MASP1,50,0.0054
GTF2A2,50,0.0054
USP3,50,0.0054
XIAP,50,0.0054
ZSCAN5B,50,0.0054
LUM,50,0.0054
ASIC1,50,0.0054
PLCG1,50,0.0054
BRD8,50,0.0054
ARR3,50,0.0054
CEBPG,50,0.0054
KHDC1L,50,0.0054
SYT6,50,0.0054
MYO5A,50,0.0054
USP8,50,0.0054
RPL23,50,0.0054
INPP5A,50,0.0054
DEFB124,50,0.0054
SLC1A4,50,0.0054
NRIP3,50,0.0054
IRS1,50,0.0054
DPPA3,50,0.0054
HS3ST5,50,0.0054
ATP7A,50,0.0054
DAB1,49,0.0053
LONRF2,49,0.0053
UBAP1,49,0.0053
ACSS2,49,0.0053
DIRAS2,49,0.0053
SKAP1,49,0.0053
COG1,49,0.0053
C17orf80,49,0.0053
ACTR1A,49,0.0053
IFT57,49,0.0053
PURB,49,0.0053
HACD4,49,0.0053
MCL1,49,0.0053
CFAP54,49,0.0053
RLBP1,49,0.0053
COA1,49,0.0053
CHCHD2,49,0.0053
KAT2B,49,0.0053
SPINT3,49,0.0053
CACNA2D2,49,0.0053
CATSPER3,49,0.0053
SPATA46,49,0.0053
PPARD,49,0.0053
TMEM240,49,0.0053
DENND1B,49,0.0053
ABCC2,49,0.0053
CYP7B1,49,0.0053
MOG,49,0.0053
HJV,49,0.0053
PAPSS2,49,0.0053
,49,0.0053
PABPN1L,49,0.0053
ALMS1,49,0.0053
FOLR2,49,0.0053
CYP1B1,49,0.0053
ZBTB45,49,0.0053
MRAS,49,0.0053
NFKB2,49,0.0053
CLDN10,49,0.0053
IQCF3,49,0.0053
RPS21,49,0.0053
OGA,49,0.0053
GLOD4,49,0.0053
SFRP2,49,0.0053
KRTAP9-2,49,0.0053
CHCHD1,49,0.0053
EMILIN1,49,0.0053
SLC26A7,49,0.0053
UFM1,49,0.0053
SNN,49,0.0053
AGPAT5,49,0.0053
CCER1,49,0.0053
CCDC179,49,0.0053
RNF215,49,0.0053
NOP53,49,0.0053
RFTN1,49,0.0053
SASS6,49,0.0053
NUDCD2,49,0.0053
ST7L,49,0.0053
NETO2,49,0.0053
IL15RA,49,0.0053
LPCAT2,49,0.0053
NLGN4X,49,0.0053
MEPCE,49,0.0053
CBL,49,0.0053
PKP3,49,0.0053
TXNDC17,49,0.0053
ANKRD65,49,0.0053
VAC14,49,0.0053
SYCE3,49,0.0053
MYBPHL,49,0.0053
MEGF8,49,0.0053
TUBGCP5,49,0.0053
SPEM1,49,0.0053
RNF13,49,0.0053
SYNJ1,49,0.0053
OR5M3,49,0.0053
GOLT1B,49,0.0053
VLDLR,49,0.0053
CHORDC1,49,0.0053
FOXH1,49,0.0053
CHRDL2,49,0.0053
MYH6,49,0.0053
HAND1,49,0.0053
KLRF2,49,0.0053
CLEC4E,49,0.0053
HBE1,49,0.0053
PRPS1,49,0.0053
PAH,49,0.0053
ZG16,49,0.0053
TAF12,49,0.0053
PRIMA1,49,0.0053
FAM170A,49,0.0053
CBLC,49,0.0053
PPA2,49,0.0053
PES1,49,0.0053
SMTN,49,0.0053
WBP1,49,0.0053
ACTG2,49,0.0053
B3GALT1,49,0.0053
CDKN2D,49,0.0053
CFAP251,49,0.0053
PIK3R1,49,0.0053
CWC22,49,0.0053
ESS2,49,0.0053
KIF22,49,0.0053
MEP1B,49,0.0053
AMN1,49,0.0053
RIN2,49,0.0053
RBM11,49,0.0053
AKT2,49,0.0053
KATNA1,49,0.0053
LILRA5,49,0.0053
SPATS2,49,0.0053
MT-ATP8,49,0.0053
ULK3,49,0.0053
UGT3A1,49,0.0053
LLGL2,49,0.0053
TSC22D4,49,0.0053
TMEM233,49,0.0053
RNF125,49,0.0053
ULK1,49,0.0053
BMP15,49,0.0053
RAB18,49,0.0053
ARL5B,49,0.0053
LTB,49,0.0053
CCDC124,49,0.0053
SSU72,49,0.0053
TRIM13,49,0.0053
DYNLT2B,49,0.0053
TNKS2,49,0.0053
OTUD6B,49,0.0053
DBNL,49,0.0053
SCAPER,49,0.0053
NUFIP1,49,0.0053
PSME3,49,0.0053
JTB,49,0.0053
RPL37A,48,0.0052
IQUB,48,0.0052
LDB3,48,0.0052
PRUNE1,48,0.0052
C10orf62,48,0.0052
EXO5,48,0.0052
KLHDC10,48,0.0052
KIF24,48,0.0052
ACSM3,48,0.0052
NMRK1,48,0.0052
FNIP2,48,0.0052
TTLL11,48,0.0052
VGLL2,48,0.0052
ATP6V0A2,48,0.0052
POLH,48,0.0052
AP5B1,48,0.0052
ITGA11,48,0.0052
RP9,48,0.0052
THSD4,48,0.0052
CD69,48,0.0052
TXNL1,48,0.0052
KRTAP5-7,48,0.0052
LST1,48,0.0052
GRIP2,48,0.0052
IGLV3-22,48,0.0052
INTS6,48,0.0052
DNAAF5,48,0.0052
MGAT4D,48,0.0052
CTNNBL1,48,0.0052
PAQR4,48,0.0052
ABL1,48,0.0052
HSD3B2,48,0.0052
CPXM1,48,0.0052
RPAP3,48,0.0052
KRTAP10-6,48,0.0052
RRP1B,48,0.0052
SLURP2,48,0.0052
PPP1R11,48,0.0052
MYMK,48,0.0052
BCL2L15,48,0.0052
ZSCAN29,48,0.0052
KLHL35,48,0.0052
TNPO1,48,0.0052
NLRP11,48,0.0052
SLX4,48,0.0052
KLHL8,48,0.0052
KRTAP4-1,48,0.0052
KRTAP9-7,48,0.0052
ADAMTS14,48,0.0052
IPP,48,0.0052
CISD2,48,0.0052
LCK,48,0.0052
ALG10,48,0.0052
NYNRIN,48,0.0052
AKAIN1,48,0.0052
SERTAD2,48,0.0052
N4BP2,48,0.0052
FGF7,48,0.0052
OR4B1,48,0.0052
GIMD1,48,0.0052
SLC10A6,48,0.0052
KCTD20,48,0.0052
MAP3K3,48,0.0052
CXCR2,48,0.0052
MASTL,48,0.0052
FBXO33,48,0.0052
BAZ1A,48,0.0052
NEB,48,0.0052
ERVV-2,48,0.0052
DGKQ,48,0.0052
FAM228B,48,0.0052
HSD17B10,48,0.0052
NR1I2,48,0.0052
SLC27A3,48,0.0052
XPOT,48,0.0052
THAP2,48,0.0052
AVIL,48,0.0052
MAN1C1,48,0.0052
IARS1,48,0.0052
HDAC5,48,0.0052
IGKV1D-13,48,0.0052
ANK3,48,0.0052
RLN3,48,0.0052
PPP1R14C,48,0.0052
OR4M1,48,0.0052
APP,48,0.0052
GAB2,48,0.0052
ATP6V0D2,48,0.0052
TMPRSS11B,48,0.0052
AASDH,48,0.0052
NOS1,48,0.0052
CYP27B1,48,0.0052
KCNA7,48,0.0052
EFNA4,48,0.0052
RAB11FIP1,48,0.0052
ALG5,48,0.0052
MAPK3,48,0.0052
DVL2,48,0.0052
C11orf71,48,0.0052
POC1A,48,0.0052
MAGOHB,48,0.0052
CEP350,48,0.0052
CPO,48,0.0052
CIAO1,48,0.0052
GSE1,48,0.0052
RPL13,48,0.0052
DPPA5,48,0.0052
CD209,48,0.0052
MEMO1,48,0.0052
LURAP1,48,0.0052
PACSIN1,48,0.0052
FTSJ1,48,0.0052
FBXO24,48,0.0052
GPC2,48,0.0052
HACD1,48,0.0052
LARS1,48,0.0052
PCBD2,48,0.0052
PLCD4,48,0.0052
KCNH7,48,0.0052
OTULIN,48,0.0052
FBXO2,48,0.0052
TRGV2,48,0.0052
AGBL3,48,0.0052
H2AJ,48,0.0052
MGAT5B,48,0.0052
MRPL34,48,0.0052
H2AC8,48,0.0052
IGLV1-36,48,0.0052
TOLLIP,48,0.0052
TPGS1,48,0.0052
IGHV3-43,48,0.0052
USP35,48,0.0052
PGBD1,48,0.0052
LGR6,48,0.0052
OC90,48,0.0052
REV3L,48,0.0052
TFCP2,48,0.0052
MRPL36,48,0.0052
KRTAP5-1,48,0.0052
MT1A,48,0.0052
TMEM222,48,0.0052
SH3RF3,48,0.0052
TM2D3,48,0.0052
PHACTR4,48,0.0052
CCNG2,48,0.0052
CENPW,48,0.0052
ECM1,48,0.0052
RBP4,48,0.0052
SMCO4,48,0.0052
POLR2F,48,0.0052
LHCGR,48,0.0052
TMEM218,48,0.0052
GHRL,48,0.0052
ONECUT2,48,0.0052
PRPF38A,48,0.0052
C21orf91,48,0.0052
UBE2V1,48,0.0052
DEFB113,48,0.0052
CERS1,48,0.0052
IFI27L1,48,0.0052
SERTAD1,48,0.0052
PHOSPHO2,48,0.0052
SPANXC,48,0.0052
NUMB,47,0.0051
CMTM5,47,0.0051
KNTC1,47,0.0051
PDCL2,47,0.0051
MMP14,47,0.0051
MZT1,47,0.0051
UBE2V2,47,0.0051
SFT2D1,47,0.0051
DHX40,47,0.0051
KRTAP23-1,47,0.0051
DNMT3L,47,0.0051
FCER1G,47,0.0051
CCL28,47,0.0051
POLD4,47,0.0051
ARAP1,47,0.0051
ERCC8,47,0.0051
FAM135A,47,0.0051
PGK1,47,0.0051
EIF4E2,47,0.0051
CHCHD10,47,0.0051
DNHD1,47,0.0051
CEP57L1,47,0.0051
TNP2,47,0.0051
GRAMD2B,47,0.0051
NOXA1,47,0.0051
IGHV3-64,47,0.0051
LRRIQ4,47,0.0051
BBLN,47,0.0051
INO80E,47,0.0051
ARMH1,47,0.0051
SLC25A24,47,0.0051
TM2D1,47,0.0051
SMPDL3A,47,0.0051
ZMYND10,47,0.0051
KRT4,47,0.0051
RPRM,47,0.0051
TRIM74,47,0.0051
H2BC15,47,0.0051
PARP15,47,0.0051
MIEN1,47,0.0051
COQ10B,47,0.0051
SCGB2A1,47,0.0051
PDZD2,47,0.0051
DDIT3,47,0.0051
EPM2AIP1,47,0.0051
OR4K14,47,0.0051
PAQR3,47,0.0051
FAM13A,47,0.0051
KRTAP2-1,47,0.0051
PAXIP1,47,0.0051
NSDHL,47,0.0051
PPIF,47,0.0051
PPP1R1B,47,0.0051
GLRB,47,0.0051
POMK,47,0.0051
LACRT,47,0.0051
RAPGEF4,47,0.0051
GPR155,47,0.0051
MMP21,47,0.0051
IPO11,47,0.0051
CHGB,47,0.0051
OR4X1,47,0.0051
TRHDE,47,0.0051
TXNDC16,47,0.0051
IRGC,47,0.0051
STRN4,47,0.0051
CD276,47,0.0051
TRAV16,47,0.0051
NDUFB1,47,0.0051
RILPL1,47,0.0051
EPN2,47,0.0051
JAML,47,0.0051
ZSCAN21,47,0.0051
KIF17,47,0.0051
RHOV,47,0.0051
GRM7,47,0.0051
HMGCS1,47,0.0051
ADIRF,47,0.0051
OSTN,47,0.0051
PSMA7,47,0.0051
SENP8,47,0.0051
CCDC38,47,0.0051
NUMBL,47,0.0051
URB2,47,0.0051
SCARA5,47,0.0051
F5,47,0.0051
TCEA3,47,0.0051
PSME3IP1,47,0.0051
TNFAIP3,47,0.0051
CDC20B,47,0.0051
RALGAPA2,47,0.0051
LZTFL1,47,0.0051
RAB11B,47,0.0051
KAT2A,47,0.0051
PRKRA,47,0.0051
SEMA4D,47,0.0051
NLRP4,47,0.0051
UHRF2,47,0.0051
ZNF215,47,0.0051
C8orf90,47,0.0051
ATP1B3,47,0.0051
SCN1A,47,0.0051
TPST1,47,0.0051
MAL,47,0.0051
GGT5,47,0.0051
AGPAT4,47,0.0051
LETM2,47,0.0051
H2AP,47,0.0051
SNX1,47,0.0051
MINDY2,47,0.0051
TSPEAR,47,0.0051
ARHGEF26,47,0.0051
ZW10,47,0.0051
BMP1,47,0.0051
DLC1,47,0.0051
FABP1,47,0.0051
BCAP29,47,0.0051
CCDC74A,47,0.0051
ERCC5,47,0.0051
ARHGAP12,47,0.0051
NAMPT,47,0.0051
C1QL3,47,0.0051
DAZAP2,47,0.0051
GCSAM,47,0.0051
POLD3,47,0.0051
CAPZA2,47,0.0051
RND1,47,0.0051
GABPB2,47,0.0051
EIF4A3,47,0.0051
TNP1,47,0.0051
TMEM33,47,0.0051
RSPH4A,47,0.0051
LLGL1,47,0.0051
SPACA4,47,0.0051
FBXL12,47,0.0051
RDX,47,0.0051
STARD9,47,0.0051
NEDD9,47,0.0051
PI4KB,47,0.0051
RIC1,46,0.005
TMX3,46,0.005
NOP56,46,0.005
PDE12,46,0.005
TAF13,46,0.005
CCDC24,46,0.005
SRM,46,0.005
CAND2,46,0.005
BCL2L2,46,0.005
PAK1IP1,46,0.005
TRIM44,46,0.005
PTH2,46,0.005
LLPH,46,0.005
TMEM120A,46,0.005
TNR,46,0.005
CPM,46,0.005
RASSF10,46,0.005
RAP1GAP,46,0.005
YWHAQ,46,0.005
KITLG,46,0.005
NSA2,46,0.005
OR4F15,46,0.005
DYNLT1,46,0.005
CLPX,46,0.005
DNAJB12,46,0.005
PEX5L,46,0.005
GRAMD2A,46,0.005
AKAP10,46,0.005
C16orf89,46,0.005
ATP5PF,46,0.005
MS4A6E,46,0.005
EID2,46,0.005
GPER1,46,0.005
PRAMEF20,46,0.005
HOMER3,46,0.005
NCAN,46,0.005
PIK3CB,46,0.005
MAGEB1,46,0.005
USP13,46,0.005
FXYD5,46,0.005
ATG16L2,46,0.005
KRTDAP,46,0.005
CYP26C1,46,0.005
VDAC2,46,0.005
BRWD1,46,0.005
CALHM3,46,0.005
SH3PXD2A,46,0.005
ANKHD1,46,0.005
BCR,46,0.005
SYCP2,46,0.005
ATP1B1,46,0.005
TRIM3,46,0.005
EIF2A,46,0.005
H4C11,46,0.005
KRAS,46,0.005
PDE6H,46,0.005
ANKDD1B,46,0.005
EXOC3,46,0.005
LIN7B,46,0.005
YWHAB,46,0.005
NR1D2,46,0.005
SUMO3,46,0.005
LRFN5,46,0.005
RAB11FIP2,46,0.005
CLDN18,46,0.005
TMCO6,46,0.005
HIRA,46,0.005
PEX13,46,0.005
HNRNPCL2,46,0.005
KATNIP,46,0.005
TMEM263,46,0.005
CCDC184,46,0.005
CABP1,46,0.005
TMEM42,46,0.005
CD5L,46,0.005
DEDD2,46,0.005
SEMA6B,46,0.005
CLEC12A,46,0.005
SERPINB5,46,0.005
PSMA2,46,0.005
CGA,46,0.005
MRPL19,46,0.005
PRAMEF12,46,0.005
RAMAC,46,0.005
THY1,46,0.005
BAG2,46,0.005
PIGT,46,0.005
RIN1,46,0.005
ASPSCR1,46,0.005
SNRNP48,46,0.005
VDAC1,46,0.005
ARPC1A,46,0.005
DIXDC1,46,0.005
SI,46,0.005
CDX1,46,0.005
SAA2,46,0.005
CUL3,46,0.005
HCN4,46,0.005
CSNK1G2,46,0.005
TBX6,46,0.005
ATXN3L,46,0.005
SP110,46,0.005
TMOD1,46,0.005
MYLK4,46,0.005
TFCP2L1,46,0.005
YIF1A,46,0.005
KRTAP12-4,46,0.005
MTCH2,46,0.005
ZGRF1,46,0.005
TGFBI,46,0.005
HSPB9,46,0.005
CD300C,46,0.005
VAMP8,46,0.005
RAB7A,46,0.005
PPIB,46,0.005
ZSCAN25,46,0.005
KCTD16,46,0.005
VCAN,46,0.005
ADAM2,46,0.005
RUFY1,46,0.005
SPMAP2,46,0.005
DRAM2,46,0.005
MS4A5,46,0.005
MS4A8,46,0.005
FOXL3,46,0.005
EDC3,46,0.005
TICRR,46,0.005
GNLY,46,0.005
TOP1MT,46,0.005
PPP2R2C,46,0.005
GTF2A1,46,0.005
HDAC3,46,0.005
IGKV1-39,46,0.005
CCL25,46,0.005
C11orf65,46,0.005
PCGF6,46,0.005
CXCL16,46,0.005
TRIM54,46,0.005
ACTN3,46,0.005
MGAM,46,0.005
MPLKIP,46,0.005
CD300LB,46,0.005
ZG16B,46,0.005
MYO1D,46,0.005
TBPL2,45,0.0049
NR4A1,45,0.0049
PAXX,45,0.0049
DCAF12,45,0.0049
ADIG,45,0.0049
NPTX1,45,0.0049
SGSM3,45,0.0049
CXCR6,45,0.0049
SEMA3A,45,0.0049
LRRC58,45,0.0049
VILL,45,0.0049
HGH1,45,0.0049
H3C12,45,0.0049
HUS1,45,0.0049
FPGS,45,0.0049
ZMIZ1,45,0.0049
C17orf75,45,0.0049
ITIH1,45,0.0049
PPID,45,0.0049
CD164L2,45,0.0049
DMRT3,45,0.0049
HTATIP2,45,0.0049
B4GALT5,45,0.0049
ATP6V0C,45,0.0049
KLHL9,45,0.0049
MRNIP,45,0.0049
C8orf48,45,0.0049
HEY1,45,0.0049
STARD4,45,0.0049
SCGB1D4,45,0.0049
SHOC2,45,0.0049
HACD3,45,0.0049
TNF,45,0.0049
BYSL,45,0.0049
KRTAP9-8,45,0.0049
DVL3,45,0.0049
ATP8B4,45,0.0049
HJURP,45,0.0049
NLRP9,45,0.0049
SHLD1,45,0.0049
BMP10,45,0.0049
LAGE3,45,0.0049
THAP1,45,0.0049
H2AC20,45,0.0049
R3HCC1,45,0.0049
MOV10L1,45,0.0049
CCSER2,45,0.0049
LMNA,45,0.0049
NOS2,45,0.0049
DCAF4L1,45,0.0049
SREBF2,45,0.0049
TMOD2,45,0.0049
CENPC,45,0.0049
EPSTI1,45,0.0049
STARD6,45,0.0049
PKD1L1,45,0.0049
RPL27,45,0.0049
AP3D1,45,0.0049
FLNA,45,0.0049
CX3CR1,45,0.0049
MPHOSPH9,45,0.0049
CCDC86,45,0.0049
ENOPH1,45,0.0049
OR10G7,45,0.0049
FBXL2,45,0.0049
HMG20A,45,0.0049
AMY2A,45,0.0049
DDX1,45,0.0049
PLEKHA1,45,0.0049
PASK,45,0.0049
YJU2B,45,0.0049
FBXW10B,45,0.0049
DEFB119,45,0.0049
MPV17L2,45,0.0049
H3C7,45,0.0049
H2BC12,45,0.0049
FGF10,45,0.0049
B3GALNT1,45,0.0049
NASP,45,0.0049
HSPB2,45,0.0049
CYYR1,45,0.0049
SPATA7,45,0.0049
KBTBD3,45,0.0049
MEF2C,45,0.0049
SPINK7,45,0.0049
MMD2,45,0.0049
EHF,45,0.0049
ACRBP,45,0.0049
CIPC,45,0.0049
GON7,45,0.0049
MAEL,45,0.0049
USP17L15,45,0.0049
PPM1L,45,0.0049
STC1,45,0.0049
RSC1A1,45,0.0049
PLCB2,45,0.0049
F2RL1,45,0.0049
PPP1R16A,45,0.0049
ZSCAN12,45,0.0049
TRIM72,45,0.0049
PPP1R18,45,0.0049
KBTBD12,45,0.0049
XYLB,45,0.0049
OR4S2,45,0.0049
CWC27,45,0.0049
SGTB,45,0.0049
DUSP11,45,0.0049
ZSCAN18,45,0.0049
RPL31,45,0.0049
TTLL10,45,0.0049
UBQLN3,45,0.0049
LRRC26,45,0.0049
GIGYF2,45,0.0049
IGKV6D-41,45,0.0049
HTR3B,45,0.0049
TNFRSF1A,45,0.0049
BAZ2B,45,0.0049
VENTX,45,0.0049
SLC18B1,45,0.0049
HCAR3,45,0.0049
BICDL2,45,0.0049
IPO8,45,0.0049
KCNS3,45,0.0049
BCAR1,45,0.0049
CHST5,45,0.0049
CT83,45,0.0049
ZNF622,45,0.0049
NKIRAS1,45,0.0049
NLRP5,45,0.0049
VWC2L,45,0.0049
ATP8A1,45,0.0049
DEFB125,45,0.0049
TRABD,45,0.0049
TXN2,45,0.0049
ARHGEF28,45,0.0049
GNG5,45,0.0049
EIPR1,45,0.0049
CKLF,45,0.0049
C9orf153,45,0.0049
OR4S1,45,0.0049
JAM3,45,0.0049
LEMD2,45,0.0049
TEX35,45,0.0049
FNBP1L,45,0.0049
CBLN1,45,0.0049
ZMYM6,45,0.0049
DAPP1,45,0.0049
FANCG,45,0.0049
TAF9,45,0.0049
ANKRD24,45,0.0049
NMI,45,0.0049
NRSN1,45,0.0049
COPS3,45,0.0049
TSPAN18,45,0.0049
CPN1,45,0.0049
ZSWIM1,45,0.0049
GTSF1L,45,0.0049
RWDD2A,45,0.0049
ANKRD23,45,0.0049
ATP10A,45,0.0049
PFDN4,45,0.0049
LRRN2,45,0.0049
AGR2,45,0.0049
VMAC,45,0.0049
DFFA,45,0.0049
LTA4H,45,0.0049
ASB9,45,0.0049
ARHGAP1,45,0.0049
PLEKHA4,45,0.0049
IRX6,45,0.0049
ANAPC1,45,0.0049
EGFR,45,0.0049
CST9L,45,0.0049
NPBWR2,44,0.0048
GDF11,44,0.0048
SIRPG,44,0.0048
CD300LG,44,0.0048
PBXIP1,44,0.0048
LHFPL5,44,0.0048
THAP7,44,0.0048
SEPTIN5,44,0.0048
TJP2,44,0.0048
MYF6,44,0.0048
AMZ1,44,0.0048
RBP2,44,0.0048
CLDN7,44,0.0048
PCBD1,44,0.0048
WDR24,44,0.0048
OR2W3,44,0.0048
FGFBP3,44,0.0048
ASAP3,44,0.0048
ATP6V0A1,44,0.0048
PEX14,44,0.0048
FLRT2,44,0.0048
ALKBH6,44,0.0048
CYTIP,44,0.0048
RPL34,44,0.0048
GADD45A,44,0.0048
INSYN2B,44,0.0048
OLR1,44,0.0048
TNFRSF25,44,0.0048
SYNJ2BP,44,0.0048
CAMLG,44,0.0048
CLCA2,44,0.0048
TFB2M,44,0.0048
PHB1,44,0.0048
G0S2,44,0.0048
DNAJA4,44,0.0048
TNFRSF10A,44,0.0048
FAM83F,44,0.0048
MYSM1,44,0.0048
ERLEC1,44,0.0048
DEFA6,44,0.0048
LDLRAD1,44,0.0048
CD44,44,0.0048
SNAP23,44,0.0048
SFRP5,44,0.0048
C8orf33,44,0.0048
GIMAP6,44,0.0048
CREB5,44,0.0048
OR10G9,44,0.0048
TBCEL,44,0.0048
TFG,44,0.0048
BCL2L11,44,0.0048
C14orf132,44,0.0048
C15orf40,44,0.0048
SNCB,44,0.0048
CDC34,44,0.0048
KEAP1,44,0.0048
CCDC93,44,0.0048
SNX21,44,0.0048
ZNG1B,44,0.0048
LRR1,44,0.0048
EBI3,44,0.0048
STMN2,44,0.0048
TIMM10,44,0.0048
RNLS,44,0.0048
FOXB2,44,0.0048
KANSL1,44,0.0048
PPT2,44,0.0048
GRB7,44,0.0048
KIF13B,44,0.0048
SDHAF4,44,0.0048
COPS4,44,0.0048
SYNE2,44,0.0048
CFAP73,44,0.0048
SIRT1,44,0.0048
FZD10,44,0.0048
KCTD6,44,0.0048
AARD,44,0.0048
REXO2,44,0.0048
SIPA1L2,44,0.0048
ZSCAN20,44,0.0048
TFEC,44,0.0048
TMEM9B,44,0.0048
ULK2,44,0.0048
CAAP1,44,0.0048
PITPNM1,44,0.0048
NXT1,44,0.0048
FUNDC2,44,0.0048
ACKR3,44,0.0048
STX1B,44,0.0048
MYH3,44,0.0048
KHDC3L,44,0.0048
POMZP3,44,0.0048
EIF2AK4,44,0.0048
GNA13,44,0.0048
OR4N4,44,0.0048
AIDA,44,0.0048
CLEC1A,44,0.0048
ARHGAP9,44,0.0048
TUSC1,44,0.0048
ACSM6,44,0.0048
STARD5,44,0.0048
LYPD1,44,0.0048
MTERF1,44,0.0048
UCN3,44,0.0048
IGHV3-73,44,0.0048
CLDN16,44,0.0048
SULF1,44,0.0048
TP53INP2,44,0.0048
TIMM23,44,0.0048
LRRC39,44,0.0048
TNFAIP1,44,0.0048
HBG1,44,0.0048
FABP7,44,0.0048
ENPP5,44,0.0048
SRGAP2C,44,0.0048
PPP1R13B,44,0.0048
RELL2,44,0.0048
RPGR,44,0.0048
AKIRIN1,44,0.0048
MAP3K7CL,44,0.0048
RCAN1,44,0.0048
CAP1,44,0.0048
ACVR1,44,0.0048
ERBB3,44,0.0048
TRMT12,44,0.0048
LRRC74B,44,0.0048
PRNP,44,0.0048
FLRT3,44,0.0048
LPA,44,0.0048
SPTSSB,44,0.0048
ARHGAP27,44,0.0048
USP32,44,0.0048
LY6G5C,44,0.0048
ITPRID2,44,0.0048
SMPX,44,0.0048
GEN1,44,0.0048
SLAMF8,44,0.0048
ZFYVE26,44,0.0048
UGT3A2,44,0.0048
ITGA8,44,0.0048
CRYBG2,44,0.0048
ZNF397,44,0.0048
FAM43A,44,0.0048
SH2D2A,44,0.0048
BATF2,44,0.0048
DPPA2,44,0.0048
TMBIM6,44,0.0048
NABP1,44,0.0048
ALKAL2,44,0.0048
TRGV5,44,0.0048
SELENOT,44,0.0048
KLHL6,44,0.0048
MECOM,44,0.0048
IGLV3-32,43,0.0047
AADACL3,43,0.0047
MYLIP,43,0.0047
PCDHA8,43,0.0047
MGAT4A,43,0.0047
PRPF8,43,0.0047
KLHL32,43,0.0047
PTK2B,43,0.0047
ZNF197,43,0.0047
COL3A1,43,0.0047
FDCSP,43,0.0047
FCHSD1,43,0.0047
MRFAP1L2,43,0.0047
ALKAL1,43,0.0047
MRPL33,43,0.0047
ADAMTSL4,43,0.0047
ANP32D,43,0.0047
STBD1,43,0.0047
PSMA1,43,0.0047
STRA6,43,0.0047
THAP10,43,0.0047
SCAND1,43,0.0047
NEMP2,43,0.0047
PLLP,43,0.0047
LDLRAD2,43,0.0047
SEMA6C,43,0.0047
MBD3L1,43,0.0047
AHCYL1,43,0.0047
ELSPBP1,43,0.0047
UBL7,43,0.0047
KCNH3,43,0.0047
RUSC2,43,0.0047
GHRH,43,0.0047
TNFSF4,43,0.0047
CCDC92,43,0.0047
C8orf34,43,0.0047
OR4K1,43,0.0047
CPSF3,43,0.0047
CSNK2A3,43,0.0047
SOAT2,43,0.0047
CNBD2,43,0.0047
PPP1R12B,43,0.0047
GIMAP1,43,0.0047
RCC2,43,0.0047
TMCO4,43,0.0047
PDLIM2,43,0.0047
HSP90AB1,43,0.0047
HERC5,43,0.0047
PUDP,43,0.0047
SPESP1,43,0.0047
PGAP6,43,0.0047
RAC2,43,0.0047
MCM5,43,0.0047
TEX29,43,0.0047
WFDC10B,43,0.0047
WFDC12,43,0.0047
PCBP4,43,0.0047
RAB44,43,0.0047
BRI3,43,0.0047
RAB5B,43,0.0047
UQCC6,43,0.0047
SMIM20,43,0.0047
KCNIP4,43,0.0047
LILRA6,43,0.0047
SENP2,43,0.0047
BDNF,43,0.0047
NUDT9,43,0.0047
PDIA6,43,0.0047
FERD3L,43,0.0047
DIRAS1,43,0.0047
SRGAP1,43,0.0047
CDC6,43,0.0047
SEMA5B,43,0.0047
ARHGAP42,43,0.0047
ANXA6,43,0.0047
IER5,43,0.0047
SRCAP,43,0.0047
HCRTR1,43,0.0047
MLN,43,0.0047
GPAM,43,0.0047
SLC6A19,43,0.0047
KCND3,43,0.0047
KIF6,43,0.0047
UNC5CL,43,0.0047
MYF5,43,0.0047
SSH3,43,0.0047
ISLR,43,0.0047
TRMT2B,43,0.0047
PHRF1,43,0.0047
CNOT3,43,0.0047
GPR83,43,0.0047
SEMA3C,43,0.0047
DCAF17,43,0.0047
RAB3C,43,0.0047
CFHR3,43,0.0047
RGS7,43,0.0047
ANAPC13,43,0.0047
ZSCAN31,43,0.0047
CASS4,43,0.0047
BST2,43,0.0047
FAM209B,43,0.0047
WDR46,43,0.0047
ITM2B,43,0.0047
FSTL5,43,0.0047
CFAP91,43,0.0047
FGF14,43,0.0047
MED16,43,0.0047
RBFA,43,0.0047
DOK6,43,0.0047
RPL36AL,43,0.0047
QSOX1,43,0.0047
APPBP2,43,0.0047
HOXC12,43,0.0047
SLC51A,43,0.0047
FNDC1,43,0.0047
SEPTIN2,43,0.0047
FASTK,43,0.0047
GLE1,43,0.0047
HLA-DRA,43,0.0047
SHANK1,43,0.0047
GPR32,43,0.0047
TLL1,43,0.0047
WBP4,43,0.0047
DUXA,43,0.0047
FSD1,43,0.0047
CLIC1,43,0.0047
DNAJC19,43,0.0047
MSMB,43,0.0047
TDRD9,43,0.0047
OR52E2,43,0.0047
CYSRT1,43,0.0047
TOR4A,43,0.0047
NEBL,43,0.0047
GK3,43,0.0047
SSX2IP,43,0.0047
WAC,43,0.0047
DCUN1D1,43,0.0047
IGKV6-21,43,0.0047
IL5RA,43,0.0047
LYST,43,0.0047
NXPH3,43,0.0047
CCM2L,43,0.0047
HOMER2,43,0.0047
TTF2,43,0.0047
SH3PXD2B,43,0.0047
EBF4,43,0.0047
PRAC1,43,0.0047
FANCD2,43,0.0047
AGTR1,43,0.0047
DCAF8L1,43,0.0047
ILK,43,0.0047
RBPMS2,43,0.0047
DUSP1,43,0.0047
GUCY1B1,43,0.0047
MYCBP,43,0.0047
EXOC2,43,0.0047
TTC39C,43,0.0047
MAGEB6,43,0.0047
FUNDC1,43,0.0047
CRABP1,43,0.0047
PPP1R17,43,0.0047
POU1F1,43,0.0047
PPP4R3B,43,0.0047
LRRN1,43,0.0047
CALN1,43,0.0047
SIRPB1,43,0.0047
DEFB128,43,0.0047
APOO,43,0.0047
TMEM220,43,0.0047
APBB1,43,0.0047
C12orf56,43,0.0047
ANAPC16,43,0.0047
HES2,43,0.0047
RPS6KL1,43,0.0047
RSPO2,43,0.0047
UHMK1,43,0.0047
GFRA2,43,0.0047
INSYN2A,43,0.0047
NPS,43,0.0047
CABYR,42,0.0046
CLK1,42,0.0046
SNX6,42,0.0046
SPATA31D1,42,0.0046
CARTPT,42,0.0046
H1-8,42,0.0046
AFF3,42,0.0046
NDUFB11,42,0.0046
FUT9,42,0.0046
ELL2,42,0.0046
C9orf152,42,0.0046
CDC42SE1,42,0.0046
OXNAD1,42,0.0046
FETUB,42,0.0046
ENTPD5,42,0.0046
PIF1,42,0.0046
TMEM176A,42,0.0046
SPRR2G,42,0.0046
EREG,42,0.0046
DNAJC24,42,0.0046
CCDC34,42,0.0046
IL21,42,0.0046
SLC27A1,42,0.0046
P2RY1,42,0.0046
MT-ND1,42,0.0046
DEFA3,42,0.0046
CD33,42,0.0046
OR4K5,42,0.0046
CUL4A,42,0.0046
SYS1,42,0.0046
WDR25,42,0.0046
ESR2,42,0.0046
DNAJC15,42,0.0046
TRIM41,42,0.0046
TTC16,42,0.0046
TGM6,42,0.0046
DEFB127,42,0.0046
TRBV4-1,42,0.0046
SLFN11,42,0.0046
NR1D1,42,0.0046
TRIL,42,0.0046
NALF1,42,0.0046
CRTAC1,42,0.0046
RSPO1,42,0.0046
SMIM19,42,0.0046
ZKSCAN8,42,0.0046
GRM3,42,0.0046
MACROH2A2,42,0.0046
ADAMTS6,42,0.0046
BAG1,42,0.0046
NSFL1C,42,0.0046
PDP2,42,0.0046
SHISA2,42,0.0046
CYP24A1,42,0.0046
DUSP6,42,0.0046
CCDC59,42,0.0046
PRR5,42,0.0046
MEP1A,42,0.0046
MYOC,42,0.0046
SURF4,42,0.0046
GAS2,42,0.0046
WDR53,42,0.0046
HID1,42,0.0046
ZNF318,42,0.0046
HEATR3,42,0.0046
PDE6G,42,0.0046
CA14,42,0.0046
OR10G3,42,0.0046
LRFN4,42,0.0046
EYA1,42,0.0046
LRP8,42,0.0046
TYRP1,42,0.0046
KANK3,42,0.0046
UQCC5,42,0.0046
FIGNL1,42,0.0046
ATF4,42,0.0046
BPNT2,42,0.0046
GOLPH3L,42,0.0046
GALR3,42,0.0046
CYGB,42,0.0046
FANCI,42,0.0046
EFCAB10,42,0.0046
TRBV4-2,42,0.0046
AZGP1,42,0.0046
ABCB10,42,0.0046
PLXNB1,42,0.0046
BRME1,42,0.0046
CCDC188,42,0.0046
TRAPPC8,42,0.0046
SMIM5,42,0.0046
AP5M1,42,0.0046
TSPAN12,42,0.0046
MAGI1,42,0.0046
DNASE1L1,42,0.0046
IFI27,42,0.0046
IGF2,42,0.0046
STK4,42,0.0046
CTSS,42,0.0046
CLMP,42,0.0046
FABP9,42,0.0046
MARVELD2,42,0.0046
PCDHA1,42,0.0046
MIIP,42,0.0046
TRAV12-3,42,0.0046
TM4SF4,42,0.0046
STAP1,42,0.0046
RPRML,42,0.0046
TAFA2,42,0.0046
NFKBIA,42,0.0046
GNB5,42,0.0046
CEP78,42,0.0046
NOX4,42,0.0046
SMIM34,42,0.0046
HES3,42,0.0046
SH2B1,42,0.0046
GRK6,42,0.0046
CDS2,42,0.0046
NFATC2IP,42,0.0046
GORASP1,42,0.0046
PPP4C,42,0.0046
DDI2,42,0.0046
CCN1,42,0.0046
FASTKD5,42,0.0046
FLYWCH2,42,0.0046
TMEM184A,42,0.0046
RRN3,42,0.0046
CLRN3,42,0.0046
SUCNR1,42,0.0046
C3orf18,42,0.0046
C4orf17,42,0.0046
KRT79,42,0.0046
PTGIS,42,0.0046
TMEM165,42,0.0046
RASSF5,42,0.0046
CTDSPL,42,0.0046
SNX8,42,0.0046
GLRA3,42,0.0046
SEC14L5,42,0.0046
PCYOX1,42,0.0046
NFKBIZ,42,0.0046
VSTM5,42,0.0046
C5AR2,42,0.0046
FBXO38,42,0.0046
SLC35G4,42,0.0046
RNF185,42,0.0046
NR5A2,42,0.0046
CCL19,42,0.0046
TULP4,42,0.0046
RBL2,42,0.0046
DDTL,42,0.0046
AGTPBP1,42,0.0046
KRTAP17-1,42,0.0046
FAM50B,42,0.0046
WFDC11,42,0.0046
PRR16,42,0.0046
BCL6B,42,0.0046
FAM229B,42,0.0046
PLD3,42,0.0046
SPATA24,42,0.0046
SIPA1L3,41,0.0045
EME1,41,0.0045
PGA5,41,0.0045
GIGYF1,41,0.0045
HSPA2,41,0.0045
TRAV8-4,41,0.0045
ANGEL1,41,0.0045
EMP3,41,0.0045
KRTAP9-3,41,0.0045
OARD1,41,0.0045
KRTAP4-3,41,0.0045
SNRNP40,41,0.0045
HECW1,41,0.0045
RECQL4,41,0.0045
OSBPL1A,41,0.0045
ADAM32,41,0.0045
NCS1,41,0.0045
SEC11A,41,0.0045
FAM110C,41,0.0045
PXDN,41,0.0045
TP53INP1,41,0.0045
TRIQK,41,0.0045
LACC1,41,0.0045
VTCN1,41,0.0045
WDR47,41,0.0045
VAV3,41,0.0045
GPR182,41,0.0045
CS,41,0.0045
NPBWR1,41,0.0045
AIRE,41,0.0045
SKAP2,41,0.0045
ADIPOR1,41,0.0045
IL1B,41,0.0045
WWP1,41,0.0045
ELAVL2,41,0.0045
OAF,41,0.0045
CENATAC,41,0.0045
LSM5,41,0.0045
CDC37,41,0.0045
BSPH1,41,0.0045
MEIS3,41,0.0045
FGGY,41,0.0045
HBG2,41,0.0045
FCRLA,41,0.0045
EBP,41,0.0045
SENP1,41,0.0045
IAPP,41,0.0045
OOSP2,41,0.0045
GP5,41,0.0045
TREML2,41,0.0045
MTMR3,41,0.0045
ORC6,41,0.0045
KLHL21,41,0.0045
SEMA4C,41,0.0045
PRAME,41,0.0045
RGL2,41,0.0045
KRTAP10-11,41,0.0045
MGARP,41,0.0045
PNMA1,41,0.0045
CENPB,41,0.0045
MYH1,41,0.0045
PLAC8,41,0.0045
RALB,41,0.0045
FOXI2,41,0.0045
MTERF4,41,0.0045
TIFA,41,0.0045
PLK4,41,0.0045
PDCL,41,0.0045
SOHLH2,41,0.0045
PCMT1,41,0.0045
SBK2,41,0.0045
FCAR,41,0.0045
EHMT2,41,0.0045
TMEM101,41,0.0045
HTR3C,41,0.0045
TAX1BP1,41,0.0045
NPVF,41,0.0045
TRH,41,0.0045
PYHIN1,41,0.0045
STX12,41,0.0045
CHD1L,41,0.0045
INSL5,41,0.0045
ADCY1,41,0.0045
MAB21L3,41,0.0045
SLFN13,41,0.0045
EPB41L4B,41,0.0045
TOMM40L,41,0.0045
CFAP126,41,0.0045
CALCOCO2,41,0.0045
CCR4,41,0.0045
ZFAND4,41,0.0045
SPAG7,41,0.0045
SHISAL2B,41,0.0045
DEPDC1B,41,0.0045
ERI3,41,0.0045
PPWD1,41,0.0045
CD180,41,0.0045
ACP6,41,0.0045
PPP1CA,41,0.0045
MT1E,41,0.0045
SCT,41,0.0045
MAGEC2,41,0.0045
CDH1,41,0.0045
EYA4,41,0.0045
SLC29A3,41,0.0045
LRRC52,41,0.0045
LMNTD2,41,0.0045
SMCO2,41,0.0045
KIAA1191,41,0.0045
REXO1,41,0.0045
SNX3,41,0.0045
FA2H,41,0.0045
CFAP96,41,0.0045
KIF25,41,0.0045
LYAR,41,0.0045
MINAR2,41,0.0045
DNAJB2,41,0.0045
EIF2AK1,41,0.0045
SLC7A8,41,0.0045
TGM1,41,0.0045
TMOD3,41,0.0045
CHP1,41,0.0045
ANXA2,41,0.0045
ZRANB3,41,0.0045
FANCL,41,0.0045
ARMC2,41,0.0045
PRKAA2,41,0.0045
CPE,41,0.0045
POGLUT1,41,0.0045
GCC1,41,0.0045
PRAMEF6,41,0.0045
MXRA8,41,0.0045
YWHAG,41,0.0045
UBXN10,41,0.0045
STX1A,41,0.0045
DNAAF9,41,0.0045
ARHGAP22,41,0.0045
ANKRD9,41,0.0045
MYL12B,41,0.0045
TSSK6,41,0.0045
CT45A10,41,0.0045
EIF5A2,41,0.0045
DDX50,41,0.0045
PDE1C,41,0.0045
NXF1,41,0.0045
FAM171A1,41,0.0045
RASGRP1,41,0.0045
SUN2,41,0.0045
STYXL2,41,0.0045
RASL12,41,0.0045
BNIPL,41,0.0045
H2BC17,41,0.0045
ADRM1,41,0.0045
MS4A4A,41,0.0045
IGSF6,41,0.0045
MMP26,41,0.0045
PHOX2B,41,0.0045
HEATR6,41,0.0045
SLC6A18,41,0.0045
COL20A1,41,0.0045
PRKAG1,41,0.0045
KMT2D,41,0.0045
IFRD2,41,0.0045
CD83,41,0.0045
FAM8A1,41,0.0045
ADTRP,41,0.0045
TIMM9,41,0.0045
HSPB6,41,0.0045
PCM1,41,0.0045
MMP3,41,0.0045
THEM6,41,0.0045
TTPAL,41,0.0045
DPP3,41,0.0045
KRTAP2-3,40,0.0044
COL26A1,40,0.0044
IGKV3D-20,40,0.0044
RANGAP1,40,0.0044
ONECUT1,40,0.0044
CHDH,40,0.0044
MTMR14,40,0.0044
CCL24,40,0.0044
MEST,40,0.0044
PRDM4,40,0.0044
MATN3,40,0.0044
SRPK3,40,0.0044
LDAF1,40,0.0044
NLRP8,40,0.0044
PLIN3,40,0.0044
ANKLE2,40,0.0044
REEP6,40,0.0044
CAMK2B,40,0.0044
SLC5A4,40,0.0044
FAM151B,40,0.0044
PLK5,40,0.0044
ACYP1,40,0.0044
ZSCAN32,40,0.0044
DUSP16,40,0.0044
RHOXF1,40,0.0044
NUP62CL,40,0.0044
NAA10,40,0.0044
PCLO,40,0.0044
OR4M2,40,0.0044
MTFR1,40,0.0044
VCP,40,0.0044
PPIAL4A,40,0.0044
PLPP6,40,0.0044
REPS1,40,0.0044
RNF4,40,0.0044
EIF4A1,40,0.0044
SLC13A5,40,0.0044
APOA2,40,0.0044
DCAF8L2,40,0.0044
ATP1A4,40,0.0044
CTNS,40,0.0044
ATG5,40,0.0044
SPDEF,40,0.0044
TOB2,40,0.0044
DRC1,40,0.0044
DEFB106A,40,0.0044
COA5,40,0.0044
TSPAN11,40,0.0044
CPNE8,40,0.0044
PPM1M,40,0.0044
TRIM14,40,0.0044
LRRC10B,40,0.0044
ACBD3,40,0.0044
IGFBP4,40,0.0044
RRP8,40,0.0044
PRDX4,40,0.0044
ZC3H7B,40,0.0044
EVI2A,40,0.0044
KIAA1328,40,0.0044
MAGT1,40,0.0044
CBLN4,40,0.0044
COMP,40,0.0044
PAIP2,40,0.0044
TMEM65,40,0.0044
IGFBP1,40,0.0044
FNDC11,40,0.0044
FAAP100,40,0.0044
SLC28A1,40,0.0044
UPK2,40,0.0044
KDM4D,40,0.0044
TMEM150B,40,0.0044
PPP2R1A,40,0.0044
IFT25,40,0.0044
UTF1,40,0.0044
MDFI,40,0.0044
KRT74,40,0.0044
SPRR2A,40,0.0044
TNFRSF17,40,0.0044
SGO1,40,0.0044
SAMD7,40,0.0044
TRABD2B,40,0.0044
COA4,40,0.0044
PLAUR,40,0.0044
F2RL3,40,0.0044
DNAAF3,40,0.0044
CSTL1,40,0.0044
WDFY1,40,0.0044
ADAM18,40,0.0044
VPS13A,40,0.0044
GRN,40,0.0044
EXOC8,40,0.0044
SYNJ2,40,0.0044
PRSS53,40,0.0044
SNRPB2,40,0.0044
AVP,40,0.0044
RIC3,40,0.0044
EEFSEC,40,0.0044
CLCN4,40,0.0044
TNK1,40,0.0044
FLYWCH1,40,0.0044
CCDC126,40,0.0044
C6orf141,40,0.0044
PIM1,40,0.0044
GIMAP4,40,0.0044
ADAM23,40,0.0044
RIPK2,40,0.0044
LUC7L,40,0.0044
KRTAP10-7,40,0.0044
NOP2,40,0.0044
PPP6C,40,0.0044
OR2M5,40,0.0044
GCSAML,40,0.0044
REXO4,40,0.0044
ACTB,40,0.0044
NECTIN1,40,0.0044
PRR15,40,0.0044
AMMECR1L,40,0.0044
C10orf120,40,0.0044
NUDT4,40,0.0044
MINK1,40,0.0044
HOXA6,40,0.0044
SPON2,40,0.0044
SYT11,40,0.0044
ANKRD66,40,0.0044
PCSK1,40,0.0044
AP2S1,40,0.0044
PPP1R13L,40,0.0044
NIFK,40,0.0044
THBS3,40,0.0044
TSSK2,40,0.0044
CYREN,40,0.0044
DFFB,40,0.0044
PILRB,40,0.0044
LRRN3,40,0.0044
EOLA1,40,0.0044
ZWINT,40,0.0044
RNF114,40,0.0044
CD300A,40,0.0044
RBBP8NL,40,0.0044
ANKRD33B,40,0.0044
TPRN,40,0.0044
UBE3B,40,0.0044
NCAPH2,40,0.0044
TSPAN16,40,0.0044
ING5,40,0.0044
BET1,40,0.0044
RNF208,40,0.0044
IGHV1-45,40,0.0044
DRG1,40,0.0044
PRAMEF5,40,0.0044
MCOLN2,40,0.0044
HSPA12A,40,0.0044
CCDC61,40,0.0044
MET,40,0.0044
GYPE,40,0.0044
FANCC,40,0.0044
UFD1,40,0.0044
DGKZ,40,0.0044
CNST,40,0.0044
ZBED1,40,0.0044
MYL12A,40,0.0044
KRTAP10-8,40,0.0044
TTC3,40,0.0044
CXADR,40,0.0044
MS4A13,40,0.0044
HSPE1,40,0.0044
TM6SF2,40,0.0044
ARPP19,39,0.0042
DCAF11,39,0.0042
ATP5MJ,39,0.0042
BEND6,39,0.0042
PLBD1,39,0.0042
CSNK2B,39,0.0042
RELL1,39,0.0042
RPL9,39,0.0042
MT2A,39,0.0042
NOX3,39,0.0042
MISP3,39,0.0042
RXYLT1,39,0.0042
TMEM38A,39,0.0042
MCM4,39,0.0042
CLDN22,39,0.0042
KRT72,39,0.0042
LRRN4CL,39,0.0042
RAB8B,39,0.0042
IPO5,39,0.0042
GOLPH3,39,0.0042
BMPR1A,39,0.0042
PPM1H,39,0.0042
PIK3C2A,39,0.0042
KLHDC3,39,0.0042
CD226,39,0.0042
C22orf42,39,0.0042
CABIN1,39,0.0042
NPR3,39,0.0042
GRIA2,39,0.0042
TRIM25,39,0.0042
CIART,39,0.0042
RAMP2,39,0.0042
AMPH,39,0.0042
TCP10L,39,0.0042
ADAMTS1,39,0.0042
DEFB121,39,0.0042
MCIDAS,39,0.0042
CST11,39,0.0042
ANKZF1,39,0.0042
POLR2G,39,0.0042
USP24,39,0.0042
TENT5D,39,0.0042
PACRG,39,0.0042
PYGO2,39,0.0042
IFNG,39,0.0042
SHC1,39,0.0042
MED15,39,0.0042
CSK,39,0.0042
CHAF1B,39,0.0042
FBXW2,39,0.0042
SUGP1,39,0.0042
TRIB1,39,0.0042
ZFPM2,39,0.0042
GET1,39,0.0042
LGR5,39,0.0042
PTPN5,39,0.0042
PRAMEF17,39,0.0042
NSMAF,39,0.0042
CCN5,39,0.0042
LEAP2,39,0.0042
LRRC38,39,0.0042
SYNDIG1L,39,0.0042
VIP,39,0.0042
RPS9,39,0.0042
TMCO2,39,0.0042
NKD1,39,0.0042
SSR4,39,0.0042
EZR,39,0.0042
EPB42,39,0.0042
HGF,39,0.0042
NSUN7,39,0.0042
UBE2E2,39,0.0042
SPEGNB,39,0.0042
ACER3,39,0.0042
NR6A1,39,0.0042
ARMC8,39,0.0042
C1orf35,39,0.0042
LAD1,39,0.0042
KRTAP5-2,39,0.0042
ASAP2,39,0.0042
CCR8,39,0.0042
SRSF12,39,0.0042
INKA2,39,0.0042
AK5,39,0.0042
TRIP13,39,0.0042
HOXC10,39,0.0042
ZPLD1,39,0.0042
SPRED2,39,0.0042
GRIN2B,39,0.0042
MAPKAPK3,39,0.0042
SLC4A8,39,0.0042
ARHGEF16,39,0.0042
RIPPLY1,39,0.0042
BEX2,39,0.0042
UBXN2B,39,0.0042
GFRA3,39,0.0042
GJB6,39,0.0042
SOWAHC,39,0.0042
VPS4A,39,0.0042
CCNC,39,0.0042
RINL,39,0.0042
PCDHA10,39,0.0042
OR52D1,39,0.0042
OTUD6A,39,0.0042
IL1R1,39,0.0042
CXorf58,39,0.0042
CYLC2,39,0.0042
NOX1,39,0.0042
AP1G1,39,0.0042
EPB41L5,39,0.0042
CD84,39,0.0042
OSTM1,39,0.0042
LRRC14B,39,0.0042
OR51E2,39,0.0042
CLEC4C,39,0.0042
LPCAT4,39,0.0042
HNRNPUL2,39,0.0042
PHACTR3,39,0.0042
CPNE4,39,0.0042
USP7,39,0.0042
CCNJ,39,0.0042
KCNS2,39,0.0042
HLA-G,39,0.0042
PTGS2,39,0.0042
CHRD,39,0.0042
HTR3E,39,0.0042
DYDC1,39,0.0042
MAS1L,39,0.0042
TSN,39,0.0042
COCH,39,0.0042
TGM2,39,0.0042
TMEM169,39,0.0042
C11orf52,39,0.0042
CHSY1,39,0.0042
GPR20,39,0.0042
GNRH1,39,0.0042
AP2A1,39,0.0042
RTL1,39,0.0042
ATXN7L1,39,0.0042
OXGR1,39,0.0042
XRN2,39,0.0042
LIPG,39,0.0042
ANKMY2,39,0.0042
ABHD2,39,0.0042
CNIH2,39,0.0042
ADAMTS13,39,0.0042
STKLD1,39,0.0042
PNO1,39,0.0042
HAVCR2,39,0.0042
ARSL,39,0.0042
PARVB,39,0.0042
KCNA2,39,0.0042
CD3D,39,0.0042
RTKN2,39,0.0042
ITIH3,39,0.0042
ARL14EP,39,0.0042
GNG12,39,0.0042
TBC1D9,39,0.0042
MIB1,39,0.0042
BDKRB2,39,0.0042
FAS,39,0.0042
RAPGEF6,39,0.0042
VPS50,39,0.0042
TRMT5,38,0.0041
RPP38,38,0.0041
PADI6,38,0.0041
H2AB1,38,0.0041
AIG1,38,0.0041
PCDHA7,38,0.0041
EFEMP1,38,0.0041
LMOD2,38,0.0041
UBL3,38,0.0041
PHKB,38,0.0041
FRMD3,38,0.0041
DDB2,38,0.0041
KLHDC9,38,0.0041
MLEC,38,0.0041
CYP1A1,38,0.0041
NKAPD1,38,0.0041
CCDC83,38,0.0041
WFDC9,38,0.0041
SNX33,38,0.0041
GYPC,38,0.0041
GTF2H2C,38,0.0041
ABLIM1,38,0.0041
NLRP2,38,0.0041
CEP72,38,0.0041
PPP1R1A,38,0.0041
PABPC4L,38,0.0041
PDCD6IP,38,0.0041
LRFN3,38,0.0041
PRAM1,38,0.0041
MMP12,38,0.0041
KCTD10,38,0.0041
SAP30L,38,0.0041
HAVCR1,38,0.0041
ZNF18,38,0.0041
KDM6B,38,0.0041
FABP2,38,0.0041
PSMA6,38,0.0041
GRIA1,38,0.0041
TOMM5,38,0.0041
SCN9A,38,0.0041
SCGB3A2,38,0.0041
POLR1H,38,0.0041
REV1,38,0.0041
CHST10,38,0.0041
SERPINE3,38,0.0041
TEC,38,0.0041
SNRNP35,38,0.0041
PTPN4,38,0.0041
PRKG2,38,0.0041
RAB11FIP4,38,0.0041
CDC37L1,38,0.0041
POLR2D,38,0.0041
GPALPP1,38,0.0041
CD300LF,38,0.0041
OPRK1,38,0.0041
ZNG1C,38,0.0041
MARS2,38,0.0041
NOTCH2,38,0.0041
CLEC18C,38,0.0041
FAM163B,38,0.0041
OGN,38,0.0041
ALG11,38,0.0041
AHNAK2,38,0.0041
SPATA25,38,0.0041
FAM3C,38,0.0041
TRAV21,38,0.0041
ACTR3,38,0.0041
HEPH,38,0.0041
RTL10,38,0.0041
WDPCP,38,0.0041
LRTM2,38,0.0041
JOSD1,38,0.0041
RPS4X,38,0.0041
LRRC8A,38,0.0041
ABHD16A,38,0.0041
QRFPR,38,0.0041
IL7R,38,0.0041
CFAP58,38,0.0041
RACGAP1,38,0.0041
H2BC4,38,0.0041
BUD13,38,0.0041
DCAF15,38,0.0041
GAB4,38,0.0041
AGO1,38,0.0041
ACSL3,38,0.0041
RTTN,38,0.0041
DCUN1D5,38,0.0041
FATE1,38,0.0041
SLC39A13,38,0.0041
PARVA,38,0.0041
ARHGAP18,38,0.0041
CEP63,38,0.0041
C2orf74,38,0.0041
ADAMTS5,38,0.0041
ALG13,38,0.0041
STC2,38,0.0041
MEN1,38,0.0041
KIR3DL2,38,0.0041
NSRP1,38,0.0041
TMEM265,38,0.0041
RBM43,38,0.0041
YTHDF1,38,0.0041
ARL4A,38,0.0041
ARMH2,38,0.0041
CCNF,38,0.0041
BTBD3,38,0.0041
SH2D1A,38,0.0041
OR10G4,38,0.0041
PKP4,38,0.0041
METAP2,38,0.0041
MPHOSPH8,38,0.0041
POTEC,38,0.0041
ADM2,38,0.0041
MAPK15,38,0.0041
BRAP,38,0.0041
VPS29,38,0.0041
STAP2,38,0.0041
MAPK8IP2,38,0.0041
C3orf62,38,0.0041
CDT1,38,0.0041
SPRYD7,38,0.0041
KATNBL1,38,0.0041
FBXL18,38,0.0041
ANKRD34B,38,0.0041
SCN11A,38,0.0041
ENPP1,38,0.0041
CHD6,38,0.0041
SGK2,38,0.0041
GTF2H2,38,0.0041
MRPS36,38,0.0041
PDP1,38,0.0041
RGMA,38,0.0041
GHR,38,0.0041
NDUFAB1,38,0.0041
IGHV3-66,38,0.0041
PAPOLA,38,0.0041
RPL37,38,0.0041
CTDSP1,38,0.0041
IRF2BPL,38,0.0041
G2E3,38,0.0041
CCDC107,38,0.0041
HLA-DMA,38,0.0041
RIPK1,38,0.0041
POU4F3,38,0.0041
GPSM3,38,0.0041
NMT1,38,0.0041
UCN,38,0.0041
CTNND1,38,0.0041
TSPO2,38,0.0041
ICOSLG,38,0.0041
MS4A15,38,0.0041
RAD1,38,0.0041
CDC42SE2,38,0.0041
FSBP,38,0.0041
PCGF3,38,0.0041
CDCA7L,38,0.0041
DSP,38,0.0041
DRAM1,38,0.0041
ARPC4,38,0.0041
SLC16A3,38,0.0041
ZKSCAN3,38,0.0041
MAGIX,38,0.0041
WSB2,38,0.0041
KLHL34,38,0.0041
RASGRP2,38,0.0041
GNG11,38,0.0041
ORMDL1,38,0.0041
PLCE1,38,0.0041
MROH2B,38,0.0041
GALM,38,0.0041
SYN1,38,0.0041
ATP6AP2,38,0.0041
PRAF2,38,0.0041
UBFD1,38,0.0041
NLRP12,38,0.0041
RGCC,38,0.0041
NAA50,38,0.0041
ECD,38,0.0041
MLLT1,38,0.0041
SGMS2,38,0.0041
NKAIN1,38,0.0041
USP44,38,0.0041
LRIG3,38,0.0041
TNFRSF6B,37,0.004
PPP1R14B,37,0.004
LYN,37,0.004
SYNGR2,37,0.004
DNAJB9,37,0.004
FRRS1,37,0.004
CHD7,37,0.004
ATAD3B,37,0.004
IQCC,37,0.004
PPM1F,37,0.004
HAUS4,37,0.004
UBXN1,37,0.004
HTD2,37,0.004
OTUD1,37,0.004
TMPRSS7,37,0.004
DIPK1B,37,0.004
HOXB7,37,0.004
HOXB9,37,0.004
GOLM1,37,0.004
ACTL6A,37,0.004
LRRC31,37,0.004
FRMPD2,37,0.004
PPP1R1C,37,0.004
RGS7BP,37,0.004
TMEFF1,37,0.004
SEMA3G,37,0.004
RPS13,37,0.004
GSC2,37,0.004
ATP5MK,37,0.004
BCCIP,37,0.004
ABLIM3,37,0.004
THBD,37,0.004
MRGPRX1,37,0.004
KRT23,37,0.004
RASGRP3,37,0.004
MOGS,37,0.004
TMEM237,37,0.004
IQGAP2,37,0.004
THADA,37,0.004
C19orf18,37,0.004
SEPTIN14,37,0.004
LACTB,37,0.004
EPHA3,37,0.004
ERICH3,37,0.004
SHKBP1,37,0.004
MAGI3,37,0.004
PHTF1,37,0.004
XPR1,37,0.004
DELE1,37,0.004
PDZD9,37,0.004
GDI1,37,0.004
HAUS7,37,0.004
MAGEA8,37,0.004
ARHGAP5,37,0.004
SLC11A1,37,0.004
PANX3,37,0.004
DEFB4B,37,0.004
MYOG,37,0.004
CMTM7,37,0.004
CIMAP1B,37,0.004
USP17L4,37,0.004
GRB14,37,0.004
TM4SF1,37,0.004
NPPB,37,0.004
GRIN1,37,0.004
CEP85L,37,0.004
THEMIS,37,0.004
CFHR2,37,0.004
RPL12,37,0.004
DPCD,37,0.004
PARD3,37,0.004
RET,37,0.004
CYP46A1,37,0.004
IGLC2,37,0.004
ARFGEF3,37,0.004
PRDM2,37,0.004
ITPK1,37,0.004
RAF1,37,0.004
TRAV29DV5,37,0.004
LRFN1,37,0.004
VEGFD,37,0.004
FLVCR2,37,0.004
CRKL,37,0.004
CDK1,37,0.004
MGAT4C,37,0.004
ITGB5,37,0.004
FOXE1,37,0.004
GBA2,37,0.004
ID4,37,0.004
MAN1B1,37,0.004
MYO3B,37,0.004
VSIR,37,0.004
YPEL5,37,0.004
UTP18,37,0.004
LY6G6F,37,0.004
FAT2,37,0.004
BSND,37,0.004
RTP1,37,0.004
SLFN5,37,0.004
CNPY3,37,0.004
PBX4,37,0.004
SDE2,37,0.004
TM2D2,37,0.004
GRIP1,37,0.004
RAB5C,37,0.004
RNF150,37,0.004
ELL,37,0.004
DNMT3B,37,0.004
TMEM145,37,0.004
TM9SF4,37,0.004
CD38,37,0.004
OR2L8,37,0.004
PLXNA2,37,0.004
HES1,37,0.004
KDM7A,37,0.004
GOLGA7,37,0.004
ZBTB39,37,0.004
WDR43,37,0.004
KLC1,37,0.004
HSPB3,37,0.004
KCNC4,37,0.004
MAOB,37,0.004
MID1IP1,37,0.004
ADAMTS2,37,0.004
NLRP14,37,0.004
GAK,37,0.004
NUB1,37,0.004
BTRC,37,0.004
LDAH,37,0.004
ZFHX3,37,0.004
RNF141,37,0.004
ZNF692,37,0.004
USP20,37,0.004
UXT,37,0.004
SLCO4C1,37,0.004
CSF1,37,0.004
IGLV5-37,37,0.004
ZSCAN5C,37,0.004
TRAV9-1,37,0.004
PARD6B,37,0.004
TRIM27,37,0.004
DMAP1,37,0.004
TSR2,37,0.004
TAL2,37,0.004
KLHL23,37,0.004
UBE2D1,37,0.004
CDC26,37,0.004
ERICH4,37,0.004
RPL39L,37,0.004
AXDND1,37,0.004
ELMO3,37,0.004
CMTM3,37,0.004
HILPDA,37,0.004
SEMA6D,37,0.004
MIS18A,37,0.004
CUEDC1,37,0.004
FAM187A,37,0.004
CHD1,37,0.004
RAD21,37,0.004
TMEM167B,37,0.004
COPRS,37,0.004
TMEM86A,37,0.004
MTTP,37,0.004
AAAS,37,0.004
SPOPL,37,0.004
APOM,37,0.004
OR5A2,37,0.004
RIPK3,37,0.004
EFEMP2,37,0.004
MAP3K19,37,0.004
MPL,37,0.004
NAP1L5,37,0.004
SPINK8,37,0.004
UBB,37,0.004
ALG2,37,0.004
PDLIM5,37,0.004
SULT4A1,37,0.004
KRI1,37,0.004
SLC36A3,37,0.004
RHOC,37,0.004
SLC18A1,37,0.004
TEDC2,37,0.004
NPW,37,0.004
ESF1,37,0.004
PPP1R7,37,0.004
LY75,37,0.004
ARHGAP17,37,0.004
HCRT,37,0.004
KRTCAP2,37,0.004
PLK1,37,0.004
FBXL3,37,0.004
BAX,37,0.004
RGL1,37,0.004
SPATC1,37,0.004
SCD5,37,0.004
OR4A16,37,0.004
UBP1,37,0.004
USP31,37,0.004
HAUS3,37,0.004
P2RY13,37,0.004
SPEF1,37,0.004
DNAJC30,37,0.004
TMEM62,37,0.004
ABCF2,37,0.004
C6orf62,37,0.004
XPC,37,0.004
MLANA,37,0.004
FGF18,37,0.004
NEXN,37,0.004
SAV1,37,0.004
CD300E,37,0.004
GOLGA1,37,0.004
FYB2,37,0.004
CCNT2,37,0.004
TMEM60,37,0.004
FKBP3,37,0.004
GTF2B,36,0.0039
EIF3L,36,0.0039
MPP7,36,0.0039
GNG3,36,0.0039
NETO1,36,0.0039
MKI67,36,0.0039
CNKSR2,36,0.0039
RUVBL1,36,0.0039
KATNAL2,36,0.0039
CUEDC2,36,0.0039
MAST2,36,0.0039
KRTAP5-10,36,0.0039
PLCB1,36,0.0039
PODN,36,0.0039
OSBPL9,36,0.0039
ZYG11A,36,0.0039
FAM110B,36,0.0039
PRKCG,36,0.0039
PRPF31,36,0.0039
CNKSR3,36,0.0039
ABCG4,36,0.0039
ELOA2,36,0.0039
RXRA,36,0.0039
YPEL1,36,0.0039
RASL10A,36,0.0039
RAB31,36,0.0039
IGKV6D-21,36,0.0039
DRAXIN,36,0.0039
GPRC5C,36,0.0039
TARBP2,36,0.0039
ZNF274,36,0.0039
SLC18A3,36,0.0039
NEURL1,36,0.0039
TENM2,36,0.0039
ARRDC3,36,0.0039
RAI14,36,0.0039
ROMO1,36,0.0039
FBXO31,36,0.0039
FGF13,36,0.0039
RASL11B,36,0.0039
MAGEH1,36,0.0039
APOB,36,0.0039
LNX2,36,0.0039
NECTIN4,36,0.0039
CXorf65,36,0.0039
OR4K17,36,0.0039
STIP1,36,0.0039
CELF6,36,0.0039
MAP2K5,36,0.0039
TSPAN9,36,0.0039
LRRC1,36,0.0039
FNDC9,36,0.0039
FABP5,36,0.0039
SEMA4B,36,0.0039
MRGPRE,36,0.0039
MEI1,36,0.0039
COX10,36,0.0039
MYH8,36,0.0039
PLET1,36,0.0039
PTPA,36,0.0039
RRP7A,36,0.0039
ATP1A2,36,0.0039
MSGN1,36,0.0039
TRIM22,36,0.0039
NCOA5,36,0.0039
FASTKD3,36,0.0039
CD300LD,36,0.0039
CRELD1,36,0.0039
NPHS1,36,0.0039
UPK1A,36,0.0039
MS4A3,36,0.0039
CILP2,36,0.0039
RPL7,36,0.0039
DES,36,0.0039
MSH5,36,0.0039
ACKR4,36,0.0039
CCSAP,36,0.0039
KMO,36,0.0039
PLEKHF1,36,0.0039
SLC7A10,36,0.0039
SPCS3,36,0.0039
TINF2,36,0.0039
FRMD5,36,0.0039
KLHL28,36,0.0039
KRTAP12-2,36,0.0039
HERPUD1,36,0.0039
HOXC11,36,0.0039
BHLHA15,36,0.0039
TSGA10IP,36,0.0039
GPATCH2,36,0.0039
FAM210A,36,0.0039
GAB1,36,0.0039
COL6A1,36,0.0039
HMGB4,36,0.0039
ITSN1,36,0.0039
GNAI2,36,0.0039
RNF183,36,0.0039
CCNY,36,0.0039
RBM48,36,0.0039
STEAP4,36,0.0039
PCDHA9,36,0.0039
PCDHA6,36,0.0039
ZNF365,36,0.0039
FAM135B,36,0.0039
EPHA10,36,0.0039
MUL1,36,0.0039
ABCC4,36,0.0039
HBA1,36,0.0039
TM4SF5,36,0.0039
ILDR1,36,0.0039
RGN,36,0.0039
EPN1,36,0.0039
P2RY11,36,0.0039
SNAP91,36,0.0039
ANKRD54,36,0.0039
ZNF395,36,0.0039
KRT15,36,0.0039
SPTB,36,0.0039
FOXG1,36,0.0039
CD96,36,0.0039
TASOR2,36,0.0039
TRAV6,36,0.0039
DLGAP5,36,0.0039
PRPF18,36,0.0039
USP6NL,36,0.0039
TENM3,36,0.0039
RNF123,36,0.0039
VPS26B,36,0.0039
ARAP3,36,0.0039
HMHB1,36,0.0039
TXNIP,36,0.0039
PDZK1,36,0.0039
KANK4,36,0.0039
GAS8,36,0.0039
PAK6,36,0.0039
NRBP1,36,0.0039
G6PC3,36,0.0039
ATXN7L3,36,0.0039
MYRFL,36,0.0039
ATG13,36,0.0039
C6orf58,36,0.0039
MEDAG,36,0.0039
USP26,36,0.0039
PIDD1,36,0.0039
PDCD1LG2,36,0.0039
SMIM24,36,0.0039
EPHX4,36,0.0039
FARP2,36,0.0039
DNAJC9,36,0.0039
PYGO1,36,0.0039
ZRANB1,36,0.0039
INTS4,36,0.0039
EMC4,36,0.0039
ADCY2,36,0.0039
GTSF1,36,0.0039
RPS29,36,0.0039
SFMBT1,36,0.0039
SAGE1,36,0.0039
AMIGO2,36,0.0039
FFAR4,36,0.0039
FAM81A,36,0.0039
ACTR6,36,0.0039
RAG2,36,0.0039
FNIP1,36,0.0039
GTF2IRD2,36,0.0039
TRGV9,36,0.0039
MAPRE1,36,0.0039
SUN5,36,0.0039
PALM,36,0.0039
RHOT1,36,0.0039
RHBDL3,36,0.0039
TEX30,36,0.0039
ZDHHC17,36,0.0039
FOXS1,36,0.0039
HCAR2,36,0.0039
MPV17L,36,0.0039
SLC30A5,36,0.0039
PCED1A,36,0.0039
FAM83H,36,0.0039
DNAJC3,36,0.0039
IFI16,36,0.0039
OR6Y1,36,0.0039
ATP8B3,36,0.0039
ATP10D,36,0.0039
CAPN6,36,0.0039
TBC1D8B,36,0.0039
TREH,36,0.0039
PSMD14,36,0.0039
EDN3,36,0.0039
RAE1,36,0.0039
UBE2F,35,0.0038
BHLHE40,35,0.0038
ITPR1,35,0.0038
GPR15,35,0.0038
TMEM190,35,0.0038
CLDN15,35,0.0038
LRCH4,35,0.0038
B3GNT5,35,0.0038
KIZ,35,0.0038
RPS11,35,0.0038
TCF19,35,0.0038
OR4D10,35,0.0038
PCDHA12,35,0.0038
INF2,35,0.0038
PPEF1,35,0.0038
HTN1,35,0.0038
TRAPPC2,35,0.0038
TG,35,0.0038
PRDM13,35,0.0038
UFL1,35,0.0038
ATP12A,35,0.0038
ADAM17,35,0.0038
KATNAL1,35,0.0038
CALY,35,0.0038
PAOX,35,0.0038
CSNK1E,35,0.0038
CASK,35,0.0038
CRX,35,0.0038
ASH2L,35,0.0038
TRIM55,35,0.0038
OR5H2,35,0.0038
OAS1,35,0.0038
HVCN1,35,0.0038
OR4D11,35,0.0038
NKX2-4,35,0.0038
GJA8,35,0.0038
NRP1,35,0.0038
ALOX5AP,35,0.0038
OSBPL2,35,0.0038
AURKA,35,0.0038
CELF3,35,0.0038
CDS1,35,0.0038
KRTAP5-9,35,0.0038
RPS8,35,0.0038
FES,35,0.0038
KCND1,35,0.0038
ATOX1,35,0.0038
GLRA1,35,0.0038
NEK7,35,0.0038
CDKL1,35,0.0038
FOXB1,35,0.0038
NRN1,35,0.0038
HOXC5,35,0.0038
HOXD11,35,0.0038
EARS2,35,0.0038
TRIM64B,35,0.0038
RAB30,35,0.0038
CHML,35,0.0038
TECRL,35,0.0038
TMPRSS11F,35,0.0038
DTX4,35,0.0038
ZNF653,35,0.0038
DESI2,35,0.0038
MED6,35,0.0038
ARPC5,35,0.0038
USP49,35,0.0038
CPLX1,35,0.0038
LRCH3,35,0.0038
NOM1,35,0.0038
NFE2,35,0.0038
PRAMEF14,35,0.0038
UBE2J2,35,0.0038
CLIC2,35,0.0038
GPR18,35,0.0038
FZD3,35,0.0038
CSF3,35,0.0038
VWDE,35,0.0038
OR13G1,35,0.0038
MMP25,35,0.0038
USP21,35,0.0038
ERVFRD-1,35,0.0038
PLCB3,35,0.0038
IL10RB,35,0.0038
RDH10,35,0.0038
MT-ATP6,35,0.0038
NCR2,35,0.0038
TNFRSF8,35,0.0038
BDKRB1,35,0.0038
SLC24A4,35,0.0038
LRIT3,35,0.0038
NR5A1,35,0.0038
CSRNP1,35,0.0038
PELI2,35,0.0038
GLG1,35,0.0038
MOAP1,35,0.0038
ILF2,35,0.0038
AGPAT1,35,0.0038
OR1A1,35,0.0038
C5,35,0.0038
BEX5,35,0.0038
C10orf88,35,0.0038
MAGEA12,35,0.0038
HOXD4,35,0.0038
PIK3AP1,35,0.0038
OR4K15,35,0.0038
DEFB129,35,0.0038
CSNK1G1,35,0.0038
SLC27A6,35,0.0038
CARD8,35,0.0038
OR4C6,35,0.0038
RTL8A,35,0.0038
DCAF12L2,35,0.0038
USP12,35,0.0038
TRIM49B,35,0.0038
SOHLH1,35,0.0038
TRADD,35,0.0038
COX8A,35,0.0038
SGF29,35,0.0038
CFAP97,35,0.0038
TRPM3,35,0.0038
ABHD17B,35,0.0038
C5orf46,35,0.0038
LSM4,35,0.0038
MAP1S,35,0.0038
CNOT2,35,0.0038
ASIP,35,0.0038
CLEC12B,35,0.0038
CYP26A1,35,0.0038
SLC31A1,35,0.0038
CCDC43,35,0.0038
WNK4,35,0.0038
CD164,35,0.0038
OR4D6,35,0.0038
TRIM31,35,0.0038
GLS,35,0.0038
MAL2,35,0.0038
C4orf51,35,0.0038
EIF1AD,35,0.0038
LYSMD1,35,0.0038
DNAJC5G,35,0.0038
TRAV24,35,0.0038
MARK1,35,0.0038
NVL,35,0.0038
MAN1A1,35,0.0038
SMTNL1,35,0.0038
SRP9,35,0.0038
TRAV30,35,0.0038
DND1,35,0.0038
PCDHGA4,35,0.0038
PCDHGA1,35,0.0038
KLHL2,35,0.0038
EEF1A2,35,0.0038
HHLA2,35,0.0038
C12orf40,35,0.0038
FAM178B,35,0.0038
RGL4,35,0.0038
PTP4A2,35,0.0038
ANKRA2,35,0.0038
ATP6V0A4,35,0.0038
PARL,35,0.0038
MAS1,35,0.0038
ESAM,35,0.0038
DDX39B,35,0.0038
EFNB3,35,0.0038
MYBPH,35,0.0038
BICRAL,35,0.0038
ELOVL4,35,0.0038
EFNA1,35,0.0038
KCNN3,35,0.0038
UTRN,35,0.0038
TRMT1L,35,0.0038
ITGAX,35,0.0038
NKG7,35,0.0038
SIGLEC5,35,0.0038
HERC6,35,0.0038
GPRIN3,35,0.0038
TRAF4,35,0.0038
TSACC,35,0.0038
GABRA5,35,0.0038
PCDHA11,35,0.0038
CUL2,35,0.0038
ERBB4,35,0.0038
SAR1A,35,0.0038
COL22A1,35,0.0038
CLDN24,35,0.0038
CSF2RA,35,0.0038
ARSD,35,0.0038
PAQR7,35,0.0038
USP42,35,0.0038
EPB41,35,0.0038
PHLDA1,35,0.0038
BEX4,35,0.0038
FAM3B,35,0.0038
ANKIB1,35,0.0038
EMP1,35,0.0038
PPIL3,35,0.0038
ARL3,35,0.0038
OBI1,35,0.0038
TMEM106B,35,0.0038
PAQR5,35,0.0038
PRKX,35,0.0038
ITGA1,35,0.0038
NIM1K,35,0.0038
OR51G1,35,0.0038
ANKRD35,35,0.0038
KCNA6,35,0.0038
TSNARE1,35,0.0038
SNX2,35,0.0038
PCYOX1L,35,0.0038
MPP4,35,0.0038
PDLIM7,35,0.0038
OR2AG2,35,0.0038
NEUROD4,34,0.0037
RITA1,34,0.0037
RNPC3,34,0.0037
PRDM1,34,0.0037
POLG,34,0.0037
CSNK1D,34,0.0037
CCDC106,34,0.0037
MBD3L2,34,0.0037
VAMP3,34,0.0037
NRG4,34,0.0037
RORA,34,0.0037
FREM2,34,0.0037
MXD4,34,0.0037
OR4D2,34,0.0037
SYNE4,34,0.0037
OR2AG1,34,0.0037
CLEC7A,34,0.0037
TAF2,34,0.0037
CD1B,34,0.0037
TCF24,34,0.0037
LINGO2,34,0.0037
ARHGEF17,34,0.0037
DEAF1,34,0.0037
PRMT8,34,0.0037
SMG5,34,0.0037
FIGLA,34,0.0037
HFE,34,0.0037
ANKRD26,34,0.0037
SSX4B,34,0.0037
POLR3B,34,0.0037
HSD17B7,34,0.0037
CCNL1,34,0.0037
FAM161B,34,0.0037
CDK5R1,34,0.0037
PPP2CA,34,0.0037
STMN1,34,0.0037
UBXN2A,34,0.0037
CCND2,34,0.0037
ZBTB26,34,0.0037
CFHR4,34,0.0037
IKZF2,34,0.0037
SEMA3B,34,0.0037
TGFBR2,34,0.0037
LRIT1,34,0.0037
ATP8B1,34,0.0037
DDHD1,34,0.0037
AHR,34,0.0037
TSSK4,34,0.0037
TBC1D22A,34,0.0037
OR52B2,34,0.0037
ZBTB25,34,0.0037
IGHV7-81,34,0.0037
MFHAS1,34,0.0037
OR52K2,34,0.0037
GPR87,34,0.0037
GJC3,34,0.0037
ZKSCAN1,34,0.0037
VMA21,34,0.0037
ATG16L1,34,0.0037
CRACR2A,34,0.0037
TAF3,34,0.0037
AUP1,34,0.0037
DDX53,34,0.0037
RWDD1,34,0.0037
PLXNA1,34,0.0037
ARPC5L,34,0.0037
KCNG3,34,0.0037
BLZF1,34,0.0037
FKBP15,34,0.0037
PLB1,34,0.0037
AFG2A,34,0.0037
MCM3AP,34,0.0037
SGMS1,34,0.0037
GTF3C4,34,0.0037
TUBB,34,0.0037
SUN1,34,0.0037
TSPAN8,34,0.0037
EDN2,34,0.0037
SZT2,34,0.0037
SPRR2B,34,0.0037
TP53I11,34,0.0037
ACKR2,34,0.0037
FAM174A,34,0.0037
DACT2,34,0.0037
CGGBP1,34,0.0037
DMTN,34,0.0037
RBM47,34,0.0037
SLC30A9,34,0.0037
TRIM23,34,0.0037
AGO4,34,0.0037
RCE1,34,0.0037
ANKRD33,34,0.0037
MB21D2,34,0.0037
COQ2,34,0.0037
OLIG3,34,0.0037
MAGI2,34,0.0037
TSPY2,34,0.0037
OR4C3,34,0.0037
PPP1R3A,34,0.0037
USP37,34,0.0037
NRDE2,34,0.0037
C4orf48,34,0.0037
CERS3,34,0.0037
KLHDC2,34,0.0037
OR4L1,34,0.0037
BMI1,34,0.0037
SPTSSA,34,0.0037
SPATA9,34,0.0037
MANSC1,34,0.0037
ANKRD18A,34,0.0037
SAP30,34,0.0037
DKKL1,34,0.0037
ERV3-1,34,0.0037
LHFPL6,34,0.0037
CTXN2,34,0.0037
MPP3,34,0.0037
RXFP1,34,0.0037
DEFB123,34,0.0037
PPA1,34,0.0037
EPHB3,34,0.0037
POLK,34,0.0037
MTIF3,34,0.0037
DUSP8,34,0.0037
CD200,34,0.0037
UBE2QL1,34,0.0037
CHRFAM7A,34,0.0037
PIK3CA,34,0.0037
GABRB2,34,0.0037
ARHGEF1,34,0.0037
RASA1,34,0.0037
KCTD19,34,0.0037
RHD,34,0.0037
TRIM47,34,0.0037
DTX3L,34,0.0037
KRTAP4-16,34,0.0037
CMKLR2,34,0.0037
C16orf90,34,0.0037
ZKSCAN2,34,0.0037
RTN4R,34,0.0037
POU2AF1,34,0.0037
SYNGR4,34,0.0037
TSPAN14,34,0.0037
CHCHD4,34,0.0037
SPINK4,34,0.0037
CTDP1,34,0.0037
TNFRSF11A,34,0.0037
POLRMT,34,0.0037
ZSWIM3,34,0.0037
HECTD1,34,0.0037
TDRD7,34,0.0037
DENND1C,34,0.0037
C6orf163,34,0.0037
VPS26A,34,0.0037
DKK2,34,0.0037
TBK1,34,0.0037
SLC25A39,34,0.0037
TFAM,34,0.0037
SYNGR1,34,0.0037
IKZF3,34,0.0037
SMIM21,34,0.0037
ATP2A3,34,0.0037
GRK4,34,0.0037
RMI1,34,0.0037
STARD7,34,0.0037
RUFY2,34,0.0037
SERPINA7,34,0.0037
CREBZF,34,0.0037
RD3L,34,0.0037
OR6B1,34,0.0037
DNAJC13,34,0.0037
WDR77,34,0.0037
CARD9,34,0.0037
YIPF4,34,0.0037
SMAD4,34,0.0037
OR2T8,34,0.0037
H2BK1,34,0.0037
HNRNPA1L2,34,0.0037
HHATL,34,0.0037
ISX,34,0.0037
RESP18,34,0.0037
RAP1A,34,0.0037
CGRRF1,34,0.0037
PLXDC2,33,0.0036
CLRN1,33,0.0036
BAALC,33,0.0036
TBX19,33,0.0036
CCR2,33,0.0036
ACKR1,33,0.0036
GP1BA,33,0.0036
AGAP5,33,0.0036
INSYN1,33,0.0036
OPTN,33,0.0036
CD48,33,0.0036
ZMYND15,33,0.0036
UBE2J1,33,0.0036
OR8K1,33,0.0036
KCNF1,33,0.0036
SMG1,33,0.0036
DNM1L,33,0.0036
PHACTR1,33,0.0036
TERB1,33,0.0036
GAPT,33,0.0036
RASGRF1,33,0.0036
SAMD8,33,0.0036
OR4N5,33,0.0036
PALS1,33,0.0036
TMEM229B,33,0.0036
CYP4B1,33,0.0036
CYP4X1,33,0.0036
SPZ1,33,0.0036
KCTD13,33,0.0036
CLVS2,33,0.0036
NOS1AP,33,0.0036
CHD3,33,0.0036
MYH13,33,0.0036
MYH4,33,0.0036
AWAT2,33,0.0036
CTDNEP1,33,0.0036
KCNA3,33,0.0036
PCDHA4,33,0.0036
CNTN4,33,0.0036
TYK2,33,0.0036
SVIL,33,0.0036
RHOU,33,0.0036
MAGEB16,33,0.0036
DBNDD1,33,0.0036
PDZD11,33,0.0036
RBM18,33,0.0036
CCDC32,33,0.0036
MSL3,33,0.0036
PIN4,33,0.0036
YEATS4,33,0.0036
PTPRJ,33,0.0036
NR1H3,33,0.0036
YJU2,33,0.0036
RGMB,33,0.0036
ARF5,33,0.0036
THBS4,33,0.0036
EPGN,33,0.0036
RPS15A,33,0.0036
PADI4,33,0.0036
MAP9,33,0.0036
JMJD1C,33,0.0036
ABHD17C,33,0.0036
ESCO1,33,0.0036
TBCK,33,0.0036
SNAP25,33,0.0036
KLHL30,33,0.0036
PIH1D2,33,0.0036
TRIM71,33,0.0036
LLCFC1,33,0.0036
UBE2M,33,0.0036
SS18,33,0.0036
NLRP13,33,0.0036
SSPN,33,0.0036
HERC4,33,0.0036
MPZL3,33,0.0036
NOS3,33,0.0036
MT3,33,0.0036
CCNI,33,0.0036
CNOT6L,33,0.0036
GABBR2,33,0.0036
SHE,33,0.0036
CYP11B2,33,0.0036
VSTM4,33,0.0036
RABAC1,33,0.0036
ITGAD,33,0.0036
ITPRIP,33,0.0036
TDRP,33,0.0036
CEP295NL,33,0.0036
KIF3C,33,0.0036
OR5J2,33,0.0036
LRRC8C,33,0.0036
GRXCR2,33,0.0036
SPINK14,33,0.0036
SPATA18,33,0.0036
ANO10,33,0.0036
ARL13B,33,0.0036
SORCS2,33,0.0036
ZP3,33,0.0036
EBPL,33,0.0036
LPO,33,0.0036
EPX,33,0.0036
ANKRD40,33,0.0036
RASIP1,33,0.0036
SF3B5,33,0.0036
HOXB5,33,0.0036
RAB21,33,0.0036
SPX,33,0.0036
HCFC1R1,33,0.0036
OSTF1,33,0.0036
SMARCD2,33,0.0036
SPATA2,33,0.0036
NOL6,33,0.0036
LYPD3,33,0.0036
CLCN3,33,0.0036
UBXN11,33,0.0036
SETD2,33,0.0036
TBL1X,33,0.0036
ANKRD36B,33,0.0036
PLPP4,33,0.0036
GORASP2,33,0.0036
PAQR8,33,0.0036
PAK5,33,0.0036
CD3E,33,0.0036
ZNF576,33,0.0036
ARHGEF12,33,0.0036
FBXL15,33,0.0036
MPIG6B,33,0.0036
MARK2,33,0.0036
TFF3,33,0.0036
PIGV,33,0.0036
RNF151,33,0.0036
EYA2,33,0.0036
TMEFF2,33,0.0036
KRT7,33,0.0036
PIN1,33,0.0036
DTNB,33,0.0036
PRMT1,33,0.0036
MATR3,33,0.0036
LRRC24,33,0.0036
SYVN1,33,0.0036
QRFP,33,0.0036
LIN7C,33,0.0036
PCYT1A,33,0.0036
DNM1,33,0.0036
SETSIP,33,0.0036
PTCRA,33,0.0036
NCMAP,33,0.0036
OR1L4,33,0.0036
C1orf87,33,0.0036
PRAMEF15,33,0.0036
KLHDC7A,33,0.0036
LONRF1,33,0.0036
ATP13A1,33,0.0036
CBLN2,33,0.0036
TRIOBP,33,0.0036
INPP5J,33,0.0036
KLHL10,33,0.0036
BSDC1,33,0.0036
COG3,33,0.0036
TP63,33,0.0036
TPH1,33,0.0036
NYX,33,0.0036
STAB2,33,0.0036
CD72,33,0.0036
RBM4B,33,0.0036
SLITRK6,33,0.0036
EQTN,33,0.0036
NFYC,33,0.0036
OR2V2,33,0.0036
FAM83G,33,0.0036
NEO1,33,0.0036
NEDD4L,33,0.0036
SEC11C,33,0.0036
MAP4K3,33,0.0036
SLC25A10,33,0.0036
OR5A1,33,0.0036
KRT77,33,0.0036
RHAG,33,0.0036
ABHD5,33,0.0036
TGM4,33,0.0036
EFNB1,33,0.0036
COX7A2,33,0.0036
CCNB3,33,0.0036
SNRPB,33,0.0036
PARP16,33,0.0036
ABCG5,33,0.0036
CCDC163,33,0.0036
ARHGAP23,33,0.0036
C2orf88,33,0.0036
TMEM208,33,0.0036
MST1R,33,0.0036
TBC1D28,33,0.0036
HAUS8,33,0.0036
OR10A6,33,0.0036
TRAPPC13,33,0.0036
ASCL2,33,0.0036
XPO7,33,0.0036
DNAJC11,33,0.0036
OR52N4,33,0.0036
AP2M1,33,0.0036
SERPINI2,33,0.0036
VPS54,33,0.0036
BRDT,33,0.0036
AADACL4,33,0.0036
NR4A2,33,0.0036
SCN3A,33,0.0036
MYOD1,33,0.0036
SYT2,33,0.0036
RAD54B,32,0.0035
RNF149,32,0.0035
KLRG1,32,0.0035
PLD4,32,0.0035
TTLL5,32,0.0035
GABRA2,32,0.0035
GABRB1,32,0.0035
PLXNA4,32,0.0035
PDCD2,32,0.0035
CYBB,32,0.0035
BFAR,32,0.0035
NCR3,32,0.0035
IGLV5-52,32,0.0035
EPS8,32,0.0035
PMAIP1,32,0.0035
PTCD1,32,0.0035
RIN3,32,0.0035
TNMD,32,0.0035
SRPX2,32,0.0035
SLC25A42,32,0.0035
CYB5A,32,0.0035
LNPK,32,0.0035
SEMA5A,32,0.0035
TMEM140,32,0.0035
RNF181,32,0.0035
CHTF18,32,0.0035
SYT12,32,0.0035
RNF122,32,0.0035
BRF2,32,0.0035
PLPP5,32,0.0035
SLC16A4,32,0.0035
KLHL29,32,0.0035
RSPH1,32,0.0035
OPALIN,32,0.0035
MALRD1,32,0.0035
TGIF2,32,0.0035
C11orf24,32,0.0035
POU5F2,32,0.0035
LCN2,32,0.0035
TSPOAP1,32,0.0035
CYP11A1,32,0.0035
FAM3A,32,0.0035
TMEM187,32,0.0035
PERM1,32,0.0035
OMA1,32,0.0035
L1TD1,32,0.0035
IFNGR2,32,0.0035
C7orf57,32,0.0035
SERPING1,32,0.0035
MCM9,32,0.0035
CCDC169,32,0.0035
ZDHHC6,32,0.0035
ATRNL1,32,0.0035
GPR35,32,0.0035
WDR82,32,0.0035
OR6A2,32,0.0035
BCAN,32,0.0035
GLRX,32,0.0035
CCNA2,32,0.0035
POU4F2,32,0.0035
RHEB,32,0.0035
CDR2,32,0.0035
ZKSCAN4,32,0.0035
DLG1,32,0.0035
NCR3LG1,32,0.0035
DEFB106B,32,0.0035
DIPK2A,32,0.0035
VWC2,32,0.0035
SLC25A35,32,0.0035
PSMA4,32,0.0035
SLC25A40,32,0.0035
TOMM20,32,0.0035
RAB6B,32,0.0035
CCL2,32,0.0035
ABHD15,32,0.0035
KIT,32,0.0035
EFCAB6,32,0.0035
IGLON5,32,0.0035
NLRP10,32,0.0035
FZD6,32,0.0035
VAMP1,32,0.0035
PKIG,32,0.0035
CCDC85B,32,0.0035
GUCY1A2,32,0.0035
TCEA2,32,0.0035
TMEM67,32,0.0035
PLA2R1,32,0.0035
GABRE,32,0.0035
TBX22,32,0.0035
MYH2,32,0.0035
ARHGAP44,32,0.0035
GRHL3,32,0.0035
NOP58,32,0.0035
RRAGA,32,0.0035
PPP4R2,32,0.0035
VGLL3,32,0.0035
NGEF,32,0.0035
PPP2R2A,32,0.0035
DOCK10,32,0.0035
ZSCAN5A,32,0.0035
NFAM1,32,0.0035
XPO5,32,0.0035
AP3B2,32,0.0035
OCRL,32,0.0035
IGKV3D-15,32,0.0035
CHD8,32,0.0035
STK39,32,0.0035
TCAF1,32,0.0035
STAC,32,0.0035
CHST9,32,0.0035
METRNL,32,0.0035
MB,32,0.0035
PKN3,32,0.0035
FMO5,32,0.0035
NLRC4,32,0.0035
FAM98A,32,0.0035
GABRQ,32,0.0035
SLC31A2,32,0.0035
TMEM52,32,0.0035
CDK5RAP2,32,0.0035
ZSWIM6,32,0.0035
TMEM81,32,0.0035
HNRNPLL,32,0.0035
CLIP4,32,0.0035
LRRC49,32,0.0035
DLGAP1,32,0.0035
SNX4,32,0.0035
CHIC2,32,0.0035
PTP4A1,32,0.0035
MCHR2,32,0.0035
ITGAE,32,0.0035
OR3A1,32,0.0035
ANKRD13A,32,0.0035
VSX2,32,0.0035
CABLES1,32,0.0035
CT45A3,32,0.0035
BRK1,32,0.0035
DCLK1,32,0.0035
VAV2,32,0.0035
OR4K13,32,0.0035
ITGA9,32,0.0035
KCNA4,32,0.0035
ASB7,32,0.0035
TMEM234,32,0.0035
HDAC1,32,0.0035
KLHL12,32,0.0035
ZNF638,32,0.0035
CTTN,32,0.0035
PLCXD3,32,0.0035
PREX2,32,0.0035
GSDMB,32,0.0035
RAB35,32,0.0035
SLC7A6,32,0.0035
DDX6,32,0.0035
RALYL,32,0.0035
SLC26A8,32,0.0035
FZD9,32,0.0035
BPIFB6,32,0.0035
MLLT11,32,0.0035
GARIN5B,32,0.0035
VSTM1,32,0.0035
AAMP,32,0.0035
TAB2,32,0.0035
UBR1,32,0.0035
NCOA4,32,0.0035
ARHGAP11B,32,0.0035
METTL4,32,0.0035
CFAP276,32,0.0035
RBMXL1,32,0.0035
VSIG8,32,0.0035
ARID1A,32,0.0035
RPL23A,32,0.0035
TLCD1,32,0.0035
SH3KBP1,32,0.0035
GCLC,32,0.0035
UGT8,32,0.0035
VSIG2,32,0.0035
USF2,32,0.0035
PCDHGB3,32,0.0035
TMEM123,32,0.0035
OR5K1,32,0.0035
TBC1D23,32,0.0035
SVIP,32,0.0035
LEMD3,32,0.0035
FANCE,32,0.0035
SEBOX,32,0.0035
TSPAN31,32,0.0035
OR5T1,32,0.0035
OR5AR1,32,0.0035
RXFP4,32,0.0035
DHX8,32,0.0035
MYO10,32,0.0035
LPAR5,32,0.0035
OTOP1,32,0.0035
NR2C1,32,0.0035
ITGAM,32,0.0035
MOV10,32,0.0035
ACSBG2,32,0.0035
NPLOC4,32,0.0035
XPO6,32,0.0035
CD82,32,0.0035
NKX2-8,32,0.0035
MAP1A,32,0.0035
EIF3J,32,0.0035
SLC24A5,32,0.0035
TMEM106A,32,0.0035
FYN,32,0.0035
PAN2,32,0.0035
ZNFX1,32,0.0035
SLC6A13,32,0.0035
IGLV1-50,32,0.0035
RHOG,32,0.0035
EPHB4,32,0.0035
PFN2,32,0.0035
HNRNPL,32,0.0035
NRROS,32,0.0035
IER2,32,0.0035
SIGLEC12,32,0.0035
CCDC91,32,0.0035
PRUNE2,32,0.0035
MAMDC2,32,0.0035
YPEL2,32,0.0035
CCDC74B,32,0.0035
HOXC6,32,0.0035
PANX1,31,0.0034
LEUTX,31,0.0034
DENND2C,31,0.0034
COL6A6,31,0.0034
IGKV1D-42,31,0.0034
LRRD1,31,0.0034
FAM181B,31,0.0034
MCM6,31,0.0034
ANKRD17,31,0.0034
SYNRG,31,0.0034
MORN1,31,0.0034
CRLF1,31,0.0034
LGR4,31,0.0034
H1-5,31,0.0034
PHLDB2,31,0.0034
HECW2,31,0.0034
KLHL24,31,0.0034
SPINT1,31,0.0034
FOXD4L5,31,0.0034
CDKN2AIP,31,0.0034
CDR2L,31,0.0034
WDTC1,31,0.0034
SIGLEC6,31,0.0034
ARF4,31,0.0034
KIF14,31,0.0034
UNC13C,31,0.0034
TM4SF18,31,0.0034
SMIM26,31,0.0034
IGHV3-35,31,0.0034
SLIRP,31,0.0034
OR4D5,31,0.0034
SLC36A1,31,0.0034
RYK,31,0.0034
ARHGAP29,31,0.0034
LY6S,31,0.0034
CCNK,31,0.0034
SMG6,31,0.0034
DDX11,31,0.0034
UPF3A,31,0.0034
P2RY6,31,0.0034
LIMD2,31,0.0034
ACVRL1,31,0.0034
SRPK1,31,0.0034
HCAR1,31,0.0034
GRIA3,31,0.0034
GRHL1,31,0.0034
NUDT18,31,0.0034
DMRTB1,31,0.0034
OR4C12,31,0.0034
SORT1,31,0.0034
C4orf3,31,0.0034
SECISBP2,31,0.0034
TRBV5-1,31,0.0034
TMEM147,31,0.0034
DET1,31,0.0034
ACTN2,31,0.0034
TOP3A,31,0.0034
CCDC15,31,0.0034
SYPL2,31,0.0034
UGP2,31,0.0034
HLA-DMB,31,0.0034
SLC10A7,31,0.0034
TMEM26,31,0.0034
UNC5A,31,0.0034
ZCCHC4,31,0.0034
ACBD6,31,0.0034
CCR10,31,0.0034
ADAR,31,0.0034
KCNC2,31,0.0034
IGIP,31,0.0034
CARM1,31,0.0034
RHCG,31,0.0034
TOMM6,31,0.0034
ANKRD13B,31,0.0034
MVP,31,0.0034
UBAC1,31,0.0034
OR52K1,31,0.0034
CD81,31,0.0034
IHO1,31,0.0034
BRMS1L,31,0.0034
KRT71,31,0.0034
C11orf42,31,0.0034
ANKRD10,31,0.0034
UBE4A,31,0.0034
TMCC2,31,0.0034
NACC1,31,0.0034
UTS2R,31,0.0034
IQGAP3,31,0.0034
GRB2,31,0.0034
TEAD2,31,0.0034
PCDHAC1,31,0.0034
ELMOD3,31,0.0034
ABCC3,31,0.0034
LETM1,31,0.0034
SRC,31,0.0034
C2orf69,31,0.0034
TTK,31,0.0034
AKIRIN2,31,0.0034
RUNX1T1,31,0.0034
OR52R1,31,0.0034
TRAV12-2,31,0.0034
EXTL2,31,0.0034
DPPA4,31,0.0034
LTB4R2,31,0.0034
ANO5,31,0.0034
KRTAP4-4,31,0.0034
ORMDL3,31,0.0034
RARA,31,0.0034
SEMA7A,31,0.0034
LAIR2,31,0.0034
DENND4C,31,0.0034
ITGB7,31,0.0034
F2RL2,31,0.0034
MTMR11,31,0.0034
RPL4,31,0.0034
USP14,31,0.0034
RLIG1,31,0.0034
OFD1,31,0.0034
HMX2,31,0.0034
ERP44,31,0.0034
DYNLT3,31,0.0034
CRYAA,31,0.0034
CBY2,31,0.0034
CALD1,31,0.0034
DKC1,31,0.0034
ZCCHC8,31,0.0034
ITGA2,31,0.0034
COX7C,31,0.0034
MSANTD3,31,0.0034
ATP5MC3,31,0.0034
PSAP,31,0.0034
DYNC1I2,31,0.0034
LCNL1,31,0.0034
C18orf21,31,0.0034
CCDC121,31,0.0034
ZNF488,31,0.0034
HIRIP3,31,0.0034
C5orf47,31,0.0034
HSPA1A,31,0.0034
NCBP1,31,0.0034
P2RY8,31,0.0034
MLXIPL,31,0.0034
CCRL2,31,0.0034
BIRC6,31,0.0034
PCDHB15,31,0.0034
SHROOM4,31,0.0034
C3orf33,31,0.0034
LRRC17,31,0.0034
STAM,31,0.0034
ACTR2,31,0.0034
ULBP2,31,0.0034
ITGB3,31,0.0034
GNG10,31,0.0034
YBX3,31,0.0034
BABAM2,31,0.0034
TSGA13,31,0.0034
CTNNB1,31,0.0034
MS4A2,31,0.0034
SLC25A26,31,0.0034
NR2E1,31,0.0034
CCDC60,31,0.0034
FGF16,31,0.0034
SLC7A5,31,0.0034
LRFN2,31,0.0034
SH3BP1,31,0.0034
PLK2,31,0.0034
LRRC75A,31,0.0034
PPIL4,31,0.0034
POLR1F,31,0.0034
SELENOP,31,0.0034
NDUFAF8,31,0.0034
SLC48A1,31,0.0034
KLRD1,31,0.0034
ZFR2,31,0.0034
GTF2IRD2B,31,0.0034
CASD1,31,0.0034
NR2F6,31,0.0034
NEK9,31,0.0034
DERL2,31,0.0034
RAPGEF3,31,0.0034
CD302,31,0.0034
SIPA1L1,31,0.0034
CXCL17,31,0.0034
WDFY4,31,0.0034
KIN,31,0.0034
PARP4,31,0.0034
MEGF6,31,0.0034
CD79A,30,0.0033
FOXN2,30,0.0033
PLEKHD1,30,0.0033
SMOC1,30,0.0033
CLBA1,30,0.0033
TEDC1,30,0.0033
VRTN,30,0.0033
ABHD6,30,0.0033
ERVH48-1,30,0.0033
GGCX,30,0.0033
STK3,30,0.0033
EDIL3,30,0.0033
CCNYL1,30,0.0033
MYCL,30,0.0033
RBSN,30,0.0033
STUM,30,0.0033
C4BPB,30,0.0033
LRTM1,30,0.0033
TRAV13-2,30,0.0033
PLEKHG3,30,0.0033
SLC6A7,30,0.0033
FAM9C,30,0.0033
COL5A2,30,0.0033
RNF32,30,0.0033
TREML1,30,0.0033
PPP1R2,30,0.0033
KRTAP9-1,30,0.0033
TLR7,30,0.0033
ABCC6,30,0.0033
SEC22C,30,0.0033
MAFK,30,0.0033
BLOC1S2,30,0.0033
ERI2,30,0.0033
SLC29A1,30,0.0033
PDZRN4,30,0.0033
MPZL1,30,0.0033
SRPX,30,0.0033
OPN5,30,0.0033
IST1,30,0.0033
VPS72,30,0.0033
IGSF3,30,0.0033
FMO3,30,0.0033
CACYBP,30,0.0033
KAZALD1,30,0.0033
PLAC8L1,30,0.0033
THBS2,30,0.0033
MMP19,30,0.0033
ABCG1,30,0.0033
HSPA1B,30,0.0033
PXDNL,30,0.0033
RBIS,30,0.0033
MT-ND3,30,0.0033
CD160,30,0.0033
TMEM139,30,0.0033
RTP4,30,0.0033
NAIP,30,0.0033
CCDC125,30,0.0033
USP54,30,0.0033
SKOR1,30,0.0033
KNSTRN,30,0.0033
GPR25,30,0.0033
ABCD1,30,0.0033
RNF41,30,0.0033
PTGES3,30,0.0033
OR2T6,30,0.0033
NOL7,30,0.0033
DEK,30,0.0033
ATOH8,30,0.0033
EID1,30,0.0033
ARFGEF2,30,0.0033
NAB1,30,0.0033
KCMF1,30,0.0033
RAG1,30,0.0033
WDFY3,30,0.0033
WIPF2,30,0.0033
GPR183,30,0.0033
IQCF2,30,0.0033
SLC39A11,30,0.0033
MYBPC2,30,0.0033
NLRC3,30,0.0033
ATP5MC2,30,0.0033
CACNG5,30,0.0033
ZNG1E,30,0.0033
COLQ,30,0.0033
MAP3K7,30,0.0033
OR51F1,30,0.0033
C20orf204,30,0.0033
PEX19,30,0.0033
RND3,30,0.0033
POLR2M,30,0.0033
ETV3L,30,0.0033
PALMD,30,0.0033
PRAMEF7,30,0.0033
COX8C,30,0.0033
LRRC40,30,0.0033
IBTK,30,0.0033
IGLV2-33,30,0.0033
MED13L,30,0.0033
FAM98B,30,0.0033
TRAV13-1,30,0.0033
SUV39H2,30,0.0033
TRAV8-1,30,0.0033
AMMECR1,30,0.0033
PRELID2,30,0.0033
STK32A,30,0.0033
FAM72A,30,0.0033
WFDC13,30,0.0033
TRGV1,30,0.0033
EXOC1L,30,0.0033
FFAR3,30,0.0033
FXYD1,30,0.0033
PSMA5,30,0.0033
DERL3,30,0.0033
POLI,30,0.0033
DIS3L2,30,0.0033
OR8B2,30,0.0033
TRDV3,30,0.0033
CDC25C,30,0.0033
KRIT1,30,0.0033
CACNA2D1,30,0.0033
OR10H1,30,0.0033
SLC1A6,30,0.0033
RPS14,30,0.0033
IL6ST,30,0.0033
PLEKHH1,30,0.0033
CUL7,30,0.0033
FNDC8,30,0.0033
NR4A3,30,0.0033
GIT1,30,0.0033
TNFRSF10C,30,0.0033
SLC30A1,30,0.0033
TRAV26-2,30,0.0033
KLRF1,30,0.0033
CCPG1,30,0.0033
OR5K2,30,0.0033
OR10J5,30,0.0033
CLCN5,30,0.0033
DNAJC25,30,0.0033
CCDC71L,30,0.0033
LRRC19,30,0.0033
RIMBP3,30,0.0033
CLEC9A,30,0.0033
GNG2,30,0.0033
STYX,30,0.0033
GPR132,30,0.0033
TNFRSF4,30,0.0033
IGHM,30,0.0033
FXYD6,30,0.0033
BAMBI,30,0.0033
PPFIA1,30,0.0033
CCNT1,30,0.0033
TMEM170B,30,0.0033
MLXIP,30,0.0033
FAM83C,30,0.0033
NACAD,30,0.0033
KLRC2,30,0.0033
JAGN1,30,0.0033
SLC30A4,30,0.0033
ADGRB1,30,0.0033
ATCAY,30,0.0033
MARCHF3,30,0.0033
ADAM15,30,0.0033
GRID1,30,0.0033
LRRC42,30,0.0033
PHKG2,30,0.0033
ATRAID,30,0.0033
WAS,30,0.0033
SSX3,30,0.0033
USP1,30,0.0033
AGPAT3,30,0.0033
OR8H3,30,0.0033
CD74,30,0.0033
ZBTB17,30,0.0033
HSP90AA1,30,0.0033
PPIL1,30,0.0033
USP38,30,0.0033
TCTA,30,0.0033
OR5M1,30,0.0033
FBXO42,30,0.0033
CCDC96,30,0.0033
ADAM11,30,0.0033
PTCH1,30,0.0033
TPH2,30,0.0033
NAV3,30,0.0033
PRKAA1,30,0.0033
GDPD3,30,0.0033
STARD13,30,0.0033
HCST,30,0.0033
SMIM27,30,0.0033
TASL,30,0.0033
DACT3,30,0.0033
TOMM40,30,0.0033
SLC10A5,30,0.0033
DDX21,30,0.0033
PPARA,30,0.0033
ETV4,30,0.0033
PRPS2,30,0.0033
NANOGNB,30,0.0033
VRK3,30,0.0033
OR5M11,30,0.0033
CHST1,30,0.0033
KLHL7,30,0.0033
SLC25A19,30,0.0033
SHISA5,30,0.0033
RNF8,30,0.0033
RAET1L,30,0.0033
SYT15,30,0.0033
RASSF8,30,0.0033
NECTIN2,30,0.0033
XCR1,30,0.0033
POGK,30,0.0033
CAMK1G,30,0.0033
CYP1A2,30,0.0033
NKX6-2,30,0.0033
BHLHA9,30,0.0033
CD1C,30,0.0033
GPC4,30,0.0033
USP46,30,0.0033
PIP4K2B,30,0.0033
TBC1D22B,30,0.0033
BCAP31,30,0.0033
DEPDC7,30,0.0033
PLA2G3,30,0.0033
LIN7A,30,0.0033
PPP1R3G,30,0.0033
SSR1,30,0.0033
WIPF3,30,0.0033
H2BC21,30,0.0033
KLRG2,29,0.0032
DENND2A,29,0.0032
ADCK2,29,0.0032
TRIM49,29,0.0032
GDPD5,29,0.0032
SERPINE2,29,0.0032
EIF4A2,29,0.0032
GRK7,29,0.0032
EXD2,29,0.0032
SUSD6,29,0.0032
ITGB6,29,0.0032
LYSET,29,0.0032
CXCR4,29,0.0032
HNMT,29,0.0032
CRIM1,29,0.0032
SKP2,29,0.0032
CFAP57,29,0.0032
RPS6KB2,29,0.0032
LGALS3BP,29,0.0032
PROCR,29,0.0032
DRAP1,29,0.0032
UBC,29,0.0032
OR2T27,29,0.0032
H3-3A,29,0.0032
TRIM59,29,0.0032
PLA2G10,29,0.0032
NPY2R,29,0.0032
RABGAP1,29,0.0032
DDX3X,29,0.0032
MAPRE3,29,0.0032
C12orf75,29,0.0032
PRKCD,29,0.0032
BMT2,29,0.0032
IL4I1,29,0.0032
CYTH2,29,0.0032
C1orf74,29,0.0032
PEDS1,29,0.0032
JAK1,29,0.0032
BACH1,29,0.0032
OR6P1,29,0.0032
TAPT1,29,0.0032
FADS2,29,0.0032
MRC2,29,0.0032
DDR1,29,0.0032
PDLIM1,29,0.0032
HSPA5,29,0.0032
CYTH3,29,0.0032
BOD1,29,0.0032
BCL2L10,29,0.0032
WASL,29,0.0032
ARHGEF38,29,0.0032
DAPK3,29,0.0032
PEAK3,29,0.0032
STAU1,29,0.0032
GPR33,29,0.0032
ATF6B,29,0.0032
STXBP4,29,0.0032
RNPEP,29,0.0032
JPT2,29,0.0032
TMEM94,29,0.0032
SIGLEC9,29,0.0032
LYL1,29,0.0032
FBXO28,29,0.0032
MAML2,29,0.0032
RNF138,29,0.0032
RNF14,29,0.0032
TRAV2,29,0.0032
MTBP,29,0.0032
ENSA,29,0.0032
H1-7,29,0.0032
ANAPC11,29,0.0032
MYADML2,29,0.0032
ABCB6,29,0.0032
DMRTA1,29,0.0032
TRAV12-1,29,0.0032
KCNN1,29,0.0032
CDHR5,29,0.0032
BEX1,29,0.0032
IGLV11-55,29,0.0032
LTBR,29,0.0032
CCDC77,29,0.0032
IQSEC3,29,0.0032
SLC51B,29,0.0032
SLC36A4,29,0.0032
MYOM1,29,0.0032
RARG,29,0.0032
FILIP1,29,0.0032
PHF3,29,0.0032
PPP1R3B,29,0.0032
ISM1,29,0.0032
MCM8,29,0.0032
RPH3AL,29,0.0032
ZFPM1,29,0.0032
ATF6,29,0.0032
NRSN2,29,0.0032
TSPAN1,29,0.0032
RPAP2,29,0.0032
FLI1,29,0.0032
DACH2,29,0.0032
VSIG10,29,0.0032
IGSF8,29,0.0032
TRAV25,29,0.0032
MSC,29,0.0032
KCNE5,29,0.0032
ABCB4,29,0.0032
SNRPA,29,0.0032
ARHGEF18,29,0.0032
CHST2,29,0.0032
IL22RA2,29,0.0032
ARFGAP3,29,0.0032
CDIP1,29,0.0032
APLN,29,0.0032
ID2,29,0.0032
CX3CL1,29,0.0032
MMP15,29,0.0032
PIGW,29,0.0032
RCHY1,29,0.0032
CALM2,29,0.0032
ANKUB1,29,0.0032
BCL10,29,0.0032
SLFN12,29,0.0032
OR2A4,29,0.0032
SP140,29,0.0032
SLC16A8,29,0.0032
TMEM128,29,0.0032
G3BP2,29,0.0032
SNX20,29,0.0032
UHRF1,29,0.0032
RASGEF1A,29,0.0032
TMEM72,29,0.0032
FKBP1B,29,0.0032
B3GNT2,29,0.0032
SHOX,29,0.0032
TANGO6,29,0.0032
MCM2,29,0.0032
SYNE1,29,0.0032
NEPRO,29,0.0032
SFI1,29,0.0032
AGGF1,29,0.0032
TMEM167A,29,0.0032
YWHAH,29,0.0032
SMIM18,29,0.0032
TADA2B,29,0.0032
STK32B,29,0.0032
GRHL2,29,0.0032
ESRRG,29,0.0032
PLS3,29,0.0032
TRPV1,29,0.0032
NHLH1,29,0.0032
SLAMF1,29,0.0032
SLAMF9,29,0.0032
CEP104,29,0.0032
RXFP2,29,0.0032
MAB21L1,29,0.0032
GADD45G,29,0.0032
INTU,29,0.0032
MEOX1,29,0.0032
CNTD1,29,0.0032
LIN37,29,0.0032
GPR158,29,0.0032
BCL3,29,0.0032
POU2F3,29,0.0032
CDK5R2,29,0.0032
FBN3,29,0.0032
DEFB105A,29,0.0032
CAPZB,29,0.0032
TBKBP1,29,0.0032
LBH,29,0.0032
SLC28A2,29,0.0032
FAM83E,29,0.0032
LSM6,29,0.0032
PPP1CB,29,0.0032
RPS18,29,0.0032
YTHDF3,29,0.0032
ENHO,29,0.0032
CCK,29,0.0032
NAA30,29,0.0032
TRBV25-1,29,0.0032
DEPP1,29,0.0032
SPANXB1,29,0.0032
TMEM25,29,0.0032
MGAT3,29,0.0032
EIF4E,29,0.0032
INPP5D,29,0.0032
NXPH4,29,0.0032
UPK1B,29,0.0032
PI4K2B,29,0.0032
RPL22,29,0.0032
ZBTB24,29,0.0032
MAN1A2,29,0.0032
TACSTD2,29,0.0032
NEURL1B,29,0.0032
APOF,29,0.0032
LRGUK,29,0.0032
SLITRK3,29,0.0032
FXYD7,29,0.0032
PAGE3,29,0.0032
SLC17A5,29,0.0032
APLF,29,0.0032
SCAF11,29,0.0032
CLN6,29,0.0032
C18orf32,29,0.0032
PPP1R3E,29,0.0032
ANKRD34C,29,0.0032
GPS1,29,0.0032
C14orf93,29,0.0032
ARL6IP6,29,0.0032
LYSMD2,29,0.0032
RNF222,29,0.0032
TEX46,29,0.0032
CST6,29,0.0032
CD248,29,0.0032
BTBD17,29,0.0032
PPP1R3C,29,0.0032
POTEM,29,0.0032
ATP2B4,29,0.0032
PXDC1,29,0.0032
C14orf39,29,0.0032
CYP4Z1,28,0.003
PELI3,28,0.003
ABCB5,28,0.003
DNAJB11,28,0.003
MAU2,28,0.003
GNG5B,28,0.003
CACNA2D4,28,0.003
TRAV3,28,0.003
PPM1A,28,0.003
TP73,28,0.003
TRDV1,28,0.003
KIAA1217,28,0.003
NDC80,28,0.003
TRAV5,28,0.003
GSC,28,0.003
CALM1,28,0.003
APOBEC1,28,0.003
RHCE,28,0.003
ZBED4,28,0.003
SLC22A5,28,0.003
SEPTIN8,28,0.003
TNIK,28,0.003
ALOX5,28,0.003
LAT2,28,0.003
VAV1,28,0.003
SNRPN,28,0.003
SEPTIN11,28,0.003
ARHGEF19,28,0.003
CD86,28,0.003
SLC1A2,28,0.003
SOWAHA,28,0.003
CNOT1,28,0.003
ETV6,28,0.003
SNX24,28,0.003
NOVA1,28,0.003
FABP4,28,0.003
SLC13A1,28,0.003
EN2,28,0.003
PDE7B,28,0.003
SEC61A1,28,0.003
CRIPT,28,0.003
PCDHA5,28,0.003
CNOT9,28,0.003
NEUROG1,28,0.003
CCDC117,28,0.003
KRTAP9-4,28,0.003
SF3A1,28,0.003
FBN1,28,0.003
B2M,28,0.003
DNAJB8,28,0.003
PPM1N,28,0.003
OR2M3,28,0.003
OR2T33,28,0.003
NOL11,28,0.003
C17orf50,28,0.003
MAP2K3,28,0.003
MATN4,28,0.003
PLTP,28,0.003
F11R,28,0.003
MAJIN,28,0.003
PARD3B,28,0.003
FAM83B,28,0.003
HBS1L,28,0.003
TLR8,28,0.003
CENPJ,28,0.003
NBEAL2,28,0.003
NEK6,28,0.003
FAM110D,28,0.003
CCDC186,28,0.003
SCML4,28,0.003
ITIH2,28,0.003
ENTREP2,28,0.003
SAT1,28,0.003
ELAPOR2,28,0.003
GPAT3,28,0.003
LRRTM1,28,0.003
HAS3,28,0.003
AQP12A,28,0.003
N4BP2L1,28,0.003
RAB39B,28,0.003
ANAPC4,28,0.003
CLEC18A,28,0.003
OR5C1,28,0.003
CENPA,28,0.003
KCNJ9,28,0.003
RNF5,28,0.003
OR9G1,28,0.003
IGSF11,28,0.003
ERMARD,28,0.003
ING3,28,0.003
ESR1,28,0.003
HEPACAM2,28,0.003
RNASET2,28,0.003
RNF225,28,0.003
FRMD7,28,0.003
HCLS1,28,0.003
ANKRD62,28,0.003
RABL6,28,0.003
BCL2,28,0.003
ARHGEF25,28,0.003
RAB11FIP3,28,0.003
TBC1D9B,28,0.003
SAMD14,28,0.003
ABCC5,28,0.003
TRIT1,28,0.003
KIF2B,28,0.003
SAMSN1,28,0.003
PPIE,28,0.003
KCNB2,28,0.003
MAVS,28,0.003
FCHSD2,28,0.003
KIF16B,28,0.003
KLHL4,28,0.003
KNDC1,28,0.003
RNF166,28,0.003
PLBD2,28,0.003
OR8H1,28,0.003
ALOX15,28,0.003
IFT81,28,0.003
SMIM1,28,0.003
ARID2,28,0.003
ARHGAP28,28,0.003
LRRC70,28,0.003
PNN,28,0.003
OR2M7,28,0.003
CD14,28,0.003
OR8B8,28,0.003
CYS1,28,0.003
CYSLTR2,28,0.003
WIF1,28,0.003
ARHGEF37,28,0.003
TMEM200B,28,0.003
PHF11,28,0.003
EFNA2,28,0.003
KLRC4,28,0.003
NDC1,28,0.003
DTL,28,0.003
SLX4IP,28,0.003
SPTAN1,28,0.003
BTN3A2,28,0.003
UBQLNL,28,0.003
APH1B,28,0.003
HNRNPU,28,0.003
EBF2,28,0.003
RPL10,28,0.003
C1GALT1C1,28,0.003
KCTD2,28,0.003
CCDC50,28,0.003
TRIM64C,28,0.003
CNTN2,28,0.003
DLGAP4,28,0.003
EFNB2,28,0.003
RBM8A,28,0.003
LIX1L,28,0.003
RAD54L2,28,0.003
SLC39A2,28,0.003
CCDC68,28,0.003
TRBV20-1,28,0.003
TRBV24-1,28,0.003
KCNJ4,28,0.003
GAS2L3,28,0.003
PYURF,28,0.003
NMBR,28,0.003
WWTR1,28,0.003
PPFIBP2,28,0.003
EMCN,28,0.003
TOP2A,28,0.003
ULBP1,28,0.003
ESM1,28,0.003
MAML3,28,0.003
ACSL5,28,0.003
RNF44,28,0.003
TRBV7-1,28,0.003
C1orf21,28,0.003
VASN,28,0.003
SGCE,28,0.003
ARHGAP33,28,0.003
GPM6A,28,0.003
SRD5A1,28,0.003
MELK,28,0.003
CARD10,28,0.003
BNIP2,28,0.003
IGF2BP2,28,0.003
TRIM40,28,0.003
HOXD10,28,0.003
HOXD8,28,0.003
PNCK,28,0.003
COL27A1,28,0.003
TCEA1,28,0.003
AHSG,28,0.003
CYB5D2,28,0.003
ZNF860,28,0.003
PALS2,28,0.003
P2RY10,28,0.003
OR52J3,28,0.003
NOTO,28,0.003
NOP9,28,0.003
STT3B,28,0.003
KCNS1,28,0.003
DAGLB,28,0.003
DHX9,28,0.003
CACUL1,28,0.003
HLTF,28,0.003
MAGEB6B,28,0.003
CD200R1,28,0.003
CUX2,28,0.003
OR2T12,28,0.003
NOTCH3,28,0.003
GGTLC3,28,0.003
INS,28,0.003
GLRA2,27,0.0029
GAR1,27,0.0029
ALPK1,27,0.0029
PIGX,27,0.0029
CHIC1,27,0.0029
PLPP1,27,0.0029
TPBG,27,0.0029
USF1,27,0.0029
RNF128,27,0.0029
PPP1CC,27,0.0029
NUP88,27,0.0029
ELOF1,27,0.0029
MACROD2,27,0.0029
TRBV29-1,27,0.0029
LZTS1,27,0.0029
IL1RAPL2,27,0.0029
MED26,27,0.0029
RAB3A,27,0.0029
ZSWIM5,27,0.0029
OR51G2,27,0.0029
ZC3H7A,27,0.0029
MEIOC,27,0.0029
PCDHB12,27,0.0029
PCLAF,27,0.0029
VKORC1L1,27,0.0029
DIS3,27,0.0029
UVSSA,27,0.0029
SLC5A10,27,0.0029
PCDHGA10,27,0.0029
CAMK2N1,27,0.0029
CSRP2,27,0.0029
CCDC71,27,0.0029
ZNF726,27,0.0029
PYY,27,0.0029
GDPD1,27,0.0029
OR5M10,27,0.0029
CELF4,27,0.0029
NLRP7,27,0.0029
HIF3A,27,0.0029
CLCA1,27,0.0029
SLC25A17,27,0.0029
YIF1B,27,0.0029
TRBV28,27,0.0029
MOSMO,27,0.0029
SLC10A3,27,0.0029
PHF10,27,0.0029
TEX55,27,0.0029
TIGIT,27,0.0029
TRAPPC10,27,0.0029
CCDC102B,27,0.0029
ZNF277,27,0.0029
ERN2,27,0.0029
UMOD,27,0.0029
NCAPG,27,0.0029
PTBP1,27,0.0029
TMEM200C,27,0.0029
PRKCA,27,0.0029
CLTRN,27,0.0029
SNTB2,27,0.0029
DCHS1,27,0.0029
BICRA,27,0.0029
TMEM52B,27,0.0029
CRYAB,27,0.0029
BATF3,27,0.0029
CERS2,27,0.0029
TMA7,27,0.0029
LYVE1,27,0.0029
PRSS54,27,0.0029
DDA1,27,0.0029
ERRFI1,27,0.0029
ZBTB16,27,0.0029
ZNF503,27,0.0029
RNF212B,27,0.0029
RNF187,27,0.0029
MAPK11,27,0.0029
TRAV18,27,0.0029
FAM24B,27,0.0029
MXRA5,27,0.0029
PAFAH1B1,27,0.0029
MYO1B,27,0.0029
NOA1,27,0.0029
PGS1,27,0.0029
SLC25A45,27,0.0029
GAS6,27,0.0029
CYCS,27,0.0029
SYT10,27,0.0029
CUL9,27,0.0029
ABCC8,27,0.0029
PRRX1,27,0.0029
TJAP1,27,0.0029
RFFL,27,0.0029
RAD23A,27,0.0029
JDP2,27,0.0029
NCBP2L,27,0.0029
SMTNL2,27,0.0029
BBOF1,27,0.0029
TRAV41,27,0.0029
GABRA3,27,0.0029
PDX1,27,0.0029
WDCP,27,0.0029
PLPP7,27,0.0029
OR10C1,27,0.0029
UPF3B,27,0.0029
PEA15,27,0.0029
ARMCX1,27,0.0029
TAS2R38,27,0.0029
KNG1,27,0.0029
FAF1,27,0.0029
TNFAIP2,27,0.0029
TMCO5A,27,0.0029
EFR3A,27,0.0029
PEX1,27,0.0029
DEPDC1,27,0.0029
SYNDIG1,27,0.0029
EPB41L1,27,0.0029
SCN8A,27,0.0029
MTFR1L,27,0.0029
PIM3,27,0.0029
VAX2,27,0.0029
ATRN,27,0.0029
SNUPN,27,0.0029
SNX10,27,0.0029
CHMP7,27,0.0029
PLEKHH2,27,0.0029
APCDD1,27,0.0029
BIVM,27,0.0029
WDR93,27,0.0029
MRGPRD,27,0.0029
PLS1,27,0.0029
KIF18A,27,0.0029
FAM241A,27,0.0029
USO1,27,0.0029
MAGEA10,27,0.0029
ZNF618,27,0.0029
MARCHF10,27,0.0029
RAC1,27,0.0029
ZNF263,27,0.0029
TRIM49C,27,0.0029
ANLN,27,0.0029
FBXL16,27,0.0029
MCHR1,27,0.0029
SOWAHB,27,0.0029
COPS9,27,0.0029
KBTBD11,27,0.0029
RSPRY1,27,0.0029
FAM219A,27,0.0029
SF3A3,27,0.0029
RIPK4,27,0.0029
ZBTB42,27,0.0029
ITFG1,27,0.0029
N4BP1,27,0.0029
OGG1,27,0.0029
GMCL1,27,0.0029
PPDPFL,27,0.0029
UBXN6,27,0.0029
S100PBP,27,0.0029
RPS27L,27,0.0029
LRIF1,27,0.0029
SLC5A2,27,0.0029
SEC61G,27,0.0029
TECPR2,27,0.0029
F3,27,0.0029
TNPO2,27,0.0029
HOOK2,27,0.0029
RNF126,27,0.0029
FMNL1,27,0.0029
CRTC2,27,0.0029
NCDN,27,0.0029
OR8U3,27,0.0029
PTGDS,27,0.0029
HMSD,27,0.0029
CKS1B,27,0.0029
RALGPS2,27,0.0029
TDRD1,27,0.0029
SFTA2,27,0.0029
HLA-F,27,0.0029
KIAA0408,27,0.0029
CITED4,27,0.0029
CEP135,27,0.0029
ENC1,27,0.0029
ITGB1BP2,27,0.0029
RAB33A,27,0.0029
STK26,27,0.0029
CD1D,27,0.0029
ANKRD46,27,0.0029
ZBTB6,27,0.0029
C1orf141,27,0.0029
JAK2,27,0.0029
ZC3HAV1,27,0.0029
EPHA4,27,0.0029
SLC22A18,27,0.0029
ANXA8L1,27,0.0029
CLIP3,27,0.0029
RAB3GAP2,27,0.0029
NOMO1,27,0.0029
COX17,27,0.0029
SERP2,27,0.0029
FOXD4L3,27,0.0029
PRG4,27,0.0029
NKX2-5,27,0.0029
CEACAM18,27,0.0029
PROP1,27,0.0029
MAMSTR,27,0.0029
MAF1,27,0.0029
DGAT1,27,0.0029
LARS2,27,0.0029
GAGE2A,27,0.0029
ALKBH5,27,0.0029
CXCR5,27,0.0029
PITPNB,27,0.0029
LILRA4,27,0.0029
SREBF1,27,0.0029
RTN4RL1,27,0.0029
NECTIN3,27,0.0029
TMEM207,27,0.0029
ATOH1,27,0.0029
NUSAP1,27,0.0029
ZNF581,27,0.0029
LCE6A,27,0.0029
PTPN20,27,0.0029
HAUS5,27,0.0029
IGKV2D-28,27,0.0029
USP9Y,27,0.0029
DNASE2B,27,0.0029
OR6N2,27,0.0029
CCR1,27,0.0029
FAAP20,27,0.0029
CMC4,27,0.0029
TRAV23DV6,26,0.0028
ATXN7,26,0.0028
COX7B,26,0.0028
HSPB8,26,0.0028
APOOL,26,0.0028
CSRNP2,26,0.0028
PCDHB4,26,0.0028
TRAV26-1,26,0.0028
TRAV14DV4,26,0.0028
GPR68,26,0.0028
MARCHF7,26,0.0028
SLAMF7,26,0.0028
TRAV8-2,26,0.0028
TRAV8-3,26,0.0028
TRAV1-1,26,0.0028
TBX5,26,0.0028
SMU1,26,0.0028
FRA10AC1,26,0.0028
PCGF5,26,0.0028
TCEAL2,26,0.0028
GRM1,26,0.0028
MLPH,26,0.0028
TGFA,26,0.0028
WDR7,26,0.0028
ST8SIA3,26,0.0028
NELL2,26,0.0028
GIMAP8,26,0.0028
OR51B6,26,0.0028
OR51I1,26,0.0028
DAAM2,26,0.0028
HTN3,26,0.0028
ZCCHC3,26,0.0028
GABRA4,26,0.0028
RHEX,26,0.0028
ELF3,26,0.0028
SARAF,26,0.0028
KPNA3,26,0.0028
IGSF5,26,0.0028
DLK1,26,0.0028
CDK2,26,0.0028
TFAP4,26,0.0028
EMD,26,0.0028
RPL26,26,0.0028
MPDU1,26,0.0028
AFF4,26,0.0028
TRBV27,26,0.0028
SLC35G5,26,0.0028
KLRB1,26,0.0028
RHOB,26,0.0028
NPAS1,26,0.0028
SRP54,26,0.0028
FAM13C,26,0.0028
CRIP3,26,0.0028
NKX2-6,26,0.0028
PGBD4,26,0.0028
SLC35G3,26,0.0028
UBR2,26,0.0028
HMGXB4,26,0.0028
PRAMEF18,26,0.0028
CLN8,26,0.0028
GMCL2,26,0.0028
CYB561D2,26,0.0028
USF3,26,0.0028
DAP,26,0.0028
BCL6,26,0.0028
RNF11,26,0.0028
HOXA7,26,0.0028
DOCK6,26,0.0028
ENPP4,26,0.0028
ATRIP,26,0.0028
CCDC138,26,0.0028
GJA3,26,0.0028
MATCAP1,26,0.0028
FHOD1,26,0.0028
AATF,26,0.0028
HSP90B1,26,0.0028
FAM83D,26,0.0028
FZD5,26,0.0028
ZNF445,26,0.0028
STAR,26,0.0028
BAG4,26,0.0028
IQCJ,26,0.0028
NPPA,26,0.0028
GIMAP2,26,0.0028
GATAD1,26,0.0028
SYAP1,26,0.0028
MTMR10,26,0.0028
LINGO1,26,0.0028
OR10H4,26,0.0028
C21orf140,26,0.0028
UCP3,26,0.0028
RBM24,26,0.0028
USP22,26,0.0028
DOCK8,26,0.0028
CCDC174,26,0.0028
MKX,26,0.0028
TMEM89,26,0.0028
OR4D1,26,0.0028
FRMD4B,26,0.0028
RNF139,26,0.0028
DUSP9,26,0.0028
FOXF1,26,0.0028
SLC44A2,26,0.0028
FMN1,26,0.0028
CD3G,26,0.0028
PTGER3,26,0.0028
ABCD2,26,0.0028
ITGA5,26,0.0028
IL9R,26,0.0028
KRTAP5-11,26,0.0028
RPL24,26,0.0028
CHD9,26,0.0028
SHH,26,0.0028
CFAP43,26,0.0028
SAMD5,26,0.0028
ELOVL7,26,0.0028
TRAV34,26,0.0028
TRAV36DV7,26,0.0028
EDC4,26,0.0028
SNRPG,26,0.0028
OGFR,26,0.0028
FAM221B,26,0.0028
WDR81,26,0.0028
BCAM,26,0.0028
KRT37,26,0.0028
ITGA4,26,0.0028
NSD1,26,0.0028
LSM2,26,0.0028
MAPKAP1,26,0.0028
C2orf49,26,0.0028
IL13RA2,26,0.0028
CYP39A1,26,0.0028
UNC50,26,0.0028
LMCD1,26,0.0028
CMTM8,26,0.0028
SLITRK5,26,0.0028
ANKRD49,26,0.0028
PIK3R4,26,0.0028
RPS3,26,0.0028
WDR20,26,0.0028
IFI35,26,0.0028
SFRP1,26,0.0028
MAGEB18,26,0.0028
SYT9,26,0.0028
SMKR1,26,0.0028
YIPF1,26,0.0028
SNX9,26,0.0028
MFSD8,26,0.0028
DGCR2,26,0.0028
CALR,26,0.0028
PLEKHO1,26,0.0028
H1-4,26,0.0028
MAPRE2,26,0.0028
ITGA10,26,0.0028
RIOK3,26,0.0028
TRAV1-2,26,0.0028
DUOXA2,26,0.0028
NOSIP,26,0.0028
EGF,26,0.0028
RACK1,26,0.0028
SMIM23,26,0.0028
MFSD10,26,0.0028
APLP1,26,0.0028
RBM46,26,0.0028
LINGO3,26,0.0028
SCGB3A1,26,0.0028
DYTN,26,0.0028
TANK,26,0.0028
MMGT1,26,0.0028
CD1A,26,0.0028
FIP1L1,26,0.0028
PPIA,26,0.0028
FOXL1,26,0.0028
DEDD,26,0.0028
OPRL1,26,0.0028
UPRT,26,0.0028
MPC1L,26,0.0028
PARG,26,0.0028
LSM14B,26,0.0028
CYTH1,26,0.0028
TSKU,26,0.0028
NOTCH1,26,0.0028
USP19,26,0.0028
APLNR,26,0.0028
IGF2BP1,26,0.0028
FITM1,26,0.0028
KCTD3,26,0.0028
JAZF1,26,0.0028
OSBPL3,26,0.0028
NR0B1,26,0.0028
DSG4,26,0.0028
PSMA8,26,0.0028
MLLT3,26,0.0028
SPEG,26,0.0028
PAWR,26,0.0028
GRINA,26,0.0028
PRDM14,26,0.0028
CNTN1,26,0.0028
INHBA,26,0.0028
STK17A,26,0.0028
CDK6,26,0.0028
RNFT2,26,0.0028
DSE,26,0.0028
ZYG11B,26,0.0028
DIPK1C,26,0.0028
LRRC46,26,0.0028
RBM38,26,0.0028
ZBTB5,26,0.0028
DDX42,26,0.0028
RNFT1,26,0.0028
SHISA4,26,0.0028
PAX3,26,0.0028
SVBP,26,0.0028
OR10A3,26,0.0028
MAB21L2,26,0.0028
XBP1,26,0.0028
PCDHA2,26,0.0028
TRAF3,26,0.0028
SHISAL2A,26,0.0028
NDUFA1,26,0.0028
ARGFX,26,0.0028
PGA3,26,0.0028
RXRB,26,0.0028
RING1,26,0.0028
TIMM23B,26,0.0028
BRAF,26,0.0028
SUPT16H,26,0.0028
EPS15,25,0.0027
ANO6,25,0.0027
NF1,25,0.0027
LONRF3,25,0.0027
ELOVL3,25,0.0027
SLC66A3,25,0.0027
OR4P4,25,0.0027
MSX1,25,0.0027
RIOK1,25,0.0027
UBE3C,25,0.0027
VAPA,25,0.0027
TAS2R4,25,0.0027
PDE2A,25,0.0027
DHCR7,25,0.0027
HCN1,25,0.0027
GNPTAB,25,0.0027
PGRMC1,25,0.0027
NMS,25,0.0027
ELOVL2,25,0.0027
SH3BP5L,25,0.0027
HECTD3,25,0.0027
SLN,25,0.0027
FAM153A,25,0.0027
TEK,25,0.0027
GPR152,25,0.0027
KIAA0319,25,0.0027
SEC14L1,25,0.0027
LCN10,25,0.0027
SMIM2,25,0.0027
IGHV3-16,25,0.0027
P2RY14,25,0.0027
FABP3,25,0.0027
SYT13,25,0.0027
RUNDC3A,25,0.0027
PCP4L1,25,0.0027
OR5AP2,25,0.0027
KASH5,25,0.0027
TOP3B,25,0.0027
TMEM37,25,0.0027
TBC1D5,25,0.0027
UBE2E1,25,0.0027
CGB1,25,0.0027
SPATA17,25,0.0027
BHLHE41,25,0.0027
TGM7,25,0.0027
OGT,25,0.0027
TTL,25,0.0027
OR52A1,25,0.0027
OR51Q1,25,0.0027
IL12RB1,25,0.0027
LRRC8B,25,0.0027
UBE2R2,25,0.0027
TMX4,25,0.0027
JAG1,25,0.0027
FIRRM,25,0.0027
RHBG,25,0.0027
PITPNA,25,0.0027
FHIP2B,25,0.0027
PCDHGA2,25,0.0027
TRAV4,25,0.0027
TIPRL,25,0.0027
PPIL2,25,0.0027
TIAM2,25,0.0027
MEI4,25,0.0027
SEC61B,25,0.0027
RNF144A,25,0.0027
BTBD10,25,0.0027
PTH,25,0.0027
SLC25A46,25,0.0027
FER,25,0.0027
TMUB1,25,0.0027
NFYB,25,0.0027
SPECC1,25,0.0027
CLCA4,25,0.0027
PPP1R35,25,0.0027
OR2A12,25,0.0027
TMEM92,25,0.0027
C8orf58,25,0.0027
EMSY,25,0.0027
DEUP1,25,0.0027
RTP3,25,0.0027
MTCP1,25,0.0027
ARL4C,25,0.0027
SACM1L,25,0.0027
MFSD12,25,0.0027
PELI1,25,0.0027
DIAPH2,25,0.0027
DLG4,25,0.0027
GNL2,25,0.0027
FAM169A,25,0.0027
VOPP1,25,0.0027
ZNF611,25,0.0027
TIA1,25,0.0027
BAZ1B,25,0.0027
ARMCX3,25,0.0027
ZNF444,25,0.0027
ARHGEF6,25,0.0027
RAB1A,25,0.0027
PRKD3,25,0.0027
ALOX15B,25,0.0027
HOXA4,25,0.0027
SEPTIN9,25,0.0027
CDH9,25,0.0027
OR5W2,25,0.0027
TAS2R8,25,0.0027
KRT78,25,0.0027
ACTR5,25,0.0027
CPSF4L,25,0.0027
KIF19,25,0.0027
OR51A4,25,0.0027
LSP1,25,0.0027
C16orf54,25,0.0027
ALOX12B,25,0.0027
MAGEC1,25,0.0027
ZNF75D,25,0.0027
HCN2,25,0.0027
SLC39A7,25,0.0027
RNF130,25,0.0027
CLDND2,25,0.0027
SSUH2,25,0.0027
ZFYVE19,25,0.0027
ACSL1,25,0.0027
RBM20,25,0.0027
KBTBD7,25,0.0027
THOC3,25,0.0027
PAX9,25,0.0027
RAB3GAP1,25,0.0027
VPS13D,25,0.0027
OR1A2,25,0.0027
TDRKH,25,0.0027
FAM210B,25,0.0027
C17orf49,25,0.0027
NLRX1,25,0.0027
MYPN,25,0.0027
E2F5,25,0.0027
PPP4R3C,25,0.0027
PRKCQ,25,0.0027
ZBTB1,25,0.0027
TCEAL7,25,0.0027
JAK3,25,0.0027
TCOF1,25,0.0027
IL27RA,25,0.0027
GFRA1,25,0.0027
UBXN4,25,0.0027
SDCCAG8,25,0.0027
CCDC152,25,0.0027
SFMBT2,25,0.0027
SLC6A1,25,0.0027
ENY2,25,0.0027
SLAMF6,25,0.0027
CHD5,25,0.0027
TCEAL9,25,0.0027
MROH2A,25,0.0027
SECTM1,25,0.0027
CNTLN,25,0.0027
PAFAH1B2,25,0.0027
MAP3K9,25,0.0027
LRP3,25,0.0027
ZMYND19,25,0.0027
ELMO2,25,0.0027
VARS2,25,0.0027
C16orf86,25,0.0027
OSBPL5,25,0.0027
FBXO45,25,0.0027
SFT2D3,25,0.0027
URGCP,25,0.0027
PLEKHA6,25,0.0027
FAM89B,25,0.0027
CDCA5,25,0.0027
PDCD1,25,0.0027
KRT222,25,0.0027
SLC7A13,25,0.0027
SCML1,25,0.0027
CEP97,25,0.0027
CACNA1S,25,0.0027
PIK3C3,25,0.0027
MED17,25,0.0027
LMOD1,25,0.0027
STPG1,25,0.0027
PASD1,25,0.0027
TRBV6-1,25,0.0027
NUDT10,25,0.0027
ZNF287,25,0.0027
TMEM91,25,0.0027
NCF1,25,0.0027
KRT75,25,0.0027
TARM1,25,0.0027
LRRC72,25,0.0027
CFHR5,25,0.0027
LILRB5,25,0.0027
CCR7,25,0.0027
CREB3L3,25,0.0027
COL1A1,25,0.0027
KRTAP5-6,25,0.0027
CNR2,25,0.0027
CLU,25,0.0027
USP43,25,0.0027
CD28,25,0.0027
CHSY3,25,0.0027
CD80,25,0.0027
NABP2,25,0.0027
TEX22,25,0.0027
POU5F1B,25,0.0027
C3orf49,25,0.0027
MAGEB5,25,0.0027
GPR4,25,0.0027
LRIG1,25,0.0027
TMEM59,25,0.0027
CLDN12,25,0.0027
IQCG,25,0.0027
PRR11,25,0.0027
PLA2G4A,25,0.0027
SLC29A4,25,0.0027
ZBTB12,25,0.0027
ZBTB21,25,0.0027
SNRPE,25,0.0027
KRT73,25,0.0027
RBMS2,25,0.0027
CCDC13,25,0.0027
DNAJA1,25,0.0027
PYM1,25,0.0027
PIP4K2A,25,0.0027
RBM42,25,0.0027
GSX2,24,0.0026
HRK,24,0.0026
USP15,24,0.0026
MOK,24,0.0026
PIK3CG,24,0.0026
MAGEC3,24,0.0026
NLGN2,24,0.0026
SNX12,24,0.0026
MUCL1,24,0.0026
KRT76,24,0.0026
TMEM176B,24,0.0026
TM9SF2,24,0.0026
EPB41L3,24,0.0026
QRICH1,24,0.0026
PLEKHM1,24,0.0026
CLK4,24,0.0026
ZMYM1,24,0.0026
ZMYM4,24,0.0026
PGBD2,24,0.0026
SERINC2,24,0.0026
ZBTB32,24,0.0026
LSM14A,24,0.0026
C5AR1,24,0.0026
SLC25A16,24,0.0026
TBX18,24,0.0026
HOXA9,24,0.0026
KLRK1,24,0.0026
MORC2,24,0.0026
FBXL6,24,0.0026
LYSMD3,24,0.0026
ATF3,24,0.0026
MTCH1,24,0.0026
CSRNP3,24,0.0026
KMT2B,24,0.0026
IQCD,24,0.0026
ESRP1,24,0.0026
ING4,24,0.0026
SLC5A9,24,0.0026
CLVS1,24,0.0026
PDE7A,24,0.0026
LRRTM2,24,0.0026
RICTOR,24,0.0026
SLC22A13,24,0.0026
CYSLTR1,24,0.0026
SOWAHD,24,0.0026
MOSPD1,24,0.0026
FRYL,24,0.0026
ADARB2,24,0.0026
CDK9,24,0.0026
EN1,24,0.0026
CKS2,24,0.0026
TSPAN19,24,0.0026
ALX1,24,0.0026
IFNGR1,24,0.0026
TRAM1L1,24,0.0026
TRPC4,24,0.0026
CALM3,24,0.0026
IRF2BP1,24,0.0026
MSL1,24,0.0026
CLN3,24,0.0026
PIP4P2,24,0.0026
USP53,24,0.0026
FBXO25,24,0.0026
OR2L2,24,0.0026
SPINK9,24,0.0026
CTDSPL2,24,0.0026
DNAAF2,24,0.0026
ITGA7,24,0.0026
MSMO1,24,0.0026
GPR156,24,0.0026
SCYL2,24,0.0026
KPNA1,24,0.0026
ZCCHC12,24,0.0026
USP17L8,24,0.0026
FOXC1,24,0.0026
DLX5,24,0.0026
PRDM16,24,0.0026
HECTD2,24,0.0026
TRAF6,24,0.0026
ZBTB40,24,0.0026
SF3B6,24,0.0026
CSTF3,24,0.0026
KCNK16,24,0.0026
BTG1,24,0.0026
TRAT1,24,0.0026
MSX2,24,0.0026
HOXA10,24,0.0026
LTB4R,24,0.0026
MBD3,24,0.0026
S100G,24,0.0026
REPS2,24,0.0026
ZMAT3,24,0.0026
POLR2K,24,0.0026
IFI6,24,0.0026
FMNL2,24,0.0026
COBL,24,0.0026
FAM120A,24,0.0026
LRRC4C,24,0.0026
TMEM175,24,0.0026
OR5B12,24,0.0026
FRMD1,24,0.0026
CA9,24,0.0026
CSTF2T,24,0.0026
LMNB2,24,0.0026
NUGGC,24,0.0026
PARD6G,24,0.0026
SMC5,24,0.0026
FAM120B,24,0.0026
KLHL1,24,0.0026
PAX8,24,0.0026
DDX23,24,0.0026
COL2A1,24,0.0026
FRMD4A,24,0.0026
OR5P3,24,0.0026
PPP1R16B,24,0.0026
TRBV2,24,0.0026
TRBV3-1,24,0.0026
ANKRD13D,24,0.0026
MEF2A,24,0.0026
TRAV20,24,0.0026
CRLS1,24,0.0026
IGLC3,24,0.0026
OR2A7,24,0.0026
HELLS,24,0.0026
CDK18,24,0.0026
MARVELD1,24,0.0026
ENTPD1,24,0.0026
HPS5,24,0.0026
FAM184A,24,0.0026
LRRC73,24,0.0026
TACC3,24,0.0026
FGFR3,24,0.0026
TRIM26,24,0.0026
CD79B,24,0.0026
APCDD1L,24,0.0026
SPAG4,24,0.0026
DEFB118,24,0.0026
SYNGR3,24,0.0026
FBXO32,24,0.0026
THBS1,24,0.0026
FYTTD1,24,0.0026
BMPER,24,0.0026
TBX10,24,0.0026
BANF1,24,0.0026
NDFIP2,24,0.0026
RAP2A,24,0.0026
GTPBP2,24,0.0026
ADM,24,0.0026
MFSD9,24,0.0026
STRADA,24,0.0026
ICE1,24,0.0026
INPP5B,24,0.0026
KIF18B,24,0.0026
CLEC4F,24,0.0026
KRTAP5-3,24,0.0026
CRK,24,0.0026
MBD3L2B,24,0.0026
DNTTIP1,24,0.0026
KIAA2026,24,0.0026
RPL8,24,0.0026
MYO9A,24,0.0026
RAB11A,24,0.0026
FAXDC2,24,0.0026
CORT,24,0.0026
KLHL20,24,0.0026
TRAV8-6,24,0.0026
TRAV7,24,0.0026
IGF1R,24,0.0026
FBLN5,24,0.0026
OR52B4,24,0.0026
SPCS2,24,0.0026
VWA2,24,0.0026
LCE4A,24,0.0026
OLFM1,24,0.0026
VEPH1,24,0.0026
USP5,24,0.0026
LRRC8D,24,0.0026
ZNHIT6,24,0.0026
DNAJC21,24,0.0026
PIK3C2B,24,0.0026
POTEG,24,0.0026
TESK1,24,0.0026
TBC1D10C,24,0.0026
HGS,24,0.0026
GK5,24,0.0026
GRM5,24,0.0026
ALDH9A1,24,0.0026
CD53,24,0.0026
MAP3K21,24,0.0026
STAC2,24,0.0026
SNX27,24,0.0026
NXPH1,24,0.0026
OR8J3,24,0.0026
VWA5A,24,0.0026
ABTB3,24,0.0026
SPRR2D,24,0.0026
TCEANC,24,0.0026
PDCD2L,24,0.0026
OR52E4,24,0.0026
TSPYL2,24,0.0026
TIMP1,24,0.0026
RBMXL2,24,0.0026
SCUBE1,24,0.0026
PARVG,24,0.0026
PSPC1,24,0.0026
OR10T2,24,0.0026
FOXR2,24,0.0026
VBP1,24,0.0026
ATP6AP1,24,0.0026
FCER1A,24,0.0026
INTS1,24,0.0026
TMEM203,24,0.0026
SMURF2,24,0.0026
DGKD,24,0.0026
MAGEA1,24,0.0026
KCNQ5,24,0.0026
CATSPER4,24,0.0026
ATP2C1,24,0.0026
OR8B3,23,0.0025
RNF121,23,0.0025
LETMD1,23,0.0025
RAP1GAP2,23,0.0025
SEC61A2,23,0.0025
TRDV2,23,0.0025
SIX6,23,0.0025
EPHA7,23,0.0025
SHISA3,23,0.0025
PRKACA,23,0.0025
STK16,23,0.0025
ISM2,23,0.0025
ITPRID1,23,0.0025
ERMN,23,0.0025
JPH1,23,0.0025
FBXO8,23,0.0025
KATNB1,23,0.0025
SAXO1,23,0.0025
RALY,23,0.0025
JMJD6,23,0.0025
TM4SF19,23,0.0025
BMF,23,0.0025
RNF43,23,0.0025
TRIM37,23,0.0025
DYNLL2,23,0.0025
USP25,23,0.0025
MOB4,23,0.0025
SATB2,23,0.0025
ZC2HC1C,23,0.0025
CRLF2,23,0.0025
GJC2,23,0.0025
IGHV3-38,23,0.0025
DDT,23,0.0025
HOMER1,23,0.0025
ONECUT3,23,0.0025
DLGAP3,23,0.0025
SLC19A3,23,0.0025
SP100,23,0.0025
TRIM43,23,0.0025
RHBDD3,23,0.0025
NEUROG2,23,0.0025
RFXAP,23,0.0025
SUPT20H,23,0.0025
TRAIP,23,0.0025
SGK3,23,0.0025
ZNF131,23,0.0025
FBXO41,23,0.0025
ADAMTSL3,23,0.0025
RFLNA,23,0.0025
N4BP2L2,23,0.0025
SLC66A1,23,0.0025
PSMD10,23,0.0025
RAB9B,23,0.0025
ITGBL1,23,0.0025
TOP2B,23,0.0025
NGLY1,23,0.0025
MLF2,23,0.0025
TNFSF13B,23,0.0025
ZNF24,23,0.0025
KRTAP22-2,23,0.0025
PRPF19,23,0.0025
TMEM109,23,0.0025
TMEM185B,23,0.0025
GKAP1,23,0.0025
OXSR1,23,0.0025
RNPEPL1,23,0.0025
DUSP7,23,0.0025
FGFR4,23,0.0025
ZC3H12C,23,0.0025
PTH2R,23,0.0025
CNEP1R1,23,0.0025
SGIP1,23,0.0025
ZNF202,23,0.0025
ZSWIM2,23,0.0025
EIF4G2,23,0.0025
GSDMA,23,0.0025
SPRR2E,23,0.0025
OR12D2,23,0.0025
OR5B3,23,0.0025
MAGEB17,23,0.0025
FNDC5,23,0.0025
MARCKSL1,23,0.0025
LAPTM4A,23,0.0025
OR10A4,23,0.0025
IGKV1D-33,23,0.0025
RPS4Y1,23,0.0025
CAMTA1,23,0.0025
ERVW-1,23,0.0025
RTKN,23,0.0025
HS3ST2,23,0.0025
OR10H5,23,0.0025
SMAD7,23,0.0025
FPR1,23,0.0025
OR8U1,23,0.0025
NEK3,23,0.0025
CCDC181,23,0.0025
TMEM163,23,0.0025
GAREM2,23,0.0025
SNU13,23,0.0025
ATP13A2,23,0.0025
SUSD2,23,0.0025
MUC20,23,0.0025
UBE2B,23,0.0025
F2R,23,0.0025
DOT1L,23,0.0025
CITED2,23,0.0025
RBBP5,23,0.0025
NEFL,23,0.0025
ADGRG3,23,0.0025
COPS2,23,0.0025
CMTM2,23,0.0025
PKIB,23,0.0025
MTO1,23,0.0025
CD1E,23,0.0025
SUV39H1,23,0.0025
FAM221A,23,0.0025
PKP1,23,0.0025
OR51I2,23,0.0025
CCDC88B,23,0.0025
POLR1A,23,0.0025
RNF103,23,0.0025
ARL8A,23,0.0025
KRTAP9-6,23,0.0025
HOXB2,23,0.0025
CLDND1,23,0.0025
FAM25G,23,0.0025
OR5V1,23,0.0025
BLCAP,23,0.0025
ARHGAP40,23,0.0025
ARHGEF39,23,0.0025
MANBAL,23,0.0025
OXER1,23,0.0025
DYNC2LI1,23,0.0025
RBP7,23,0.0025
WDR83OS,23,0.0025
DERL1,23,0.0025
NID1,23,0.0025
IL17RE,23,0.0025
UCK2,23,0.0025
PSKH1,23,0.0025
PAQR6,23,0.0025
NIPA1,23,0.0025
GPR146,23,0.0025
SCN2A,23,0.0025
LXN,23,0.0025
SMC4,23,0.0025
NMD3,23,0.0025
DAZL,23,0.0025
SERTAD4,23,0.0025
FOXA3,23,0.0025
ZCCHC18,23,0.0025
TAF1B,23,0.0025
SVOPL,23,0.0025
ZC3HC1,23,0.0025
EXOC4,23,0.0025
PAX2,23,0.0025
HPS6,23,0.0025
KPNA4,23,0.0025
TMEM115,23,0.0025
CCDC66,23,0.0025
ARIH2,23,0.0025
TMTC3,23,0.0025
ADGB,23,0.0025
MAPK14,23,0.0025
SSTR3,23,0.0025
LPIN1,23,0.0025
CDIPT,23,0.0025
OR2V1,23,0.0025
NPM1,23,0.0025
MYCT1,23,0.0025
LATS1,23,0.0025
NPNT,23,0.0025
PARP14,23,0.0025
ZNF704,23,0.0025
CEP120,23,0.0025
VPS8,23,0.0025
HOXD1,23,0.0025
ARHGAP19,23,0.0025
ANKRD20A1,23,0.0025
TMEM87B,23,0.0025
STEEP1,23,0.0025
DNAAF6,23,0.0025
PCNA,23,0.0025
FZD7,23,0.0025
SLAIN2,23,0.0025
RBM19,23,0.0025
ATRX,23,0.0025
SGPP1,23,0.0025
AFF2,23,0.0025
DCAF12L1,23,0.0025
FAIM2,23,0.0025
MBOAT1,23,0.0025
RNF24,23,0.0025
CNN2,23,0.0025
DUOXA1,23,0.0025
CATSPER2,23,0.0025
CCDC146,23,0.0025
EFNA3,23,0.0025
NTRK2,23,0.0025
FBXO10,23,0.0025
GARIN1B,23,0.0025
SP5,23,0.0025
PLEKHA3,23,0.0025
TAAR6,23,0.0025
THAP9,23,0.0025
MRGPRX2,23,0.0025
IKZF5,23,0.0025
HMX1,23,0.0025
MCOLN1,23,0.0025
ATOSA,23,0.0025
KCNN4,23,0.0025
FSIP1,23,0.0025
ADGRG5,23,0.0025
FBXL20,23,0.0025
TGFBR1,23,0.0025
FAM47E,23,0.0025
KDELR3,23,0.0025
SCNN1G,23,0.0025
IL4R,23,0.0025
IFRD1,23,0.0025
PCDHGA8,23,0.0025
PCDHB11,23,0.0025
HUWE1,23,0.0025
OR52E6,23,0.0025
IQSEC2,23,0.0025
TBC1D14,22,0.0024
STATH,22,0.0024
OR4D9,22,0.0024
TBC1D3B,22,0.0024
GJE1,22,0.0024
TIPARP,22,0.0024
SCFD2,22,0.0024
FMO4,22,0.0024
ELK4,22,0.0024
HCFC2,22,0.0024
RSRC1,22,0.0024
WDR33,22,0.0024
NFIL3,22,0.0024
SAMD4A,22,0.0024
IFNAR2,22,0.0024
RFWD3,22,0.0024
LBX2,22,0.0024
JAM2,22,0.0024
MAGEB3,22,0.0024
PCDHB10,22,0.0024
XNDC1N,22,0.0024
DCBLD2,22,0.0024
HCRTR2,22,0.0024
PCDH18,22,0.0024
SCAP,22,0.0024
SRSF8,22,0.0024
SIPA1,22,0.0024
OTOP2,22,0.0024
KRTAP22-1,22,0.0024
NAF1,22,0.0024
CDC20,22,0.0024
SORBS1,22,0.0024
PIGF,22,0.0024
SDR42E2,22,0.0024
YWHAE,22,0.0024
LRRC37A3,22,0.0024
MYC,22,0.0024
OR52L1,22,0.0024
PAGE2,22,0.0024
MYRIP,22,0.0024
ZNF280A,22,0.0024
THRB,22,0.0024
HSF4,22,0.0024
SEC63,22,0.0024
SLC44A5,22,0.0024
SRRM2,22,0.0024
MEX3B,22,0.0024
CLK3,22,0.0024
A1CF,22,0.0024
SIRPA,22,0.0024
PHF2,22,0.0024
PDGFRL,22,0.0024
TSPAN13,22,0.0024
MACC1,22,0.0024
RPP40,22,0.0024
ATF7,22,0.0024
GEMIN8,22,0.0024
UBL5,22,0.0024
ZBTB7C,22,0.0024
LAMP5,22,0.0024
ADGRV1,22,0.0024
RPS3A,22,0.0024
C8orf89,22,0.0024
DNM2,22,0.0024
NR2F1,22,0.0024
SORCS1,22,0.0024
RPS23,22,0.0024
IL1R2,22,0.0024
AKT1S1,22,0.0024
RPRD1B,22,0.0024
KIAA0040,22,0.0024
NANOS2,22,0.0024
H1-1,22,0.0024
PCDH19,22,0.0024
PAF1,22,0.0024
MAP3K8,22,0.0024
ANAPC2,22,0.0024
TRBV19,22,0.0024
LHFPL2,22,0.0024
SPATA21,22,0.0024
L3MBTL3,22,0.0024
SPAG11B,22,0.0024
KCNJ6,22,0.0024
SORCS3,22,0.0024
OR1Q1,22,0.0024
HAMP,22,0.0024
MXD1,22,0.0024
OR2G6,22,0.0024
TMSB15B,22,0.0024
ANKRD30BL,22,0.0024
SELENON,22,0.0024
UPK3A,22,0.0024
SMC1B,22,0.0024
TCEAL1,22,0.0024
PLEKHM2,22,0.0024
DAAM1,22,0.0024
ARHGAP21,22,0.0024
FAM185A,22,0.0024
ALOX12,22,0.0024
MYCBP2,22,0.0024
CAMTA2,22,0.0024
RAVER2,22,0.0024
L2HGDH,22,0.0024
TIMM8A,22,0.0024
KIAA0319L,22,0.0024
FAM9B,22,0.0024
FAM133B,22,0.0024
RBPMS,22,0.0024
NSD3,22,0.0024
DNAJC22,22,0.0024
BTBD9,22,0.0024
DNAJC2,22,0.0024
STK32C,22,0.0024
TENT2,22,0.0024
SPEF2,22,0.0024
SIT1,22,0.0024
RIMS3,22,0.0024
ADARB1,22,0.0024
N4BP3,22,0.0024
CTXN1,22,0.0024
CD244,22,0.0024
PRIM2,22,0.0024
OR5H15,22,0.0024
FAM171B,22,0.0024
TMCC1,22,0.0024
UBE2N,22,0.0024
PRKCZ,22,0.0024
SLC25A20,22,0.0024
OTUD4,22,0.0024
GNAQ,22,0.0024
ELAVL1,22,0.0024
MANSC4,22,0.0024
TSPAN32,22,0.0024
BRICD5,22,0.0024
KRT34,22,0.0024
IER5L,22,0.0024
ABCB1,22,0.0024
MCF2L2,22,0.0024
ARFGAP2,22,0.0024
PINK1,22,0.0024
UNC93A,22,0.0024
KIF1A,22,0.0024
LIMK1,22,0.0024
MXRA7,22,0.0024
RNF25,22,0.0024
PCDH8,22,0.0024
AGO3,22,0.0024
ACVR1B,22,0.0024
HTT,22,0.0024
TRIB2,22,0.0024
SUPT6H,22,0.0024
DCLRE1B,22,0.0024
SUN3,22,0.0024
SGO2,22,0.0024
TELO2,22,0.0024
DMWD,22,0.0024
PNMA8B,22,0.0024
TGM5,22,0.0024
ARL1,22,0.0024
SMARCAD1,22,0.0024
ILKAP,22,0.0024
AZI2,22,0.0024
SPON1,22,0.0024
OR8K5,22,0.0024
ITPRIPL2,22,0.0024
GDE1,22,0.0024
ZMAT4,22,0.0024
NRL,22,0.0024
CTIF,22,0.0024
SCN10A,22,0.0024
SPRR4,22,0.0024
EDRF1,22,0.0024
PSMC5,22,0.0024
OR52N2,22,0.0024
HOXA5,22,0.0024
SRP14,22,0.0024
RASSF9,22,0.0024
ILDR2,22,0.0024
IL18BP,22,0.0024
TRBV23-1,22,0.0024
CNTN3,22,0.0024
INSR,22,0.0024
SNX16,22,0.0024
SLC16A5,22,0.0024
OR6K2,22,0.0024
RFX2,22,0.0024
HMG20B,22,0.0024
KRR1,22,0.0024
OSBPL8,22,0.0024
KLRC1,22,0.0024
SLCO5A1,22,0.0024
UBE2G1,22,0.0024
LRRC3C,22,0.0024
TBC1D7,22,0.0024
KIF13A,22,0.0024
PPP1R37,22,0.0024
CCDC40,22,0.0024
SMOC2,22,0.0024
NPFF,22,0.0024
UBAP2,22,0.0024
SUPT20HL2,22,0.0024
UBA52,22,0.0024
KCTD17,22,0.0024
DKK3,22,0.0024
MKNK2,22,0.0024
EMID1,22,0.0024
PIK3IP1,22,0.0024
NMUR1,22,0.0024
FAF2,22,0.0024
GABBR1,22,0.0024
B4GALNT3,22,0.0024
OR2C1,22,0.0024
GLRX2,22,0.0024
SH3BP5,22,0.0024
POP1,22,0.0024
OSBP,22,0.0024
BOLL,22,0.0024
OR6C6,22,0.0024
SCN7A,22,0.0024
CACNA2D3,22,0.0024
RTF2,22,0.0024
SUCO,22,0.0024
SLC46A3,22,0.0024
YIPF5,22,0.0024
EXOSC3,22,0.0024
SCG5,22,0.0024
IGFBP5,22,0.0024
AJAP1,22,0.0024
PLCH2,22,0.0024
ZC3HAV1L,22,0.0024
TCF21,22,0.0024
FHIP1A,22,0.0024
MED13,22,0.0024
SLC16A9,22,0.0024
MGAT5,22,0.0024
OR2L3,22,0.0024
GCM1,22,0.0024
SIGLEC14,22,0.0024
PLEKHA5,22,0.0024
ZMAT2,22,0.0024
CBLB,22,0.0024
C1orf54,22,0.0024
SPDYE6,22,0.0024
HOXD9,22,0.0024
TRAV10,21,0.0023
GATA5,21,0.0023
SETD1B,21,0.0023
RAP2B,21,0.0023
NXPH2,21,0.0023
TAF4,21,0.0023
ARHGAP11A,21,0.0023
BBX,21,0.0023
TRAV9-2,21,0.0023
TRAV17,21,0.0023
DDX17,21,0.0023
AKAP5,21,0.0023
STK36,21,0.0023
TNFRSF11B,21,0.0023
PCDHA3,21,0.0023
CT45A7,21,0.0023
HRG,21,0.0023
ITGB4,21,0.0023
NRARP,21,0.0023
ZBTB43,21,0.0023
MYNN,21,0.0023
SLC15A1,21,0.0023
WDR70,21,0.0023
XKR7,21,0.0023
PLP2,21,0.0023
MYOCD,21,0.0023
KHDRBS2,21,0.0023
KRT2,21,0.0023
STAB1,21,0.0023
CACNG7,21,0.0023
TMEM150A,21,0.0023
KY,21,0.0023
OR2T2,21,0.0023
RAI1,21,0.0023
EEIG2,21,0.0023
PABPC1,21,0.0023
PRKCH,21,0.0023
ZC3H3,21,0.0023
LRRC36,21,0.0023
FERMT1,21,0.0023
CEP55,21,0.0023
EZH1,21,0.0023
TRA2A,21,0.0023
ELAVL3,21,0.0023
SIGLEC7,21,0.0023
ADCK5,21,0.0023
INCA1,21,0.0023
NUDT22,21,0.0023
WDR48,21,0.0023
FZD2,21,0.0023
PVALEF,21,0.0023
MBD3L3,21,0.0023
GRK5,21,0.0023
SLC35E3,21,0.0023
PPY,21,0.0023
H2AX,21,0.0023
MYO6,21,0.0023
SLC39A3,21,0.0023
PELP1,21,0.0023
NXT2,21,0.0023
OR8G1,21,0.0023
STK11IP,21,0.0023
WDR27,21,0.0023
SLC28A3,21,0.0023
CEMIP2,21,0.0023
TBC1D25,21,0.0023
EEPD1,21,0.0023
ARK2C,21,0.0023
ZBTB33,21,0.0023
PRKD2,21,0.0023
CYP20A1,21,0.0023
TMEM74,21,0.0023
SUGP2,21,0.0023
NUTF2,21,0.0023
ESRP2,21,0.0023
ZNF483,21,0.0023
RUSF1,21,0.0023
ARSK,21,0.0023
ZFTRAF1,21,0.0023
OR1L3,21,0.0023
OR2M2,21,0.0023
PEAK1,21,0.0023
TOB1,21,0.0023
CYB5B,21,0.0023
FGA,21,0.0023
GKN1,21,0.0023
SLC50A1,21,0.0023
SLCO4A1,21,0.0023
WWC2,21,0.0023
HOXC9,21,0.0023
STK17B,21,0.0023
CAPN15,21,0.0023
DNAJB14,21,0.0023
CNNM2,21,0.0023
IL21R,21,0.0023
GIN1,21,0.0023
EFNA5,21,0.0023
CLINT1,21,0.0023
TRIP4,21,0.0023
ZDHHC13,21,0.0023
CFHR1,21,0.0023
XPO4,21,0.0023
AGTR2,21,0.0023
B4GALNT4,21,0.0023
NEIL2,21,0.0023
ICOS,21,0.0023
BDP1,21,0.0023
PDLIM4,21,0.0023
CDH13,21,0.0023
METTL9,21,0.0023
HOXB4,21,0.0023
OR5D14,21,0.0023
CARNS1,21,0.0023
PAPPA,21,0.0023
IL12B,21,0.0023
TRBV30,21,0.0023
CNTN6,21,0.0023
MYBBP1A,21,0.0023
OR6B3,21,0.0023
HDGFL1,21,0.0023
CLUL1,21,0.0023
ANKRD12,21,0.0023
RPL39,21,0.0023
KRTAP5-5,21,0.0023
PARP12,21,0.0023
ULBP3,21,0.0023
SLC25A34,21,0.0023
SPEN,21,0.0023
CYLC1,21,0.0023
SPATS1,21,0.0023
TLE1,21,0.0023
CD101,21,0.0023
SLF2,21,0.0023
LDOC1,21,0.0023
UBE2O,21,0.0023
SMARCA5,21,0.0023
SPDYA,21,0.0023
ODF1,21,0.0023
KIF1C,21,0.0023
UMAD1,21,0.0023
LGALS7,21,0.0023
PPP6R1,21,0.0023
EEIG1,21,0.0023
ZFAND2B,21,0.0023
RFX5,21,0.0023
HOMEZ,21,0.0023
LCP1,21,0.0023
HLA-DQA1,21,0.0023
PFDN6,21,0.0023
LEMD1,21,0.0023
YTHDF2,21,0.0023
EP300,21,0.0023
SLFN14,21,0.0023
SRCIN1,21,0.0023
MDK,21,0.0023
CHM,21,0.0023
KEL,21,0.0023
CCR9,21,0.0023
FPR3,21,0.0023
KRT85,21,0.0023
BRD3,21,0.0023
ZNF785,21,0.0023
IPO7,21,0.0023
FOSL1,21,0.0023
ETS2,21,0.0023
ASPM,21,0.0023
OR52A5,21,0.0023
SZRD1,21,0.0023
BCL7C,21,0.0023
PRAMEF8,21,0.0023
CLOCK,21,0.0023
KRT1,21,0.0023
OR2C3,21,0.0023
FPR2,21,0.0023
PLEKHG1,21,0.0023
HNRNPM,21,0.0023
OR2AP1,21,0.0023
INPP4B,21,0.0023
KLHL42,21,0.0023
ZFHX2,21,0.0023
ZCRB1,21,0.0023
SEMA4G,21,0.0023
JUN,21,0.0023
ARHGAP35,21,0.0023
CDC42EP5,21,0.0023
GP9,21,0.0023
NEIL3,21,0.0023
P2RY4,21,0.0023
IL1RAPL1,21,0.0023
FAM117A,21,0.0023
CDX2,21,0.0023
MAP3K2,21,0.0023
GNB2,21,0.0023
VAMP4,21,0.0023
TRDN,21,0.0023
KCNJ3,21,0.0023
CALCR,21,0.0023
OR5H1,21,0.0023
SLC39A1,21,0.0023
RPS27,21,0.0023
SMAGP,21,0.0023
TLX2,21,0.0023
OR5P2,21,0.0023
OR8K3,21,0.0023
NPAS3,21,0.0023
NIPAL2,21,0.0023
ZCCHC17,21,0.0023
KPNA6,21,0.0023
LBR,21,0.0023
DENND5A,21,0.0023
KRT3,21,0.0023
PRTG,21,0.0023
STON1,21,0.0023
FAM237A,21,0.0023
MED23,21,0.0023
BAD,21,0.0023
MS4A1,21,0.0023
BEAN1,20,0.0022
IGFBP2,20,0.0022
CAB39,20,0.0022
STAT4,20,0.0022
OR2L5,20,0.0022
CNOT11,20,0.0022
FADS3,20,0.0022
OR2T29,20,0.0022
GPR65,20,0.0022
PRIMPOL,20,0.0022
KCNG1,20,0.0022
BRD9,20,0.0022
SKIC8,20,0.0022
SEC16A,20,0.0022
WDR59,20,0.0022
CDON,20,0.0022
TRAV19,20,0.0022
SIX1,20,0.0022
ZC4H2,20,0.0022
MYLK,20,0.0022
CNTN5,20,0.0022
NR1I3,20,0.0022
DCAF7,20,0.0022
COL14A1,20,0.0022
TRAV38-1,20,0.0022
FMO1,20,0.0022
E2F4,20,0.0022
PCDHB3,20,0.0022
COL5A1,20,0.0022
GGTA1,20,0.0022
SPNS2,20,0.0022
SDC4,20,0.0022
FAM20B,20,0.0022
NKX6-3,20,0.0022
NBR1,20,0.0022
GTF2E2,20,0.0022
CERS6,20,0.0022
PCDHGA11,20,0.0022
REL,20,0.0022
ARRDC2,20,0.0022
AK9,20,0.0022
MAF,20,0.0022
LRSAM1,20,0.0022
NFKBIL1,20,0.0022
FOXL2NB,20,0.0022
LRRC45,20,0.0022
BARX2,20,0.0022
PLEKHG7,20,0.0022
DLG5,20,0.0022
SLC15A2,20,0.0022
OR11A1,20,0.0022
CDC42EP3,20,0.0022
SWAP70,20,0.0022
LRRCC1,20,0.0022
OR51M1,20,0.0022
HMBOX1,20,0.0022
PCDHGB1,20,0.0022
FBXW7,20,0.0022
TMEM41A,20,0.0022
OR2D3,20,0.0022
PRLHR,20,0.0022
YIPF2,20,0.0022
DLEU7,20,0.0022
LTN1,20,0.0022
PCDHB6,20,0.0022
PITPNC1,20,0.0022
ERC1,20,0.0022
JPT1,20,0.0022
GRP,20,0.0022
NTRK1,20,0.0022
GDPD2,20,0.0022
CDCA3,20,0.0022
AVPR1B,20,0.0022
SAMD15,20,0.0022
RASA2,20,0.0022
TMEM252,20,0.0022
CYB561D1,20,0.0022
TIE1,20,0.0022
SNRNP27,20,0.0022
GOLM2,20,0.0022
AGO2,20,0.0022
P2RY12,20,0.0022
SMAD3,20,0.0022
PAIP1,20,0.0022
PRG2,20,0.0022
VWA3B,20,0.0022
MKLN1,20,0.0022
CCL3L3,20,0.0022
OR5K3,20,0.0022
TGIF2LX,20,0.0022
SFSWAP,20,0.0022
NUP54,20,0.0022
SPRYD3,20,0.0022
CAMP,20,0.0022
TEX48,20,0.0022
PPHLN1,20,0.0022
ALPK2,20,0.0022
CTTNBP2NL,20,0.0022
FAM241B,20,0.0022
FBXL17,20,0.0022
RHOXF2,20,0.0022
OR51A2,20,0.0022
CAMK1D,20,0.0022
MAGOH,20,0.0022
IMPG2,20,0.0022
SPRTN,20,0.0022
ARHGEF3,20,0.0022
CEP112,20,0.0022
C2CD4A,20,0.0022
ITGA3,20,0.0022
HEXIM1,20,0.0022
B3GALT4,20,0.0022
DOC2A,20,0.0022
C5orf15,20,0.0022
PERP,20,0.0022
GINM1,20,0.0022
TSTD3,20,0.0022
STING1,20,0.0022
TPO,20,0.0022
ARHGAP31,20,0.0022
ARRDC4,20,0.0022
CCDC116,20,0.0022
PRRT4,20,0.0022
UBLCP1,20,0.0022
PMS1,20,0.0022
WIPF1,20,0.0022
SNX17,20,0.0022
TMBIM1,20,0.0022
ENAH,20,0.0022
SCAMP5,20,0.0022
TMEM51,20,0.0022
DCAF6,20,0.0022
EPHB2,20,0.0022
OR2T34,20,0.0022
SLC16A13,20,0.0022
OAS2,20,0.0022
SH3BGRL,20,0.0022
PRKCI,20,0.0022
DNAJC18,20,0.0022
FBXW10,20,0.0022
MS4A7,20,0.0022
PHF24,20,0.0022
EFCAB5,20,0.0022
LIN28A,20,0.0022
CDK15,20,0.0022
OR13A1,20,0.0022
RNF182,20,0.0022
FAN1,20,0.0022
JPH3,20,0.0022
DOLK,20,0.0022
UBE2A,20,0.0022
OR1J1,20,0.0022
OR1D2,20,0.0022
ATP2A2,20,0.0022
RUNDC1,20,0.0022
HOXA11,20,0.0022
NCKAP5L,20,0.0022
ASCL1,20,0.0022
RBBP7,20,0.0022
ZBTB8B,20,0.0022
POSTN,20,0.0022
NEGR1,20,0.0022
EIF4H,20,0.0022
CLDN11,20,0.0022
TMEM212,20,0.0022
FOXRED2,20,0.0022
HHIP,20,0.0022
SHCBP1,20,0.0022
SIAH1,20,0.0022
EED,20,0.0022
GRPR,20,0.0022
SLF1,20,0.0022
INSM1,20,0.0022
CLDN34,20,0.0022
RPS28,20,0.0022
SUSD3,20,0.0022
FOXI3,20,0.0022
KRT80,20,0.0022
RPL14,20,0.0022
TRAK1,20,0.0022
FOXD4L4,20,0.0022
GCGR,20,0.0022
SOD2,20,0.0022
ZBTB8A,20,0.0022
CETN2,20,0.0022
ZBTB49,20,0.0022
SNRPD2,20,0.0022
TRAF7,20,0.0022
UBAC2,20,0.0022
MATN1,20,0.0022
STARD3,20,0.0022
TNFRSF13C,20,0.0022
TRIM24,20,0.0022
ANP32B,20,0.0022
FOXP1,20,0.0022
OR5L2,20,0.0022
TRGV8,20,0.0022
FAM43B,20,0.0022
NUP188,20,0.0022
DSC2,20,0.0022
SRRT,20,0.0022
NSF,20,0.0022
SPATA31D3,20,0.0022
S1PR3,20,0.0022
OR6C4,20,0.0022
TCF15,20,0.0022
HMGB1P1,20,0.0022
BOP1,20,0.0022
SVEP1,20,0.0022
SNURF,20,0.0022
SLC13A3,20,0.0022
SH3BP4,20,0.0022
OR10X1,20,0.0022
RAX,20,0.0022
RNF152,20,0.0022
PPP1R12A,20,0.0022
OR5D13,20,0.0022
PPP1R8,20,0.0022
FRAS1,20,0.0022
CLTA,20,0.0022
ZNF282,20,0.0022
VPS13C,20,0.0022
IGFBP3,20,0.0022
APEX2,20,0.0022
ZNF428,20,0.0022
CLDN23,20,0.0022
RAP1B,20,0.0022
FAM222A,20,0.0022
PCDHGC4,20,0.0022
RAET1E,20,0.0022
ZBTB48,20,0.0022
RBM45,20,0.0022
MORC4,20,0.0022
SYT17,20,0.0022
UBXN7,20,0.0022
FAM78A,20,0.0022
RFX7,19,0.0021
PPP2R5A,19,0.0021
ELAPOR1,19,0.0021
EIF3A,19,0.0021
SLC6A20,19,0.0021
PLIN4,19,0.0021
PPIP5K2,19,0.0021
EBF1,19,0.0021
STOX1,19,0.0021
SHROOM2,19,0.0021
CREBL2,19,0.0021
FAM234B,19,0.0021
SLC15A5,19,0.0021
TRIM28,19,0.0021
RPS6KC1,19,0.0021
SPRED3,19,0.0021
LZTS2,19,0.0021
RNF220,19,0.0021
CRHR1,19,0.0021
FGD6,19,0.0021
TMEM35B,19,0.0021
MFSD4B,19,0.0021
KRT32,19,0.0021
KDELR2,19,0.0021
EIF3B,19,0.0021
ZNRF2,19,0.0021
DOCK4,19,0.0021
GPATCH3,19,0.0021
SEC62,19,0.0021
MAGEB4,19,0.0021
CLEC16A,19,0.0021
ARHGEF15,19,0.0021
SLC17A1,19,0.0021
PRR9,19,0.0021
SCLT1,19,0.0021
ANO8,19,0.0021
CRB1,19,0.0021
PPP4R1,19,0.0021
CEP76,19,0.0021
LRRC8E,19,0.0021
PTGDR,19,0.0021
CERS5,19,0.0021
LARP4,19,0.0021
SSX4,19,0.0021
MOSPD2,19,0.0021
TBX15,19,0.0021
OR5K4,19,0.0021
SMARCD3,19,0.0021
FN1,19,0.0021
GP6,19,0.0021
FAM76B,19,0.0021
TMSB15A,19,0.0021
CARD6,19,0.0021
TMEM267,19,0.0021
BRWD3,19,0.0021
SLC35G6,19,0.0021
SLC47A1,19,0.0021
OR5B2,19,0.0021
POTED,19,0.0021
LHFPL1,19,0.0021
TRMT13,19,0.0021
OR6C70,19,0.0021
AFAP1L1,19,0.0021
DEFB104B,19,0.0021
XKR6,19,0.0021
TAAR8,19,0.0021
SLITRK1,19,0.0021
LYSMD4,19,0.0021
EPB41L2,19,0.0021
MNAT1,19,0.0021
CMTM4,19,0.0021
CFAP65,19,0.0021
PROM1,19,0.0021
ERF,19,0.0021
OR6X1,19,0.0021
UBL4A,19,0.0021
TMEM119,19,0.0021
GAGE13,19,0.0021
MRGBP,19,0.0021
FZD1,19,0.0021
OR8D2,19,0.0021
ENTPD8,19,0.0021
HNRNPUL1,19,0.0021
DNAL1,19,0.0021
PCDHA13,19,0.0021
MINAR1,19,0.0021
ARHGEF40,19,0.0021
SLC16A14,19,0.0021
RAB6A,19,0.0021
SLC5A1,19,0.0021
ROR2,19,0.0021
CKAP4,19,0.0021
CD9,19,0.0021
GPR151,19,0.0021
PPARGC1A,19,0.0021
ITIH6,19,0.0021
OR10K1,19,0.0021
C3orf22,19,0.0021
MORF4L2,19,0.0021
OAS3,19,0.0021
MAPKAPK2,19,0.0021
XKR4,19,0.0021
C20orf144,19,0.0021
GPR34,19,0.0021
PP2D1,19,0.0021
TRAV27,19,0.0021
ZFAND6,19,0.0021
NUP210,19,0.0021
KRTAP10-4,19,0.0021
LPGAT1,19,0.0021
SKI,19,0.0021
FAM217B,19,0.0021
LRRFIP2,19,0.0021
PBK,19,0.0021
GOLIM4,19,0.0021
POLR3A,19,0.0021
ERG,19,0.0021
KCNG2,19,0.0021
SUSD4,19,0.0021
SPIN3,19,0.0021
OST4,19,0.0021
TMSB10,19,0.0021
EIF1B,19,0.0021
KRT6B,19,0.0021
C1orf105,19,0.0021
TAPBPL,19,0.0021
CTNND2,19,0.0021
SLC16A12,19,0.0021
AIFM1,19,0.0021
CCDC160,19,0.0021
PNISR,19,0.0021
NOC2L,19,0.0021
POTEH,19,0.0021
SMIM32,19,0.0021
SIX2,19,0.0021
GPR31,19,0.0021
PRRG3,19,0.0021
DRICH1,19,0.0021
SNRPD3,19,0.0021
ENTPD2,19,0.0021
OR7G1,19,0.0021
COLEC12,19,0.0021
LRIT2,19,0.0021
CCR6,19,0.0021
TBC1D12,19,0.0021
OR51L1,19,0.0021
DOLPP1,19,0.0021
LAMP3,19,0.0021
DPAGT1,19,0.0021
CRTAM,19,0.0021
CYRIA,19,0.0021
WASHC5,19,0.0021
KDM3A,19,0.0021
RAD23B,19,0.0021
RALA,19,0.0021
ITPRIPL1,19,0.0021
PTAFR,19,0.0021
ZP1,19,0.0021
KCNK17,19,0.0021
NUP35,19,0.0021
DCAF8,19,0.0021
SPNS3,19,0.0021
CERS4,19,0.0021
GPRC5B,19,0.0021
CHRDL1,19,0.0021
CCDC8,19,0.0021
KCNMB2,19,0.0021
GPR141,19,0.0021
COL5A3,19,0.0021
EDN1,19,0.0021
CEP170,19,0.0021
SUMO1,19,0.0021
ZNF474,19,0.0021
TEF,19,0.0021
NEUROD1,19,0.0021
OR52W1,19,0.0021
OR1K1,19,0.0021
STRBP,19,0.0021
DNAJA2,19,0.0021
PRDM6,19,0.0021
TXLNB,19,0.0021
SPRN,19,0.0021
C7orf25,19,0.0021
SRBD1,19,0.0021
CDK5,19,0.0021
VSNL1,19,0.0021
LRRC27,19,0.0021
ITGA6,19,0.0021
VSX1,19,0.0021
ARHGAP8,19,0.0021
ZNF398,19,0.0021
OR1J4,19,0.0021
LRRC55,19,0.0021
KRT33B,19,0.0021
KIF3B,19,0.0021
CCDC88A,19,0.0021
FAM78B,19,0.0021
KBTBD6,19,0.0021
PSD2,19,0.0021
TMEM19,19,0.0021
GPR89A,19,0.0021
GJD3,19,0.0021
IL2RA,19,0.0021
RNF10,19,0.0021
SOAT1,19,0.0021
OR5D16,19,0.0021
SPATA31E1,19,0.0021
SLC16A7,19,0.0021
USP9X,19,0.0021
FOXP3,19,0.0021
WDR13,19,0.0021
RAB2A,19,0.0021
RALGPS1,19,0.0021
KIRREL2,19,0.0021
PCDHB5,19,0.0021
SIGLEC8,19,0.0021
RTL3,19,0.0021
ABCC10,19,0.0021
STYK1,19,0.0021
ATG9B,19,0.0021
SNRNP70,19,0.0021
CCDC9,19,0.0021
PPIAL4D,19,0.0021
SPATA4,19,0.0021
TARDBP,19,0.0021
NKX1-2,19,0.0021
OTX1,18,0.002
TRPC4AP,18,0.002
ZKSCAN5,18,0.002
MT-ND4L,18,0.002
PRCC,18,0.002
FOXN1,18,0.002
C15orf62,18,0.002
SLC25A32,18,0.002
OR6C2,18,0.002
TRAV38-2DV8,18,0.002
PILRA,18,0.002
TBC1D31,18,0.002
TMEM59L,18,0.002
WNK1,18,0.002
TBPL1,18,0.002
PCYT1B,18,0.002
FAM47B,18,0.002
CLCC1,18,0.002
PKN1,18,0.002
FBXL5,18,0.002
ITIH4,18,0.002
RAI2,18,0.002
CNNM1,18,0.002
TMEM178A,18,0.002
TCFL5,18,0.002
CADM3,18,0.002
RNF17,18,0.002
CSNK2A2,18,0.002
NR2C2,18,0.002
PLEKHN1,18,0.002
CUX1,18,0.002
TMEM88,18,0.002
TRAV22,18,0.002
PDZD8,18,0.002
HOXD13,18,0.002
TXN,18,0.002
KIF21A,18,0.002
RNF2,18,0.002
GPR39,18,0.002
TP53I13,18,0.002
SLC6A4,18,0.002
PKDREJ,18,0.002
UTP14C,18,0.002
SHISAL1,18,0.002
SLC7A3,18,0.002
PTPN12,18,0.002
VSIG4,18,0.002
SLBP,18,0.002
SLC6A8,18,0.002
SPOCD1,18,0.002
MAP10,18,0.002
SELL,18,0.002
ZCCHC10,18,0.002
OR11L1,18,0.002
CYP17A1,18,0.002
BFSP2,18,0.002
BRI3BP,18,0.002
OR10G8,18,0.002
MOS,18,0.002
TIMELESS,18,0.002
CMKLR1,18,0.002
FMNL3,18,0.002
BPIFB2,18,0.002
EIF1,18,0.002
GAS1,18,0.002
GFAP,18,0.002
INTS7,18,0.002
CYFIP1,18,0.002
RAET1G,18,0.002
FAM184B,18,0.002
GJA4,18,0.002
NMUR2,18,0.002
FBXO11,18,0.002
PODXL,18,0.002
CTBP2,18,0.002
IGF1,18,0.002
ABCB9,18,0.002
OR5B21,18,0.002
CEP83,18,0.002
MYH9,18,0.002
MIER2,18,0.002
DNASE2,18,0.002
XAGE3,18,0.002
GAGE2E,18,0.002
VWA3A,18,0.002
CD274,18,0.002
POMT1,18,0.002
SURF2,18,0.002
ATF7IP,18,0.002
LRRC41,18,0.002
HMCES,18,0.002
EFCAB12,18,0.002
ZCCHC2,18,0.002
PTPRA,18,0.002
CALCOCO1,18,0.002
ANKRD34A,18,0.002
PPIAL4C,18,0.002
TVP23A,18,0.002
DIPK1A,18,0.002
DR1,18,0.002
RAPH1,18,0.002
PCDHGB2,18,0.002
C4BPA,18,0.002
PCDHB16,18,0.002
SIGLEC1,18,0.002
DTX1,18,0.002
FKBP1A,18,0.002
ASXL3,18,0.002
TCEAL6,18,0.002
ALX4,18,0.002
EIF2AK3,18,0.002
SLC35E4,18,0.002
NFE2L2,18,0.002
PPM1E,18,0.002
SPTBN5,18,0.002
LIX1,18,0.002
PCDHGA3,18,0.002
PRRG4,18,0.002
GTF2H1,18,0.002
CSDC2,18,0.002
OR8H2,18,0.002
CPSF6,18,0.002
ITM2A,18,0.002
PARP10,18,0.002
RFX3,18,0.002
TSPAN5,18,0.002
RUFY3,18,0.002
TTLL7,18,0.002
PTGDR2,18,0.002
GAST,18,0.002
TVP23C,18,0.002
OR10V1,18,0.002
GLCCI1,18,0.002
TRIM42,18,0.002
ZBTB38,18,0.002
DOCK3,18,0.002
NLRP1,18,0.002
BTK,18,0.002
CEP192,18,0.002
ROR1,18,0.002
SSB,18,0.002
LRIG2,18,0.002
TEX14,18,0.002
ARF3,18,0.002
HM13,18,0.002
FHL2,18,0.002
FAM50A,18,0.002
CDC40,18,0.002
IER3,18,0.002
TMEM198,18,0.002
TRAK2,18,0.002
MRGPRG,18,0.002
CENPI,18,0.002
SLC35D2,18,0.002
ABCC9,18,0.002
ALG9,18,0.002
OR5B17,18,0.002
LPAR6,18,0.002
RAP2C,18,0.002
BEND5,18,0.002
DENR,18,0.002
BEND4,18,0.002
NDEL1,18,0.002
C2,18,0.002
GPR108,18,0.002
GARNL3,18,0.002
IMPG1,18,0.002
PHIP,18,0.002
PAK3,18,0.002
PHF1,18,0.002
FOXK2,18,0.002
IL25,18,0.002
SNRPF,18,0.002
RNF227,18,0.002
SLC35F5,18,0.002
OR2T10,18,0.002
C1orf198,18,0.002
LRRC75B,18,0.002
CERT1,18,0.002
CACNG6,18,0.002
HIF1A,18,0.002
DAB2IP,18,0.002
GAREM1,18,0.002
LARP7,18,0.002
NOTCH4,18,0.002
MFN2,18,0.002
LIMA1,18,0.002
LCN12,18,0.002
PRR35,18,0.002
PAX7,18,0.002
ATAT1,18,0.002
FAM171A2,18,0.002
KDM5B,18,0.002
LRRTM4,18,0.002
CPNE7,18,0.002
ZNF276,18,0.002
NT5DC2,18,0.002
HAX1,18,0.002
PCMTD1,18,0.002
PHF12,18,0.002
CCDC122,18,0.002
VIPR1,18,0.002
MLNR,18,0.002
ZNF830,18,0.002
SECISBP2L,17,0.0019
TMEM268,17,0.0019
TENT4A,17,0.0019
NTRK3,17,0.0019
CDKL5,17,0.0019
RECK,17,0.0019
SCN4A,17,0.0019
ERN1,17,0.0019
HAND2,17,0.0019
MARF1,17,0.0019
C2orf15,17,0.0019
OR1F1,17,0.0019
MAGEB10,17,0.0019
LIN9,17,0.0019
ZBTB46,17,0.0019
FANCB,17,0.0019
TBC1D2,17,0.0019
DCTN4,17,0.0019
OR1L8,17,0.0019
CHD4,17,0.0019
FAM90A20P,17,0.0019
VRK1,17,0.0019
NTSR1,17,0.0019
DTX2,17,0.0019
EFHC2,17,0.0019
MED14,17,0.0019
E2F1,17,0.0019
BCL2L1,17,0.0019
DNAJC5B,17,0.0019
RHBDD1,17,0.0019
CBX3,17,0.0019
BZW2,17,0.0019
LMX1B,17,0.0019
TRPM1,17,0.0019
OTUD7A,17,0.0019
NOVA2,17,0.0019
FCRLB,17,0.0019
LMO3,17,0.0019
RBFOX1,17,0.0019
SHISA9,17,0.0019
NHLH2,17,0.0019
BEND3,17,0.0019
TMF1,17,0.0019
SKOR2,17,0.0019
MEGF10,17,0.0019
KISS1,17,0.0019
SUGT1,17,0.0019
TTC14,17,0.0019
TRAM1,17,0.0019
CAPRIN1,17,0.0019
OR8I2,17,0.0019
OR14J1,17,0.0019
ADM5,17,0.0019
CMYA5,17,0.0019
PCDHGA7,17,0.0019
KCTD9,17,0.0019
GID4,17,0.0019
AIMP1,17,0.0019
SPMIP7,17,0.0019
ZNF608,17,0.0019
ELOVL1,17,0.0019
ZIC4,17,0.0019
SLC2A8,17,0.0019
FAM32A,17,0.0019
MLH3,17,0.0019
NTSR2,17,0.0019
FNDC4,17,0.0019
SLC46A2,17,0.0019
EXOC7,17,0.0019
MKRN2,17,0.0019
OR2T11,17,0.0019
SSRP1,17,0.0019
ARL13A,17,0.0019
SMO,17,0.0019
SENP6,17,0.0019
TRPC5,17,0.0019
GARRE1,17,0.0019
DTX3,17,0.0019
ZBTB20,17,0.0019
TCEAL8,17,0.0019
SLCO1B1,17,0.0019
CD4,17,0.0019
IGF2BP3,17,0.0019
RBM4,17,0.0019
LASP1,17,0.0019
MED1,17,0.0019
AGMO,17,0.0019
FOXD2,17,0.0019
ERAL1,17,0.0019
HOATZ,17,0.0019
DEFB105B,17,0.0019
ENOX1,17,0.0019
PLP1,17,0.0019
NELFE,17,0.0019
TAC1,17,0.0019
GHSR,17,0.0019
SUPT5H,17,0.0019
OR1J2,17,0.0019
ZZZ3,17,0.0019
GPR21,17,0.0019
SERP1,17,0.0019
PCDH12,17,0.0019
FBXO47,17,0.0019
UNC13A,17,0.0019
OR10H2,17,0.0019
POMP,17,0.0019
C12orf43,17,0.0019
ZNRF1,17,0.0019
ARV1,17,0.0019
SMC3,17,0.0019
NDNF,17,0.0019
FOXD1,17,0.0019
INSM2,17,0.0019
KCNK13,17,0.0019
CCDC88C,17,0.0019
UBR7,17,0.0019
OR52B6,17,0.0019
YAP1,17,0.0019
MTPAP,17,0.0019
IL22RA1,17,0.0019
KDM1B,17,0.0019
TRIM8,17,0.0019
CDV3,17,0.0019
SCTR,17,0.0019
PPP1R9B,17,0.0019
SDAD1,17,0.0019
GAS2L2,17,0.0019
UBE2E3,17,0.0019
MYADM,17,0.0019
ARHGEF33,17,0.0019
GAGE10,17,0.0019
PAGE1,17,0.0019
RFX4,17,0.0019
PHOX2A,17,0.0019
SPIRE2,17,0.0019
SLC35A3,17,0.0019
NR3C1,17,0.0019
PI4K2A,17,0.0019
CCAR1,17,0.0019
PLXNB2,17,0.0019
TFEB,17,0.0019
IFFO2,17,0.0019
RNF34,17,0.0019
MAGEL2,17,0.0019
LIMS2,17,0.0019
OR10A2,17,0.0019
OCLN,17,0.0019
SMN1,17,0.0019
IKZF1,17,0.0019
ENDOD1,17,0.0019
USP27X,17,0.0019
EFCAB3,17,0.0019
DPRX,17,0.0019
PTPRH,17,0.0019
CHPT1,17,0.0019
ZNF880,17,0.0019
GFRA4,17,0.0019
TDRD15,17,0.0019
TXNDC15,17,0.0019
AFG2B,17,0.0019
PCDH10,17,0.0019
SLC25A31,17,0.0019
OR2T3,17,0.0019
AFTPH,17,0.0019
CEP68,17,0.0019
AHNAK,17,0.0019
TUT1,17,0.0019
CYRIB,17,0.0019
KRT5,17,0.0019
ARIH1,17,0.0019
PCDHGC3,17,0.0019
ZBTB2,17,0.0019
ACOT7,17,0.0019
APH1A,17,0.0019
CD63,17,0.0019
EMC7,17,0.0019
ECE2,17,0.0019
RPGRIP1,17,0.0019
CCDC178,17,0.0019
LRRC32,17,0.0019
KRT84,17,0.0019
ARF6,17,0.0019
HAS2,17,0.0019
ARID3A,17,0.0019
ZNF506,17,0.0019
CREBBP,17,0.0019
NEIL1,17,0.0019
STAT1,17,0.0019
PCDHGA5,17,0.0019
IP6K3,17,0.0019
NBPF3,17,0.0019
SIGLEC15,17,0.0019
TMSB4Y,17,0.0019
HSF1,17,0.0019
CPD,17,0.0019
CRLF3,17,0.0019
SUZ12,17,0.0019
NSD2,17,0.0019
BORA,17,0.0019
SYT5,17,0.0019
PNMA5,17,0.0019
ARFGEF1,17,0.0019
UBAP1L,17,0.0019
HOXB3,17,0.0019
MAP3K13,17,0.0019
KRT20,17,0.0019
OR5AC2,17,0.0019
MCTS1,17,0.0019
CITED1,17,0.0019
C11orf91,17,0.0019
MAGEE2,17,0.0019
DLG3,17,0.0019
LUC7L3,17,0.0019
RSPO3,17,0.0019
CIMAP2,17,0.0019
ATG14,17,0.0019
PTF1A,17,0.0019
CCDC148,17,0.0019
RSRC2,17,0.0019
FERMT2,17,0.0019
TSR1,17,0.0019
TMEM179,17,0.0019
AMHR2,17,0.0019
DEFB107A,17,0.0019
C2orf78,17,0.0019
RNF113B,17,0.0019
PCP4,17,0.0019
SENP3,17,0.0019
CFB,17,0.0019
RNF6,17,0.0019
PCDHB14,17,0.0019
NACA,17,0.0019
PTHLH,17,0.0019
SETD5,17,0.0019
KIAA1586,17,0.0019
EYS,17,0.0019
GOLGA6L2,17,0.0019
OR10P1,17,0.0019
HES7,17,0.0019
SLC6A11,16,0.0017
TNFRSF14,16,0.0017
TRAV39,16,0.0017
SLC6A12,16,0.0017
PRIM1,16,0.0017
PRRT1,16,0.0017
LARP6,16,0.0017
MAP3K10,16,0.0017
BRCA2,16,0.0017
RHOBTB2,16,0.0017
OR52N1,16,0.0017
NKX3-1,16,0.0017
TNFRSF9,16,0.0017
RNF223,16,0.0017
NOP14,16,0.0017
MYO3A,16,0.0017
ARHGAP4,16,0.0017
FAT3,16,0.0017
DBP,16,0.0017
GNL3,16,0.0017
FAM161A,16,0.0017
CLMN,16,0.0017
ZHX1,16,0.0017
SS18L1,16,0.0017
RNF31,16,0.0017
CARMIL2,16,0.0017
ZBTB37,16,0.0017
FMO2,16,0.0017
KDM2B,16,0.0017
ITGAV,16,0.0017
SPACA1,16,0.0017
SPDL1,16,0.0017
KRT6C,16,0.0017
SMC2,16,0.0017
SYT3,16,0.0017
SIGLEC10,16,0.0017
KCNC3,16,0.0017
CC2D1B,16,0.0017
MARVELD3,16,0.0017
C16orf87,16,0.0017
PCDHGB4,16,0.0017
CSRP1,16,0.0017
YWHAZ,16,0.0017
ATP1A3,16,0.0017
ALX3,16,0.0017
BRD7,16,0.0017
SPRR2F,16,0.0017
STK25,16,0.0017
DRC7,16,0.0017
FAM131A,16,0.0017
OR5L1,16,0.0017
SPATA31D4,16,0.0017
RNF26,16,0.0017
SC5D,16,0.0017
MAML1,16,0.0017
HAUS6,16,0.0017
CUL1,16,0.0017
SNED1,16,0.0017
PHF19,16,0.0017
TLCD3A,16,0.0017
OR6B2,16,0.0017
CD2,16,0.0017
PRPF3,16,0.0017
FOXL2,16,0.0017
OR6C74,16,0.0017
FOXK1,16,0.0017
PDPK1,16,0.0017
ADIPOR2,16,0.0017
SLC18A2,16,0.0017
ZCCHC24,16,0.0017
BRSK1,16,0.0017
DDIT4L,16,0.0017
KRT13,16,0.0017
TMEM204,16,0.0017
IQGAP1,16,0.0017
SLC20A2,16,0.0017
IGF2R,16,0.0017
FBXO15,16,0.0017
CWC15,16,0.0017
NUDT11,16,0.0017
CLGN,16,0.0017
PIP4K2C,16,0.0017
IGHD1-1,16,0.0017
RIF1,16,0.0017
SELP,16,0.0017
DCHS2,16,0.0017
WDR17,16,0.0017
CNTFR,16,0.0017
SPTBN2,16,0.0017
OR10G2,16,0.0017
CDC5L,16,0.0017
C9orf40,16,0.0017
TXNL4A,16,0.0017
FHIP2A,16,0.0017
TMEM54,16,0.0017
FAM76A,16,0.0017
MTMR12,16,0.0017
HOXC4,16,0.0017
OR14C36,16,0.0017
IGKV1D-37,16,0.0017
GREB1,16,0.0017
PMCH,16,0.0017
PGGHG,16,0.0017
SPADH,16,0.0017
OR13C9,16,0.0017
TAS2R39,16,0.0017
DIDO1,16,0.0017
RBMS3,16,0.0017
PLCL2,16,0.0017
RUSC1,16,0.0017
ABCD4,16,0.0017
ANTXRL,16,0.0017
ACE2,16,0.0017
GATA2,16,0.0017
GPKOW,16,0.0017
CNTNAP1,16,0.0017
SYCE1,16,0.0017
HSF2,16,0.0017
OR9Q1,16,0.0017
ALPK3,16,0.0017
NR2F2,16,0.0017
USP17L22,16,0.0017
PNRC2,16,0.0017
ODAD3,16,0.0017
COBLL1,16,0.0017
ZGPAT,16,0.0017
SSR3,16,0.0017
ITGB1,16,0.0017
NPY4R,16,0.0017
GP2,16,0.0017
LUZP4,16,0.0017
PIM2,16,0.0017
NPDC1,16,0.0017
OS9,16,0.0017
ITGB8,16,0.0017
PTPRR,16,0.0017
OLFM2,16,0.0017
SLC25A41,16,0.0017
TMEM151A,16,0.0017
CDC42BPG,16,0.0017
SBSN,16,0.0017
GMIP,16,0.0017
TMEM31,16,0.0017
CAMK4,16,0.0017
S1PR4,16,0.0017
POU2AF3,16,0.0017
ZNF346,16,0.0017
ZBED3,16,0.0017
MYPOP,16,0.0017
NFASC,16,0.0017
TMC3,16,0.0017
IRX3,16,0.0017
TBC1D19,16,0.0017
TFIP11,16,0.0017
DLL1,16,0.0017
TRIM77,16,0.0017
SIK2,16,0.0017
SCNN1B,16,0.0017
AP2B1,16,0.0017
TOX4,16,0.0017
PABPC5,16,0.0017
CLK2,16,0.0017
MYO18B,16,0.0017
MAP2K2,16,0.0017
TMIGD2,16,0.0017
ZFP41,16,0.0017
SNX13,16,0.0017
SLC10A4,16,0.0017
LRRN4,16,0.0017
HHEX,16,0.0017
OR1M1,16,0.0017
MAP3K11,16,0.0017
CFL1,16,0.0017
TMEM100,16,0.0017
IQCB1,16,0.0017
CYSTM1,16,0.0017
DGLUCY,16,0.0017
MAP2K4,16,0.0017
TRIM45,16,0.0017
PDPN,16,0.0017
MOBP,16,0.0017
MUSK,16,0.0017
COL12A1,16,0.0017
CXorf38,16,0.0017
ERCC6L,16,0.0017
DHRS7C,16,0.0017
SELENOI,16,0.0017
KRTAP21-3,16,0.0017
MIPOL1,16,0.0017
SCAF4,16,0.0017
G6PC1,16,0.0017
CLPB,16,0.0017
OR2G2,16,0.0017
PCDHGA6,16,0.0017
PCDHB7,16,0.0017
POT1,16,0.0017
MYOM2,16,0.0017
CGAS,16,0.0017
POU2AF2,16,0.0017
LIMK2,16,0.0017
RNF144B,16,0.0017
ZMIZ2,16,0.0017
GIPR,16,0.0017
PRR5L,16,0.0017
C1orf226,16,0.0017
GPAT4,16,0.0017
BMX,16,0.0017
TBP,16,0.0017
VIPR2,16,0.0017
IFTAP,16,0.0017
OR2D2,16,0.0017
F12,16,0.0017
ZNF354B,16,0.0017
TACR2,16,0.0017
KRT82,16,0.0017
CCDC150,16,0.0017
OR5H14,16,0.0017
HEPN1,16,0.0017
AMIGO1,16,0.0017
MAPKBP1,16,0.0017
CTAGE1,16,0.0017
FAM227A,16,0.0017
MAST1,16,0.0017
NCBP2,16,0.0017
SRD5A3,16,0.0017
FAM124B,16,0.0017
UBE2W,16,0.0017
SHISA8,16,0.0017
ABTB2,16,0.0017
SMG8,16,0.0017
ZNF343,16,0.0017
LRRIQ1,16,0.0017
ZNF730,16,0.0017
FHOD3,16,0.0017
AOPEP,16,0.0017
RPGRIP1L,16,0.0017
DISP1,16,0.0017
S1PR2,16,0.0017
EIF3D,15,0.0016
HDX,15,0.0016
OR2A14,15,0.0016
CREB3L2,15,0.0016
SMPD3,15,0.0016
TRMT44,15,0.0016
NDFIP1,15,0.0016
CDK8,15,0.0016
CRACDL,15,0.0016
EMX2,15,0.0016
VASH1,15,0.0016
PSEN2,15,0.0016
ATP2B2,15,0.0016
KRTCAP3,15,0.0016
BRD4,15,0.0016
PRR23E,15,0.0016
ZHX3,15,0.0016
OR4C5,15,0.0016
RERE,15,0.0016
BOD1L1,15,0.0016
OPRD1,15,0.0016
CDRT15,15,0.0016
NLGN3,15,0.0016
HR,15,0.0016
CD99,15,0.0016
BSG,15,0.0016
SEPTIN6,15,0.0016
TEX19,15,0.0016
RPL6,15,0.0016
CLDN2,15,0.0016
NRK,15,0.0016
TAS2R13,15,0.0016
SND1,15,0.0016
EDNRB,15,0.0016
GJA1,15,0.0016
ANAPC15,15,0.0016
UCP2,15,0.0016
PPP2R5E,15,0.0016
KIF4B,15,0.0016
DOP1B,15,0.0016
SMIM11,15,0.0016
GJA5,15,0.0016
METTL3,15,0.0016
MIA2,15,0.0016
FRG2B,15,0.0016
FOXO6,15,0.0016
MED24,15,0.0016
STOX2,15,0.0016
KCNQ2,15,0.0016
CEP170B,15,0.0016
MGRN1,15,0.0016
MAOA,15,0.0016
CHEK1,15,0.0016
ZNF333,15,0.0016
ARF1,15,0.0016
TAB3,15,0.0016
PLGLB2,15,0.0016
AKNAD1,15,0.0016
METTL14,15,0.0016
ARID4A,15,0.0016
SMAP2,15,0.0016
PIP5K1A,15,0.0016
SMCP,15,0.0016
SSTR2,15,0.0016
FRMD8,15,0.0016
MFSD5,15,0.0016
CSPG4,15,0.0016
KLHL15,15,0.0016
PLEKHG5,15,0.0016
PHC1,15,0.0016
SMIM30,15,0.0016
MGAM2,15,0.0016
IARS2,15,0.0016
RAB10,15,0.0016
KPNB1,15,0.0016
TRIM64,15,0.0016
MAP1B,15,0.0016
OR2L13,15,0.0016
TBC1D2B,15,0.0016
RAB9A,15,0.0016
INPP5F,15,0.0016
ELFN1,15,0.0016
IFNAR1,15,0.0016
TLE4,15,0.0016
ARMC1,15,0.0016
SLCO3A1,15,0.0016
MCTP2,15,0.0016
OR6Q1,15,0.0016
TNFRSF18,15,0.0016
SPNS1,15,0.0016
SYT4,15,0.0016
CRHR2,15,0.0016
ZFYVE28,15,0.0016
EIF4G1,15,0.0016
ANGPT2,15,0.0016
ATXN1L,15,0.0016
AFAP1,15,0.0016
TIAM1,15,0.0016
MFSD14B,15,0.0016
SLC39A9,15,0.0016
DPF3,15,0.0016
GBX2,15,0.0016
FLVCR1,15,0.0016
STRIP2,15,0.0016
NPPC,15,0.0016
RNPS1,15,0.0016
TAS2R46,15,0.0016
SLCO1B3,15,0.0016
KRTAP20-3,15,0.0016
OR52I1,15,0.0016
GPR26,15,0.0016
SPIC,15,0.0016
OR13F1,15,0.0016
OR13C5,15,0.0016
HDAC2,15,0.0016
HOXA3,15,0.0016
TSPY8,15,0.0016
TSPY3,15,0.0016
GJD2,15,0.0016
OR2B3,15,0.0016
MYBPC3,15,0.0016
FGFR1,15,0.0016
LAS1L,15,0.0016
ISLR2,15,0.0016
KCNQ4,15,0.0016
SLC2A1,15,0.0016
PCDHGB6,15,0.0016
PCDHB1,15,0.0016
SLC25A48,15,0.0016
DLX4,15,0.0016
ALG8,15,0.0016
GALR2,15,0.0016
ASXL1,15,0.0016
CDX4,15,0.0016
RTL5,15,0.0016
MSN,15,0.0016
EEF1A1,15,0.0016
RNF115,15,0.0016
SLC35G1,15,0.0016
ZC2HC1A,15,0.0016
USP47,15,0.0016
ADAMTSL1,15,0.0016
GTSE1,15,0.0016
ACACA,15,0.0016
C9orf85,15,0.0016
AQP11,15,0.0016
PLIN2,15,0.0016
HSPA8,15,0.0016
CLPTM1,15,0.0016
TLCD5,15,0.0016
SERPINF2,15,0.0016
KIF2C,15,0.0016
STK31,15,0.0016
IRF7,15,0.0016
ARHGEF5,15,0.0016
KLHL22,15,0.0016
OR8D1,15,0.0016
BCL7A,15,0.0016
ATP2B3,15,0.0016
SPP2,15,0.0016
C6orf52,15,0.0016
KHDRBS3,15,0.0016
NALCN,15,0.0016
CRH,15,0.0016
CFAP157,15,0.0016
KCNC1,15,0.0016
NAV2,15,0.0016
SLC6A5,15,0.0016
KRT26,15,0.0016
EXPH5,15,0.0016
BMS1,15,0.0016
OR5F1,15,0.0016
API5,15,0.0016
OR13C2,15,0.0016
FSD1L,15,0.0016
ZNF175,15,0.0016
ABCB11,15,0.0016
TBX2,15,0.0016
FGD2,15,0.0016
CACNA1H,15,0.0016
OR11H12,15,0.0016
CD300H,15,0.0016
TMEM225,15,0.0016
CCDC141,15,0.0016
NOMO2,15,0.0016
FZD8,15,0.0016
SCG2,15,0.0016
WBP11,15,0.0016
C2CD4B,15,0.0016
SLC24A3,15,0.0016
SLC11A2,15,0.0016
GCM2,15,0.0016
SMARCD1,15,0.0016
LRRC3B,15,0.0016
ILRUN,15,0.0016
SLITRK4,15,0.0016
ZNF451,15,0.0016
OR10W1,15,0.0016
VPS4B,15,0.0016
KRT39,15,0.0016
KRT40,15,0.0016
LHFPL4,15,0.0016
INO80,15,0.0016
PPIAL4E,15,0.0016
FAM72B,15,0.0016
ERBB2,15,0.0016
SPATA6,15,0.0016
DTNA,15,0.0016
HSFX4,15,0.0016
FMR1NB,15,0.0016
UPK3BL2,15,0.0016
PCDHB2,15,0.0016
USP34,15,0.0016
SEPTIN7,15,0.0016
GPR84,15,0.0016
PPP2R5B,15,0.0016
ZC3H14,15,0.0016
LRP12,15,0.0016
CCDC73,15,0.0016
ZBTB14,15,0.0016
OR1D5,15,0.0016
H2AZ2,15,0.0016
ELMO1,15,0.0016
OR4F6,15,0.0016
ZNF800,15,0.0016
RHOBTB3,15,0.0016
CEP126,15,0.0016
CASTOR2,15,0.0016
BIK,15,0.0016
SERINC3,15,0.0016
TPRA1,15,0.0016
RNF7,15,0.0016
MEAF6,14,0.0015
VANGL1,14,0.0015
DNM3,14,0.0015
ASCC2,14,0.0015
EIF1AX,14,0.0015
ASCC1,14,0.0015
SLC25A2,14,0.0015
MRC1,14,0.0015
TMEM88B,14,0.0015
ADGRB2,14,0.0015
SSTR5,14,0.0015
RNF170,14,0.0015
MFAP3L,14,0.0015
RUNDC3B,14,0.0015
EFHB,14,0.0015
GPBP1,14,0.0015
CACNA1D,14,0.0015
MFSD6L,14,0.0015
TCAF2,14,0.0015
PJVK,14,0.0015
ZNF750,14,0.0015
COL25A1,14,0.0015
ANP32E,14,0.0015
ZSWIM9,14,0.0015
IRF3,14,0.0015
G6PC2,14,0.0015
DZIP3,14,0.0015
TAB1,14,0.0015
RPL38,14,0.0015
LRRC59,14,0.0015
NUP214,14,0.0015
ADGRA3,14,0.0015
F8,14,0.0015
IHH,14,0.0015
TMEM184B,14,0.0015
S1PR5,14,0.0015
RBMS1,14,0.0015
KRT35,14,0.0015
UBE2I,14,0.0015
CDH11,14,0.0015
GRK2,14,0.0015
ZP4,14,0.0015
BPIFA3,14,0.0015
OR1B1,14,0.0015
COL21A1,14,0.0015
DIS3L,14,0.0015
TRIM33,14,0.0015
AGFG2,14,0.0015
ZNF728,14,0.0015
H1-10,14,0.0015
GPR75,14,0.0015
GPR55,14,0.0015
MAGEA11,14,0.0015
LEO1,14,0.0015
SATB1,14,0.0015
RCOR2,14,0.0015
FBXL14,14,0.0015
MBOAT7,14,0.0015
TNFRSF12A,14,0.0015
NYAP1,14,0.0015
CCP110,14,0.0015
UNC5D,14,0.0015
RB1CC1,14,0.0015
ZNF507,14,0.0015
HOXB6,14,0.0015
UNC5B,14,0.0015
PAK2,14,0.0015
PDGFRA,14,0.0015
RAD51AP2,14,0.0015
ABR,14,0.0015
ZBTB22,14,0.0015
PRF1,14,0.0015
TFDP3,14,0.0015
SLITRK2,14,0.0015
TRNP1,14,0.0015
PCDHGA9,14,0.0015
CCSER1,14,0.0015
ELF5,14,0.0015
SPTY2D1,14,0.0015
PSRC1,14,0.0015
LINGO4,14,0.0015
KRT25,14,0.0015
OR10A5,14,0.0015
UGCG,14,0.0015
ZNF518A,14,0.0015
PSIP1,14,0.0015
GREB1L,14,0.0015
ASDURF,14,0.0015
SANBR,14,0.0015
CATSPERB,14,0.0015
CRTC3,14,0.0015
TBC1D17,14,0.0015
ZC3H11A,14,0.0015
MEX3D,14,0.0015
CATSPERD,14,0.0015
TIAL1,14,0.0015
NKX3-2,14,0.0015
SFTPB,14,0.0015
L3MBTL2,14,0.0015
SPACA7,14,0.0015
GPR174,14,0.0015
PPP1R2C,14,0.0015
PIK3R5,14,0.0015
LPAR4,14,0.0015
KRT6A,14,0.0015
NFRKB,14,0.0015
TTYH2,14,0.0015
EMILIN3,14,0.0015
TESK2,14,0.0015
DPY30,14,0.0015
ADCYAP1,14,0.0015
ATAD1,14,0.0015
BMAL2,14,0.0015
SPECC1L,14,0.0015
RBM44,14,0.0015
TSPY4,14,0.0015
SESN1,14,0.0015
KLF11,14,0.0015
RNF146,14,0.0015
NLRP6,14,0.0015
FAM90A1,14,0.0015
KMT2E,14,0.0015
FRMD6,14,0.0015
EIF1AY,14,0.0015
OR2B6,14,0.0015
PRR3,14,0.0015
TWIST2,14,0.0015
PTPRO,14,0.0015
SNX18,14,0.0015
MON2,14,0.0015
RHBDL2,14,0.0015
HOXB1,14,0.0015
OR9I1,14,0.0015
FOXO3,14,0.0015
TUBA1B,14,0.0015
LMTK2,14,0.0015
CDC42,14,0.0015
TRIM46,14,0.0015
SNRPC,14,0.0015
SPMAP2L,14,0.0015
SLC5A7,14,0.0015
OLIG1,14,0.0015
C1orf185,14,0.0015
FAT1,14,0.0015
PLXNA3,14,0.0015
TVP23B,14,0.0015
SHROOM1,14,0.0015
HINFP,14,0.0015
KRT8,14,0.0015
RTN4RL2,14,0.0015
SPANXN1,14,0.0015
DCAF10,14,0.0015
WHAMM,14,0.0015
SMARCA2,14,0.0015
SMARCE1,14,0.0015
OR5AN1,14,0.0015
MSI2,14,0.0015
ATP9B,14,0.0015
CCL4L2,14,0.0015
ECSCR,14,0.0015
CCDC170,14,0.0015
RFX1,14,0.0015
RPRD1A,14,0.0015
CD58,14,0.0015
LRRC43,14,0.0015
PIRT,14,0.0015
KCNT1,14,0.0015
FSD2,14,0.0015
BACH2,14,0.0015
LRRC56,14,0.0015
MAST4,14,0.0015
PKIA,14,0.0015
GJA9,14,0.0015
SLC25A29,14,0.0015
OR2A25,14,0.0015
PARPBP,14,0.0015
CREB3,14,0.0015
COL9A2,14,0.0015
RPS6KA1,14,0.0015
IL11RA,14,0.0015
UVRAG,14,0.0015
MAPK1,14,0.0015
OR2AT4,14,0.0015
KRT27,14,0.0015
IKZF4,14,0.0015
PA2G4,14,0.0015
MSI1,14,0.0015
ELOA,14,0.0015
ZNF646,14,0.0015
PANX2,14,0.0015
SLC17A2,14,0.0015
GBX1,14,0.0015
SLC35G2,14,0.0015
MSL2,14,0.0015
GTF3C1,14,0.0015
MAFA,14,0.0015
TRIM4,14,0.0015
TPBGL,14,0.0015
CNKSR1,14,0.0015
ZNF480,14,0.0015
SSH1,14,0.0015
SELPLG,14,0.0015
GAGE12H,14,0.0015
IRF2,14,0.0015
BZW1,14,0.0015
ITGAL,14,0.0015
OR51S1,14,0.0015
PREX1,14,0.0015
UBE2L3,14,0.0015
KAT8,14,0.0015
RHOBTB1,14,0.0015
MAP3K14,14,0.0015
IVNS1ABP,14,0.0015
MROH6,14,0.0015
MAP2K1,14,0.0015
TSPAN7,14,0.0015
UBN2,14,0.0015
ARC,14,0.0015
TBXA2R,14,0.0015
MIXL1,14,0.0015
AKAP8,14,0.0015
TRAV40,14,0.0015
NUAK2,14,0.0015
LRCH2,14,0.0015
TMEM272,14,0.0015
LMO4,14,0.0015
MALL,14,0.0015
AMY1A,14,0.0015
RPL30,14,0.0015
ATP6V0D1,14,0.0015
SGPP2,14,0.0015
CADM1,14,0.0015
REEP2,14,0.0015
ZMYND11,14,0.0015
HNRNPH3,14,0.0015
ESYT1,14,0.0015
SLC47A2,14,0.0015
ELOVL5,14,0.0015
XPO1,14,0.0015
SLC25A43,14,0.0015
OR14I1,13,0.0014
OR14A2,13,0.0014
NFE2L1,13,0.0014
TEX2,13,0.0014
SPRY1,13,0.0014
SLC16A1,13,0.0014
GSK3A,13,0.0014
BAHD1,13,0.0014
CNN3,13,0.0014
RNF19A,13,0.0014
TMEM108,13,0.0014
MCMDC2,13,0.0014
SLC2A13,13,0.0014
IGSF9B,13,0.0014
STAU2,13,0.0014
THRA,13,0.0014
ZPBP2,13,0.0014
HAPSTR2,13,0.0014
OPN1LW,13,0.0014
RELB,13,0.0014
ZNF235,13,0.0014
ZBTB10,13,0.0014
HABP4,13,0.0014
OR6M1,13,0.0014
JHY,13,0.0014
SLC7A14,13,0.0014
VGLL1,13,0.0014
SLC25A11,13,0.0014
GPR150,13,0.0014
CRTC1,13,0.0014
TCF20,13,0.0014
ATP13A5,13,0.0014
DNAJC8,13,0.0014
SSMEM1,13,0.0014
TSPAN2,13,0.0014
ARHGEF11,13,0.0014
PGR,13,0.0014
FGD3,13,0.0014
TTC13,13,0.0014
PXK,13,0.0014
PSD,13,0.0014
ERICH6B,13,0.0014
NET1,13,0.0014
PRKCB,13,0.0014
LHFPL3,13,0.0014
CEPT1,13,0.0014
HCCS,13,0.0014
TGFB1I1,13,0.0014
MEF2D,13,0.0014
SYT16,13,0.0014
SPRY2,13,0.0014
EIF2S1,13,0.0014
CLEC14A,13,0.0014
OSBPL7,13,0.0014
SYT1,13,0.0014
TLX3,13,0.0014
XAGE5,13,0.0014
UBQLN1,13,0.0014
SCG3,13,0.0014
PHF20,13,0.0014
PARP8,13,0.0014
ATAD2,13,0.0014
OR10H3,13,0.0014
ARID4B,13,0.0014
FCRL6,13,0.0014
SNRK,13,0.0014
PCDHB8,13,0.0014
IRX1,13,0.0014
OR2F2,13,0.0014
CD46,13,0.0014
NRP2,13,0.0014
ARHGAP45,13,0.0014
OR2Z1,13,0.0014
RBM14,13,0.0014
SLC29A2,13,0.0014
OR2F1,13,0.0014
HACD2,13,0.0014
ZNF438,13,0.0014
MFSD11,13,0.0014
SPIN2B,13,0.0014
OR51B5,13,0.0014
TNFRSF10D,13,0.0014
NPHP1,13,0.0014
PEX6,13,0.0014
OR7D4,13,0.0014
SLC35D1,13,0.0014
KIF15,13,0.0014
IRF8,13,0.0014
HCFC1,13,0.0014
OR6C3,13,0.0014
CREB3L4,13,0.0014
SLC16A10,13,0.0014
UBR4,13,0.0014
KRT24,13,0.0014
C19orf38,13,0.0014
CECR2,13,0.0014
TRIM39,13,0.0014
SCX,13,0.0014
PPP2R5D,13,0.0014
RETREG3,13,0.0014
STAT5A,13,0.0014
LSAMP,13,0.0014
OR5AS1,13,0.0014
MFSD6,13,0.0014
MAP4K1,13,0.0014
OR2A5,13,0.0014
FAM53C,13,0.0014
FHIP1B,13,0.0014
GTF3C5,13,0.0014
OR8J1,13,0.0014
C1orf122,13,0.0014
LAPTM5,13,0.0014
NCAPG2,13,0.0014
SMNDC1,13,0.0014
TMEM236,13,0.0014
ZBBX,13,0.0014
CDC42BPB,13,0.0014
CHL1,13,0.0014
DBX2,13,0.0014
LMBRD2,13,0.0014
AKT3,13,0.0014
PRLR,13,0.0014
ANXA8,13,0.0014
SLC46A1,13,0.0014
TAS2R1,13,0.0014
ARX,13,0.0014
KCNB1,13,0.0014
ILF3,13,0.0014
CADM4,13,0.0014
PAN3,13,0.0014
PARP6,13,0.0014
UBTFL1,13,0.0014
RALGAPB,13,0.0014
VN1R4,13,0.0014
NCOR2,13,0.0014
CACNA1A,13,0.0014
TPX2,13,0.0014
SLC23A2,13,0.0014
SPATA31C1,13,0.0014
MUC13,13,0.0014
RRP12,13,0.0014
FOXA1,13,0.0014
H3-3B,13,0.0014
LAMA2,13,0.0014
PPP4R3A,13,0.0014
SELE,13,0.0014
MTA2,13,0.0014
SAXO4,13,0.0014
TBX4,13,0.0014
ZNF688,13,0.0014
POU3F3,13,0.0014
PCDH17,13,0.0014
NLRC5,13,0.0014
PIKFYVE,13,0.0014
ZC2HC1B,13,0.0014
DCLRE1C,13,0.0014
ASF1A,13,0.0014
GTF3C2,13,0.0014
SLC39A6,13,0.0014
FOXF2,13,0.0014
SLC23A1,13,0.0014
IRF4,13,0.0014
CREBRF,13,0.0014
MAG,13,0.0014
FOXD3,13,0.0014
CCDC62,13,0.0014
ZNF578,13,0.0014
TAS2R19,13,0.0014
MEOX2,13,0.0014
HOXA13,13,0.0014
DOCK11,13,0.0014
VANGL2,13,0.0014
OSBPL6,13,0.0014
KRT12,13,0.0014
CIR1,13,0.0014
FOXP4,13,0.0014
MDGA1,13,0.0014
PSMC2,13,0.0014
OR7G2,13,0.0014
GABPA,13,0.0014
SLC44A4,13,0.0014
OLIG2,13,0.0014
MIOS,13,0.0014
PKN2,13,0.0014
F13B,13,0.0014
CSF2RB,13,0.0014
CACNG2,13,0.0014
EFCAB14,13,0.0014
TAL1,13,0.0014
SLC17A8,13,0.0014
ZNF80,13,0.0014
BICC1,13,0.0014
OR52N5,13,0.0014
RUNX2,13,0.0014
BARHL2,13,0.0014
SMARCC1,13,0.0014
TMEM151B,13,0.0014
CERKL,13,0.0014
PWWP2A,13,0.0014
CAND1,13,0.0014
BRSK2,13,0.0014
PTCH2,13,0.0014
RRBP1,13,0.0014
CH25H,13,0.0014
MARCHF5,13,0.0014
KLF14,13,0.0014
SULT1A4,13,0.0014
FERMT3,13,0.0014
STIM2,13,0.0014
MPP1,13,0.0014
COL23A1,13,0.0014
IGKV1-37,13,0.0014
TMEM215,13,0.0014
DISC1,13,0.0014
SMR3A,13,0.0014
EGFL6,13,0.0014
PPM1G,13,0.0014
PCBP1,13,0.0014
USP17L27,13,0.0014
NBPF6,13,0.0014
SYDE1,13,0.0014
PNRC1,13,0.0014
TET2,13,0.0014
CENPE,13,0.0014
UBE2Q1,13,0.0014
DAXX,13,0.0014
IL20RA,13,0.0014
SIN3A,13,0.0014
SLC5A11,13,0.0014
MID1,13,0.0014
OR8B4,13,0.0014
GP1BB,13,0.0014
CLDN5,13,0.0014
AKAP8L,13,0.0014
C12orf50,13,0.0014
BSN,13,0.0014
DYNLL1,13,0.0014
FOS,13,0.0014
BTBD18,13,0.0014
ZNF207,13,0.0014
ZFP36,13,0.0014
LARP1,13,0.0014
RSF1,13,0.0014
OR12D3,13,0.0014
SLC17A4,13,0.0014
HS6ST2,13,0.0014
IRF9,13,0.0014
NUP205,13,0.0014
PLGLB1,13,0.0014
SALL4,13,0.0014
DDIT4,13,0.0014
AOAH,13,0.0014
HOOK3,13,0.0014
PIK3R6,13,0.0014
CXCR3,13,0.0014
ETV3,13,0.0014
COL19A1,13,0.0014
ADRA1A,13,0.0014
HOXB8,13,0.0014
ADGRA2,13,0.0014
C19orf67,13,0.0014
MAK,13,0.0014
GRB10,13,0.0014
DOC2B,13,0.0014
ACVR2B,13,0.0014
BRD2,13,0.0014
FUBP3,13,0.0014
TEAD3,13,0.0014
SCUBE3,13,0.0014
SLC7A2,12,0.0013
TAAR1,12,0.0013
ECHDC1,12,0.0013
TCEAL3,12,0.0013
TMEM164,12,0.0013
TRPC5OS,12,0.0013
PDAP1,12,0.0013
DBF4,12,0.0013
CD320,12,0.0013
MARCHF2,12,0.0013
ZNF414,12,0.0013
SMC6,12,0.0013
WDR44,12,0.0013
SPATA12,12,0.0013
RBM34,12,0.0013
PLEKHG6,12,0.0013
GPRASP2,12,0.0013
IRF5,12,0.0013
IQCK,12,0.0013
FGF8,12,0.0013
KCNAB2,12,0.0013
RNF207,12,0.0013
SMIM14,12,0.0013
NIPAL1,12,0.0013
RBBP6,12,0.0013
PRM1,12,0.0013
DEFB107B,12,0.0013
TSC22D2,12,0.0013
TRIP11,12,0.0013
ISL2,12,0.0013
CD34,12,0.0013
TSPAN3,12,0.0013
DNAJC5,12,0.0013
SPOCK2,12,0.0013
SYNPO2L,12,0.0013
ZFP64,12,0.0013
NPIPA5,12,0.0013
ACVR1C,12,0.0013
U2AF1L4,12,0.0013
GPR171,12,0.0013
MFSD1,12,0.0013
CEP70,12,0.0013
TGOLN2,12,0.0013
CACNG4,12,0.0013
TUFT1,12,0.0013
FIG4,12,0.0013
TLCD3B,12,0.0013
COP1,12,0.0013
CCDC185,12,0.0013
PROM2,12,0.0013
PROKR1,12,0.0013
SIX3,12,0.0013
ING2,12,0.0013
AATK,12,0.0013
KMT5B,12,0.0013
BHLHE22,12,0.0013
OR2B11,12,0.0013
PCNP,12,0.0013
ZFPL1,12,0.0013
SP7,12,0.0013
DNAJC1,12,0.0013
MATN2,12,0.0013
UBIAD1,12,0.0013
PKNOX2,12,0.0013
FKBP8,12,0.0013
LPAR2,12,0.0013
ZNF627,12,0.0013
MKS1,12,0.0013
TLE3,12,0.0013
TMEM125,12,0.0013
CDH6,12,0.0013
SUB1,12,0.0013
PRKD1,12,0.0013
CDK2AP1,12,0.0013
MUC4,12,0.0013
NUP58,12,0.0013
TMEM102,12,0.0013
KRT83,12,0.0013
STIL,12,0.0013
LRRC25,12,0.0013
FCGR2B,12,0.0013
CDH15,12,0.0013
PSAPL1,12,0.0013
NIBAN2,12,0.0013
C16orf46,12,0.0013
AMFR,12,0.0013
PAGR1,12,0.0013
LUC7L2,12,0.0013
MS4A10,12,0.0013
BTG3,12,0.0013
PALLD,12,0.0013
KTN1,12,0.0013
SNRPD1,12,0.0013
MBD2,12,0.0013
PROKR2,12,0.0013
EMX1,12,0.0013
FLT3,12,0.0013
RNF19B,12,0.0013
MYT1L,12,0.0013
NR3C2,12,0.0013
CBX2,12,0.0013
SSBP3,12,0.0013
SLC25A21,12,0.0013
ADNP2,12,0.0013
ADGRL1,12,0.0013
EIF3G,12,0.0013
ADRA1D,12,0.0013
LAMA3,12,0.0013
SLC2A3,12,0.0013
TAS2R10,12,0.0013
CRB2,12,0.0013
SYNGAP1,12,0.0013
C7,12,0.0013
HDAC7,12,0.0013
HLF,12,0.0013
MON1A,12,0.0013
PDIK1L,12,0.0013
PPP6R2,12,0.0013
SBF1,12,0.0013
RPAP1,12,0.0013
SMC1A,12,0.0013
PAGE2B,12,0.0013
SLC25A15,12,0.0013
SDC1,12,0.0013
KLF1,12,0.0013
OR7C1,12,0.0013
PCDHB9,12,0.0013
EIF2AK2,12,0.0013
GNRHR,12,0.0013
MLLT6,12,0.0013
MBD4,12,0.0013
AUNIP,12,0.0013
EIF5,12,0.0013
OR2AE1,12,0.0013
C6orf132,12,0.0013
MYOM3,12,0.0013
SASH3,12,0.0013
COL1A2,12,0.0013
CCDC27,12,0.0013
TGIF2LY,12,0.0013
NPHP4,12,0.0013
ZNF644,12,0.0013
ZFP36L2,12,0.0013
PCDHGC5,12,0.0013
TRAM2,12,0.0013
UBQLN4,12,0.0013
CCDC22,12,0.0013
FAM229A,12,0.0013
SQLE,12,0.0013
EFR3B,12,0.0013
OR51B2,12,0.0013
VAX1,12,0.0013
CKAP2,12,0.0013
PHF20L1,12,0.0013
CDK14,12,0.0013
LRRC53,12,0.0013
NPY5R,12,0.0013
PPIH,12,0.0013
CARD11,12,0.0013
BRINP3,12,0.0013
PRAG1,12,0.0013
REEP4,12,0.0013
GPS2,12,0.0013
WEE2,12,0.0013
TP53AIP1,12,0.0013
OR13C8,12,0.0013
OR10Z1,12,0.0013
ZFAND5,12,0.0013
HS1BP3,12,0.0013
PCDHAC2,12,0.0013
PITX1,12,0.0013
YIPF6,12,0.0013
TMEM131,12,0.0013
ANKRD63,12,0.0013
FBN2,12,0.0013
SNCAIP,12,0.0013
TBC1D15,12,0.0013
ZC3H10,12,0.0013
TAC3,12,0.0013
OR6C65,12,0.0013
KRT16,12,0.0013
KRT17,12,0.0013
EIF4ENIF1,12,0.0013
CDC42EP2,12,0.0013
CDH5,12,0.0013
LATS2,12,0.0013
TAAR9,12,0.0013
SWT1,12,0.0013
COL15A1,12,0.0013
UNC5C,12,0.0013
LAMC3,12,0.0013
PBX2,12,0.0013
TMEM191B,12,0.0013
KCNK6,12,0.0013
APBB1IP,12,0.0013
SPOCK1,12,0.0013
TLE5,12,0.0013
FBH1,12,0.0013
HOOK1,12,0.0013
TMEM35A,12,0.0013
SCD,12,0.0013
TM9SF3,12,0.0013
PTCHD1,12,0.0013
DRGX,12,0.0013
SCML2,12,0.0013
H1-0,12,0.0013
GRK3,12,0.0013
C22orf31,12,0.0013
CDHR1,12,0.0013
GPAT2,12,0.0013
CCDC47,12,0.0013
TMEM132A,12,0.0013
DENND5B,12,0.0013
HOXA2,12,0.0013
TM7SF3,12,0.0013
CD163L1,12,0.0013
ARHGAP30,12,0.0013
ZBTB7B,12,0.0013
DCC,12,0.0013
PSMC4,12,0.0013
DEF6,12,0.0013
TDRD10,12,0.0013
TAPBP,12,0.0013
RHNO1,12,0.0013
SLC22A4,12,0.0013
HSFX3,12,0.0013
ZNF25,12,0.0013
SLC39A8,12,0.0013
CCDC154,12,0.0013
CDH26,12,0.0013
KDM4C,12,0.0013
YAF2,12,0.0013
NFYA,12,0.0013
ZFC3H1,12,0.0013
TMEM179B,12,0.0013
ANTXR2,12,0.0013
PAK1,12,0.0013
TRIM49D1,12,0.0013
BACE1,12,0.0013
DSCAML1,12,0.0013
BCL11A,11,0.0012
FOXJ2,11,0.0012
MTA3,11,0.0012
GATAD2A,11,0.0012
SCNN1D,11,0.0012
STK38,11,0.0012
PTK7,11,0.0012
PLAC1,11,0.0012
SMIM10,11,0.0012
OR13H1,11,0.0012
JUND,11,0.0012
SNAI3,11,0.0012
MTF2,11,0.0012
USP51,11,0.0012
TAFAZZIN,11,0.0012
INSIG2,11,0.0012
FOXC2,11,0.0012
CD99L2,11,0.0012
GPRIN1,11,0.0012
ZNF354A,11,0.0012
POLR1B,11,0.0012
AXL,11,0.0012
SKP1,11,0.0012
NIPA2,11,0.0012
IGKV1D-39,11,0.0012
CDH3,11,0.0012
OR6N1,11,0.0012
OR2S2,11,0.0012
AGAP3,11,0.0012
TAS2R43,11,0.0012
DCBLD1,11,0.0012
EPC2,11,0.0012
OR1E2,11,0.0012
CDC42EP4,11,0.0012
MARCHF11,11,0.0012
ADAD2,11,0.0012
C4orf19,11,0.0012
CHFR,11,0.0012
USPL1,11,0.0012
FRY,11,0.0012
ERH,11,0.0012
KIF5A,11,0.0012
NFATC4,11,0.0012
SMIM17,11,0.0012
GPR139,11,0.0012
SLC6A2,11,0.0012
SULT1A3,11,0.0012
TAS2R3,11,0.0012
FOXO1,11,0.0012
TNFRSF19,11,0.0012
RHOA,11,0.0012
DLX3,11,0.0012
VWA5B2,11,0.0012
ENTPD3,11,0.0012
SLC6A6,11,0.0012
CMTM6,11,0.0012
KLF17,11,0.0012
NUP153,11,0.0012
C18orf54,11,0.0012
RSRP1,11,0.0012
NRAP,11,0.0012
ZNF793,11,0.0012
USP17L18,11,0.0012
OR8D4,11,0.0012
C11orf58,11,0.0012
SESTD1,11,0.0012
SOGA3,11,0.0012
KIF21B,11,0.0012
EDDM13,11,0.0012
FAM227B,11,0.0012
NISCH,11,0.0012
RFT1,11,0.0012
LNP1,11,0.0012
WWC1,11,0.0012
TMEM87A,11,0.0012
CEP295,11,0.0012
CD37,11,0.0012
IMPDH1,11,0.0012
PROX1,11,0.0012
CSNK2A1,11,0.0012
ARL8B,11,0.0012
TEAD1,11,0.0012
NELL1,11,0.0012
RPS6KA4,11,0.0012
OR9Q2,11,0.0012
SOX13,11,0.0012
ANO3,11,0.0012
AFAP1L2,11,0.0012
HMMR,11,0.0012
SLC6A15,11,0.0012
SPATA32,11,0.0012
NAB2,11,0.0012
MPEG1,11,0.0012
DNAJB7,11,0.0012
DBX1,11,0.0012
SLC43A3,11,0.0012
TCERG1L,11,0.0012
CFAP221,11,0.0012
BRCC3,11,0.0012
UTS2,11,0.0012
MEIS2,11,0.0012
ADGRB3,11,0.0012
KIRREL1,11,0.0012
SCEL,11,0.0012
KSR2,11,0.0012
NIN,11,0.0012
CSDE1,11,0.0012
MAP2K7,11,0.0012
PROS1,11,0.0012
C5orf63,11,0.0012
SDC2,11,0.0012
KCNV1,11,0.0012
UBQLN2,11,0.0012
SPIN4,11,0.0012
RGP1,11,0.0012
OR2K2,11,0.0012
CCDC166,11,0.0012
NOC3L,11,0.0012
TACC1,11,0.0012
ST18,11,0.0012
EXOC1,11,0.0012
POLR2B,11,0.0012
IL2RG,11,0.0012
ABCB7,11,0.0012
KAZN,11,0.0012
COL11A1,11,0.0012
ACTN1,11,0.0012
SIN3B,11,0.0012
KIRREL3,11,0.0012
CTAG2,11,0.0012
MT-ND4,11,0.0012
RNF145,11,0.0012
SUSD5,11,0.0012
MMP16,11,0.0012
MIS18BP1,11,0.0012
REEP3,11,0.0012
ZNF610,11,0.0012
SALL3,11,0.0012
C6,11,0.0012
UBR3,11,0.0012
PRPH,11,0.0012
STK38L,11,0.0012
TAS2R20,11,0.0012
KIFC1,11,0.0012
CBX5,11,0.0012
BCL2L13,11,0.0012
AMBRA1,11,0.0012
PSMC3,11,0.0012
SGSM1,11,0.0012
PSMC1,11,0.0012
PIP5K1B,11,0.0012
PPM1D,11,0.0012
BCAS3,11,0.0012
OR11H6,11,0.0012
SNAPC4,11,0.0012
STAT5B,11,0.0012
XPA,11,0.0012
FCRL4,11,0.0012
LZTS3,11,0.0012
ZNF677,11,0.0012
ZNF32,11,0.0012
IL13RA1,11,0.0012
VSIG1,11,0.0012
ARMCX2,11,0.0012
IGDCC4,11,0.0012
MYZAP,11,0.0012
ARFGAP1,11,0.0012
POTEB3,11,0.0012
U2SURP,11,0.0012
CES1,11,0.0012
FAM149B1,11,0.0012
SBK1,11,0.0012
DYRK3,11,0.0012
SLC2A9,11,0.0012
FFAR2,11,0.0012
CXXC5,11,0.0012
CDK2AP2,11,0.0012
CDH18,11,0.0012
C17orf113,11,0.0012
SP6,11,0.0012
MARCKS,11,0.0012
LIN28B,11,0.0012
ZC3H11C,11,0.0012
ADGRL4,11,0.0012
COL24A1,11,0.0012
OR7E24,11,0.0012
MFAP3,11,0.0012
STRIP1,11,0.0012
PCDHGB7,11,0.0012
UBE2K,11,0.0012
CAMKK1,11,0.0012
DOP1A,11,0.0012
TMEM225B,11,0.0012
VGF,11,0.0012
ESX1,11,0.0012
LRP11,11,0.0012
KRT28,11,0.0012
NUFIP2,11,0.0012
AMY1C,11,0.0012
DPF2,11,0.0012
INO80B,11,0.0012
OR2G3,11,0.0012
RXFP3,11,0.0012
EGFLAM,11,0.0012
ABHD8,11,0.0012
TRIR,11,0.0012
SCIMP,11,0.0012
METTL16,11,0.0012
FAM91A1,11,0.0012
ERAS,11,0.0012
MAFF,11,0.0012
MARCHF4,11,0.0012
CILK1,11,0.0012
C9orf78,11,0.0012
PCSK1N,11,0.0012
CDK16,11,0.0012
SCAMP1,11,0.0012
MBTPS2,11,0.0012
EIF5B,11,0.0012
ASXL2,11,0.0012
ADGRG7,11,0.0012
MCAM,11,0.0012
BSX,11,0.0012
OR8B12,11,0.0012
BARX1,11,0.0012
SLC35F2,11,0.0012
RPS25,11,0.0012
FAM107B,11,0.0012
MTNR1A,10,0.0011
ZAR1,10,0.0011
SAMD4B,10,0.0011
ATF1,10,0.0011
A1BG,10,0.0011
CDH23,10,0.0011
NPFFR1,10,0.0011
SETX,10,0.0011
MAPK4,10,0.0011
SPIB,10,0.0011
PDE4A,10,0.0011
EPOR,10,0.0011
PPP1R10,10,0.0011
HLA-E,10,0.0011
HMX3,10,0.0011
TMEM174,10,0.0011
DROSHA,10,0.0011
FYB1,10,0.0011
IFNLR1,10,0.0011
PAPPA2,10,0.0011
THOC1,10,0.0011
PTPRM,10,0.0011
KDM5D,10,0.0011
ISL1,10,0.0011
SUDS3,10,0.0011
ZC3H8,10,0.0011
KLF3,10,0.0011
MFSD4A,10,0.0011
PKD1L3,10,0.0011
TFDP1,10,0.0011
PIMREG,10,0.0011
FAM133A,10,0.0011
DACH1,10,0.0011
APOL4,10,0.0011
FAM217A,10,0.0011
FBLN2,10,0.0011
TMEM201,10,0.0011
LPAR3,10,0.0011
SLC8B1,10,0.0011
SLC52A1,10,0.0011
OR9A4,10,0.0011
ANXA4,10,0.0011
SLC38A3,10,0.0011
RASSF1,10,0.0011
RBM15B,10,0.0011
VRK2,10,0.0011
OR7G3,10,0.0011
OR7D2,10,0.0011
TSPAN6,10,0.0011
STPG3,10,0.0011
ANKRD13C,10,0.0011
TLX1,10,0.0011
IGSF23,10,0.0011
RIMS4,10,0.0011
OR1G1,10,0.0011
SLC41A1,10,0.0011
IL23R,10,0.0011
PITX3,10,0.0011
LTBP1,10,0.0011
NPIPB2,10,0.0011
GSG1L2,10,0.0011
OR2A2,10,0.0011
SOX6,10,0.0011
GPR107,10,0.0011
TSPY10,10,0.0011
CEND1,10,0.0011
VEZT,10,0.0011
SMAP1,10,0.0011
HSPG2,10,0.0011
PLXND1,10,0.0011
OR51E1,10,0.0011
CCDC39,10,0.0011
TPRX2,10,0.0011
SHBG,10,0.0011
VSIG10L,10,0.0011
ZNF66,10,0.0011
PRKCE,10,0.0011
ETV2,10,0.0011
DPF1,10,0.0011
PSMC6,10,0.0011
NLK,10,0.0011
UBOX5,10,0.0011
IGDCC3,10,0.0011
DLX2,10,0.0011
FAM20A,10,0.0011
DENND4B,10,0.0011
SLC35A4,10,0.0011
KIAA2013,10,0.0011
ARMCX4,10,0.0011
IFT74,10,0.0011
CCDC17,10,0.0011
TAF1L,10,0.0011
GZF1,10,0.0011
TMC6,10,0.0011
PRPF38B,10,0.0011
KRT31,10,0.0011
ATXN2L,10,0.0011
CYLD,10,0.0011
CETP,10,0.0011
SNORC,10,0.0011
HTR2B,10,0.0011
TEX38,10,0.0011
E2F3,10,0.0011
ATAD5,10,0.0011
FOCAD,10,0.0011
IL12RB2,10,0.0011
APOL6,10,0.0011
INSIG1,10,0.0011
MNX1,10,0.0011
OGFRL1,10,0.0011
CEP162,10,0.0011
ARHGAP36,10,0.0011
FXR1,10,0.0011
DMPK,10,0.0011
LRRC4,10,0.0011
TMEM248,10,0.0011
FZR1,10,0.0011
NPTN,10,0.0011
ZBTB41,10,0.0011
GRIPAP1,10,0.0011
DGKK,10,0.0011
LSM12,10,0.0011
KRT19,10,0.0011
ZNF449,10,0.0011
ATP13A4,10,0.0011
SYNPO2,10,0.0011
TMEM229A,10,0.0011
PARD6A,10,0.0011
GSDMC,10,0.0011
SNRPA1,10,0.0011
UNCX,10,0.0011
OR1E1,10,0.0011
CD93,10,0.0011
SLC13A2,10,0.0011
KCNQ3,10,0.0011
PDE4B,10,0.0011
KIAA1755,10,0.0011
GPR82,10,0.0011
RBBP4,10,0.0011
GDPD4,10,0.0011
GRK1,10,0.0011
OR5AK2,10,0.0011
RUNX3,10,0.0011
CDKL3,10,0.0011
PAX5,10,0.0011
KDM2A,10,0.0011
CD47,10,0.0011
SLC25A38,10,0.0011
ERVMER34-1,10,0.0011
SCAF1,10,0.0011
MAPKAPK5,10,0.0011
ANTXR1,10,0.0011
SLC25A28,10,0.0011
TAAR5,10,0.0011
ZNF763,10,0.0011
PSD3,10,0.0011
FIBP,10,0.0011
RGR,10,0.0011
MICB,10,0.0011
SLC16A6,10,0.0011
KRT38,10,0.0011
FOXD4L6,10,0.0011
USP50,10,0.0011
GABPB1,10,0.0011
ADAM10,10,0.0011
ZBTB47,10,0.0011
RNF38,10,0.0011
ARHGAP20,10,0.0011
MS4A18,10,0.0011
SMAD9,10,0.0011
CLSTN3,10,0.0011
EVX2,10,0.0011
SLC25A47,10,0.0011
ZNF717,10,0.0011
PTPRCAP,10,0.0011
KRT33A,10,0.0011
MTF1,10,0.0011
KRT14,10,0.0011
OR13C4,10,0.0011
LPAR1,10,0.0011
FEV,10,0.0011
RFX6,10,0.0011
IQCE,10,0.0011
MLLT10,10,0.0011
NANOS1,10,0.0011
XKR5,10,0.0011
NPIPA1,10,0.0011
GSG1L,10,0.0011
POF1B,10,0.0011
CIP2A,10,0.0011
GMEB2,10,0.0011
HOXC13,10,0.0011
COL16A1,10,0.0011
PRAC2,10,0.0011
SBNO1,10,0.0011
BLTP3B,10,0.0011
C12orf42,10,0.0011
FOXM1,10,0.0011
NUAK1,10,0.0011
PPP1R3F,10,0.0011
TECPR1,10,0.0011
MID2,10,0.0011
GPBAR1,10,0.0011
DACT1,10,0.0011
HLX,10,0.0011
DCST1,10,0.0011
SLC37A2,10,0.0011
PARM1,10,0.0011
OR2M4,10,0.0011
ELOC,10,0.0011
SLC25A37,10,0.0011
LRRC37A,10,0.0011
HUNK,10,0.0011
SPIRE1,10,0.0011
KRT81,10,0.0011
SINHCAF,10,0.0011
VIRMA,10,0.0011
UBR5,10,0.0011
NEUROD6,10,0.0011
KBTBD2,10,0.0011
ARNT2,10,0.0011
NCOA2,10,0.0011
SPANXN2,10,0.0011
EPS15L1,10,0.0011
MMP23B,10,0.0011
KIF20B,10,0.0011
AKAP6,10,0.0011
CCDC198,10,0.0011
MIGA2,10,0.0011
GJC1,10,0.0011
PKNOX1,10,0.0011
SIK1,10,0.0011
TCEAL4,10,0.0011
CACTIN,10,0.0011
ACTN4,10,0.0011
DIPK2B,10,0.0011
DAG1,10,0.0011
SYBU,10,0.0011
KCTD5,10,0.0011
FAIM,10,0.0011
BARHL1,10,0.0011
CAMSAP1,10,0.0011
C9,10,0.0011
CXXC1,10,0.0011
SHCBP1L,10,0.0011
OR51A7,9,0.001
SMIM9,9,0.001
SPRY3,9,0.001
OR56A3,9,0.001
YLPM1,9,0.001
C1orf174,9,0.001
PATZ1,9,0.001
OR6T1,9,0.001
CUL5,9,0.001
TMEM232,9,0.001
SLCO1A2,9,0.001
CEBPB,9,0.001
SLC25A4,9,0.001
LPP,9,0.001
ZNF609,9,0.001
SENP7,9,0.001
GOLGA6L10,9,0.001
CEBPZ,9,0.001
GPRASP3,9,0.001
SRSF11,9,0.001
GPR45,9,0.001
C3AR1,9,0.001
PHF13,9,0.001
ZNF99,9,0.001
ZNF254,9,0.001
GPR42,9,0.001
ZNF385D,9,0.001
PHAX,9,0.001
AUTS2,9,0.001
KIAA1549,9,0.001
ARNT,9,0.001
PLXNB3,9,0.001
LHX4,9,0.001
RPS6KA2,9,0.001
NCAPD3,9,0.001
SLC25A14,9,0.001
MBD1,9,0.001
GJA10,9,0.001
ULK4,9,0.001
ESYT3,9,0.001
TMEM185A,9,0.001
FCGR1A,9,0.001
FBXO46,9,0.001
PTBP2,9,0.001
CASC3,9,0.001
RBM15,9,0.001
TPM1,9,0.001
NEUROD2,9,0.001
LDLRAD3,9,0.001
MLC1,9,0.001
ZNF341,9,0.001
OR2T35,9,0.001
DDX3Y,9,0.001
RASGRP4,9,0.001
ZFAND3,9,0.001
TLCD4,9,0.001
GAB3,9,0.001
DSC3,9,0.001
CDH7,9,0.001
DCAF5,9,0.001
CDHR4,9,0.001
RBM5,9,0.001
STIMATE,9,0.001
TMEM158,9,0.001
LIMD1,9,0.001
ZNF777,9,0.001
CPXCR1,9,0.001
SERINC1,9,0.001
TSHZ1,9,0.001
PSEN1,9,0.001
SLC2A5,9,0.001
CELF5,9,0.001
ARMH4,9,0.001
STMP1,9,0.001
TMEM178B,9,0.001
TAS2R5,9,0.001
FBXO21,9,0.001
ADRA2B,9,0.001
TRHR,9,0.001
PPP3R1,9,0.001
IP6K1,9,0.001
MYRF,9,0.001
C2CD4C,9,0.001
TRAF3IP3,9,0.001
CBX7,9,0.001
IKBIP,9,0.001
CAMKK2,9,0.001
RAN,9,0.001
OR10A7,9,0.001
RASAL3,9,0.001
SNX31,9,0.001
SLCO6A1,9,0.001
SLC39A5,9,0.001
RCOR1,9,0.001
MORC3,9,0.001
ADCYAP1R1,9,0.001
LHX3,9,0.001
ZNF519,9,0.001
LHFPL7,9,0.001
SLC66A2,9,0.001
BAG6,9,0.001
MC1R,9,0.001
INA,9,0.001
SLC2A7,9,0.001
OR7C2,9,0.001
PCNX4,9,0.001
TCEAL5,9,0.001
H2BW2,9,0.001
RPRD2,9,0.001
SLC7A1,9,0.001
HNRNPF,9,0.001
SPANXA2,9,0.001
CELSR2,9,0.001
DMRTA2,9,0.001
MFAP1,9,0.001
IKBKE,9,0.001
E2F7,9,0.001
UCP1,9,0.001
EFCAB13,9,0.001
SENP5,9,0.001
FGFRL1,9,0.001
THSD1,9,0.001
UTS2B,9,0.001
U2AF1,9,0.001
IL17RC,9,0.001
FUBP1,9,0.001
SPACA5B,9,0.001
GPR37L1,9,0.001
OR5D18,9,0.001
EIF5A,9,0.001
VAMP2,9,0.001
ATP1A1,9,0.001
KRTAP11-1,9,0.001
LRRIQ3,9,0.001
DNAI3,9,0.001
MRPL52,9,0.001
ARGLU1,9,0.001
OR6C68,9,0.001
TBX21,9,0.001
SARNP,9,0.001
HIC2,9,0.001
GFY,9,0.001
ELFN2,9,0.001
SNAPC2,9,0.001
TXNDC11,9,0.001
PROSER1,9,0.001
TRAF3IP2,9,0.001
HTR1D,9,0.001
FOXN3,9,0.001
PPP4R4,9,0.001
IRX4,9,0.001
IRX2,9,0.001
TMEM150C,9,0.001
FAM216A,9,0.001
RBMXL3,9,0.001
ZP2,9,0.001
FIGN,9,0.001
TAS2R30,9,0.001
GPR19,9,0.001
SLC25A27,9,0.001
OR2J1,9,0.001
KIF27,9,0.001
HNRNPK,9,0.001
TMEM184C,9,0.001
MIA3,9,0.001
TES,9,0.001
CPED1,9,0.001
ICAM4,9,0.001
SLC35A1,9,0.001
NALF2,9,0.001
REST,9,0.001
NTAQ1,9,0.001
PPRC1,9,0.001
MYT1,9,0.001
SPOP,9,0.001
GPRC5A,9,0.001
MBD6,9,0.001
SYP,9,0.001
PNPLA7,9,0.001
OR10K2,9,0.001
SSTR4,9,0.001
GNRH2,9,0.001
CNTNAP4,9,0.001
KAT6B,9,0.001
KIFC3,9,0.001
IL32,9,0.001
NUDT21,9,0.001
RELA,9,0.001
DYRK1B,9,0.001
DENND2B,9,0.001
TBC1D3I,9,0.001
HMGB3,9,0.001
GPR50,9,0.001
RNF217,9,0.001
MAP3K4,9,0.001
ZNF551,9,0.001
C9orf131,9,0.001
FAM124A,9,0.001
RRAGB,9,0.001
PWWP3A,9,0.001
EYA3,9,0.001
LTV1,9,0.001
C3orf80,9,0.001
GPR63,9,0.001
ABCD3,9,0.001
BRPF3,9,0.001
TMEM104,9,0.001
GSN,9,0.001
PCDHGA12,9,0.001
ZNF20,9,0.001
LPCAT3,9,0.001
GPR89B,9,0.001
RORC,9,0.001
SLC22A24,9,0.001
SHOX2,9,0.001
TAS2R16,9,0.001
FNDC10,9,0.001
SCAMP3,9,0.001
LUZP2,9,0.001
FHDC1,9,0.001
MTA1,9,0.001
ATF2,9,0.001
TCTN3,9,0.001
INTS15,9,0.001
ADAM33,9,0.001
EI24,9,0.001
KDM5A,9,0.001
TACR3,9,0.001
IL6R,9,0.001
SLC2A2,9,0.001
SERF2,9,0.001
SLC49A4,9,0.001
ZBED6,9,0.001
CACNG3,9,0.001
NPIPB6,9,0.001
HBEGF,9,0.001
NPSR1,9,0.001
ZNF713,9,0.001
RPS6KA3,9,0.001
GAPVD1,9,0.001
FOXI1,9,0.001
MAP3K1,9,0.001
MBD3L5,9,0.001
SLC25A6,9,0.001
AMY1B,9,0.001
RPL36A,9,0.001
GPR22,9,0.001
NKAP,9,0.001
CFAP99,8,0.0009
TNIP2,8,0.0009
TRIP6,8,0.0009
SLC38A8,8,0.0009
PHYHIPL,8,0.0009
TBC1D32,8,0.0009
ZNF709,8,0.0009
CARF,8,0.0009
SAXO5,8,0.0009
DSC1,8,0.0009
CDH19,8,0.0009
GEMIN4,8,0.0009
KLF12,8,0.0009
PDS5B,8,0.0009
AKAP11,8,0.0009
NUPR1,8,0.0009
SYNCRIP,8,0.0009
NCKAP5,8,0.0009
SLC40A1,8,0.0009
TTYH3,8,0.0009
FCGR3A,8,0.0009
FANCA,8,0.0009
TMEM219,8,0.0009
PIP4P1,8,0.0009
C3orf70,8,0.0009
SF1,8,0.0009
CACNA1B,8,0.0009
OTOF,8,0.0009
GON4L,8,0.0009
ARHGEF2,8,0.0009
TMEM156,8,0.0009
PRDM10,8,0.0009
ARHGAP6,8,0.0009
TAS2R50,8,0.0009
PPP1R9A,8,0.0009
TMEM130,8,0.0009
DBF4B,8,0.0009
TMEM74B,8,0.0009
SPANXN4,8,0.0009
MYO19,8,0.0009
ASIC2,8,0.0009
MACIR,8,0.0009
LMNB1,8,0.0009
MAK16,8,0.0009
C8orf88,8,0.0009
RPS17,8,0.0009
FMR1,8,0.0009
KCNMB4,8,0.0009
BTBD8,8,0.0009
S1PR1,8,0.0009
GSK3B,8,0.0009
ZNF326,8,0.0009
EPOP,8,0.0009
ZFP92,8,0.0009
DYNC1LI2,8,0.0009
APOBR,8,0.0009
UBAP2L,8,0.0009
STEAP1,8,0.0009
ARHGAP39,8,0.0009
PLEKHG4,8,0.0009
RETREG2,8,0.0009
PTPRK,8,0.0009
PLEKHM3,8,0.0009
GLMP,8,0.0009
RPS19BP1,8,0.0009
COL9A1,8,0.0009
EPHB1,8,0.0009
VN1R2,8,0.0009
UPF2,8,0.0009
EVI5L,8,0.0009
CARMIL1,8,0.0009
BMPR2,8,0.0009
PHYHIP,8,0.0009
SDK1,8,0.0009
USP17L3,8,0.0009
LRRC66,8,0.0009
YTHDC1,8,0.0009
SHROOM3,8,0.0009
BCL7B,8,0.0009
DHX15,8,0.0009
F8A1,8,0.0009
PIAS4,8,0.0009
ZBTB7A,8,0.0009
OR4F21,8,0.0009
NEU3,8,0.0009
HYCC1,8,0.0009
NUP98,8,0.0009
ARHGEF10L,8,0.0009
OPRM1,8,0.0009
SLC39A14,8,0.0009
POU4F1,8,0.0009
TESMIN,8,0.0009
FANCF,8,0.0009
OSER1,8,0.0009
PWWP2B,8,0.0009
GSX1,8,0.0009
RBM26,8,0.0009
KIF7,8,0.0009
TACR1,8,0.0009
FOXN4,8,0.0009
RPL41,8,0.0009
TESPA1,8,0.0009
MYO18A,8,0.0009
OR56A5,8,0.0009
SLC41A2,8,0.0009
INPP4A,8,0.0009
ATG9A,8,0.0009
CT55,8,0.0009
SPMIP4,8,0.0009
EIF2S2,8,0.0009
NKX2-2,8,0.0009
MAPK9,8,0.0009
ACBD5,8,0.0009
RHOXF2B,8,0.0009
NKTR,8,0.0009
NCOA3,8,0.0009
TMEM221,8,0.0009
PCDH1,8,0.0009
RBM12B,8,0.0009
INIP,8,0.0009
SEC22B,8,0.0009
OR6C1,8,0.0009
E4F1,8,0.0009
ANP32A,8,0.0009
GPNMB,8,0.0009
TNIP3,8,0.0009
OR6V1,8,0.0009
CBX1,8,0.0009
TAP1,8,0.0009
SNX11,8,0.0009
OR10Q1,8,0.0009
UBE4B,8,0.0009
PNMA3,8,0.0009
NTNG1,8,0.0009
POU5F1,8,0.0009
PTDSS1,8,0.0009
APC2,8,0.0009
RBM3,8,0.0009
GSPT2,8,0.0009
PLEKHF2,8,0.0009
PUF60,8,0.0009
ZFR,8,0.0009
NIPBL,8,0.0009
TPM2,8,0.0009
SPTBN4,8,0.0009
ZFYVE1,8,0.0009
KRTAP19-4,8,0.0009
PRR12,8,0.0009
CFAP206,8,0.0009
RPH3A,8,0.0009
FOXP2,8,0.0009
KDM3B,8,0.0009
PCDHB13,8,0.0009
PRR23B,8,0.0009
AKAP1,8,0.0009
TMEM41B,8,0.0009
STAG1,8,0.0009
M6PR,8,0.0009
TNIP1,8,0.0009
CCAR2,8,0.0009
ZNF594,8,0.0009
OR51B4,8,0.0009
MTPN,8,0.0009
SLC35B4,8,0.0009
GCFC2,8,0.0009
FFAR1,8,0.0009
MIER3,8,0.0009
OTP,8,0.0009
ICE2,8,0.0009
EXD1,8,0.0009
SIX5,8,0.0009
FRG2C,8,0.0009
PLPPR5,8,0.0009
BMPR1B,8,0.0009
E2F8,8,0.0009
HNRNPDL,8,0.0009
MS4A6A,8,0.0009
OR10AD1,8,0.0009
POU3F2,8,0.0009
HTATSF1,8,0.0009
FOXJ1,8,0.0009
UBALD2,8,0.0009
TMC8,8,0.0009
CRYBG3,8,0.0009
CDK19,8,0.0009
LRRC71,8,0.0009
RAB14,8,0.0009
TAS2R31,8,0.0009
PRR7,8,0.0009
DBN1,8,0.0009
TAOK3,8,0.0009
ANO4,8,0.0009
ZHX2,8,0.0009
HMGB2,8,0.0009
SPTBN1,8,0.0009
ZNF518B,8,0.0009
PLEC,8,0.0009
LARP4B,8,0.0009
TNNT3,8,0.0009
OR14A16,8,0.0009
SCAMP2,8,0.0009
HYDIN,8,0.0009
TEX44,8,0.0009
SLC2A4,8,0.0009
KDM4A,8,0.0009
EXOC3L4,8,0.0009
TMC1,8,0.0009
ZNF831,8,0.0009
NEK1,8,0.0009
BATF,8,0.0009
RNF20,8,0.0009
HNRNPA3,8,0.0009
SNX14,8,0.0009
PCIF1,8,0.0009
IRF6,8,0.0009
KDM5C,8,0.0009
FSIP2,8,0.0009
PABPC4,8,0.0009
CELSR3,8,0.0009
RC3H2,8,0.0009
NOL8,8,0.0009
NUTM2G,8,0.0009
MAFB,8,0.0009
SCYL1,8,0.0009
CD68,8,0.0009
SLC38A4,8,0.0009
BMP2K,8,0.0009
AP1AR,8,0.0009
SON,8,0.0009
CLIC6,8,0.0009
PIGP,8,0.0009
LCA5L,8,0.0009
SLC6A3,8,0.0009
ZNF556,7,0.0008
STRADB,7,0.0008
SLC35E1,7,0.0008
SLX1B,7,0.0008
GNL1,7,0.0008
APOH,7,0.0008
NEXMIF,7,0.0008
SYDE2,7,0.0008
LMX1A,7,0.0008
TSC22D1,7,0.0008
LRCH1,7,0.0008
SLC19A1,7,0.0008
DAZAP1,7,0.0008
RGPD6,7,0.0008
SLC52A2,7,0.0008
SLCO2A1,7,0.0008
PLEKHG2,7,0.0008
NOMO3,7,0.0008
PHF23,7,0.0008
YBX2,7,0.0008
GRAMD4,7,0.0008
SLC16A2,7,0.0008
CCDC89,7,0.0008
TROAP,7,0.0008
CRNKL1,7,0.0008
IRGQ,7,0.0008
FOSB,7,0.0008
ZNF91,7,0.0008
TCTN2,7,0.0008
RBM25,7,0.0008
CCDC183,7,0.0008
TMC2,7,0.0008
MAPK8,7,0.0008
KIF2A,7,0.0008
RALBP1,7,0.0008
RGSL1,7,0.0008
GRID2IP,7,0.0008
POU3F1,7,0.0008
OR56B1,7,0.0008
OR1C1,7,0.0008
FGFR2,7,0.0008
ARID5A,7,0.0008
NPAS2,7,0.0008
SREK1IP1,7,0.0008
ICAM2,7,0.0008
ITCH,7,0.0008
MCMBP,7,0.0008
OR9A2,7,0.0008
TAS2R60,7,0.0008
CBX8,7,0.0008
EOMES,7,0.0008
BFSP1,7,0.0008
TC2N,7,0.0008
OR51T1,7,0.0008
AVPR1A,7,0.0008
TOGARAM2,7,0.0008
ALK,7,0.0008
FREM3,7,0.0008
SMAD1,7,0.0008
PABPC1L2A,7,0.0008
JPH4,7,0.0008
NRF1,7,0.0008
SPANXN3,7,0.0008
SLC34A1,7,0.0008
LRRC4B,7,0.0008
KISS1R,7,0.0008
GTPBP1,7,0.0008
GATAD2B,7,0.0008
SLC15A4,7,0.0008
ZMYM2,7,0.0008
PLRG1,7,0.0008
EPC1,7,0.0008
SUMO2,7,0.0008
SPATA33,7,0.0008
TPM4,7,0.0008
SRGAP2,7,0.0008
LCN8,7,0.0008
EXD3,7,0.0008
ANO9,7,0.0008
BPIFB1,7,0.0008
OR10D3,7,0.0008
C11orf87,7,0.0008
ADGRG4,7,0.0008
ROBO3,7,0.0008
VASH2,7,0.0008
IPMK,7,0.0008
DCTN1,7,0.0008
ZRSR2,7,0.0008
CSAG3,7,0.0008
OR14K1,7,0.0008
OR2AJ1,7,0.0008
TMSB4X,7,0.0008
EBAG9,7,0.0008
XKR9,7,0.0008
GSAP,7,0.0008
CCDC120,7,0.0008
XAGE2,7,0.0008
PGBD5,7,0.0008
PLD5,7,0.0008
NTNG2,7,0.0008
PNMA8A,7,0.0008
KDELR1,7,0.0008
LHX1,7,0.0008
ZNF16,7,0.0008
HSF5,7,0.0008
SLC24A2,7,0.0008
PLPPR1,7,0.0008
MC5R,7,0.0008
TMEM241,7,0.0008
KHDRBS1,7,0.0008
TBC1D10A,7,0.0008
NTN5,7,0.0008
FAM199X,7,0.0008
TRIM43B,7,0.0008
RPUSD3,7,0.0008
NBPF4,7,0.0008
NRCAM,7,0.0008
CDCP1,7,0.0008
LAMB2,7,0.0008
MCEMP1,7,0.0008
ARK2N,7,0.0008
MEX3C,7,0.0008
SLC38A10,7,0.0008
GTF3A,7,0.0008
PCDH9,7,0.0008
LMLN,7,0.0008
MTUS2,7,0.0008
SERTM1,7,0.0008
SLC7A4,7,0.0008
LTBP2,7,0.0008
PPP1R21,7,0.0008
PRRT3,7,0.0008
L1CAM,7,0.0008
TDRD5,7,0.0008
KCNJ1,7,0.0008
KLF10,7,0.0008
UTP14A,7,0.0008
SLC22A3,7,0.0008
DLEC1,7,0.0008
CDH8,7,0.0008
SDC3,7,0.0008
TCF4,7,0.0008
ARID3B,7,0.0008
SPANXN5,7,0.0008
KCNK3,7,0.0008
RNF40,7,0.0008
HP1BP3,7,0.0008
C3orf85,7,0.0008
PRR23A,7,0.0008
TMEM255A,7,0.0008
SBNO2,7,0.0008
CPLX2,7,0.0008
IGSF1,7,0.0008
SKIL,7,0.0008
MFN1,7,0.0008
KAT6A,7,0.0008
OVOL2,7,0.0008
SLC25A44,7,0.0008
GOLGA6L4,7,0.0008
KNL1,7,0.0008
PATL2,7,0.0008
KRT86,7,0.0008
KRCC1,7,0.0008
FAM20C,7,0.0008
RSPH10B2,7,0.0008
FCGR2A,7,0.0008
RBM27,7,0.0008
MNT,7,0.0008
RNF113A,7,0.0008
LAMP2,7,0.0008
AEBP1,7,0.0008
OR2B2,7,0.0008
CFAP69,7,0.0008
OR2Y1,7,0.0008
RESF1,7,0.0008
HOXC8,7,0.0008
STK40,7,0.0008
PLPP3,7,0.0008
NKX6-1,7,0.0008
NTN4,7,0.0008
UIMC1,7,0.0008
KLF16,7,0.0008
PIP5K1C,7,0.0008
TAS2R14,7,0.0008
AGFG1,7,0.0008
ZNF8,7,0.0008
DPEP2NB,7,0.0008
FAM187B,7,0.0008
IPCEF1,7,0.0008
PPP6R3,7,0.0008
SYNC,7,0.0008
PID1,7,0.0008
SCAF8,7,0.0008
CDC42EP1,7,0.0008
EEA1,7,0.0008
CTAGE9,7,0.0008
FAM120C,7,0.0008
GSDMD,7,0.0008
LUZP1,7,0.0008
ZC3H12B,7,0.0008
CDKN1C,7,0.0008
OR52M1,7,0.0008
OR51D1,7,0.0008
TMEM235,7,0.0008
HNRNPR,7,0.0008
FJX1,7,0.0008
SLC22A10,7,0.0008
THEMIS2,7,0.0008
VCX2,7,0.0008
DLK2,7,0.0008
DAGLA,7,0.0008
INAFM1,7,0.0008
ZNF273,7,0.0008
ROBO1,7,0.0008
ZNF654,7,0.0008
BTLA,7,0.0008
NCAPD2,7,0.0008
NANOG,7,0.0008
SLC35F1,7,0.0008
MKRN3,7,0.0008
ZNF804B,7,0.0008
AKAP9,7,0.0008
SUSD1,7,0.0008
FRAT2,7,0.0008
HOXD3,7,0.0008
NIPAL4,7,0.0008
PRICKLE2,7,0.0008
ELOVL6,7,0.0008
CACHD1,7,0.0008
MAP3K20,7,0.0008
PSORS1C1,7,0.0008
COL9A3,7,0.0008
SART1,7,0.0008
HDGFL2,7,0.0008
MACROH2A1,7,0.0008
PCDHGB5,6,0.0007
PPL,6,0.0007
CANX,6,0.0007
ZNF516,6,0.0007
ABLIM2,6,0.0007
ZAR1L,6,0.0007
ZNF774,6,0.0007
PGPEP1L,6,0.0007
GPR180,6,0.0007
ATP11A,6,0.0007
CBX6,6,0.0007
RFESD,6,0.0007
INTS8,6,0.0007
FXR2,6,0.0007
KRTAP25-1,6,0.0007
DNAJC17,6,0.0007
SEZ6,6,0.0007
ZNF219,6,0.0007
NCOA1,6,0.0007
GAGE12F,6,0.0007
LRRTM3,6,0.0007
RNF180,6,0.0007
SOX12,6,0.0007
CDH2,6,0.0007
DSG1,6,0.0007
OR7A17,6,0.0007
ZNF491,6,0.0007
CBX4,6,0.0007
HTR2C,6,0.0007
PAXBP1,6,0.0007
LIME1,6,0.0007
SLC25A53,6,0.0007
GNL3L,6,0.0007
ZDBF2,6,0.0007
E2F2,6,0.0007
MBTD1,6,0.0007
OR13J1,6,0.0007
CTBP1,6,0.0007
ZIM3,6,0.0007
ZNF667,6,0.0007
PLAGL1,6,0.0007
TAGAP,6,0.0007
SLC2A12,6,0.0007
MAP7,6,0.0007
ZNF440,6,0.0007
PHF5A,6,0.0007
GPR143,6,0.0007
TMEM182,6,0.0007
JUNB,6,0.0007
C2CD3,6,0.0007
DLL4,6,0.0007
FAM47C,6,0.0007
SPATA2L,6,0.0007
ZNF479,6,0.0007
ZNF727,6,0.0007
MC3R,6,0.0007
TOX2,6,0.0007
UPK3BL1,6,0.0007
SPDYE2B,6,0.0007
PRAMEF25,6,0.0007
MT-ND5,6,0.0007
MORF4L1,6,0.0007
TMEM202,6,0.0007
ZNF770,6,0.0007
LMBR1,6,0.0007
SEC16B,6,0.0007
KPRP,6,0.0007
PEMT,6,0.0007
UBN1,6,0.0007
MSANTD2,6,0.0007
SLC38A5,6,0.0007
RC3H1,6,0.0007
MTNR1B,6,0.0007
F7,6,0.0007
SLC41A3,6,0.0007
NRGN,6,0.0007
GPR162,6,0.0007
STAT3,6,0.0007
OPN4,6,0.0007
CSTF2,6,0.0007
USP48,6,0.0007
ADGRG6,6,0.0007
BLTP3A,6,0.0007
TAOK2,6,0.0007
IRX5,6,0.0007
PHACTR2,6,0.0007
ZNF629,6,0.0007
ZEB2,6,0.0007
KLF8,6,0.0007
GLI3,6,0.0007
PTPRU,6,0.0007
CPSF4,6,0.0007
UBE2D2,6,0.0007
SYNM,6,0.0007
NCKAP1L,6,0.0007
DPYSL3,6,0.0007
ZIC5,6,0.0007
SLCO1C1,6,0.0007
ZNF614,6,0.0007
ZBTB4,6,0.0007
TM7SF2,6,0.0007
ZDHHC24,6,0.0007
LCE1B,6,0.0007
ZFP1,6,0.0007
DNER,6,0.0007
FLT4,6,0.0007
HDGFL3,6,0.0007
NKX2-3,6,0.0007
CPEB3,6,0.0007
STAG2,6,0.0007
CHTOP,6,0.0007
NPIPA8,6,0.0007
ZNF200,6,0.0007
NCBP3,6,0.0007
SPEM2,6,0.0007
NFKB1,6,0.0007
DNAJB6,6,0.0007
ZNF843,6,0.0007
CADPS2,6,0.0007
LHX9,6,0.0007
TMEM183A,6,0.0007
MAGED1,6,0.0007
XG,6,0.0007
FAM9A,6,0.0007
FCGRT,6,0.0007
BPIFC,6,0.0007
SLC39A4,6,0.0007
ZNF79,6,0.0007
PRR19,6,0.0007
RCAN2,6,0.0007
BRS3,6,0.0007
OR6C76,6,0.0007
TLCD2,6,0.0007
QKI,6,0.0007
TRIM29,6,0.0007
NACC2,6,0.0007
SLC6A16,6,0.0007
CALCRL,6,0.0007
FAM47A,6,0.0007
ARHGAP25,6,0.0007
ZNF468,6,0.0007
HEATR4,6,0.0007
TAS2R7,6,0.0007
APOLD1,6,0.0007
STAT2,6,0.0007
P3R3URF,6,0.0007
LEF1,6,0.0007
FLT1,6,0.0007
SYCP1,6,0.0007
C17orf99,6,0.0007
AMER2,6,0.0007
ACVR2A,6,0.0007
APOBEC4,6,0.0007
ZZEF1,6,0.0007
NPIPB7,6,0.0007
RIPOR1,6,0.0007
SOX11,6,0.0007
MAPK6,6,0.0007
NBPF15,6,0.0007
ZNF85,6,0.0007
ZXDA,6,0.0007
BCL11B,6,0.0007
SLC22A1,6,0.0007
ZNF501,6,0.0007
PPOX,6,0.0007
KIAA0232,6,0.0007
RBMX2,6,0.0007
KRT36,6,0.0007
OR7A10,6,0.0007
CCDC7,6,0.0007
KIF5B,6,0.0007
GASK1B,6,0.0007
TMEM144,6,0.0007
ZNF821,6,0.0007
VWCE,6,0.0007
TBX3,6,0.0007
TAS2R40,6,0.0007
HNRNPA1,6,0.0007
MKRN1,6,0.0007
AKR1B15,6,0.0007
SIX4,6,0.0007
CCDC177,6,0.0007
NEDD8,6,0.0007
AJUBA,6,0.0007
BEND2,6,0.0007
STAT6,6,0.0007
SLC25A1,6,0.0007
ZNF141,6,0.0007
USHBP1,6,0.0007
MAFG,6,0.0007
PHF7,6,0.0007
CADPS,6,0.0007
KLHL11,6,0.0007
TCF12,6,0.0007
OR2T5,6,0.0007
RBM28,6,0.0007
APTX,6,0.0007
CDK7,6,0.0007
TMEM161B,6,0.0007
MBOAT2,6,0.0007
FAM53B,6,0.0007
VWA5B1,6,0.0007
INTS5,6,0.0007
KDF1,6,0.0007
GPR78,6,0.0007
TPM3,6,0.0007
SPATA20,6,0.0007
TMEM64,6,0.0007
UMODL1,6,0.0007
SLC37A1,6,0.0007
STK10,6,0.0007
NXF2,6,0.0007
WNK3,6,0.0007
ZNF716,6,0.0007
SOX14,6,0.0007
RARRES1,6,0.0007
NUTM2F,6,0.0007
CHRM1,6,0.0007
SLC25A18,6,0.0007
EIF4B,6,0.0007
ZMYM5,6,0.0007
RASAL1,6,0.0007
SRSF9,6,0.0007
PLXNC1,6,0.0007
CHST7,6,0.0007
C15orf39,6,0.0007
GLP2R,6,0.0007
CD5,6,0.0007
TMEM238,6,0.0007
TAF1D,6,0.0007
SYMPK,6,0.0007
KRTAP9-9,6,0.0007
PCBP2,6,0.0007
CSF3R,6,0.0007
MAGED2,6,0.0007
ZNF706,6,0.0007
COG5,6,0.0007
FHL3,6,0.0007
THSD7A,6,0.0007
ZNF837,6,0.0007
CDK17,6,0.0007
CCDC191,6,0.0007
RIMS1,5,0.0005
JAKMIP1,5,0.0005
MFSD3,5,0.0005
PDGFRB,5,0.0005
CAMK2A,5,0.0005
DHRS12,5,0.0005
SLC25A30,5,0.0005
EHBP1,5,0.0005
ZFYVE27,5,0.0005
SMCHD1,5,0.0005
FAM163A,5,0.0005
OR56A4,5,0.0005
OBSL1,5,0.0005
SLC38A9,5,0.0005
TET3,5,0.0005
LBX1,5,0.0005
ZNF30,5,0.0005
ZNF670,5,0.0005
RBM17,5,0.0005
BACE2,5,0.0005
RASA3,5,0.0005
CAMKV,5,0.0005
CAMSAP3,5,0.0005
WAPL,5,0.0005
SLC52A3,5,0.0005
ZNF580,5,0.0005
OR56B4,5,0.0005
ENTPD4,5,0.0005
CDC25A,5,0.0005
ARHGEF35,5,0.0005
XIRP1,5,0.0005
SLC44A3,5,0.0005
NPY1R,5,0.0005
MARCHF6,5,0.0005
MYO9B,5,0.0005
SLC25A52,5,0.0005
ZNF253,5,0.0005
LYPD8,5,0.0005
CD22,5,0.0005
FOXJ3,5,0.0005
SV2B,5,0.0005
CMTM1,5,0.0005
ROCK1,5,0.0005
HTR1B,5,0.0005
FBXO34,5,0.0005
EIF2D,5,0.0005
ZNF862,5,0.0005
SLC4A7,5,0.0005
PLIN5,5,0.0005
LTBP3,5,0.0005
DEFB4A,5,0.0005
SLC25A33,5,0.0005
CDH10,5,0.0005
RNF214,5,0.0005
PTGER1,5,0.0005
DISP2,5,0.0005
XKR3,5,0.0005
ZDHHC8,5,0.0005
C17orf78,5,0.0005
SAFB2,5,0.0005
SLC22A16,5,0.0005
TMEM63B,5,0.0005
C3orf20,5,0.0005
NES,5,0.0005
CT45A6,5,0.0005
TRAFD1,5,0.0005
CENPV,5,0.0005
TFAP2B,5,0.0005
SSTR1,5,0.0005
NBPF11,5,0.0005
GOLGA6L24,5,0.0005
C5orf34,5,0.0005
ARL17B,5,0.0005
SPIN1,5,0.0005
FAM186A,5,0.0005
TOPORS,5,0.0005
HNRNPH2,5,0.0005
TMC7,5,0.0005
DSCAM,5,0.0005
DMRTC2,5,0.0005
IKBKG,5,0.0005
CDYL,5,0.0005
GPATCH1,5,0.0005
PLVAP,5,0.0005
ZDHHC19,5,0.0005
RNF168,5,0.0005
LIFR,5,0.0005
HELB,5,0.0005
NIPAL3,5,0.0005
TEX13D,5,0.0005
PHKA1,5,0.0005
GPR135,5,0.0005
CDH12,5,0.0005
TMEM171,5,0.0005
SLC45A2,5,0.0005
CD19,5,0.0005
TMEM259,5,0.0005
OR7A5,5,0.0005
GPR62,5,0.0005
GATA6,5,0.0005
TMEM131L,5,0.0005
AREG,5,0.0005
TEX50,5,0.0005
SLC35D3,5,0.0005
ZNF639,5,0.0005
NCAM1,5,0.0005
WDR97,5,0.0005
ZNF467,5,0.0005
DLX1,5,0.0005
CD6,5,0.0005
CKAP5,5,0.0005
PLEKHH3,5,0.0005
NTF3,5,0.0005
YPEL3,5,0.0005
BSCL2,5,0.0005
RNASE9,5,0.0005
CRACD,5,0.0005
C2orf72,5,0.0005
NFATC2,5,0.0005
GATA1,5,0.0005
GPRASP1,5,0.0005
HNRNPC,5,0.0005
TAS2R41,5,0.0005
PABIR1,5,0.0005
OR6C75,5,0.0005
ZNF382,5,0.0005
TSHZ3,5,0.0005
FNBP4,5,0.0005
PAX6,5,0.0005
KLHL5,5,0.0005
NEFH,5,0.0005
KRT9,5,0.0005
ZNF687,5,0.0005
MEIOB,5,0.0005
PIAS3,5,0.0005
ATP9A,5,0.0005
OR2W1,5,0.0005
C8B,5,0.0005
NRG3,5,0.0005
LYPD6B,5,0.0005
NPY,5,0.0005
BCORL1,5,0.0005
RTL9,5,0.0005
BPIFA1,5,0.0005
MMP24,5,0.0005
LGALS12,5,0.0005
PACS1,5,0.0005
THAP11,5,0.0005
SOX8,5,0.0005
PRRG1,5,0.0005
FAM168B,5,0.0005
POGZ,5,0.0005
CACNG8,5,0.0005
CD40,5,0.0005
RER1,5,0.0005
KIAA1671,5,0.0005
ZNF705G,5,0.0005
FITM2,5,0.0005
KCNK15,5,0.0005
DOCK7,5,0.0005
TRO,5,0.0005
CDC25B,5,0.0005
PODXL2,5,0.0005
TFDP2,5,0.0005
TEX10,5,0.0005
CSNK1A1,5,0.0005
ZNF300,5,0.0005
ZNF195,5,0.0005
ZNF22,5,0.0005
GOLGA6L9,5,0.0005
SLTM,5,0.0005
USP17L23,5,0.0005
MBOAT4,5,0.0005
SST,5,0.0005
VN1R1,5,0.0005
GEMIN2,5,0.0005
MC4R,5,0.0005
KCNK4,5,0.0005
ZNF37A,5,0.0005
KCNK9,5,0.0005
SRY,5,0.0005
UNC13D,5,0.0005
ZNF615,5,0.0005
TH,5,0.0005
HBP1,5,0.0005
FBXO5,5,0.0005
TAAR2,5,0.0005
ETF1,5,0.0005
GPR52,5,0.0005
SOX5,5,0.0005
C12orf71,5,0.0005
ZNF419,5,0.0005
SYTL3,5,0.0005
SSX2,5,0.0005
ZNF707,5,0.0005
KIAA1614,5,0.0005
MFSD14A,5,0.0005
MIER1,5,0.0005
PGA4,5,0.0005
ZNF28,5,0.0005
ZNF816,5,0.0005
ZNF208,5,0.0005
NPAS4,5,0.0005
TMEM39B,5,0.0005
ADGRD1,5,0.0005
JCAD,5,0.0005
MORC1,5,0.0005
CREB3L1,5,0.0005
LPXN,5,0.0005
CCL23,5,0.0005
SHISA7,5,0.0005
SLC8A2,5,0.0005
CDH4,5,0.0005
PIP5KL1,5,0.0005
OPN3,5,0.0005
WDR5,5,0.0005
GHRHR,5,0.0005
PKP2,5,0.0005
DMRT2,5,0.0005
SLC17A9,5,0.0005
ATP11B,5,0.0005
NFX1,5,0.0005
EGR2,5,0.0005
TFE3,5,0.0005
SLC39A10,5,0.0005
JAG2,5,0.0005
GOLGA8M,5,0.0005
PAQR9,5,0.0005
CNTRL,5,0.0005
ARAF,5,0.0005
DNMT1,5,0.0005
SGCZ,5,0.0005
OR6F1,5,0.0005
IP6K2,5,0.0005
DCAF1,5,0.0005
FAM117B,5,0.0005
GLP1R,5,0.0005
TTYH1,5,0.0005
SLC12A8,5,0.0005
ZNF786,5,0.0005
ZNF560,5,0.0005
HMGCLL1,5,0.0005
TTF1,5,0.0005
PPP1R26,5,0.0005
SLC19A2,5,0.0005
MUC7,5,0.0005
CFH,5,0.0005
GARIN1A,5,0.0005
DRP2,5,0.0005
TPD52,5,0.0005
SLC17A6,5,0.0005
HIPK3,5,0.0005
ZNF497,5,0.0005
SOX17,5,0.0005
ZNF740,5,0.0005
CXorf66,5,0.0005
KRT10,5,0.0005
SLC17A7,5,0.0005
EWSR1,5,0.0005
DCAF16,5,0.0005
ADGRE3,4,0.0004
PIAS2,4,0.0004
ADGRE5,4,0.0004
KAT7,4,0.0004
BPTF,4,0.0004
SDK2,4,0.0004
PDE4D,4,0.0004
ERFL,4,0.0004
PRR23C,4,0.0004
SLC22A14,4,0.0004
TOPAZ1,4,0.0004
ZNF660,4,0.0004
PHKA2,4,0.0004
ADAMTSL2,4,0.0004
NBPF9,4,0.0004
ZNF43,4,0.0004
ZNF257,4,0.0004
AJM1,4,0.0004
ABCA2,4,0.0004
CHUK,4,0.0004
C1QTNF3,4,0.0004
OSMR,4,0.0004
LHX2,4,0.0004
COA6,4,0.0004
MEX3A,4,0.0004
SAFB,4,0.0004
CAPS,4,0.0004
KIF11,4,0.0004
FRAT1,4,0.0004
ZNF430,4,0.0004
SMN2,4,0.0004
TTC39A,4,0.0004
ZNF765,4,0.0004
SYTL1,4,0.0004
EVX1,4,0.0004
BNIP5,4,0.0004
CD55,4,0.0004
CR1L,4,0.0004
CHRM5,4,0.0004
GPRC5D,4,0.0004
FBXO30,4,0.0004
KRTAP20-1,4,0.0004
EDA2R,4,0.0004
FAM72D,4,0.0004
NRG2,4,0.0004
FAM120AOS,4,0.0004
SRSF10,4,0.0004
TMEM276-ZFTRAF1,4,0.0004
PPFIA3,4,0.0004
ODF4,4,0.0004
RBMX,4,0.0004
KCNK1,4,0.0004
CNOT4,4,0.0004
HIPK2,4,0.0004
MARCHF9,4,0.0004
ZNF70,4,0.0004
NCAM2,4,0.0004
UST,4,0.0004
ZNF696,4,0.0004
HEMGN,4,0.0004
MROH1,4,0.0004
CLSTN2,4,0.0004
BTD,4,0.0004
DSEL,4,0.0004
TMEM255B,4,0.0004
CATSPERE,4,0.0004
SMIM10L1,4,0.0004
TMEM47,4,0.0004
SLC22A11,4,0.0004
SCART1,4,0.0004
SLC2A6,4,0.0004
TMEM63C,4,0.0004
C10orf71,4,0.0004
TET1,4,0.0004
SPDYE2,4,0.0004
PPFIA2,4,0.0004
ZC3H18,4,0.0004
MAP2K6,4,0.0004
SHISA6,4,0.0004
H2BW1,4,0.0004
DEFB103B,4,0.0004
HHAT,4,0.0004
ZNF808,4,0.0004
RETREG1,4,0.0004
DDN,4,0.0004
LMBR1L,4,0.0004
MED12,4,0.0004
PARP2,4,0.0004
OR6S1,4,0.0004
LRP10,4,0.0004
RSPH10B,4,0.0004
CMIP,4,0.0004
PBX1,4,0.0004
HNRNPH1,4,0.0004
ZNF350,4,0.0004
PABPN1,4,0.0004
TMTC4,4,0.0004
NKX1-1,4,0.0004
TOP1,4,0.0004
UBE3A,4,0.0004
GTF2I,4,0.0004
TDRD3,4,0.0004
ZNF595,4,0.0004
ZNF732,4,0.0004
ADRA2C,4,0.0004
PRKACB,4,0.0004
SLC25A25,4,0.0004
OR1I1,4,0.0004
TM6SF1,4,0.0004
IKBKB,4,0.0004
ZSCAN2,4,0.0004
SAP18,4,0.0004
SPATA31A7,4,0.0004
NINL,4,0.0004
SLC20A1,4,0.0004
ICMT,4,0.0004
OTUD5,4,0.0004
KRTAP21-1,4,0.0004
ZNF664,4,0.0004
BCLAF3,4,0.0004
ELK3,4,0.0004
RNF39,4,0.0004
ENTPD7,4,0.0004
NCOA6,4,0.0004
RHBDD2,4,0.0004
DLX6,4,0.0004
VIM,4,0.0004
HRH3,4,0.0004
ANO1,4,0.0004
TLK1,4,0.0004
DUSP15,4,0.0004
REXO5,4,0.0004
DUXB,4,0.0004
HEATR9,4,0.0004
MAPK7,4,0.0004
PHGR1,4,0.0004
MXI1,4,0.0004
NFATC1,4,0.0004
KRTAP19-6,4,0.0004
RBX1,4,0.0004
ZNF536,4,0.0004
MSLN,4,0.0004
DSG3,4,0.0004
PRR30,4,0.0004
FOSL2,4,0.0004
MROH9,4,0.0004
BRINP2,4,0.0004
TMEM121B,4,0.0004
ZNRF3,4,0.0004
LMTK3,4,0.0004
ZNF613,4,0.0004
RBM10,4,0.0004
PQBP1,4,0.0004
PATL1,4,0.0004
KDR,4,0.0004
OMG,4,0.0004
EVPL,4,0.0004
PRC1,4,0.0004
SLC35F6,4,0.0004
SLC8A3,4,0.0004
SPATA31F1,4,0.0004
ZNF691,4,0.0004
GPATCH8,4,0.0004
SETBP1,4,0.0004
SERBP1,4,0.0004
GLI4,4,0.0004
EEF1D,4,0.0004
OPN1MW,4,0.0004
IL10RA,4,0.0004
SLK,4,0.0004
TACC2,4,0.0004
DRD4,4,0.0004
IWS1,4,0.0004
PRPSAP1,4,0.0004
SRSF2,4,0.0004
KIAA1958,4,0.0004
PTH1R,4,0.0004
IRAK1,4,0.0004
SRARP,4,0.0004
TMEM217B,4,0.0004
KLF9,4,0.0004
ZNF367,4,0.0004
FBXO40,4,0.0004
SMIM13,4,0.0004
OR2H1,4,0.0004
ZNF671,4,0.0004
ZBTB11,4,0.0004
KRT18,4,0.0004
UNK,4,0.0004
FAM90A26,4,0.0004
USP17L17,4,0.0004
GOLGA6L7,4,0.0004
ABCB8,4,0.0004
ZNF784,4,0.0004
ZNF583,4,0.0004
MUC21,4,0.0004
CIT,4,0.0004
ZYX,4,0.0004
HASPIN,4,0.0004
SOX2,4,0.0004
ZNF775,4,0.0004
CCDC70,4,0.0004
SLC22A8,4,0.0004
BRD1,4,0.0004
TMEM44,4,0.0004
SF3B2,4,0.0004
YIPF3,4,0.0004
HTR1A,4,0.0004
ZMYM3,4,0.0004
GCNA,4,0.0004
NTN3,4,0.0004
POLDIP3,4,0.0004
WEE1,4,0.0004
SF3B4,4,0.0004
DYNC1LI1,4,0.0004
MLX,4,0.0004
RRH,4,0.0004
HOPX,4,0.0004
FCRL1,4,0.0004
ETV5,4,0.0004
TAS2R9,4,0.0004
LMO2,4,0.0004
IK,4,0.0004
PCDH20,4,0.0004
TAP2,4,0.0004
ZNF597,4,0.0004
ZNF275,4,0.0004
PRICKLE4,4,0.0004
SP2,4,0.0004
KRTAP8-1,4,0.0004
SLC5A3,4,0.0004
MPST,4,0.0004
CLIP1,4,0.0004
FUS,4,0.0004
TXLNA,4,0.0004
IQCM,4,0.0004
CEP85,4,0.0004
SLC2A10,4,0.0004
MOB2,4,0.0004
MAP4K2,4,0.0004
GSDME,4,0.0004
SPATA3,4,0.0004
SLC49A3,4,0.0004
PRICKLE1,4,0.0004
TMEM117,4,0.0004
BPIFB4,4,0.0004
RUBCNL,4,0.0004
CUL4B,4,0.0004
RTF1,4,0.0004
TYRO3,4,0.0004
ZIC1,4,0.0004
ZNF736,4,0.0004
AAK1,4,0.0004
RTL4,4,0.0004
MDM4,4,0.0004
PUM2,3,0.0003
GCNT7,3,0.0003
ZNF100,3,0.0003
ZNF675,3,0.0003
UBALD1,3,0.0003
OPN1MW2,3,0.0003
FCRL2,3,0.0003
TMEM161A,3,0.0003
MYBL2,3,0.0003
ZNF260,3,0.0003
CATSPERG,3,0.0003
HIPK4,3,0.0003
PHF21B,3,0.0003
ZNF296,3,0.0003
ZNF540,3,0.0003
ZNF575,3,0.0003
EZHIP,3,0.0003
CC2D1A,3,0.0003
NXF2B,3,0.0003
MFSD2B,3,0.0003
ZNF513,3,0.0003
LCLAT1,3,0.0003
SPACA5,3,0.0003
SLC43A1,3,0.0003
OPRPN,3,0.0003
RASSF6,3,0.0003
ODAPH,3,0.0003
ERICH6,3,0.0003
KRTAP20-4,3,0.0003
KLF2,3,0.0003
LRRC37A2,3,0.0003
GRAPL,3,0.0003
KREMEN1,3,0.0003
PRR14L,3,0.0003
ATP2B1,3,0.0003
MAP6,3,0.0003
DSTYK,3,0.0003
BICD2,3,0.0003
VMP1,3,0.0003
ADCK1,3,0.0003
POTEB2,3,0.0003
SNAI1,3,0.0003
RUNX1,3,0.0003
SRSF1,3,0.0003
C9orf43,3,0.0003
UBE2H,3,0.0003
SYT14,3,0.0003
NONO,3,0.0003
SLC38A7,3,0.0003
JKAMP,3,0.0003
ZNF680,3,0.0003
TNRC18,3,0.0003
SOX9,3,0.0003
MYB,3,0.0003
HLCS,3,0.0003
CHAMP1,3,0.0003
KRTAP19-2,3,0.0003
CDH16,3,0.0003
ASB12,3,0.0003
TAS2R42,3,0.0003
FIGNL2,3,0.0003
KCNK18,3,0.0003
ZDHHC21,3,0.0003
NRG1,3,0.0003
SALL1,3,0.0003
SCNN1A,3,0.0003
CD163,3,0.0003
PAG1,3,0.0003
DPP9,3,0.0003
ZFTA,3,0.0003
ZNF205,3,0.0003
ZFP3,3,0.0003
KCTD11,3,0.0003
TSHZ2,3,0.0003
CDK13,3,0.0003
NPIPB15,3,0.0003
ARL6IP1,3,0.0003
ZNF334,3,0.0003
AKAP3,3,0.0003
ZNF330,3,0.0003
ROCK2,3,0.0003
MECP2,3,0.0003
SRSF3,3,0.0003
ENOX2,3,0.0003
MBNL3,3,0.0003
CT45A5,3,0.0003
SLC38A1,3,0.0003
SLC22A9,3,0.0003
SLC25A5,3,0.0003
ZNF280C,3,0.0003
ETV1,3,0.0003
SLC22A12,3,0.0003
APOL5,3,0.0003
RNF169,3,0.0003
ZNF292,3,0.0003
SOBP,3,0.0003
ADRB2,3,0.0003
CDHR2,3,0.0003
IRF1,3,0.0003
KIF20A,3,0.0003
PRPF4,3,0.0003
ZNF543,3,0.0003
ZNF547,3,0.0003
ZNF550,3,0.0003
SRF,3,0.0003
TTBK1,3,0.0003
FBXO9,3,0.0003
LCE3D,3,0.0003
SLC25A51,3,0.0003
JAKMIP2,3,0.0003
CDK12,3,0.0003
ZNF114,3,0.0003
SOX4,3,0.0003
CEP128,3,0.0003
TTBK2,3,0.0003
CARMIL3,3,0.0003
H2AZ1,3,0.0003
RPS6KA6,3,0.0003
TEX52,3,0.0003
IRAG1,3,0.0003
STPG2,3,0.0003
MAP7D3,3,0.0003
HSFX2,3,0.0003
HSFX1,3,0.0003
ENTREP3,3,0.0003
SCYL3,3,0.0003
FAM104A,3,0.0003
MILR1,3,0.0003
FAM222B,3,0.0003
BPIFA2,3,0.0003
FAM193B,3,0.0003
OR6J1,3,0.0003
GAP43,3,0.0003
CFP,3,0.0003
THSD7B,3,0.0003
OR1N1,3,0.0003
RBM6,3,0.0003
TCF7,3,0.0003
FLACC1,3,0.0003
TMEM39A,3,0.0003
ZNF526,3,0.0003
HAP1,3,0.0003
SHTN1,3,0.0003
CACNA1F,3,0.0003
RBMY1F,3,0.0003
PHC2,3,0.0003
KLF13,3,0.0003
PKHD1,3,0.0003
KHDC4,3,0.0003
PSD4,3,0.0003
STARD3NL,3,0.0003
FHL5,3,0.0003
OR2H2,3,0.0003
GAGE12D,3,0.0003
FGD1,3,0.0003
ADRA2A,3,0.0003
CSPG5,3,0.0003
PDE1A,3,0.0003
BOC,3,0.0003
TPCN1,3,0.0003
NUMA1,3,0.0003
ALDOA,3,0.0003
BNC1,3,0.0003
ZNF737,3,0.0003
CSF1R,3,0.0003
ADRA1B,3,0.0003
CBLL2,3,0.0003
HIVEP3,3,0.0003
PRKG1,3,0.0003
CCDC6,3,0.0003
ZNF124,3,0.0003
TSGA10,3,0.0003
HDGF,3,0.0003
FCRL3,3,0.0003
ARID5B,3,0.0003
JMY,3,0.0003
AGAP6,3,0.0003
CIZ1,3,0.0003
PTGFRN,3,0.0003
SKIDA1,3,0.0003
ZNF33A,3,0.0003
ZNF485,3,0.0003
ZPBP,3,0.0003
CDH20,3,0.0003
SERPINB12,3,0.0003
CHERP,3,0.0003
LDLRAD4,3,0.0003
HTR2A,3,0.0003
CPEB4,3,0.0003
SLC34A2,3,0.0003
COL4A6,3,0.0003
COL4A5,3,0.0003
GPR37,3,0.0003
PGAP2,3,0.0003
TBR1,3,0.0003
GOLGA3,3,0.0003
TUT7,3,0.0003
RGS22,3,0.0003
LY6H,3,0.0003
OR2A42,3,0.0003
GOLGA8O,3,0.0003
C20orf173,3,0.0003
SRSF6,3,0.0003
KMT5A,3,0.0003
GLI1,3,0.0003
TRIM2,3,0.0003
PTGER2,3,0.0003
CCDC175,3,0.0003
SYTL5,3,0.0003
ELK1,3,0.0003
MSRB3,3,0.0003
PMEPA1,3,0.0003
ZNF836,3,0.0003
SLC4A9,3,0.0003
EVL,3,0.0003
DYNC1I1,3,0.0003
ANOS1,3,0.0003
AMELX,3,0.0003
SPPL3,3,0.0003
SLC37A3,3,0.0003
RIMBP3B,3,0.0003
HNRNPD,3,0.0003
UBE2D3,3,0.0003
LAX1,3,0.0003
SLC35C1,3,0.0003
SPI1,3,0.0003
ZIC2,3,0.0003
VPS39,3,0.0003
MBNL1,3,0.0003
GOLGA6C,3,0.0003
SV2C,3,0.0003
CEP152,3,0.0003
THOC2,3,0.0003
IQANK1,3,0.0003
ZNF517,3,0.0003
HNRNPA0,3,0.0003
TPCN2,3,0.0003
SLC22A2,3,0.0003
GPR27,3,0.0003
ZNF432,3,0.0003
SOX15,3,0.0003
ALOXE3,3,0.0003
SNX19,3,0.0003
ZNF510,3,0.0003
PUM1,3,0.0003
ZNF703,3,0.0003
SPDYE14,3,0.0003
SPAG17,3,0.0003
ARMCX5,3,0.0003
TSC22D3,3,0.0003
FER1L6,3,0.0003
FIZ1,2,0.0002
TRPS1,2,0.0002
SLC6A14,2,0.0002
CFAP47,2,0.0002
ZNF564,2,0.0002
PANK2,2,0.0002
ZSCAN4,2,0.0002
ZNF544,2,0.0002
ZNF584,2,0.0002
TMEM230,2,0.0002
MAGEA9B,2,0.0002
ZNF525,2,0.0002
MYH14,2,0.0002
C19orf84,2,0.0002
U2AF2,2,0.0002
RNF157,2,0.0002
NOL4,2,0.0002
ZNF532,2,0.0002
CBARP,2,0.0002
PRR36,2,0.0002
UBTF,2,0.0002
KANSL3,2,0.0002
SET,2,0.0002
CMPK1,2,0.0002
ATN1,2,0.0002
TFAP2C,2,0.0002
NELFCD,2,0.0002
MEIOSIN,2,0.0002
ZNF607,2,0.0002
RBM33,2,0.0002
PIBF1,2,0.0002
PRM3,2,0.0002
SF3B1,2,0.0002
ADGRG1,2,0.0002
KIF4A,2,0.0002
CBLL1,2,0.0002
ACOT9,2,0.0002
FCRL5,2,0.0002
RLIM,2,0.0002
LMBRD1,2,0.0002
CTAGE15,2,0.0002
LHX5,2,0.0002
TMEM63A,2,0.0002
FEZF1,2,0.0002
HMGXB3,2,0.0002
JADE3,2,0.0002
INAVA,2,0.0002
PPP1R36,2,0.0002
SRSF5,2,0.0002
SRRM4,2,0.0002
ZNF605,2,0.0002
QARS1,2,0.0002
TRBJ2-1,2,0.0002
TRBJ2-3,2,0.0002
ADNP,2,0.0002
SNW1,2,0.0002
GOLGA5,2,0.0002
DRD5,2,0.0002
LAMB1,2,0.0002
GPR85,2,0.0002
CYFIP2,2,0.0002
PABPC1L2B,2,0.0002
KLLN,2,0.0002
PIANP,2,0.0002
PDS5A,2,0.0002
ZNF3,2,0.0002
SLC33A1,2,0.0002
SGCD,2,0.0002
CDH17,2,0.0002
SMAD5,2,0.0002
SPDYE15,2,0.0002
TRIM49D2,2,0.0002
ARMCX6,2,0.0002
PJA2,2,0.0002
NT5C1B,2,0.0002
ADAD1,2,0.0002
GOLGA6L6,2,0.0002
GOLGA8H,2,0.0002
ZNF512B,2,0.0002
GOLGA8K,2,0.0002
SOX18,2,0.0002
ZNF689,2,0.0002
HHLA1,2,0.0002
FREM1,2,0.0002
PRSS3,2,0.0002
ENTREP1,2,0.0002
ZFHX4,2,0.0002
ZFAT,2,0.0002
DMRT1,2,0.0002
MYBL1,2,0.0002
VCPIP1,2,0.0002
ZNF839,2,0.0002
ZDHHC4,2,0.0002
TRGJ1,2,0.0002
TRGV11,2,0.0002
ZNF76,2,0.0002
TMEM200A,2,0.0002
SPATA31A6,2,0.0002
TRIM6,2,0.0002
CFC1,2,0.0002
CT47A6,2,0.0002
SRRM1,2,0.0002
AHDC1,2,0.0002
C1orf94,2,0.0002
THRAP3,2,0.0002
OSCP1,2,0.0002
SOX10,2,0.0002
WTAP,2,0.0002
ZNF735,2,0.0002
ZNF679,2,0.0002
GFI1B,2,0.0002
RBM39,2,0.0002
C2CD4D,2,0.0002
ZCCHC7,2,0.0002
SV2A,2,0.0002
WDR72,2,0.0002
LCE2B,2,0.0002
LCE2A,2,0.0002
ANXA7,2,0.0002
XPNPEP1,2,0.0002
BMAL1,2,0.0002
PIAS1,2,0.0002
TMEM266,2,0.0002
SLC39A12,2,0.0002
SLC22A25,2,0.0002
TBC1D3H,2,0.0002
ZNF425,2,0.0002
STK33,2,0.0002
IGSF22,2,0.0002
ZDHHC5,2,0.0002
SPINDOC,2,0.0002
LAG3,2,0.0002
ATXN1,2,0.0002
ZFP42,2,0.0002
ANXA2R,2,0.0002
TRIM36,2,0.0002
FGF12,2,0.0002
GPR101,2,0.0002
INTS12,2,0.0002
ELF2,2,0.0002
MMS22L,2,0.0002
SLC12A5,2,0.0002
TMEM253,2,0.0002
C16orf92,2,0.0002
PRR14,2,0.0002
DNAAF8,2,0.0002
TMEM114,2,0.0002
HIVEP1,2,0.0002
ZNF574,2,0.0002
SLC38A2,2,0.0002
DYRK2,2,0.0002
SVOP,2,0.0002
RAD9A,2,0.0002
NHERF4,2,0.0002
IRAG2,2,0.0002
HRURF,2,0.0002
KCNK12,2,0.0002
MEIS1,2,0.0002
SHFL,2,0.0002
ZNF69,2,0.0002
OXTR,2,0.0002
ZNF621,2,0.0002
CCDC142,2,0.0002
NKX2-1,2,0.0002
DPP8,2,0.0002
SFPQ,2,0.0002
PTGER4,2,0.0002
NUTM2B,2,0.0002
LCOR,2,0.0002
RCOR3,2,0.0002
PREPL,2,0.0002
BASP1,2,0.0002
ZNF319,2,0.0002
EVI2B,2,0.0002
NOXO1,2,0.0002
TNRC6A,2,0.0002
ZNF417,2,0.0002
CENPF,2,0.0002
C19orf33,2,0.0002
SNX22,2,0.0002
AMELY,2,0.0002
ZNF567,2,0.0002
AVPR2,2,0.0002
ZNF461,2,0.0002
PCDH11X,2,0.0002
CCDC194,2,0.0002
ZNF577,2,0.0002
TMPRSS6,2,0.0002
SYNE3,2,0.0002
SLC38A6,2,0.0002
GPR88,2,0.0002
FNDC7,2,0.0002
SLC6A17,2,0.0002
ADORA3,2,0.0002
TMIGD3,2,0.0002
RREB1,2,0.0002
ANKRD28,2,0.0002
VCAM1,2,0.0002
CFAP77,2,0.0002
EIF2S3,2,0.0002
GPR17,2,0.0002
KIF5C,2,0.0002
YBX1,2,0.0002
TMEM61,2,0.0002
TSKS,2,0.0002
PTBP3,2,0.0002
PNMA6F,2,0.0002
KMT2A,2,0.0002
HIPK1,2,0.0002
SP9,2,0.0002
BRPF1,2,0.0002
FGD5,2,0.0002
VPS13B,2,0.0002
PPARGC1B,2,0.0002
AQP12B,2,0.0002
TRAJ31,2,0.0002
GGNBP2,2,0.0002
TBC1D3K,2,0.0002
PTGIR,2,0.0002
ZNF541,2,0.0002
PLA2G2F,2,0.0002
BCOR,2,0.0002
ZNF157,2,0.0002
PRICKLE3,2,0.0002
FEZF2,2,0.0002
TAOK1,2,0.0002
NCKAP1,2,0.0002
DMBT1,2,0.0002
EBLN2,2,0.0002
ZNF524,2,0.0002
ZNF324,2,0.0002
CABS1,2,0.0002
MAPK10,2,0.0002
SLC15A3,2,0.0002
KCNMB3,2,0.0002
TRA2B,2,0.0002
NFATC3,2,0.0002
KCNK5,2,0.0002
PTCHD4,2,0.0002
LCA5,2,0.0002
ZNF331,2,0.0002
MYH10,2,0.0002
NTN1,2,0.0002
RYBP,2,0.0002
C4A,2,0.0002
PHF6,2,0.0002
EP400,2,0.0002
ELF1,2,0.0002
STK35,2,0.0002
KCNE4,2,0.0002
NCL,2,0.0002
LCE5A,2,0.0002
HRH4,1,0.0001
SNPH,1,0.0001
B4GALNT2,1,0.0001
SLC35B1,1,0.0001
ANKRD40CL,1,0.0001
TEX11,1,0.0001
ZCCHC13,1,0.0001
ADORA2A,1,0.0001
ZNF528,1,0.0001
DONSON,1,0.0001
ZNF48,1,0.0001
ZNF768,1,0.0001
ZNF19,1,0.0001
RABEP1,1,0.0001
PER1,1,0.0001
NCOR1,1,0.0001
KRTAP16-1,1,0.0001
HROB,1,0.0001
TLK2,1,0.0001
USH2A,1,0.0001
SLC24A1,1,0.0001
ZFP36L1,1,0.0001
PCNX1,1,0.0001
ZNF410,1,0.0001
ZDHHC22,1,0.0001
FAM181A,1,0.0001
ATG2B,1,0.0001
PACS2,1,0.0001
LTK,1,0.0001
CDAN1,1,0.0001
FANCD2OS,1,0.0001
RPS6KB1,1,0.0001
XKRX,1,0.0001
TAF7L,1,0.0001
ETAA1,1,0.0001
ZNF823,1,0.0001
ZNF878,1,0.0001
ZEB1,1,0.0001
WWC3,1,0.0001
LCE2D,1,0.0001
NUP210L,1,0.0001
NIBAN1,1,0.0001
TPR,1,0.0001
CAMSAP2,1,0.0001
CDC42BPA,1,0.0001
ZNF678,1,0.0001
FMN2,1,0.0001
ATAD2B,1,0.0001
ASPRV1,1,0.0001
IGKV2D-40,1,0.0001
FER1L5,1,0.0001
UXS1,1,0.0001
RGPD5,1,0.0001
PER2,1,0.0001
ZNF620,1,0.0001
GASK1A,1,0.0001
ZNF589,1,0.0001
PNMA6A,1,0.0001
TFAP2E,1,0.0001
SH3D21,1,0.0001
DMBX1,1,0.0001
SCGB1C2,1,0.0001
TRDD1,1,0.0001
TRAJ42,1,0.0001
CDH24,1,0.0001
MAPK1IP1L,1,0.0001
ZNF804A,1,0.0001
C2CD6,1,0.0001
TM4SF20,1,0.0001
C6orf15,1,0.0001
C4B,1,0.0001
ADGRF1,1,0.0001
MFSD13A,1,0.0001
ADGRA1,1,0.0001
CNBP,1,0.0001
STK24,1,0.0001
SOX1,1,0.0001
HNRNPA2B1,1,0.0001
CT47A7,1,0.0001
SCYGR10,1,0.0001
NBPF10,1,0.0001
GAGE12E,1,0.0001
GAGE12G,1,0.0001
ZNF184,1,0.0001
NRM,1,0.0001
ZNF14,1,0.0001
URB1,1,0.0001
MAGEE1,1,0.0001
DMKN,1,0.0001
KRTAP19-8,1,0.0001
KRTAP21-2,1,0.0001
DGCR8,1,0.0001
ITPKB,1,0.0001
CPSF7,1,0.0001
SLC22A6,1,0.0001
ZNF624,1,0.0001
CRMP1,1,0.0001
SCN5A,1,0.0001
SETDB2,1,0.0001
KLF5,1,0.0001
ZC3H6,1,0.0001
GNAL,1,0.0001
DSG2,1,0.0001
CHCT1,1,0.0001
DNAJC6,1,0.0001
OLFM3,1,0.0001
RSBN1,1,0.0001
BCL9,1,0.0001
XIRP2,1,0.0001
ZNF558,1,0.0001
HNF4A,1,0.0001
DBNDD2,1,0.0001
ZNF335,1,0.0001
CDH22,1,0.0001
KRTAP6-2,1,0.0001
ICAM1,1,0.0001
ICAM5,1,0.0001
CD200R1L,1,0.0001
KLF15,1,0.0001
OR10G6,1,0.0001
ETS1,1,0.0001
ZNF705A,1,0.0001
PPFIBP1,1,0.0001
NR1H4,1,0.0001
MYBPC1,1,0.0001
CT45A1,1,0.0001
GPR160,1,0.0001
ARMS2,1,0.0001
CDY2A,1,0.0001
GPR157,1,0.0001
DISP3,1,0.0001
SRSF4,1,0.0001
HTR1F,1,0.0001
ZNF57,1,0.0001
ZNF77,1,0.0001
MBD3L4,1,0.0001
AMOTL2,1,0.0001
SLC25A36,1,0.0001
HTR3D,1,0.0001
USP17L26,1,0.0001
USP17L5,1,0.0001
ZNF217,1,0.0001
NRIP1,1,0.0001
ZC3H4,1,0.0001
AKAP17A,1,0.0001
SP1,1,0.0001
CDCA7,1,0.0001
AEBP2,1,0.0001
PPIG,1,0.0001
OSR2,1,0.0001
OXR1,1,0.0001
HNRNPAB,1,0.0001
SLC22A23,1,0.0001
PRPF4B,1,0.0001
JARID2,1,0.0001
SLC17A3,1,0.0001
ZNF322,1,0.0001
DDX31,1,0.0001
ZNF658,1,0.0001
ZNF596,1,0.0001
FAM90A5P,1,0.0001
PRR23D1,1,0.0001
NEFM,1,0.0001
MTDH,1,0.0001
LAPTM4B,1,0.0001
C11orf68,1,0.0001
DRD2,1,0.0001
SMAD2,1,0.0001
RORB,1,0.0001
IPPK,1,0.0001
KLF4,1,0.0001
BRINP1,1,0.0001
PBX3,1,0.0001
KLK11,1,0.0001
ZNF888,1,0.0001
NPIPA2,1,0.0001
FOXA2,1,0.0001
PNLDC1,1,0.0001
GATA4,1,0.0001
NRXN2,1,0.0001
KCNK7,1,0.0001
ELF4,1,0.0001
CACNA1I,1,0.0001
ZNF761,1,0.0001
ZNF813,1,0.0001
ZNF865,1,0.0001
ZIK1,1,0.0001
ZNF154,1,0.0001
ZNF552,1,0.0001
MUC17,1,0.0001
CEP250,1,0.0001
CEACAM20,1,0.0001
CACNA1C,1,0.0001
ZNF283,1,0.0001
ZNF221,1,0.0001
ZNF234,1,0.0001
PWWP3B,1,0.0001
SMIM33,1,0.0001
RBM22,1,0.0001
SLC25A22,1,0.0001
RBMY1J,1,0.0001
GPM6B,1,0.0001
FAM156B,1,0.0001
GPR173,1,0.0001
H2AB2,1,0.0001
SCARF1,1,0.0001
SPN,1,0.0001
SOX3,1,0.0001
AFF1,1,0.0001
ZNF827,1,0.0001
SERINC5,1,0.0001
MCC,1,0.0001
PROB1,1,0.0001
GOLGA8N,1,0.0001
ZNF248,1,0.0001
PHF14,1,0.0001
MARCHF8,1,0.0001
MYOF,1,0.0001
ZDHHC16,1,0.0001
LAMA1,1,0.0001
ZNF592,1,0.0001
BNC2,1,0.0001
MS4A14,1,0.0001
PLAAT5,1,0.0001
TAF15,1,0.0001
HNF1B,1,0.0001
CTAGE4,1,0.0001
CNTNAP2,1,0.0001
MCF2,1,0.0001
POM121,1,0.0001
CLIP2,1,0.0001
DNAJB5,1,0.0001
ACSL6,1,0.0001
RSBN1L,1,0.0001
ZNF789,1,0.0001
TRAPPC14,1,0.0001
TFAP2D,1,0.0001
MUC3A,1,0.0001
RASA4,1,0.0001
SRPK2,1,0.0001
CDHR3,1,0.0001
CACNA1G,1,0.0001
OR4F17,1,0.0001
KRTAP19-7,1,0.0001
OR2A1,1,0.0001
SLC35A2,1,0.0001
IGFN1,1,0.0001
TMEM132C,1,0.0001
ZRANB2,1,0.0001
CNR1,1,0.0001
BCLAF1,1,0.0001
HECA,1,0.0001
AKAP12,1,0.0001
FOXO4,1,0.0001
ASH1L,1,0.0001
AMOTL1,1,0.0001
RADX,1,0.0001
TRBD1,1,0.0001
RIMBP3C,1,0.0001
SNAI2,1,0.0001
EDNRA,1,0.0001
LITAFD,1,0.0001
DEFB103A,1,0.0001
ZNF705B,1,0.0001
UFSP1,1,0.0001
KCNIP1,1,0.0001
MT-ND2,1,0.0001
CDK11B,1,0.0001
CDK11A,1,0.0001
RHBDF1,1,0.0001
CRAMP1,1,0.0001
GLIS2,1,0.0001
NPIPA7,1,0.0001
KLF7,1,0.0001
CREB1,1,0.0001
PHF8,1,0.0001
PTN,1,0.0001
